model,scenario,region,variable,unit,time,value
canoe,nz,alberta,final energy,PJ,2025,3764.60654849648
canoe,nz,alberta,final energy,PJ,2030,3597.5007797832027
canoe,nz,alberta,final energy,PJ,2035,3059.015911240742
canoe,nz,alberta,final energy,PJ,2040,2459.4868185522478
canoe,nz,alberta,final energy,PJ,2045,2165.8180395203462
canoe,nz,alberta,final energy,PJ,2050,2055.643633886592
canoe,nz,british columbia,final energy,PJ,2025,1212.5043499140245
canoe,nz,british columbia,final energy,PJ,2030,1206.477235602653
canoe,nz,british columbia,final energy,PJ,2035,1142.104067261775
canoe,nz,british columbia,final energy,PJ,2040,1109.9778553755266
canoe,nz,british columbia,final energy,PJ,2045,1120.6998602113747
canoe,nz,british columbia,final energy,PJ,2050,1220.4483493231494
canoe,nz,canada,final energy,PJ,2025,10966.47600436073
canoe,nz,canada,final energy,PJ,2030,10599.850679158288
canoe,nz,canada,final energy,PJ,2035,9515.5606751122
canoe,nz,canada,final energy,PJ,2040,8599.173227737969
canoe,nz,canada,final energy,PJ,2045,8289.65866609143
canoe,nz,canada,final energy,PJ,2050,8364.544954342211
canoe,nz,manitoba,final energy,PJ,2025,276.3888216020818
canoe,nz,manitoba,final energy,PJ,2030,278.7102992262682
canoe,nz,manitoba,final energy,PJ,2035,273.2644214204441
canoe,nz,manitoba,final energy,PJ,2040,264.6690345089043
canoe,nz,manitoba,final energy,PJ,2045,265.80156681866237
canoe,nz,manitoba,final energy,PJ,2050,273.12611356038815
canoe,nz,new brunswick,final energy,PJ,2025,277.7640671659238
canoe,nz,new brunswick,final energy,PJ,2030,253.43237823120555
canoe,nz,new brunswick,final energy,PJ,2035,224.07635706985522
canoe,nz,new brunswick,final energy,PJ,2040,203.21570816369388
canoe,nz,new brunswick,final energy,PJ,2045,199.9665865592516
canoe,nz,new brunswick,final energy,PJ,2050,197.677822799787
canoe,nz,newfoundland and labrador,final energy,PJ,2025,221.04159685222533
canoe,nz,newfoundland and labrador,final energy,PJ,2030,208.1685640691935
canoe,nz,newfoundland and labrador,final energy,PJ,2035,178.56724047973753
canoe,nz,newfoundland and labrador,final energy,PJ,2040,154.46418661263434
canoe,nz,newfoundland and labrador,final energy,PJ,2045,151.43178779847113
canoe,nz,newfoundland and labrador,final energy,PJ,2050,147.07042660451313
canoe,nz,nova scotia,final energy,PJ,2025,216.20446301900176
canoe,nz,nova scotia,final energy,PJ,2030,203.10033946885048
canoe,nz,nova scotia,final energy,PJ,2035,179.04393625646267
canoe,nz,nova scotia,final energy,PJ,2040,161.0533795182464
canoe,nz,nova scotia,final energy,PJ,2045,158.14722940194133
canoe,nz,nova scotia,final energy,PJ,2050,158.5467850576964
canoe,nz,ontario,final energy,PJ,2025,2606.0440711069145
canoe,nz,ontario,final energy,PJ,2030,2528.386179894431
canoe,nz,ontario,final energy,PJ,2035,2269.858167922442
canoe,nz,ontario,final energy,PJ,2040,2154.7894753892683
canoe,nz,ontario,final energy,PJ,2045,2142.3477312468085
canoe,nz,ontario,final energy,PJ,2050,2164.6254491225422
canoe,nz,prince edward island,final energy,PJ,2025,153.29793609036105
canoe,nz,prince edward island,final energy,PJ,2030,135.52969890609003
canoe,nz,prince edward island,final energy,PJ,2035,112.52518530108509
canoe,nz,prince edward island,final energy,PJ,2040,97.4387590091204
canoe,nz,prince edward island,final energy,PJ,2045,95.78466190939851
canoe,nz,prince edward island,final energy,PJ,2050,94.70840118826138
canoe,nz,quebec,final energy,PJ,2025,1608.4470843373147
canoe,nz,quebec,final energy,PJ,2030,1569.1206071710792
canoe,nz,quebec,final energy,PJ,2035,1478.042826992294
canoe,nz,quebec,final energy,PJ,2040,1421.269590419342
canoe,nz,quebec,final energy,PJ,2045,1410.5458685729877
canoe,nz,quebec,final energy,PJ,2050,1430.451578617647
canoe,nz,saskatchewan,final energy,PJ,2025,630.1770657764018
canoe,nz,saskatchewan,final energy,PJ,2030,619.4245968053136
canoe,nz,saskatchewan,final energy,PJ,2035,599.0625611673606
canoe,nz,saskatchewan,final energy,PJ,2040,572.8084201889844
canoe,nz,saskatchewan,final energy,PJ,2045,579.1153340521893
canoe,nz,saskatchewan,final energy,PJ,2050,622.2463941816349
canoe,nz,alberta,final energy|all,PJ,2025,3130.9500000000003
canoe,nz,alberta,final energy|all,PJ,2030,2998.0772563703827
canoe,nz,alberta,final energy|all,PJ,2035,2526.0460455628167
canoe,nz,alberta,final energy|all,PJ,2040,1974.289993762242
canoe,nz,alberta,final energy|all,PJ,2045,1664.3366488139775
canoe,nz,alberta,final energy|all,PJ,2050,1527.6180943331485
canoe,nz,alberta,final energy|aviation,PJ,2025,45.44504683275058
canoe,nz,alberta,final energy|aviation,PJ,2030,48.99290815078137
canoe,nz,alberta,final energy|aviation,PJ,2035,50.803870866458105
canoe,nz,alberta,final energy|aviation,PJ,2040,53.26164314566427
canoe,nz,alberta,final energy|aviation,PJ,2045,56.554254180224625
canoe,nz,alberta,final energy|aviation,PJ,2050,60.55807102884702
canoe,nz,alberta,final energy|bus,PJ,2025,4.478260585018243
canoe,nz,alberta,final energy|bus,PJ,2030,3.7809277952053053
canoe,nz,alberta,final energy|bus,PJ,2035,3.0530993115750853
canoe,nz,alberta,final energy|bus,PJ,2040,2.8885954210314564
canoe,nz,alberta,final energy|bus,PJ,2045,2.928832608680468
canoe,nz,alberta,final energy|bus,PJ,2050,2.994474295319607
canoe,nz,alberta,final energy|car,PJ,2025,21.133156471931756
canoe,nz,alberta,final energy|car,PJ,2030,18.444399176246417
canoe,nz,alberta,final energy|car,PJ,2035,14.648316821065043
canoe,nz,alberta,final energy|car,PJ,2040,13.13562299766533
canoe,nz,alberta,final energy|car,PJ,2045,13.452757391175005
canoe,nz,alberta,final energy|car,PJ,2050,13.87400592836436
canoe,nz,alberta,final energy|clothes dryer,PJ,2025,5.184977989574628
canoe,nz,alberta,final energy|clothes dryer,PJ,2030,5.21245624903063
canoe,nz,alberta,final energy|clothes dryer,PJ,2035,5.5050444401016
canoe,nz,alberta,final energy|clothes dryer,PJ,2040,5.8402667387253375
canoe,nz,alberta,final energy|clothes dryer,PJ,2045,6.264754425231129
canoe,nz,alberta,final energy|clothes dryer,PJ,2050,6.622912307400922
canoe,nz,alberta,final energy|clothes washer,PJ,2025,0.13319221338098883
canoe,nz,alberta,final energy|clothes washer,PJ,2030,0.10037761883883979
canoe,nz,alberta,final energy|clothes washer,PJ,2035,0.08393478259124836
canoe,nz,alberta,final energy|clothes washer,PJ,2040,0.08839384253947348
canoe,nz,alberta,final energy|clothes washer,PJ,2045,0.09413848475800243
canoe,nz,alberta,final energy|clothes washer,PJ,2050,0.10001079476451198
canoe,nz,alberta,final energy|cooking,PJ,2025,3.691445382367027
canoe,nz,alberta,final energy|cooking,PJ,2030,3.7680211193212747
canoe,nz,alberta,final energy|cooking,PJ,2035,3.991505010684107
canoe,nz,alberta,final energy|cooking,PJ,2040,4.252380762230464
canoe,nz,alberta,final energy|cooking,PJ,2045,4.552709392715524
canoe,nz,alberta,final energy|cooking,PJ,2050,4.827679614209581
canoe,nz,alberta,final energy|dish washer,PJ,2025,0.2610092115335754
canoe,nz,alberta,final energy|dish washer,PJ,2030,0.2583645878408954
canoe,nz,alberta,final energy|dish washer,PJ,2035,0.25298879723326934
canoe,nz,alberta,final energy|dish washer,PJ,2040,0.27654981950330954
canoe,nz,alberta,final energy|dish washer,PJ,2045,0.29692620958014265
canoe,nz,alberta,final energy|dish washer,PJ,2050,0.314027182004078
canoe,nz,alberta,final energy|freezer,PJ,2025,1.0747324912473712
canoe,nz,alberta,final energy|freezer,PJ,2030,1.0267796144589356
canoe,nz,alberta,final energy|freezer,PJ,2035,0.9865628436556811
canoe,nz,alberta,final energy|freezer,PJ,2040,0.8923346249479313
canoe,nz,alberta,final energy|freezer,PJ,2045,0.9678248189511821
canoe,nz,alberta,final energy|freezer,PJ,2050,1.0249342171895381
canoe,nz,alberta,final energy|freight rail,PJ,2025,27.517744139409405
canoe,nz,alberta,final energy|freight rail,PJ,2030,30.519263902680112
canoe,nz,alberta,final energy|freight rail,PJ,2035,32.712929154459204
canoe,nz,alberta,final energy|freight rail,PJ,2040,34.66788604464402
canoe,nz,alberta,final energy|freight rail,PJ,2045,36.69662966487005
canoe,nz,alberta,final energy|freight rail,PJ,2050,38.93151324624898
canoe,nz,alberta,final energy|heavy trucking,PJ,2025,78.28031990798148
canoe,nz,alberta,final energy|heavy trucking,PJ,2030,69.60196088371971
canoe,nz,alberta,final energy|heavy trucking,PJ,2035,53.988631701553366
canoe,nz,alberta,final energy|heavy trucking,PJ,2040,35.35763803538681
canoe,nz,alberta,final energy|heavy trucking,PJ,2045,36.096144985626516
canoe,nz,alberta,final energy|heavy trucking,PJ,2050,37.07539835835483
canoe,nz,alberta,final energy|light freight truck,PJ,2025,26.392997363280124
canoe,nz,alberta,final energy|light freight truck,PJ,2030,24.521310204216608
canoe,nz,alberta,final energy|light freight truck,PJ,2035,15.698535919576187
canoe,nz,alberta,final energy|light freight truck,PJ,2040,12.959392411152791
canoe,nz,alberta,final energy|light freight truck,PJ,2045,12.962707842623999
canoe,nz,alberta,final energy|light freight truck,PJ,2050,13.070741923388141
canoe,nz,alberta,final energy|lighting,PJ,2025,6.396662088087981
canoe,nz,alberta,final energy|lighting,PJ,2030,6.666958533170515
canoe,nz,alberta,final energy|lighting,PJ,2035,6.094429526998785
canoe,nz,alberta,final energy|lighting,PJ,2040,6.348548141779419
canoe,nz,alberta,final energy|lighting,PJ,2045,5.472241705245723
canoe,nz,alberta,final energy|lighting,PJ,2050,5.619802467316364
canoe,nz,alberta,final energy|marine freight,PJ,2025,0.15786269942357156
canoe,nz,alberta,final energy|marine freight,PJ,2030,0.15782097772360693
canoe,nz,alberta,final energy|marine freight,PJ,2035,0.1377772631977196
canoe,nz,alberta,final energy|marine freight,PJ,2040,0.13468916810526024
canoe,nz,alberta,final energy|marine freight,PJ,2045,0.13468807348428194
canoe,nz,alberta,final energy|marine freight,PJ,2050,0.13468536138732015
canoe,nz,alberta,final energy|medium duty trucking,PJ,2025,68.9862778662463
canoe,nz,alberta,final energy|medium duty trucking,PJ,2030,59.34300050103125
canoe,nz,alberta,final energy|medium duty trucking,PJ,2035,40.748741276163926
canoe,nz,alberta,final energy|medium duty trucking,PJ,2040,26.157467544742687
canoe,nz,alberta,final energy|medium duty trucking,PJ,2045,26.949949074139607
canoe,nz,alberta,final energy|medium duty trucking,PJ,2050,27.917412332330667
canoe,nz,alberta,final energy|motorcycle,PJ,2025,0.8638729186775861
canoe,nz,alberta,final energy|motorcycle,PJ,2030,0.6465006305403063
canoe,nz,alberta,final energy|motorcycle,PJ,2035,0.4803534789511429
canoe,nz,alberta,final energy|motorcycle,PJ,2040,0.4289021607571672
canoe,nz,alberta,final energy|motorcycle,PJ,2045,0.4557151014331128
canoe,nz,alberta,final energy|motorcycle,PJ,2050,0.48629897400493904
canoe,nz,alberta,final energy|offroad,PJ,2025,14.485633801
canoe,nz,alberta,final energy|offroad,PJ,2030,16.124137857
canoe,nz,alberta,final energy|offroad,PJ,2035,17.368280708
canoe,nz,alberta,final energy|offroad,PJ,2040,18.619543453
canoe,nz,alberta,final energy|offroad,PJ,2045,19.852415773
canoe,nz,alberta,final energy|offroad,PJ,2050,21.257883901
canoe,nz,alberta,final energy|other electrical,PJ,2025,9.43245165554566
canoe,nz,alberta,final energy|other electrical,PJ,2030,10.052590895207386
canoe,nz,alberta,final energy|other electrical,PJ,2035,10.7706602686761
canoe,nz,alberta,final energy|other electrical,PJ,2040,11.493864142431795
canoe,nz,alberta,final energy|other electrical,PJ,2045,12.251488184778022
canoe,nz,alberta,final energy|other electrical,PJ,2050,12.974423923518735
canoe,nz,alberta,final energy|other end-use,PJ,2025,80.51675631696291
canoe,nz,alberta,final energy|other end-use,PJ,2030,88.96681002072407
canoe,nz,alberta,final energy|other end-use,PJ,2035,95.2934038104696
canoe,nz,alberta,final energy|other end-use,PJ,2040,99.02226631566593
canoe,nz,alberta,final energy|other end-use,PJ,2045,103.22656452372945
canoe,nz,alberta,final energy|other end-use,PJ,2050,109.53999782982608
canoe,nz,alberta,final energy|passenger rail,PJ,2025,0.7849256179550098
canoe,nz,alberta,final energy|passenger rail,PJ,2030,0.8766408089945286
canoe,nz,alberta,final energy|passenger rail,PJ,2035,0.5041611352050333
canoe,nz,alberta,final energy|passenger rail,PJ,2040,0.4485078871367053
canoe,nz,alberta,final energy|passenger rail,PJ,2045,0.4780427402020808
canoe,nz,alberta,final energy|passenger rail,PJ,2050,0.5111063940693514
canoe,nz,alberta,final energy|passenger truck,PJ,2025,42.03660016675967
canoe,nz,alberta,final energy|passenger truck,PJ,2030,35.697917702329924
canoe,nz,alberta,final energy|passenger truck,PJ,2035,26.506459086526046
canoe,nz,alberta,final energy|passenger truck,PJ,2040,22.36793399098382
canoe,nz,alberta,final energy|passenger truck,PJ,2045,21.81495256148209
canoe,nz,alberta,final energy|passenger truck,PJ,2050,21.837271350494188
canoe,nz,alberta,final energy|refrigerator,PJ,2025,2.1706703787027863
canoe,nz,alberta,final energy|refrigerator,PJ,2030,1.8044977162552094
canoe,nz,alberta,final energy|refrigerator,PJ,2035,1.8808334763744032
canoe,nz,alberta,final energy|refrigerator,PJ,2040,2.0071234179445834
canoe,nz,alberta,final energy|refrigerator,PJ,2045,2.139424003591598
canoe,nz,alberta,final energy|refrigerator,PJ,2050,2.2656671219123394
canoe,nz,alberta,final energy|space cooling,PJ,2025,0.3200255596549165
canoe,nz,alberta,final energy|space cooling,PJ,2030,0.20849460356856722
canoe,nz,alberta,final energy|space cooling,PJ,2035,0.12160483780630711
canoe,nz,alberta,final energy|space cooling,PJ,2040,0.013907532905073251
canoe,nz,alberta,final energy|space heating,PJ,2025,163.04713967225427
canoe,nz,alberta,final energy|space heating,PJ,2030,150.69188336952314
canoe,nz,alberta,final energy|space heating,PJ,2035,137.73803508478028
canoe,nz,alberta,final energy|space heating,PJ,2040,118.29863127896107
canoe,nz,alberta,final energy|space heating,PJ,2045,120.53350243741326
canoe,nz,alberta,final energy|space heating,PJ,2050,127.76136180605722
canoe,nz,alberta,final energy|water heating,PJ,2025,30.86478716673416
canoe,nz,alberta,final energy|water heating,PJ,2030,21.959500494411408
canoe,nz,alberta,final energy|water heating,PJ,2035,13.599706075822839
canoe,nz,alberta,final energy|water heating,PJ,2040,16.234735912101094
canoe,nz,alberta,final energy|water heating,PJ,2045,17.304726523433022
canoe,nz,alberta,final energy|water heating,PJ,2050,18.325859195434596
canoe,nz,british columbia,final energy|all,PJ,2025,674.46
canoe,nz,british columbia,final energy|all,PJ,2030,689.3883286067921
canoe,nz,british columbia,final energy|all,PJ,2035,669.925579228592
canoe,nz,british columbia,final energy|all,PJ,2040,654.1821707986924
canoe,nz,british columbia,final energy|all,PJ,2045,652.1686597309498
canoe,nz,british columbia,final energy|all,PJ,2050,727.1571504814842
canoe,nz,british columbia,final energy|aviation,PJ,2025,97.7609404068604
canoe,nz,british columbia,final energy|aviation,PJ,2030,103.38450863030249
canoe,nz,british columbia,final energy|aviation,PJ,2035,104.00663169947659
canoe,nz,british columbia,final energy|aviation,PJ,2040,108.86117737146003
canoe,nz,british columbia,final energy|aviation,PJ,2045,113.44582749560033
canoe,nz,british columbia,final energy|aviation,PJ,2050,121.47732941863147
canoe,nz,british columbia,final energy|bus,PJ,2025,3.326993941204917
canoe,nz,british columbia,final energy|bus,PJ,2030,3.039104197316138
canoe,nz,british columbia,final energy|bus,PJ,2035,2.7266776755710316
canoe,nz,british columbia,final energy|bus,PJ,2040,2.582144008434494
canoe,nz,british columbia,final energy|bus,PJ,2045,2.6177771631220006
canoe,nz,british columbia,final energy|bus,PJ,2050,2.6765428181752355
canoe,nz,british columbia,final energy|car,PJ,2025,29.976363568917343
canoe,nz,british columbia,final energy|car,PJ,2030,25.32770085479813
canoe,nz,british columbia,final energy|car,PJ,2035,19.018930496278003
canoe,nz,british columbia,final energy|car,PJ,2040,17.198741568681758
canoe,nz,british columbia,final energy|car,PJ,2045,17.618165796881
canoe,nz,british columbia,final energy|car,PJ,2050,18.172832096887554
canoe,nz,british columbia,final energy|clothes dryer,PJ,2025,6.635497302507961
canoe,nz,british columbia,final energy|clothes dryer,PJ,2030,6.43238512118027
canoe,nz,british columbia,final energy|clothes dryer,PJ,2035,6.556104955959045
canoe,nz,british columbia,final energy|clothes dryer,PJ,2040,6.847978008631347
canoe,nz,british columbia,final energy|clothes dryer,PJ,2045,7.1984037549021735
canoe,nz,british columbia,final energy|clothes dryer,PJ,2050,7.4868832764943685
canoe,nz,british columbia,final energy|clothes washer,PJ,2025,0.2144454675239256
canoe,nz,british columbia,final energy|clothes washer,PJ,2030,0.15614407727506618
canoe,nz,british columbia,final energy|clothes washer,PJ,2035,0.1253901691093761
canoe,nz,british columbia,final energy|clothes washer,PJ,2040,0.12943485373861252
canoe,nz,british columbia,final energy|clothes washer,PJ,2045,0.13501213680335256
canoe,nz,british columbia,final energy|clothes washer,PJ,2050,0.14107092451885433
canoe,nz,british columbia,final energy|cooking,PJ,2025,4.755771464994011
canoe,nz,british columbia,final energy|cooking,PJ,2030,4.670923820624086
canoe,nz,british columbia,final energy|cooking,PJ,2035,4.778669596536538
canoe,nz,british columbia,final energy|cooking,PJ,2040,4.97452386001318
canoe,nz,british columbia,final energy|cooking,PJ,2045,5.2082497309631135
canoe,nz,british columbia,final energy|cooking,PJ,2050,5.431042837290945
canoe,nz,british columbia,final energy|dish washer,PJ,2025,0.4177303504915208
canoe,nz,british columbia,final energy|dish washer,PJ,2030,0.3981745809783092
canoe,nz,british columbia,final energy|dish washer,PJ,2035,0.3790637758837311
canoe,nz,british columbia,final energy|dish washer,PJ,2040,0.4043015302946722
canoe,nz,british columbia,final energy|dish washer,PJ,2045,0.4251012225998877
canoe,nz,british columbia,final energy|dish washer,PJ,2050,0.4421416966907287
canoe,nz,british columbia,final energy|freezer,PJ,2025,1.726346410015452
canoe,nz,british columbia,final energy|freezer,PJ,2030,1.5946639128572255
canoe,nz,british columbia,final energy|freezer,PJ,2035,1.490601128718782
canoe,nz,british columbia,final energy|freezer,PJ,2040,1.3161796044766636
canoe,nz,british columbia,final energy|freezer,PJ,2045,1.3813392121332684
canoe,nz,british columbia,final energy|freezer,PJ,2050,1.4406943033116224
canoe,nz,british columbia,final energy|freight rail,PJ,2025,13.881682559779003
canoe,nz,british columbia,final energy|freight rail,PJ,2030,15.395747909318038
canoe,nz,british columbia,final energy|freight rail,PJ,2035,16.399152212577096
canoe,nz,british columbia,final energy|freight rail,PJ,2040,17.269728345481248
canoe,nz,british columbia,final energy|freight rail,PJ,2045,18.292893349855508
canoe,nz,british columbia,final energy|freight rail,PJ,2050,19.419821777219628
canoe,nz,british columbia,final energy|heavy trucking,PJ,2025,21.601039293903618
canoe,nz,british columbia,final energy|heavy trucking,PJ,2030,19.948573661429975
canoe,nz,british columbia,final energy|heavy trucking,PJ,2035,16.10054798409151
canoe,nz,british columbia,final energy|heavy trucking,PJ,2040,12.647123345356668
canoe,nz,british columbia,final energy|heavy trucking,PJ,2045,12.91131267500418
canoe,nz,british columbia,final energy|heavy trucking,PJ,2050,13.261583390044777
canoe,nz,british columbia,final energy|light freight truck,PJ,2025,16.676127087179108
canoe,nz,british columbia,final energy|light freight truck,PJ,2030,15.709958195038327
canoe,nz,british columbia,final energy|light freight truck,PJ,2035,10.532406122260504
canoe,nz,british columbia,final energy|light freight truck,PJ,2040,8.79305057704788
canoe,nz,british columbia,final energy|light freight truck,PJ,2045,8.803584757163263
canoe,nz,british columbia,final energy|light freight truck,PJ,2050,9.059896387270241
canoe,nz,british columbia,final energy|lighting,PJ,2025,7.797583366967985
canoe,nz,british columbia,final energy|lighting,PJ,2030,7.812064893768744
canoe,nz,british columbia,final energy|lighting,PJ,2035,6.978447345457456
canoe,nz,british columbia,final energy|lighting,PJ,2040,7.10421456843485
canoe,nz,british columbia,final energy|lighting,PJ,2045,6.009637860044183
canoe,nz,british columbia,final energy|lighting,PJ,2050,6.067737907274141
canoe,nz,british columbia,final energy|marine freight,PJ,2025,15.571334699075088
canoe,nz,british columbia,final energy|marine freight,PJ,2030,17.179250109494713
canoe,nz,british columbia,final energy|marine freight,PJ,2035,16.585845182683972
canoe,nz,british columbia,final energy|marine freight,PJ,2040,17.694105113862978
canoe,nz,british columbia,final energy|marine freight,PJ,2045,18.73139169591015
canoe,nz,british columbia,final energy|marine freight,PJ,2050,19.854793081275925
canoe,nz,british columbia,final energy|medium duty trucking,PJ,2025,43.923747119923654
canoe,nz,british columbia,final energy|medium duty trucking,PJ,2030,38.07477025387553
canoe,nz,british columbia,final energy|medium duty trucking,PJ,2035,27.188451223610823
canoe,nz,british columbia,final energy|medium duty trucking,PJ,2040,18.813529061422937
canoe,nz,british columbia,final energy|medium duty trucking,PJ,2045,19.383516588017542
canoe,nz,british columbia,final energy|medium duty trucking,PJ,2050,20.07937412609689
canoe,nz,british columbia,final energy|motorcycle,PJ,2025,0.5331206909897133
canoe,nz,british columbia,final energy|motorcycle,PJ,2030,0.39896641487866813
canoe,nz,british columbia,final energy|motorcycle,PJ,2035,0.2963978996909217
canoe,nz,british columbia,final energy|motorcycle,PJ,2040,0.2646241227481456
canoe,nz,british columbia,final energy|motorcycle,PJ,2045,0.28115205107897207
canoe,nz,british columbia,final energy|motorcycle,PJ,2050,0.3000184480337736
canoe,nz,british columbia,final energy|offroad,PJ,2025,19.853903192
canoe,nz,british columbia,final energy|offroad,PJ,2030,22.099624804
canoe,nz,british columbia,final energy|offroad,PJ,2035,23.80483785
canoe,nz,british columbia,final energy|offroad,PJ,2040,25.519809369
canoe,nz,british columbia,final energy|offroad,PJ,2045,27.209575107
canoe,nz,british columbia,final energy|offroad,PJ,2050,29.13589939
canoe,nz,british columbia,final energy|other electrical,PJ,2025,14.716501400548701
canoe,nz,british columbia,final energy|other electrical,PJ,2030,15.049499677531184
canoe,nz,british columbia,final energy|other electrical,PJ,2035,15.72484719715245
canoe,nz,british columbia,final energy|other electrical,PJ,2040,16.40945309861162
canoe,nz,british columbia,final energy|other electrical,PJ,2045,17.121834145584543
canoe,nz,british columbia,final energy|other electrical,PJ,2050,17.85754631478901
canoe,nz,british columbia,final energy|other end-use,PJ,2025,55.9243986271308
canoe,nz,british columbia,final energy|other end-use,PJ,2030,61.793539329837465
canoe,nz,british columbia,final energy|other end-use,PJ,2035,66.18779177161299
canoe,nz,british columbia,final energy|other end-use,PJ,2040,68.77774202178753
canoe,nz,british columbia,final energy|other end-use,PJ,2045,71.69791491113605
canoe,nz,british columbia,final energy|other end-use,PJ,2050,76.08302649618345
canoe,nz,british columbia,final energy|passenger rail,PJ,2025,0.3722900819385396
canoe,nz,british columbia,final energy|passenger rail,PJ,2030,0.33354088138242166
canoe,nz,british columbia,final energy|passenger rail,PJ,2035,0.30416655394698117
canoe,nz,british columbia,final energy|passenger rail,PJ,2040,0.2751358151041442
canoe,nz,british columbia,final energy|passenger rail,PJ,2045,0.24093863429348134
canoe,nz,british columbia,final energy|passenger rail,PJ,2050,0.2578079329942542
canoe,nz,british columbia,final energy|passenger truck,PJ,2025,41.84738250781263
canoe,nz,british columbia,final energy|passenger truck,PJ,2030,35.60308372733716
canoe,nz,british columbia,final energy|passenger truck,PJ,2035,26.602601220936783
canoe,nz,british columbia,final energy|passenger truck,PJ,2040,22.464810456523416
canoe,nz,british columbia,final energy|passenger truck,PJ,2045,22.010045040317863
canoe,nz,british columbia,final energy|passenger truck,PJ,2050,21.97863811356488
canoe,nz,british columbia,final energy|refrigerator,PJ,2025,3.4808159107886967
canoe,nz,british columbia,final energy|refrigerator,PJ,2030,2.7680867213415388
canoe,nz,british columbia,final energy|refrigerator,PJ,2035,2.8044289949020884
canoe,nz,british columbia,final energy|refrigerator,PJ,2040,2.926524212493828
canoe,nz,british columbia,final energy|refrigerator,PJ,2045,3.0535729550667505
canoe,nz,british columbia,final energy|refrigerator,PJ,2050,3.184782658623867
canoe,nz,british columbia,final energy|space cooling,PJ,2025,1.6934417493014704
canoe,nz,british columbia,final energy|space cooling,PJ,2030,0.9671450577133207
canoe,nz,british columbia,final energy|space cooling,PJ,2035,0.5641708168266744
canoe,nz,british columbia,final energy|space cooling,PJ,2040,0.06448403726141652
canoe,nz,british columbia,final energy|space heating,PJ,2025,105.61309094458466
canoe,nz,british columbia,final energy|space heating,PJ,2030,97.95762251887298
canoe,nz,british columbia,final energy|space heating,PJ,2035,90.27186388675375
canoe,nz,british columbia,final energy|space heating,PJ,2040,79.69489908128833
canoe,nz,british columbia,final energy|space heating,PJ,2045,79.35068864189547
canoe,nz,british columbia,final energy|space heating,PJ,2050,83.41644959846835
canoe,nz,british columbia,final energy|water heating,PJ,2025,29.743801769585215
canoe,nz,british columbia,final energy|water heating,PJ,2030,20.993827644709164
canoe,nz,british columbia,final energy|water heating,PJ,2035,12.75046227314605
canoe,nz,british columbia,final energy|water heating,PJ,2040,14.761970544678391
canoe,nz,british columbia,final energy|water heating,PJ,2045,15.403265555051773
canoe,nz,british columbia,final energy|water heating,PJ,2050,16.065285847825134
canoe,nz,canada,final energy|all,PJ,2025,6402.070000000001
canoe,nz,canada,final energy|all,PJ,2030,6385.4018566247205
canoe,nz,canada,final energy|all,PJ,2035,5860.0379983776465
canoe,nz,canada,final energy|all,PJ,2040,5218.529536229415
canoe,nz,canada,final energy|all,PJ,2045,4853.226206117415
canoe,nz,canada,final energy|all,PJ,2050,4784.21770340501
canoe,nz,canada,final energy|aviation,PJ,2025,470.7495976482543
canoe,nz,canada,final energy|aviation,PJ,2030,485.1673359332182
canoe,nz,canada,final energy|aviation,PJ,2035,487.5869090757791
canoe,nz,canada,final energy|aviation,PJ,2040,496.02024852305317
canoe,nz,canada,final energy|aviation,PJ,2045,515.6141784144343
canoe,nz,canada,final energy|aviation,PJ,2050,547.5350890805078
canoe,nz,canada,final energy|bus,PJ,2025,29.685648400668743
canoe,nz,canada,final energy|bus,PJ,2030,24.795286521474733
canoe,nz,canada,final energy|bus,PJ,2035,19.70257927185279
canoe,nz,canada,final energy|bus,PJ,2040,18.738302397445747
canoe,nz,canada,final energy|bus,PJ,2045,18.898857057510238
canoe,nz,canada,final energy|bus,PJ,2050,19.228020358251822
canoe,nz,canada,final energy|car,PJ,2025,358.75103763715293
canoe,nz,canada,final energy|car,PJ,2030,279.1139302777855
canoe,nz,canada,final energy|car,PJ,2035,180.06537461329174
canoe,nz,canada,final energy|car,PJ,2040,166.52702137220965
canoe,nz,canada,final energy|car,PJ,2045,169.6935132111638
canoe,nz,canada,final energy|car,PJ,2050,174.10441829413452
canoe,nz,canada,final energy|clothes dryer,PJ,2025,42.19782384219678
canoe,nz,canada,final energy|clothes dryer,PJ,2030,41.7504943266172
canoe,nz,canada,final energy|clothes dryer,PJ,2035,42.97312820480808
canoe,nz,canada,final energy|clothes dryer,PJ,2040,43.70711748299158
canoe,nz,canada,final energy|clothes dryer,PJ,2045,44.78193195799704
canoe,nz,canada,final energy|clothes dryer,PJ,2050,46.060369140184704
canoe,nz,canada,final energy|clothes washer,PJ,2025,1.4246963609826673
canoe,nz,canada,final energy|clothes washer,PJ,2030,1.0257856334264326
canoe,nz,canada,final energy|clothes washer,PJ,2035,0.8133245935122798
canoe,nz,canada,final energy|clothes washer,PJ,2040,0.832555774515112
canoe,nz,canada,final energy|clothes washer,PJ,2045,0.8607561873313229
canoe,nz,canada,final energy|clothes washer,PJ,2050,0.8948217546137438
canoe,nz,canada,final energy|cooking,PJ,2025,33.41227035506515
canoe,nz,canada,final energy|cooking,PJ,2030,32.93051568457251
canoe,nz,canada,final energy|cooking,PJ,2035,33.23645206088436
canoe,nz,canada,final energy|cooking,PJ,2040,34.69705585113482
canoe,nz,canada,final energy|cooking,PJ,2045,36.09466447804991
canoe,nz,canada,final energy|cooking,PJ,2050,37.4830550573227
canoe,nz,canada,final energy|dish washer,PJ,2025,2.389854556727833
canoe,nz,canada,final energy|dish washer,PJ,2030,2.2719361939720994
canoe,nz,canada,final energy|dish washer,PJ,2035,2.177275206720178
canoe,nz,canada,final energy|dish washer,PJ,2040,2.2688329074537474
canoe,nz,canada,final energy|dish washer,PJ,2045,2.3486776791587394
canoe,nz,canada,final energy|dish washer,PJ,2050,2.43541202419264
canoe,nz,canada,final energy|freezer,PJ,2025,9.781957542427676
canoe,nz,canada,final energy|freezer,PJ,2030,8.860571233634401
canoe,nz,canada,final energy|freezer,PJ,2035,8.000273524609495
canoe,nz,canada,final energy|freezer,PJ,2040,6.987653988281532
canoe,nz,canada,final energy|freezer,PJ,2045,7.342503250608308
canoe,nz,canada,final energy|freezer,PJ,2050,7.6342252308194345
canoe,nz,canada,final energy|freight rail,PJ,2025,170.06544993565745
canoe,nz,canada,final energy|freight rail,PJ,2030,180.26442623071355
canoe,nz,canada,final energy|freight rail,PJ,2035,188.08407739240747
canoe,nz,canada,final energy|freight rail,PJ,2040,194.8403675100079
canoe,nz,canada,final energy|freight rail,PJ,2045,202.1754336723325
canoe,nz,canada,final energy|freight rail,PJ,2050,210.2592995028337
canoe,nz,canada,final energy|heavy trucking,PJ,2025,415.7884437792303
canoe,nz,canada,final energy|heavy trucking,PJ,2030,369.3427392197028
canoe,nz,canada,final energy|heavy trucking,PJ,2035,283.5340319921034
canoe,nz,canada,final energy|heavy trucking,PJ,2040,184.0170227806015
canoe,nz,canada,final energy|heavy trucking,PJ,2045,186.11262623793073
canoe,nz,canada,final energy|heavy trucking,PJ,2050,189.4615114326295
canoe,nz,canada,final energy|light freight truck,PJ,2025,179.87119714707563
canoe,nz,canada,final energy|light freight truck,PJ,2030,165.0878778674534
canoe,nz,canada,final energy|light freight truck,PJ,2035,100.28496436385853
canoe,nz,canada,final energy|light freight truck,PJ,2040,84.18764862756032
canoe,nz,canada,final energy|light freight truck,PJ,2045,83.18931280897377
canoe,nz,canada,final energy|light freight truck,PJ,2050,83.24502194214848
canoe,nz,canada,final energy|lighting,PJ,2025,59.22954341079267
canoe,nz,canada,final energy|lighting,PJ,2030,59.20330148725582
canoe,nz,canada,final energy|lighting,PJ,2035,52.675004653325814
canoe,nz,canada,final energy|lighting,PJ,2040,53.06339394567773
canoe,nz,canada,final energy|lighting,PJ,2045,44.62716218966375
canoe,nz,canada,final energy|lighting,PJ,2050,44.76356087829517
canoe,nz,canada,final energy|marine freight,PJ,2025,99.78489997217834
canoe,nz,canada,final energy|marine freight,PJ,2030,103.19623464983236
canoe,nz,canada,final energy|marine freight,PJ,2035,96.18915273033242
canoe,nz,canada,final energy|marine freight,PJ,2040,98.52144122255322
canoe,nz,canada,final energy|marine freight,PJ,2045,100.73419739262958
canoe,nz,canada,final energy|marine freight,PJ,2050,103.1383635148442
canoe,nz,canada,final energy|medium duty trucking,PJ,2025,286.6715976097927
canoe,nz,canada,final energy|medium duty trucking,PJ,2030,245.3491028528083
canoe,nz,canada,final energy|medium duty trucking,PJ,2035,171.06942983569965
canoe,nz,canada,final energy|medium duty trucking,PJ,2040,113.20505974478898
canoe,nz,canada,final energy|medium duty trucking,PJ,2045,114.80396455425958
canoe,nz,canada,final energy|medium duty trucking,PJ,2050,117.02087455211296
canoe,nz,canada,final energy|motorcycle,PJ,2025,5.425998712302705
canoe,nz,canada,final energy|motorcycle,PJ,2030,4.052052513191362
canoe,nz,canada,final energy|motorcycle,PJ,2035,2.9998693822255604
canoe,nz,canada,final energy|motorcycle,PJ,2040,2.6667608182775098
canoe,nz,canada,final energy|motorcycle,PJ,2045,2.8194902073559542
canoe,nz,canada,final energy|motorcycle,PJ,2050,2.9931158512594225
canoe,nz,canada,final energy|offroad,PJ,2025,130.20898251839014
canoe,nz,canada,final energy|offroad,PJ,2030,144.40567759169764
canoe,nz,canada,final energy|offroad,PJ,2035,155.22077682434661
canoe,nz,canada,final energy|offroad,PJ,2040,166.00895353182506
canoe,nz,canada,final energy|offroad,PJ,2045,176.57972204802832
canoe,nz,canada,final energy|offroad,PJ,2050,188.57395856361578
canoe,nz,canada,final energy|other electrical,PJ,2025,100.61688778548663
canoe,nz,canada,final energy|other electrical,PJ,2030,102.52893640249147
canoe,nz,canada,final energy|other electrical,PJ,2035,106.14400457419626
canoe,nz,canada,final energy|other electrical,PJ,2040,109.78219770928617
canoe,nz,canada,final energy|other electrical,PJ,2045,113.62312334218456
canoe,nz,canada,final energy|other electrical,PJ,2050,117.74093268362536
canoe,nz,canada,final energy|other end-use,PJ,2025,471.1682972164744
canoe,nz,canada,final energy|other end-use,PJ,2030,520.6163574353398
canoe,nz,canada,final energy|other end-use,PJ,2035,557.6383458939921
canoe,nz,canada,final energy|other end-use,PJ,2040,579.4589193683059
canoe,nz,canada,final energy|other end-use,PJ,2045,604.0616495116492
canoe,nz,canada,final energy|other end-use,PJ,2050,641.0066253960866
canoe,nz,canada,final energy|passenger rail,PJ,2025,4.7096357886510685
canoe,nz,canada,final energy|passenger rail,PJ,2030,4.0258064437323755
canoe,nz,canada,final energy|passenger rail,PJ,2035,3.2381852913075404
canoe,nz,canada,final energy|passenger rail,PJ,2040,2.9097640005699423
canoe,nz,canada,final energy|passenger rail,PJ,2045,2.6525518687999043
canoe,nz,canada,final energy|passenger rail,PJ,2050,2.7794180526508883
canoe,nz,canada,final energy|passenger truck,PJ,2025,492.53718696562174
canoe,nz,canada,final energy|passenger truck,PJ,2030,384.3144571613132
canoe,nz,canada,final energy|passenger truck,PJ,2035,243.8606654715934
canoe,nz,canada,final energy|passenger truck,PJ,2040,207.67435365043207
canoe,nz,canada,final energy|passenger truck,PJ,2045,201.10716565095797
canoe,nz,canada,final energy|passenger truck,PJ,2050,197.4558343777208
canoe,nz,canada,final energy|refrigerator,PJ,2025,24.35242074012531
canoe,nz,canada,final energy|refrigerator,PJ,2030,18.96634184792065
canoe,nz,canada,final energy|refrigerator,PJ,2035,19.32801838182529
canoe,nz,canada,final energy|refrigerator,PJ,2040,19.99168777713503
canoe,nz,canada,final energy|refrigerator,PJ,2045,20.6936139897986
canoe,nz,canada,final energy|refrigerator,PJ,2050,21.44422805919149
canoe,nz,canada,final energy|space cooling,PJ,2025,23.893508319575265
canoe,nz,canada,final energy|space cooling,PJ,2030,15.795033949253938
canoe,nz,canada,final energy|space cooling,PJ,2035,9.216360188377795
canoe,nz,canada,final energy|space cooling,PJ,2040,0.9628357018783396
canoe,nz,canada,final energy|space heating,PJ,2025,972.7334766526166
canoe,nz,canada,final energy|space heating,PJ,2030,893.6864430755631
canoe,nz,canada,final energy|space heating,PJ,2035,812.5689083590996
canoe,nz,canada,final energy|space heating,PJ,2040,703.143863820424
canoe,nz,canada,final energy|space heating,PJ,2045,693.5787850714577
canoe,nz,canada,final energy|space heating,PJ,2050,727.2695105544298
canoe,nz,canada,final energy|water heating,PJ,2025,178.95559146328225
canoe,nz,canada,final energy|water heating,PJ,2030,127.69817800059552
canoe,nz,canada,final energy|water heating,PJ,2035,78.91556484840261
canoe,nz,canada,final energy|water heating,PJ,2040,90.43063300214403
canoe,nz,canada,final energy|water heating,PJ,2045,94.03857919174062
canoe,nz,canada,final energy|water heating,PJ,2050,97.79958463573011
canoe,nz,manitoba,final energy|all,PJ,2025,138.0
canoe,nz,manitoba,final energy|all,PJ,2030,142.7591368295194
canoe,nz,manitoba,final energy|all,PJ,2035,143.8760193012423
canoe,nz,manitoba,final energy|all,PJ,2040,140.3613019389399
canoe,nz,manitoba,final energy|all,PJ,2045,138.95815700304186
canoe,nz,manitoba,final energy|all,PJ,2050,140.17630086280315
canoe,nz,manitoba,final energy|aviation,PJ,2025,11.074112213070975
canoe,nz,manitoba,final energy|aviation,PJ,2030,12.235495935701538
canoe,nz,manitoba,final energy|aviation,PJ,2035,13.064027155502428
canoe,nz,manitoba,final energy|aviation,PJ,2040,13.978365000074568
canoe,nz,manitoba,final energy|aviation,PJ,2045,14.851844205193208
canoe,nz,manitoba,final energy|aviation,PJ,2050,15.902939910025117
canoe,nz,manitoba,final energy|bus,PJ,2025,0.5346775783021784
canoe,nz,manitoba,final energy|bus,PJ,2030,0.4844825996792605
canoe,nz,manitoba,final energy|bus,PJ,2035,0.44146990752273846
canoe,nz,manitoba,final energy|bus,PJ,2040,0.413017820726962
canoe,nz,manitoba,final energy|bus,PJ,2045,0.41723334621319985
canoe,nz,manitoba,final energy|bus,PJ,2050,0.42780804633274117
canoe,nz,manitoba,final energy|car,PJ,2025,6.620352803931079
canoe,nz,manitoba,final energy|car,PJ,2030,6.190017150079543
canoe,nz,manitoba,final energy|car,PJ,2035,5.487735948370402
canoe,nz,manitoba,final energy|car,PJ,2040,4.851556135045863
canoe,nz,manitoba,final energy|car,PJ,2045,4.966676987647364
canoe,nz,manitoba,final energy|car,PJ,2050,5.119844770692965
canoe,nz,manitoba,final energy|clothes dryer,PJ,2025,1.387670805427485
canoe,nz,manitoba,final energy|clothes dryer,PJ,2030,1.3565363776850268
canoe,nz,manitoba,final energy|clothes dryer,PJ,2035,1.376125950706032
canoe,nz,manitoba,final energy|clothes dryer,PJ,2040,1.4438820391509188
canoe,nz,manitoba,final energy|clothes dryer,PJ,2045,1.4593535549106194
canoe,nz,manitoba,final energy|clothes dryer,PJ,2050,1.5184881492071896
canoe,nz,manitoba,final energy|clothes washer,PJ,2025,0.06546641036911949
canoe,nz,manitoba,final energy|clothes washer,PJ,2030,0.046446522080511095
canoe,nz,manitoba,final energy|clothes washer,PJ,2035,0.03743234037832005
canoe,nz,manitoba,final energy|clothes washer,PJ,2040,0.03774794809082057
canoe,nz,manitoba,final energy|clothes washer,PJ,2045,0.039100340986303585
canoe,nz,manitoba,final energy|clothes washer,PJ,2050,0.04147940819836882
canoe,nz,manitoba,final energy|cooking,PJ,2025,1.0389744473669023
canoe,nz,manitoba,final energy|cooking,PJ,2030,1.0471764047075076
canoe,nz,manitoba,final energy|cooking,PJ,2035,1.0336532156209244
canoe,nz,manitoba,final energy|cooking,PJ,2040,1.1179596833007852
canoe,nz,manitoba,final energy|cooking,PJ,2045,1.1782708146637932
canoe,nz,manitoba,final energy|cooking,PJ,2050,1.225349998876155
canoe,nz,manitoba,final energy|dish washer,PJ,2025,0.10756684027780103
canoe,nz,manitoba,final energy|dish washer,PJ,2030,0.10094243544923742
canoe,nz,manitoba,final energy|dish washer,PJ,2035,0.0970526523849353
canoe,nz,manitoba,final energy|dish washer,PJ,2040,0.09977237501852788
canoe,nz,manitoba,final energy|dish washer,PJ,2045,0.10119757073886668
canoe,nz,manitoba,final energy|dish washer,PJ,2050,0.10391266682467679
canoe,nz,manitoba,final energy|freezer,PJ,2025,0.5736922860115545
canoe,nz,manitoba,final energy|freezer,PJ,2030,0.48916248575284305
canoe,nz,manitoba,final energy|freezer,PJ,2035,0.41968371058244497
canoe,nz,manitoba,final energy|freezer,PJ,2040,0.3434538107575526
canoe,nz,manitoba,final energy|freezer,PJ,2045,0.40723540296880556
canoe,nz,manitoba,final energy|freezer,PJ,2050,0.4291073899902114
canoe,nz,manitoba,final energy|freight rail,PJ,2025,12.619391162413029
canoe,nz,manitoba,final energy|freight rail,PJ,2030,13.996035318891964
canoe,nz,manitoba,final energy|freight rail,PJ,2035,14.789646073641412
canoe,nz,manitoba,final energy|freight rail,PJ,2040,15.406605628938555
canoe,nz,manitoba,final energy|freight rail,PJ,2045,15.994033555412509
canoe,nz,manitoba,final energy|freight rail,PJ,2050,16.64125436362115
canoe,nz,manitoba,final energy|heavy trucking,PJ,2025,11.924485470706186
canoe,nz,manitoba,final energy|heavy trucking,PJ,2030,11.527300905582157
canoe,nz,manitoba,final energy|heavy trucking,PJ,2035,9.591105119701
canoe,nz,manitoba,final energy|heavy trucking,PJ,2040,7.9786199887370985
canoe,nz,manitoba,final energy|heavy trucking,PJ,2045,8.145271159097131
canoe,nz,manitoba,final energy|heavy trucking,PJ,2050,8.411247464557558
canoe,nz,manitoba,final energy|light freight truck,PJ,2025,3.4593410736799775
canoe,nz,manitoba,final energy|light freight truck,PJ,2030,3.4400510191913396
canoe,nz,manitoba,final energy|light freight truck,PJ,2035,2.988735239333159
canoe,nz,manitoba,final energy|light freight truck,PJ,2040,2.60738951091941
canoe,nz,manitoba,final energy|light freight truck,PJ,2045,2.614845583065966
canoe,nz,manitoba,final energy|light freight truck,PJ,2050,2.694581000459354
canoe,nz,manitoba,final energy|lighting,PJ,2025,2.88840504138005
canoe,nz,manitoba,final energy|lighting,PJ,2030,2.87707779910744
canoe,nz,manitoba,final energy|lighting,PJ,2035,2.5563916224914216
canoe,nz,manitoba,final energy|lighting,PJ,2040,2.580795857322769
canoe,nz,manitoba,final energy|lighting,PJ,2045,2.176960274818055
canoe,nz,manitoba,final energy|lighting,PJ,2050,2.186113525538453
canoe,nz,manitoba,final energy|marine freight,PJ,2025,0.1578631149411274
canoe,nz,manitoba,final energy|marine freight,PJ,2030,0.1578215354303819
canoe,nz,manitoba,final energy|marine freight,PJ,2035,0.13777608013141712
canoe,nz,manitoba,final energy|marine freight,PJ,2040,0.13469137985160934
canoe,nz,manitoba,final energy|marine freight,PJ,2045,0.13469038272576564
canoe,nz,manitoba,final energy|marine freight,PJ,2050,0.13468738370662564
canoe,nz,manitoba,final energy|medium duty trucking,PJ,2025,2.106859726528697
canoe,nz,manitoba,final energy|medium duty trucking,PJ,2030,1.9303817923349067
canoe,nz,manitoba,final energy|medium duty trucking,PJ,2035,1.7476212891814247
canoe,nz,manitoba,final energy|medium duty trucking,PJ,2040,1.6748446105565638
canoe,nz,manitoba,final energy|medium duty trucking,PJ,2045,1.7255906437703754
canoe,nz,manitoba,final energy|medium duty trucking,PJ,2050,1.7875372533500047
canoe,nz,manitoba,final energy|motorcycle,PJ,2025,0.21218860631617972
canoe,nz,manitoba,final energy|motorcycle,PJ,2030,0.15876252941120933
canoe,nz,manitoba,final energy|motorcycle,PJ,2035,0.11789087973891954
canoe,nz,manitoba,final energy|motorcycle,PJ,2040,0.10521688701613745
canoe,nz,manitoba,final energy|motorcycle,PJ,2045,0.11177406478836885
canoe,nz,manitoba,final energy|motorcycle,PJ,2050,0.1192573810186435
canoe,nz,manitoba,final energy|offroad,PJ,2025,4.32504295
canoe,nz,manitoba,final energy|offroad,PJ,2030,4.814258715
canoe,nz,manitoba,final energy|offroad,PJ,2035,5.185728223
canoe,nz,manitoba,final energy|offroad,PJ,2040,5.559323552
canoe,nz,manitoba,final energy|offroad,PJ,2045,5.927427965
canoe,nz,manitoba,final energy|offroad,PJ,2050,6.347065111
canoe,nz,manitoba,final energy|other electrical,PJ,2025,5.150697470133308
canoe,nz,manitoba,final energy|other electrical,PJ,2030,5.235549118823184
canoe,nz,manitoba,final energy|other electrical,PJ,2035,5.4201357864740025
canoe,nz,manitoba,final energy|other electrical,PJ,2040,5.618078446774878
canoe,nz,manitoba,final energy|other electrical,PJ,2045,5.8300620224258175
canoe,nz,manitoba,final energy|other electrical,PJ,2050,6.055182415462814
canoe,nz,manitoba,final energy|other end-use,PJ,2025,15.025752238603257
canoe,nz,manitoba,final energy|other end-use,PJ,2030,16.602671369023533
canoe,nz,manitoba,final energy|other end-use,PJ,2035,17.783317921956954
canoe,nz,manitoba,final energy|other end-use,PJ,2040,18.479185051953266
canoe,nz,manitoba,final energy|other end-use,PJ,2045,19.26377631098114
canoe,nz,manitoba,final energy|other end-use,PJ,2050,20.44196690101076
canoe,nz,manitoba,final energy|passenger rail,PJ,2025,0.35127926189065733
canoe,nz,manitoba,final energy|passenger rail,PJ,2030,0.24670579260914804
canoe,nz,manitoba,final energy|passenger rail,PJ,2035,0.26052840320728793
canoe,nz,manitoba,final energy|passenger rail,PJ,2040,0.2742873204691158
canoe,nz,manitoba,final energy|passenger rail,PJ,2045,0.21946321832424753
canoe,nz,manitoba,final energy|passenger rail,PJ,2050,0.2347955589913355
canoe,nz,manitoba,final energy|passenger truck,PJ,2025,10.901000538139572
canoe,nz,manitoba,final energy|passenger truck,PJ,2030,10.394705769105164
canoe,nz,manitoba,final energy|passenger truck,PJ,2035,9.007187276685345
canoe,nz,manitoba,final energy|passenger truck,PJ,2040,7.742671079385154
canoe,nz,manitoba,final energy|passenger truck,PJ,2045,7.684270497388574
canoe,nz,manitoba,final energy|passenger truck,PJ,2050,7.8954132408350635
canoe,nz,manitoba,final energy|refrigerator,PJ,2025,1.2581701379864978
canoe,nz,manitoba,final energy|refrigerator,PJ,2030,0.8926840633990252
canoe,nz,manitoba,final energy|refrigerator,PJ,2035,0.9962906100975263
canoe,nz,manitoba,final energy|refrigerator,PJ,2040,1.032675014762742
canoe,nz,manitoba,final energy|refrigerator,PJ,2045,1.0716403201049023
canoe,nz,manitoba,final energy|refrigerator,PJ,2050,1.1130203412999302
canoe,nz,manitoba,final energy|space cooling,PJ,2025,1.3097975815017182
canoe,nz,manitoba,final energy|space cooling,PJ,2030,0.8828273132620362
canoe,nz,manitoba,final energy|space cooling,PJ,2035,0.5149655427284303
canoe,nz,manitoba,final energy|space cooling,PJ,2040,0.05886494690036803
canoe,nz,manitoba,final energy|space heating,PJ,2025,38.81659533487531
canoe,nz,manitoba,final energy|space heating,PJ,2030,36.155763715290966
canoe,nz,manitoba,final energy|space heating,PJ,2035,33.373468856669135
canoe,nz,manitoba,final energy|space heating,PJ,2040,29.404321439092847
canoe,nz,manitoba,final energy|space heating,PJ,2045,29.031618514491903
canoe,nz,manitoba,final energy|space heating,PJ,2050,30.49306468769673
canoe,nz,manitoba,final energy|water heating,PJ,2025,6.479438508229162
canoe,nz,manitoba,final energy|water heating,PJ,2030,4.68830572915087
canoe,nz,manitoba,final energy|water heating,PJ,2035,2.9604323130961174
canoe,nz,manitoba,final energy|water heating,PJ,2040,3.3644070431178927
canoe,nz,manitoba,final energy|water heating,PJ,2045,3.491073079903589
canoe,nz,manitoba,final energy|water heating,PJ,2050,3.6256957288891827
canoe,nz,new brunswick,final energy|all,PJ,2025,120.67107606679036
canoe,nz,new brunswick,final energy|all,PJ,2030,109.30540228921237
canoe,nz,new brunswick,final energy|all,PJ,2035,101.55919833860125
canoe,nz,new brunswick,final energy|all,PJ,2040,95.15607464684406
canoe,nz,new brunswick,final energy|all,PJ,2045,93.18160238142227
canoe,nz,new brunswick,final energy|all,PJ,2050,89.88266922963564
canoe,nz,new brunswick,final energy|aviation,PJ,2025,22.03004819775722
canoe,nz,new brunswick,final energy|aviation,PJ,2030,20.95632424676465
canoe,nz,new brunswick,final energy|aviation,PJ,2035,20.243643852303787
canoe,nz,new brunswick,final energy|aviation,PJ,2040,19.599026323520235
canoe,nz,new brunswick,final energy|aviation,PJ,2045,19.354478208387174
canoe,nz,new brunswick,final energy|aviation,PJ,2050,19.511502294228375
canoe,nz,new brunswick,final energy|bus,PJ,2025,1.1222694337808874
canoe,nz,new brunswick,final energy|bus,PJ,2030,0.8676727236495285
canoe,nz,new brunswick,final energy|bus,PJ,2035,0.6245575583205818
canoe,nz,new brunswick,final energy|bus,PJ,2040,0.5599607328404346
canoe,nz,new brunswick,final energy|bus,PJ,2045,0.5384070739002514
canoe,nz,new brunswick,final energy|bus,PJ,2050,0.5224456646550156
canoe,nz,new brunswick,final energy|car,PJ,2025,0.6046220748131818
canoe,nz,new brunswick,final energy|car,PJ,2030,0.39260797729161523
canoe,nz,new brunswick,final energy|car,PJ,2035,0.29812207830138415
canoe,nz,new brunswick,final energy|car,PJ,2040,0.3977295651190457
canoe,nz,new brunswick,final energy|car,PJ,2045,0.4724525845311273
canoe,nz,new brunswick,final energy|car,PJ,2050,0.535142764227264
canoe,nz,new brunswick,final energy|clothes dryer,PJ,2025,0.9194015069573759
canoe,nz,new brunswick,final energy|clothes dryer,PJ,2030,0.8999629833087812
canoe,nz,new brunswick,final energy|clothes dryer,PJ,2035,0.8887956152099947
canoe,nz,new brunswick,final energy|clothes dryer,PJ,2040,0.9111821535414443
canoe,nz,new brunswick,final energy|clothes dryer,PJ,2045,0.9101866397450046
canoe,nz,new brunswick,final energy|clothes dryer,PJ,2050,0.9429891712529368
canoe,nz,new brunswick,final energy|clothes washer,PJ,2025,0.04443419693228367
canoe,nz,new brunswick,final energy|clothes washer,PJ,2030,0.03173525009723407
canoe,nz,new brunswick,final energy|clothes washer,PJ,2035,0.025921289608250776
canoe,nz,new brunswick,final energy|clothes washer,PJ,2040,0.025628050712125938
canoe,nz,new brunswick,final energy|clothes washer,PJ,2045,0.025892747034271402
canoe,nz,new brunswick,final energy|clothes washer,PJ,2050,0.027446649744767012
canoe,nz,new brunswick,final energy|cooking,PJ,2025,0.6778178152112302
canoe,nz,new brunswick,final energy|cooking,PJ,2030,0.6741770494621571
canoe,nz,new brunswick,final energy|cooking,PJ,2035,0.6433167579602708
canoe,nz,new brunswick,final energy|cooking,PJ,2040,0.6929380102589479
canoe,nz,new brunswick,final energy|cooking,PJ,2045,0.7184773427314507
canoe,nz,new brunswick,final energy|cooking,PJ,2050,0.7498740056786531
canoe,nz,new brunswick,final energy|dish washer,PJ,2025,0.05996395057217335
canoe,nz,new brunswick,final energy|dish washer,PJ,2030,0.05653366631537092
canoe,nz,new brunswick,final energy|dish washer,PJ,2035,0.057406083397804834
canoe,nz,new brunswick,final energy|dish washer,PJ,2040,0.055637151038319545
canoe,nz,new brunswick,final energy|dish washer,PJ,2045,0.05261715329221535
canoe,nz,new brunswick,final energy|dish washer,PJ,2050,0.05521116784703071
canoe,nz,new brunswick,final energy|freezer,PJ,2025,0.25425097180020423
canoe,nz,new brunswick,final energy|freezer,PJ,2030,0.2048305573879427
canoe,nz,new brunswick,final energy|freezer,PJ,2035,0.12240283263489789
canoe,nz,new brunswick,final energy|freezer,PJ,2040,0.10333037943457131
canoe,nz,new brunswick,final energy|freezer,PJ,2045,0.12192653087896302
canoe,nz,new brunswick,final energy|freezer,PJ,2050,0.1298216709926884
canoe,nz,new brunswick,final energy|freight rail,PJ,2025,16.507025359123396
canoe,nz,new brunswick,final energy|freight rail,PJ,2030,16.514444240718266
canoe,nz,new brunswick,final energy|freight rail,PJ,2035,16.51893477766153
canoe,nz,new brunswick,final energy|freight rail,PJ,2040,16.522569435172848
canoe,nz,new brunswick,final energy|freight rail,PJ,2045,16.52259363638129
canoe,nz,new brunswick,final energy|freight rail,PJ,2050,16.522825450173222
canoe,nz,new brunswick,final energy|heavy trucking,PJ,2025,23.15071679853193
canoe,nz,new brunswick,final energy|heavy trucking,PJ,2030,19.66820448207693
canoe,nz,new brunswick,final energy|heavy trucking,PJ,2035,14.368595385727465
canoe,nz,new brunswick,final energy|heavy trucking,PJ,2040,8.054733766301966
canoe,nz,new brunswick,final energy|heavy trucking,PJ,2045,7.767999157743875
canoe,nz,new brunswick,final energy|heavy trucking,PJ,2050,7.513039433048475
canoe,nz,new brunswick,final energy|light freight truck,PJ,2025,7.560525005064287
canoe,nz,new brunswick,final energy|light freight truck,PJ,2030,6.595832351278109
canoe,nz,new brunswick,final energy|light freight truck,PJ,2035,3.4437954805997735
canoe,nz,new brunswick,final energy|light freight truck,PJ,2040,2.5488779380172226
canoe,nz,new brunswick,final energy|light freight truck,PJ,2045,2.4180845177053514
canoe,nz,new brunswick,final energy|light freight truck,PJ,2050,2.3176992892303687
canoe,nz,new brunswick,final energy|lighting,PJ,2025,1.8488851293992234
canoe,nz,new brunswick,final energy|lighting,PJ,2030,1.882922520054249
canoe,nz,new brunswick,final energy|lighting,PJ,2035,1.6605927716459816
canoe,nz,new brunswick,final energy|lighting,PJ,2040,1.6564085904325359
canoe,nz,new brunswick,final energy|lighting,PJ,2045,1.3793717903720875
canoe,nz,new brunswick,final energy|lighting,PJ,2050,1.3696101161224699
canoe,nz,new brunswick,final energy|marine freight,PJ,2025,16.2505080525303
canoe,nz,new brunswick,final energy|marine freight,PJ,2030,16.22263515619403
canoe,nz,new brunswick,final energy|marine freight,PJ,2035,14.830551785481946
canoe,nz,new brunswick,final energy|marine freight,PJ,2040,14.809518800992139
canoe,nz,new brunswick,final energy|marine freight,PJ,2045,14.79489143743121
canoe,nz,new brunswick,final energy|marine freight,PJ,2050,14.782085482806718
canoe,nz,new brunswick,final energy|medium duty trucking,PJ,2025,22.383675929402653
canoe,nz,new brunswick,final energy|medium duty trucking,PJ,2030,18.72587162844467
canoe,nz,new brunswick,final energy|medium duty trucking,PJ,2035,12.463353324364569
canoe,nz,new brunswick,final energy|medium duty trucking,PJ,2040,7.485301198436396
canoe,nz,new brunswick,final energy|medium duty trucking,PJ,2045,7.249173736471758
canoe,nz,new brunswick,final energy|medium duty trucking,PJ,2050,7.027186685761387
canoe,nz,new brunswick,final energy|motorcycle,PJ,2025,0.16687953152202556
canoe,nz,new brunswick,final energy|motorcycle,PJ,2030,0.12246743582073817
canoe,nz,new brunswick,final energy|motorcycle,PJ,2035,0.08870678543309178
canoe,nz,new brunswick,final energy|motorcycle,PJ,2040,0.07546472369739775
canoe,nz,new brunswick,final energy|motorcycle,PJ,2045,0.07632056023649968
canoe,nz,new brunswick,final energy|motorcycle,PJ,2050,0.07708316059801759
canoe,nz,new brunswick,final energy|offroad,PJ,2025,2.85624402047021
canoe,nz,new brunswick,final energy|offroad,PJ,2030,3.01428507118136
canoe,nz,new brunswick,final energy|offroad,PJ,2035,3.14567800114297
canoe,nz,new brunswick,final energy|offroad,PJ,2040,3.2491801861936
canoe,nz,new brunswick,final energy|offroad,PJ,2045,3.332182314971
canoe,nz,new brunswick,final energy|offroad,PJ,2050,3.40862000394429
canoe,nz,new brunswick,final energy|other electrical,PJ,2025,3.09525509890595
canoe,nz,new brunswick,final energy|other electrical,PJ,2030,3.2207894954755187
canoe,nz,new brunswick,final energy|other electrical,PJ,2035,3.310155773712029
canoe,nz,new brunswick,final energy|other electrical,PJ,2040,3.3833063966233663
canoe,nz,new brunswick,final energy|other electrical,PJ,2045,3.460060498495853
canoe,nz,new brunswick,final energy|other electrical,PJ,2050,3.5527996330399993
canoe,nz,new brunswick,final energy|other end-use,PJ,2025,8.383616446897978
canoe,nz,new brunswick,final energy|other end-use,PJ,2030,9.263458264284978
canoe,nz,new brunswick,final energy|other end-use,PJ,2035,9.922199850194831
canoe,nz,new brunswick,final energy|other end-use,PJ,2040,10.310458822075434
canoe,nz,new brunswick,final energy|other end-use,PJ,2045,10.748221409853194
canoe,nz,new brunswick,final energy|other end-use,PJ,2050,11.405592691590163
canoe,nz,new brunswick,final energy|passenger rail,PJ,2025,0.45455735386850005
canoe,nz,new brunswick,final energy|passenger rail,PJ,2030,0.3609470031434043
canoe,nz,new brunswick,final energy|passenger rail,PJ,2035,0.29763523537403935
canoe,nz,new brunswick,final energy|passenger rail,PJ,2040,0.2421344605272816
canoe,nz,new brunswick,final energy|passenger rail,PJ,2045,0.2122983303529545
canoe,nz,new brunswick,final energy|passenger rail,PJ,2050,0.2089555390619855
canoe,nz,new brunswick,final energy|passenger truck,PJ,2025,7.723131165918313
canoe,nz,new brunswick,final energy|passenger truck,PJ,2030,5.70961179130363
canoe,nz,new brunswick,final energy|passenger truck,PJ,2035,3.0258305210507186
canoe,nz,new brunswick,final energy|passenger truck,PJ,2040,2.390387051412988
canoe,nz,new brunswick,final energy|passenger truck,PJ,2045,2.2627818520546623
canoe,nz,new brunswick,final energy|passenger truck,PJ,2050,2.236660526104324
canoe,nz,new brunswick,final energy|refrigerator,PJ,2025,0.680880056554425
canoe,nz,new brunswick,final energy|refrigerator,PJ,2030,0.4750794176478142
canoe,nz,new brunswick,final energy|refrigerator,PJ,2035,0.553175483543285
canoe,nz,new brunswick,final energy|refrigerator,PJ,2040,0.5672844307482098
canoe,nz,new brunswick,final energy|refrigerator,PJ,2045,0.5811066281901455
canoe,nz,new brunswick,final energy|refrigerator,PJ,2050,0.5966818835360126
canoe,nz,new brunswick,final energy|space cooling,PJ,2025,0.42992400604893843
canoe,nz,new brunswick,final energy|space cooling,PJ,2030,0.3375106512045316
canoe,nz,new brunswick,final energy|space cooling,PJ,2035,0.32602573942039065
canoe,nz,new brunswick,final energy|space heating,PJ,2025,17.003420760203106
canoe,nz,new brunswick,final energy|space heating,PJ,2030,15.661569929443639
canoe,nz,new brunswick,final energy|space heating,PJ,2035,14.061035472418974
canoe,nz,new brunswick,final energy|space heating,PJ,2040,12.659355178989719
canoe,nz,new brunswick,final energy|space heating,PJ,2045,11.991452447749513
canoe,nz,new brunswick,final energy|space heating,PJ,2050,12.459988186317045
canoe,nz,new brunswick,final energy|water heating,PJ,2025,2.8849382368676566
canoe,nz,new brunswick,final energy|water heating,PJ,2030,2.2675020494440163
canoe,nz,new brunswick,final energy|water heating,PJ,2035,1.596726275745406
canoe,nz,new brunswick,final energy|water heating,PJ,2040,1.7545564741802038
canoe,nz,new brunswick,final energy|water heating,PJ,2045,1.7940075793194885
canoe,nz,new brunswick,final energy|water heating,PJ,2050,1.8418921001901722
canoe,nz,newfoundland and labrador,final energy|all,PJ,2025,70.51860853432282
canoe,nz,newfoundland and labrador,final energy|all,PJ,2030,71.30976705955797
canoe,nz,newfoundland and labrador,final energy|all,PJ,2035,60.97037697908617
canoe,nz,newfoundland and labrador,final energy|all,PJ,2040,50.52259759630308
canoe,nz,newfoundland and labrador,final energy|all,PJ,2045,48.76548816338298
canoe,nz,newfoundland and labrador,final energy|all,PJ,2050,44.50173362903165
canoe,nz,newfoundland and labrador,final energy|aviation,PJ,2025,19.609846089924524
canoe,nz,newfoundland and labrador,final energy|aviation,PJ,2030,18.579921544366385
canoe,nz,newfoundland and labrador,final energy|aviation,PJ,2035,17.883935439015463
canoe,nz,newfoundland and labrador,final energy|aviation,PJ,2040,17.26155591931403
canoe,nz,newfoundland and labrador,final energy|aviation,PJ,2045,17.00315899454269
canoe,nz,newfoundland and labrador,final energy|aviation,PJ,2050,17.102896750146606
canoe,nz,newfoundland and labrador,final energy|bus,PJ,2025,0.9211230556930396
canoe,nz,newfoundland and labrador,final energy|bus,PJ,2030,0.7148184616555441
canoe,nz,newfoundland and labrador,final energy|bus,PJ,2035,0.5116751547161572
canoe,nz,newfoundland and labrador,final energy|bus,PJ,2040,0.45377020390808703
canoe,nz,newfoundland and labrador,final energy|bus,PJ,2045,0.43474375404453774
canoe,nz,newfoundland and labrador,final energy|bus,PJ,2050,0.4210090251336492
canoe,nz,newfoundland and labrador,final energy|car,PJ,2025,14.340504621081763
canoe,nz,newfoundland and labrador,final energy|car,PJ,2030,11.578936525114282
canoe,nz,newfoundland and labrador,final energy|car,PJ,2035,9.457519677825125
canoe,nz,newfoundland and labrador,final energy|car,PJ,2040,8.121935684621203
canoe,nz,newfoundland and labrador,final energy|car,PJ,2045,7.806572715638663
canoe,nz,newfoundland and labrador,final energy|car,PJ,2050,7.519715659555348
canoe,nz,newfoundland and labrador,final energy|clothes dryer,PJ,2025,0.5633821308441915
canoe,nz,newfoundland and labrador,final energy|clothes dryer,PJ,2030,0.5185507868452345
canoe,nz,newfoundland and labrador,final energy|clothes dryer,PJ,2035,0.5285303072586498
canoe,nz,newfoundland and labrador,final energy|clothes dryer,PJ,2040,0.4605211057702305
canoe,nz,newfoundland and labrador,final energy|clothes dryer,PJ,2045,0.4272328489443344
canoe,nz,newfoundland and labrador,final energy|clothes dryer,PJ,2050,0.4358584298157829
canoe,nz,newfoundland and labrador,final energy|clothes washer,PJ,2025,0.02255330297464466
canoe,nz,newfoundland and labrador,final energy|clothes washer,PJ,2030,0.014684317578185231
canoe,nz,newfoundland and labrador,final energy|clothes washer,PJ,2035,0.011523083929431393
canoe,nz,newfoundland and labrador,final energy|clothes washer,PJ,2040,0.010596880212138544
canoe,nz,newfoundland and labrador,final energy|clothes washer,PJ,2045,0.01028269397579237
canoe,nz,newfoundland and labrador,final energy|clothes washer,PJ,2050,0.010325753889901286
canoe,nz,newfoundland and labrador,final energy|cooking,PJ,2025,0.39247030272016326
canoe,nz,newfoundland and labrador,final energy|cooking,PJ,2030,0.3418303130524264
canoe,nz,newfoundland and labrador,final energy|cooking,PJ,2035,0.2785359140761524
canoe,nz,newfoundland and labrador,final energy|cooking,PJ,2040,0.3206419831820961
canoe,nz,newfoundland and labrador,final energy|cooking,PJ,2045,0.3164604239044639
canoe,nz,newfoundland and labrador,final energy|cooking,PJ,2050,0.31390276915102666
canoe,nz,newfoundland and labrador,final energy|dish washer,PJ,2025,0.022553596334037397
canoe,nz,newfoundland and labrador,final energy|dish washer,PJ,2030,0.01934443771572631
canoe,nz,newfoundland and labrador,final energy|dish washer,PJ,2035,0.022744696555547
canoe,nz,newfoundland and labrador,final energy|dish washer,PJ,2040,0.016812204479014454
canoe,nz,newfoundland and labrador,final energy|dish washer,PJ,2045,0.01330360401886545
canoe,nz,newfoundland and labrador,final energy|dish washer,PJ,2050,0.015781596015145113
canoe,nz,newfoundland and labrador,final energy|freezer,PJ,2025,0.1845055188697138
canoe,nz,newfoundland and labrador,final energy|freezer,PJ,2030,0.13049683682880214
canoe,nz,newfoundland and labrador,final energy|freezer,PJ,2035,0.060749790435671726
canoe,nz,newfoundland and labrador,final energy|freezer,PJ,2040,0.03408204000267474
canoe,nz,newfoundland and labrador,final energy|freezer,PJ,2045,0.03670926892705858
canoe,nz,newfoundland and labrador,final energy|freezer,PJ,2050,0.031028215374464808
canoe,nz,newfoundland and labrador,final energy|freight rail,PJ,2025,16.42489977482301
canoe,nz,newfoundland and labrador,final energy|freight rail,PJ,2030,15.24134028159181
canoe,nz,newfoundland and labrador,final energy|freight rail,PJ,2035,15.241850322045794
canoe,nz,newfoundland and labrador,final energy|freight rail,PJ,2040,15.241783127431118
canoe,nz,newfoundland and labrador,final energy|freight rail,PJ,2045,15.241818882026934
canoe,nz,newfoundland and labrador,final energy|freight rail,PJ,2050,15.241706237100464
canoe,nz,newfoundland and labrador,final energy|heavy trucking,PJ,2025,21.04160024783158
canoe,nz,newfoundland and labrador,final energy|heavy trucking,PJ,2030,17.83859430409671
canoe,nz,newfoundland and labrador,final energy|heavy trucking,PJ,2035,13.010632139170891
canoe,nz,newfoundland and labrador,final energy|heavy trucking,PJ,2040,7.273619656294369
canoe,nz,newfoundland and labrador,final energy|heavy trucking,PJ,2045,6.999808763366653
canoe,nz,newfoundland and labrador,final energy|heavy trucking,PJ,2050,6.763707200256964
canoe,nz,newfoundland and labrador,final energy|light freight truck,PJ,2025,6.349461226094987
canoe,nz,newfoundland and labrador,final energy|light freight truck,PJ,2030,5.52917213400696
canoe,nz,newfoundland and labrador,final energy|light freight truck,PJ,2035,2.8250317725909846
canoe,nz,newfoundland and labrador,final energy|light freight truck,PJ,2040,2.067129440022862
canoe,nz,newfoundland and labrador,final energy|light freight truck,PJ,2045,1.9671123361693899
canoe,nz,newfoundland and labrador,final energy|light freight truck,PJ,2050,1.9023783477316922
canoe,nz,newfoundland and labrador,final energy|lighting,PJ,2025,0.8497930643793078
canoe,nz,newfoundland and labrador,final energy|lighting,PJ,2030,0.8219442581772207
canoe,nz,newfoundland and labrador,final energy|lighting,PJ,2035,0.7506666238099583
canoe,nz,newfoundland and labrador,final energy|lighting,PJ,2040,0.7035089237712944
canoe,nz,newfoundland and labrador,final energy|lighting,PJ,2045,0.5380872079379876
canoe,nz,newfoundland and labrador,final energy|lighting,PJ,2050,0.5130419373237076
canoe,nz,newfoundland and labrador,final energy|marine freight,PJ,2025,16.418660794462113
canoe,nz,newfoundland and labrador,final energy|marine freight,PJ,2030,16.400946999927548
canoe,nz,newfoundland and labrador,final energy|marine freight,PJ,2035,14.99719078238192
canoe,nz,newfoundland and labrador,final energy|marine freight,PJ,2040,14.982300307531231
canoe,nz,newfoundland and labrador,final energy|marine freight,PJ,2045,14.97341679252967
canoe,nz,newfoundland and labrador,final energy|marine freight,PJ,2050,14.96528382944102
canoe,nz,newfoundland and labrador,final energy|medium duty trucking,PJ,2025,21.76577253716423
canoe,nz,newfoundland and labrador,final energy|medium duty trucking,PJ,2030,18.19705652421906
canoe,nz,newfoundland and labrador,final energy|medium duty trucking,PJ,2035,12.104658905762417
canoe,nz,newfoundland and labrador,final energy|medium duty trucking,PJ,2040,7.26287560207175
canoe,nz,newfoundland and labrador,final energy|medium duty trucking,PJ,2045,7.028445019569722
canoe,nz,newfoundland and labrador,final energy|medium duty trucking,PJ,2050,6.80845249687925
canoe,nz,newfoundland and labrador,final energy|motorcycle,PJ,2025,0.13381592895107833
canoe,nz,newfoundland and labrador,final energy|motorcycle,PJ,2030,0.09799581940854393
canoe,nz,newfoundland and labrador,final energy|motorcycle,PJ,2035,0.07040831843768425
canoe,nz,newfoundland and labrador,final energy|motorcycle,PJ,2040,0.05991375801363778
canoe,nz,newfoundland and labrador,final energy|motorcycle,PJ,2045,0.06039900784300364
canoe,nz,newfoundland and labrador,final energy|motorcycle,PJ,2050,0.06082709958051574
canoe,nz,newfoundland and labrador,final energy|offroad,PJ,2025,1.88523421532695
canoe,nz,newfoundland and labrador,final energy|offroad,PJ,2030,1.98561558036673
canoe,nz,newfoundland and labrador,final energy|offroad,PJ,2035,2.06907112322984
canoe,nz,newfoundland and labrador,final energy|offroad,PJ,2040,2.13481157806815
canoe,nz,newfoundland and labrador,final energy|offroad,PJ,2045,2.18753121634318
canoe,nz,newfoundland and labrador,final energy|offroad,PJ,2050,2.23608138343029
canoe,nz,newfoundland and labrador,final energy|other electrical,PJ,2025,1.6165417560516224
canoe,nz,newfoundland and labrador,final energy|other electrical,PJ,2030,1.595566793505246
canoe,nz,newfoundland and labrador,final energy|other electrical,PJ,2035,1.5709740277000583
canoe,nz,newfoundland and labrador,final energy|other electrical,PJ,2040,1.53927010069819
canoe,nz,newfoundland and labrador,final energy|other electrical,PJ,2045,1.5063809801635415
canoe,nz,newfoundland and labrador,final energy|other electrical,PJ,2050,1.491853470435489
canoe,nz,newfoundland and labrador,final energy|other end-use,PJ,2025,5.913111546336393
canoe,nz,newfoundland and labrador,final energy|other end-use,PJ,2030,6.533679393433655
canoe,nz,newfoundland and labrador,final energy|other end-use,PJ,2035,6.998301373979624
canoe,nz,newfoundland and labrador,final energy|other end-use,PJ,2040,7.272147228467083
canoe,nz,newfoundland and labrador,final energy|other end-use,PJ,2045,7.580908850463826
canoe,nz,newfoundland and labrador,final energy|other end-use,PJ,2050,8.04456433147132
canoe,nz,newfoundland and labrador,final energy|passenger rail,PJ,2025,0.45321037366747813
canoe,nz,newfoundland and labrador,final energy|passenger rail,PJ,2030,0.29714230093133526
canoe,nz,newfoundland and labrador,final energy|passenger rail,PJ,2035,0.24411897945518213
canoe,nz,newfoundland and labrador,final energy|passenger rail,PJ,2040,0.21073834062372182
canoe,nz,newfoundland and labrador,final energy|passenger rail,PJ,2045,0.21073815104252522
canoe,nz,newfoundland and labrador,final energy|passenger rail,PJ,2050,0.2107379731914203
canoe,nz,newfoundland and labrador,final energy|passenger truck,PJ,2025,3.1695509422929624
canoe,nz,newfoundland and labrador,final energy|passenger truck,PJ,2030,2.330461032273097
canoe,nz,newfoundland and labrador,final energy|passenger truck,PJ,2035,1.2354033470400645
canoe,nz,newfoundland and labrador,final energy|passenger truck,PJ,2040,1.0137662483240095
canoe,nz,newfoundland and labrador,final energy|passenger truck,PJ,2045,0.9993601286877852
canoe,nz,newfoundland and labrador,final energy|passenger truck,PJ,2050,1.006052082812244
canoe,nz,newfoundland and labrador,final energy|refrigerator,PJ,2025,0.3367807042400126
canoe,nz,newfoundland and labrador,final energy|refrigerator,PJ,2030,0.20727536431893098
canoe,nz,newfoundland and labrador,final energy|refrigerator,PJ,2035,0.2425378398248965
canoe,nz,newfoundland and labrador,final energy|refrigerator,PJ,2040,0.23546547768650172
canoe,nz,newfoundland and labrador,final energy|refrigerator,PJ,2045,0.2306609417745263
canoe,nz,newfoundland and labrador,final energy|refrigerator,PJ,2050,0.22782879507143328
canoe,nz,newfoundland and labrador,final energy|space cooling,PJ,2025,0.7625809946256852
canoe,nz,newfoundland and labrador,final energy|space cooling,PJ,2030,0.8204826303816316
canoe,nz,newfoundland and labrador,final energy|space cooling,PJ,2035,0.39146084135211795
canoe,nz,newfoundland and labrador,final energy|space heating,PJ,2025,15.567570168275324
canoe,nz,newfoundland and labrador,final energy|space heating,PJ,2030,15.753698152466422
canoe,nz,newfoundland and labrador,final energy|space heating,PJ,2035,16.273250821596942
canoe,nz,newfoundland and labrador,final energy|space heating,PJ,2040,16.42028357061821
canoe,nz,newfoundland and labrador,final energy|space heating,PJ,2045,16.269148471218365
canoe,nz,newfoundland and labrador,final energy|space heating,PJ,2050,16.429886832754498
canoe,nz,newfoundland and labrador,final energy|water heating,PJ,2025,1.777465424937693
canoe,nz,newfoundland and labrador,final energy|water heating,PJ,2030,1.3092422173740275
canoe,nz,newfoundland and labrador,final energy|water heating,PJ,2035,0.816092218460798
canoe,nz,newfoundland and labrador,final energy|water heating,PJ,2040,0.8425754007196086
canoe,nz,newfoundland and labrador,final energy|water heating,PJ,2045,0.8240185819546482
canoe,nz,newfoundland and labrador,final energy|water heating,PJ,2050,0.8157727589192372
canoe,nz,nova scotia,final energy|all,PJ,2025,38.973339517625234
canoe,nz,nova scotia,final energy|all,PJ,2030,41.67593955871727
canoe,nz,nova scotia,final energy|all,PJ,2035,42.6283791955527
canoe,nz,nova scotia,final energy|all,PJ,2040,40.94616567169108
canoe,nz,nova scotia,final energy|all,PJ,2045,39.97576081470775
canoe,nz,nova scotia,final energy|all,PJ,2050,39.37968744505636
canoe,nz,nova scotia,final energy|aviation,PJ,2025,23.734192391737675
canoe,nz,nova scotia,final energy|aviation,PJ,2030,22.629104888285045
canoe,nz,nova scotia,final energy|aviation,PJ,2035,21.905192329747134
canoe,nz,nova scotia,final energy|aviation,PJ,2040,21.2449163381666
canoe,nz,nova scotia,final energy|aviation,PJ,2045,21.01011935006741
canoe,nz,nova scotia,final energy|aviation,PJ,2050,21.20748066774473
canoe,nz,nova scotia,final energy|bus,PJ,2025,1.2594833178784803
canoe,nz,nova scotia,final energy|bus,PJ,2030,0.9761370856698521
canoe,nz,nova scotia,final energy|bus,PJ,2035,0.7047006586661453
canoe,nz,nova scotia,final energy|bus,PJ,2040,0.6345976927034259
canoe,nz,nova scotia,final energy|bus,PJ,2045,0.6114804737888455
canoe,nz,nova scotia,final energy|bus,PJ,2050,0.5938712070577769
canoe,nz,nova scotia,final energy|car,PJ,2025,2.6779156606033485
canoe,nz,nova scotia,final energy|car,PJ,2030,2.0552475540830697
canoe,nz,nova scotia,final energy|car,PJ,2035,1.2224551899579543
canoe,nz,nova scotia,final energy|car,PJ,2040,1.2696269913415308
canoe,nz,nova scotia,final energy|car,PJ,2045,1.3337294030614752
canoe,nz,nova scotia,final energy|car,PJ,2050,1.386236236508298
canoe,nz,nova scotia,final energy|clothes dryer,PJ,2025,1.0655452127148677
canoe,nz,nova scotia,final energy|clothes dryer,PJ,2030,1.0460163044058703
canoe,nz,nova scotia,final energy|clothes dryer,PJ,2035,1.0206709062971238
canoe,nz,nova scotia,final energy|clothes dryer,PJ,2040,1.060283825532206
canoe,nz,nova scotia,final energy|clothes dryer,PJ,2045,1.0579428785723775
canoe,nz,nova scotia,final energy|clothes dryer,PJ,2050,1.0910905190790159
canoe,nz,nova scotia,final energy|clothes washer,PJ,2025,0.03838349641276334
canoe,nz,nova scotia,final energy|clothes washer,PJ,2030,0.027628465508698737
canoe,nz,nova scotia,final energy|clothes washer,PJ,2035,0.022266742564122925
canoe,nz,nova scotia,final energy|clothes washer,PJ,2040,0.022156675291997528
canoe,nz,nova scotia,final energy|clothes washer,PJ,2045,0.02240505894208918
canoe,nz,nova scotia,final energy|clothes washer,PJ,2050,0.02361529369710175
canoe,nz,nova scotia,final energy|cooking,PJ,2025,0.8251550016480519
canoe,nz,nova scotia,final energy|cooking,PJ,2030,0.839381075488186
canoe,nz,nova scotia,final energy|cooking,PJ,2035,0.8272557652461423
canoe,nz,nova scotia,final energy|cooking,PJ,2040,0.8964702211600035
canoe,nz,nova scotia,final energy|cooking,PJ,2045,0.9237963723906614
canoe,nz,nova scotia,final energy|cooking,PJ,2050,0.9483188081947017
canoe,nz,nova scotia,final energy|dish washer,PJ,2025,0.05307384647685136
canoe,nz,nova scotia,final energy|dish washer,PJ,2030,0.05059490951611608
canoe,nz,nova scotia,final energy|dish washer,PJ,2035,0.0501554374077809
canoe,nz,nova scotia,final energy|dish washer,PJ,2040,0.049301715049180156
canoe,nz,nova scotia,final energy|dish washer,PJ,2045,0.04783646126804564
canoe,nz,nova scotia,final energy|dish washer,PJ,2050,0.049536482613660726
canoe,nz,nova scotia,final energy|freezer,PJ,2025,0.21711061107525603
canoe,nz,nova scotia,final energy|freezer,PJ,2030,0.18019134569634612
canoe,nz,nova scotia,final energy|freezer,PJ,2035,0.12453744195303597
canoe,nz,nova scotia,final energy|freezer,PJ,2040,0.1020166969676457
canoe,nz,nova scotia,final energy|freezer,PJ,2045,0.11218035391073958
canoe,nz,nova scotia,final energy|freezer,PJ,2050,0.1200505117561031
canoe,nz,nova scotia,final energy|freight rail,PJ,2025,16.541114763004288
canoe,nz,nova scotia,final energy|freight rail,PJ,2030,16.550343820613534
canoe,nz,nova scotia,final energy|freight rail,PJ,2035,16.55417113053564
canoe,nz,nova scotia,final energy|freight rail,PJ,2040,16.55642650664968
canoe,nz,nova scotia,final energy|freight rail,PJ,2045,16.5570100113266
canoe,nz,nova scotia,final energy|freight rail,PJ,2050,16.557512714690027
canoe,nz,nova scotia,final energy|heavy trucking,PJ,2025,24.635711772355457
canoe,nz,nova scotia,final energy|heavy trucking,PJ,2030,20.956386092594776
canoe,nz,nova scotia,final energy|heavy trucking,PJ,2035,15.324695820351288
canoe,nz,nova scotia,final energy|heavy trucking,PJ,2040,8.60463712195755
canoe,nz,nova scotia,final energy|heavy trucking,PJ,2045,8.30886424710996
canoe,nz,nova scotia,final energy|heavy trucking,PJ,2050,8.040637609606687
canoe,nz,nova scotia,final energy|light freight truck,PJ,2025,8.411287480805257
canoe,nz,nova scotia,final energy|light freight truck,PJ,2030,7.39754512630203
canoe,nz,nova scotia,final energy|light freight truck,PJ,2035,4.004565767330567
canoe,nz,nova scotia,final energy|light freight truck,PJ,2040,3.0000932053030143
canoe,nz,nova scotia,final energy|light freight truck,PJ,2045,2.8262712697018912
canoe,nz,nova scotia,final energy|light freight truck,PJ,2050,2.619964427322368
canoe,nz,nova scotia,final energy|lighting,PJ,2025,1.996059779046594
canoe,nz,nova scotia,final energy|lighting,PJ,2030,2.0352744429627045
canoe,nz,nova scotia,final energy|lighting,PJ,2035,1.7946651461313896
canoe,nz,nova scotia,final energy|lighting,PJ,2040,1.78875867023688
canoe,nz,nova scotia,final energy|lighting,PJ,2045,1.4881668417576088
canoe,nz,nova scotia,final energy|lighting,PJ,2050,1.4774647997888202
canoe,nz,nova scotia,final energy|marine freight,PJ,2025,16.132106067377908
canoe,nz,nova scotia,final energy|marine freight,PJ,2030,16.09707976320779
canoe,nz,nova scotia,final energy|marine freight,PJ,2035,14.713235146960116
canoe,nz,nova scotia,final energy|marine freight,PJ,2040,14.687559352461353
canoe,nz,nova scotia,final energy|marine freight,PJ,2045,14.669177525144041
canoe,nz,nova scotia,final energy|marine freight,PJ,2050,14.653079360502034
canoe,nz,nova scotia,final energy|medium duty trucking,PJ,2025,23.130800689977278
canoe,nz,nova scotia,final energy|medium duty trucking,PJ,2030,19.09820696374771
canoe,nz,nova scotia,final energy|medium duty trucking,PJ,2035,12.715875061440876
canoe,nz,nova scotia,final energy|medium duty trucking,PJ,2040,7.641873720762415
canoe,nz,nova scotia,final energy|medium duty trucking,PJ,2045,7.40456020166175
canoe,nz,nova scotia,final energy|medium duty trucking,PJ,2050,7.181177965519846
canoe,nz,nova scotia,final energy|motorcycle,PJ,2025,0.19016069072983408
canoe,nz,nova scotia,final energy|motorcycle,PJ,2030,0.1396903920175215
canoe,nz,nova scotia,final energy|motorcycle,PJ,2035,0.10135472312253233
canoe,nz,nova scotia,final energy|motorcycle,PJ,2040,0.08640517081307574
canoe,nz,nova scotia,final energy|motorcycle,PJ,2045,0.08752078936258904
canoe,nz,nova scotia,final energy|motorcycle,PJ,2050,0.08851645818256523
canoe,nz,nova scotia,final energy|offroad,PJ,2025,3.5399640177966
canoe,nz,nova scotia,final energy|offroad,PJ,2030,3.73860515168611
canoe,nz,nova scotia,final energy|offroad,PJ,2035,3.90375237776294
canoe,nz,nova scotia,final energy|offroad,PJ,2040,4.03384383965753
canoe,nz,nova scotia,final energy|offroad,PJ,2045,4.13816886987641
canoe,nz,nova scotia,final energy|offroad,PJ,2050,4.23424307748517
canoe,nz,nova scotia,final energy|other electrical,PJ,2025,2.8905992661566517
canoe,nz,nova scotia,final energy|other electrical,PJ,2030,3.011277964191694
canoe,nz,nova scotia,final energy|other electrical,PJ,2035,3.095080756295544
canoe,nz,nova scotia,final energy|other electrical,PJ,2040,3.162283634308535
canoe,nz,nova scotia,final energy|other electrical,PJ,2045,3.232431658369905
canoe,nz,nova scotia,final energy|other electrical,PJ,2050,3.317964054425802
canoe,nz,nova scotia,final energy|other end-use,PJ,2025,10.345448985540498
canoe,nz,nova scotia,final energy|other end-use,PJ,2030,11.431180745190646
canoe,nz,nova scotia,final energy|other end-use,PJ,2035,12.244073070937018
canoe,nz,nova scotia,final energy|other end-use,PJ,2040,12.723187712239033
canoe,nz,nova scotia,final energy|other end-use,PJ,2045,13.263390206988031
canoe,nz,nova scotia,final energy|other end-use,PJ,2050,14.074591566549936
canoe,nz,nova scotia,final energy|passenger rail,PJ,2025,0.45550588522004853
canoe,nz,nova scotia,final energy|passenger rail,PJ,2030,0.36144207150754115
canoe,nz,nova scotia,final energy|passenger rail,PJ,2035,0.2982768176442293
canoe,nz,nova scotia,final energy|passenger rail,PJ,2040,0.24434958159592923
canoe,nz,nova scotia,final energy|passenger rail,PJ,2045,0.21049600778435945
canoe,nz,nova scotia,final energy|passenger rail,PJ,2050,0.210495698184161
canoe,nz,nova scotia,final energy|passenger truck,PJ,2025,10.929422783131827
canoe,nz,nova scotia,final energy|passenger truck,PJ,2030,8.055612542695668
canoe,nz,nova scotia,final energy|passenger truck,PJ,2035,4.533505452908841
canoe,nz,nova scotia,final energy|passenger truck,PJ,2040,3.592290390608331
canoe,nz,nova scotia,final energy|passenger truck,PJ,2045,3.3876338170127513
canoe,nz,nova scotia,final energy|passenger truck,PJ,2050,3.1528249686238663
canoe,nz,nova scotia,final energy|refrigerator,PJ,2025,0.6206943020529618
canoe,nz,nova scotia,final energy|refrigerator,PJ,2030,0.43581562390965123
canoe,nz,nova scotia,final energy|refrigerator,PJ,2035,0.5000860695932162
canoe,nz,nova scotia,final energy|refrigerator,PJ,2040,0.5109443397894011
canoe,nz,nova scotia,final energy|refrigerator,PJ,2045,0.5222784704324308
canoe,nz,nova scotia,final energy|refrigerator,PJ,2050,0.5360983230096149
canoe,nz,nova scotia,final energy|space cooling,PJ,2025,0.13653612768192405
canoe,nz,nova scotia,final energy|space cooling,PJ,2030,0.04008402719462557
canoe,nz,nova scotia,final energy|space cooling,PJ,2035,0.023322988738361757
canoe,nz,nova scotia,final energy|space heating,PJ,2025,23.37372482505551
canoe,nz,nova scotia,final energy|space heating,PJ,2030,21.267345718673543
canoe,nz,nova scotia,final energy|space heating,PJ,2035,18.859202114759846
canoe,nz,nova scotia,final energy|space heating,PJ,2040,16.160232057398606
canoe,nz,nova scotia,final energy|space heating,PJ,2045,14.878692966878175
canoe,nz,nova scotia,final energy|space heating,PJ,2050,15.470136285476906
canoe,nz,nova scotia,final energy|water heating,PJ,2025,4.0311265268966
canoe,nz,nova scotia,final energy|water heating,PJ,2030,3.0042078349844625
canoe,nz,nova scotia,final energy|water heating,PJ,2035,1.8724601445581446
canoe,nz,nova scotia,final energy|water heating,PJ,2040,2.0326166981952727
canoe,nz,nova scotia,final energy|water heating,PJ,2045,2.077315351825425
canoe,nz,nova scotia,final energy|water heating,PJ,2050,2.1321905766208564
canoe,nz,ontario,final energy|all,PJ,2025,998.25
canoe,nz,ontario,final energy|all,PJ,2030,1091.097828011206
canoe,nz,ontario,final energy|all,PJ,2035,1081.699162622379
canoe,nz,ontario,final energy|all,PJ,2040,1063.20086245313
canoe,nz,ontario,final energy|all,PJ,2045,1030.1048052410695
canoe,nz,ontario,final energy|all,PJ,2050,1004.1496139951507
canoe,nz,ontario,final energy|aviation,PJ,2025,120.5908899584467
canoe,nz,ontario,final energy|aviation,PJ,2030,122.85620875661306
canoe,nz,ontario,final energy|aviation,PJ,2035,125.07856922065693
canoe,nz,ontario,final energy|aviation,PJ,2040,128.1363898739303
canoe,nz,ontario,final energy|aviation,PJ,2045,133.84279205926646
canoe,nz,ontario,final energy|aviation,PJ,2050,143.31831412970124
canoe,nz,ontario,final energy|bus,PJ,2025,10.593680705661752
canoe,nz,ontario,final energy|bus,PJ,2030,8.57757633125861
canoe,nz,ontario,final energy|bus,PJ,2035,6.422169695669015
canoe,nz,ontario,final energy|bus,PJ,2040,6.234564795743354
canoe,nz,ontario,final energy|bus,PJ,2045,6.328012885280967
canoe,nz,ontario,final energy|bus,PJ,2050,6.47193742521223
canoe,nz,ontario,final energy|car,PJ,2025,173.68122736547647
canoe,nz,ontario,final energy|car,PJ,2030,128.7046916433196
canoe,nz,ontario,final energy|car,PJ,2035,72.00701089270108
canoe,nz,ontario,final energy|car,PJ,2040,68.52420854540782
canoe,nz,ontario,final energy|car,PJ,2045,70.2046283897337
canoe,nz,ontario,final energy|car,PJ,2050,72.47669952010253
canoe,nz,ontario,final energy|clothes dryer,PJ,2025,14.986169208990601
canoe,nz,ontario,final energy|clothes dryer,PJ,2030,15.314937040140027
canoe,nz,ontario,final energy|clothes dryer,PJ,2035,16.096776526182563
canoe,nz,ontario,final energy|clothes dryer,PJ,2040,16.078932901220124
canoe,nz,ontario,final energy|clothes dryer,PJ,2045,16.18561082472135
canoe,nz,ontario,final energy|clothes dryer,PJ,2050,16.359758943948247
canoe,nz,ontario,final energy|clothes washer,PJ,2025,0.38784261786925156
canoe,nz,ontario,final energy|clothes washer,PJ,2030,0.28144486616948683
canoe,nz,ontario,final energy|clothes washer,PJ,2035,0.22455936495997353
canoe,nz,ontario,final energy|clothes washer,PJ,2040,0.23317375909490876
canoe,nz,ontario,final energy|clothes washer,PJ,2045,0.24306496248404597
canoe,nz,ontario,final energy|clothes washer,PJ,2050,0.2530144845982634
canoe,nz,ontario,final energy|cooking,PJ,2025,13.394847348335588
canoe,nz,ontario,final energy|cooking,PJ,2030,13.040364759736594
canoe,nz,ontario,final energy|cooking,PJ,2035,13.012279426465547
canoe,nz,ontario,final energy|cooking,PJ,2040,13.510460108614566
canoe,nz,ontario,final energy|cooking,PJ,2045,14.087977998468054
canoe,nz,ontario,final energy|cooking,PJ,2050,14.67825905100818
canoe,nz,ontario,final energy|dish washer,PJ,2025,0.68446187747163
canoe,nz,ontario,final energy|dish washer,PJ,2030,0.6554952793046571
canoe,nz,ontario,final energy|dish washer,PJ,2035,0.6334030973759416
canoe,nz,ontario,final energy|dish washer,PJ,2040,0.6627849221479474
canoe,nz,ontario,final energy|dish washer,PJ,2045,0.6923806852261346
canoe,nz,ontario,final energy|dish washer,PJ,2050,0.7208625353028287
canoe,nz,ontario,final energy|freezer,PJ,2025,2.519927947911864
canoe,nz,ontario,final energy|freezer,PJ,2030,2.322739031056198
canoe,nz,ontario,final energy|freezer,PJ,2035,2.1651118886628216
canoe,nz,ontario,final energy|freezer,PJ,2040,1.9463128597719428
canoe,nz,ontario,final energy|freezer,PJ,2045,1.9986823987251432
canoe,nz,ontario,final energy|freezer,PJ,2050,2.0823971175415092
canoe,nz,ontario,final energy|freight rail,PJ,2025,21.962134524470013
canoe,nz,ontario,final energy|freight rail,PJ,2030,24.35721492279538
canoe,nz,ontario,final energy|freight rail,PJ,2035,26.073280232622928
canoe,nz,ontario,final energy|freight rail,PJ,2040,27.455734734035865
canoe,nz,ontario,final energy|freight rail,PJ,2045,29.074811681693927
canoe,nz,ontario,final energy|freight rail,PJ,2050,30.858488580961968
canoe,nz,ontario,final energy|heavy trucking,PJ,2025,133.36832899351162
canoe,nz,ontario,final energy|heavy trucking,PJ,2030,118.91281943442708
canoe,nz,ontario,final energy|heavy trucking,PJ,2035,89.22580388884683
canoe,nz,ontario,final energy|heavy trucking,PJ,2040,52.76330761274228
canoe,nz,ontario,final energy|heavy trucking,PJ,2045,53.86528022904276
canoe,nz,ontario,final energy|heavy trucking,PJ,2050,55.32662529497888
canoe,nz,ontario,final energy|light freight truck,PJ,2025,72.67094602076945
canoe,nz,ontario,final energy|light freight truck,PJ,2030,66.07213844142318
canoe,nz,ontario,final energy|light freight truck,PJ,2035,36.50322903113604
canoe,nz,ontario,final energy|light freight truck,PJ,2040,31.32704890851695
canoe,nz,ontario,final energy|light freight truck,PJ,2045,30.702678257778803
canoe,nz,ontario,final energy|light freight truck,PJ,2050,30.49588406111064
canoe,nz,ontario,final energy|lighting,PJ,2025,18.337301893295443
canoe,nz,ontario,final energy|lighting,PJ,2030,18.328217729529
canoe,nz,ontario,final energy|lighting,PJ,2035,16.342700293369127
canoe,nz,ontario,final energy|lighting,PJ,2040,16.61288769309992
canoe,nz,ontario,final energy|lighting,PJ,2045,14.054898361508753
canoe,nz,ontario,final energy|lighting,PJ,2050,14.168287288270703
canoe,nz,ontario,final energy|marine freight,PJ,2025,8.961589444471597
canoe,nz,ontario,final energy|marine freight,PJ,2030,9.890047487204953
canoe,nz,ontario,final energy|marine freight,PJ,2035,9.633081978076353
canoe,nz,ontario,final energy|marine freight,PJ,2040,10.273058209655167
canoe,nz,ontario,final energy|marine freight,PJ,2045,10.872022556807364
canoe,nz,ontario,final energy|marine freight,PJ,2050,11.520708506411058
canoe,nz,ontario,final energy|medium duty trucking,PJ,2025,51.49567161202762
canoe,nz,ontario,final energy|medium duty trucking,PJ,2030,44.271890383755846
canoe,nz,ontario,final energy|medium duty trucking,PJ,2035,30.30867280377106
canoe,nz,ontario,final energy|medium duty trucking,PJ,2040,19.336798490053887
canoe,nz,ontario,final energy|medium duty trucking,PJ,2045,19.922634729106335
canoe,nz,ontario,final energy|medium duty trucking,PJ,2050,20.63784090352247
canoe,nz,ontario,final energy|motorcycle,PJ,2025,1.7158413245391575
canoe,nz,ontario,final energy|motorcycle,PJ,2030,1.2841346020270836
canoe,nz,ontario,final energy|motorcycle,PJ,2035,0.9542202965601145
canoe,nz,ontario,final energy|motorcycle,PJ,2040,0.8520708730462278
canoe,nz,ontario,final energy|motorcycle,PJ,2045,0.905357140256328
canoe,nz,ontario,final energy|motorcycle,PJ,2050,0.9661573651900018
canoe,nz,ontario,final energy|offroad,PJ,2025,50.400877397
canoe,nz,ontario,final energy|offroad,PJ,2030,56.101838994
canoe,nz,ontario,final energy|offroad,PJ,2035,60.430672112
canoe,nz,ontario,final energy|offroad,PJ,2040,64.784277971
canoe,nz,ontario,final energy|offroad,PJ,2045,69.073896742
canoe,nz,ontario,final energy|offroad,PJ,2050,73.964040159
canoe,nz,ontario,final energy|other electrical,PJ,2025,28.94052031150664
canoe,nz,ontario,final energy|other electrical,PJ,2030,29.520414790763077
canoe,nz,ontario,final energy|other electrical,PJ,2035,30.761542311060023
canoe,nz,ontario,final energy|other electrical,PJ,2040,32.049882751437416
canoe,nz,ontario,final energy|other electrical,PJ,2045,33.40582350920275
canoe,nz,ontario,final energy|other electrical,PJ,2050,34.80502489335999
canoe,nz,ontario,final energy|other end-use,PJ,2025,165.26267538303867
canoe,nz,ontario,final energy|other end-use,PJ,2030,182.60662397327408
canoe,nz,ontario,final energy|other end-use,PJ,2035,195.592117472778
canoe,nz,ontario,final energy|other end-use,PJ,2040,203.24570191821127
canoe,nz,ontario,final energy|other end-use,PJ,2045,211.8751301484977
canoe,nz,ontario,final energy|other end-use,PJ,2050,224.83361142301095
canoe,nz,ontario,final energy|passenger rail,PJ,2025,0.6263205427359968
canoe,nz,ontario,final energy|passenger rail,PJ,2030,0.5879429028456165
canoe,nz,ontario,final energy|passenger rail,PJ,2035,0.4272157458303248
canoe,nz,ontario,final energy|passenger rail,PJ,2040,0.36484037338571773
canoe,nz,ontario,final energy|passenger rail,PJ,2045,0.38282191199491156
canoe,nz,ontario,final energy|passenger rail,PJ,2050,0.41371297211676156
canoe,nz,ontario,final energy|passenger truck,PJ,2025,260.57118700554616
canoe,nz,ontario,final energy|passenger truck,PJ,2030,193.0636873384309
canoe,nz,ontario,final energy|passenger truck,PJ,2035,108.56471942935502
canoe,nz,ontario,final energy|passenger truck,PJ,2040,94.88433531501644
canoe,nz,ontario,final energy|passenger truck,PJ,2045,91.38284440400942
canoe,nz,ontario,final energy|passenger truck,PJ,2050,87.94504074713254
canoe,nz,ontario,final energy|refrigerator,PJ,2025,7.230183633977285
canoe,nz,ontario,final energy|refrigerator,PJ,2030,5.759694783731797
canoe,nz,ontario,final energy|refrigerator,PJ,2035,5.789457562855926
canoe,nz,ontario,final energy|refrigerator,PJ,2040,6.0319289003023036
canoe,nz,ontario,final energy|refrigerator,PJ,2045,6.287122914810694
canoe,nz,ontario,final energy|refrigerator,PJ,2050,6.550458769481255
canoe,nz,ontario,final energy|space cooling,PJ,2025,13.052107096041064
canoe,nz,ontario,final energy|space cooling,PJ,2030,8.884807517533517
canoe,nz,ontario,final energy|space cooling,PJ,2035,5.182806741832209
canoe,nz,ontario,final energy|space cooling,PJ,2040,0.5923270432109548
canoe,nz,ontario,final energy|space heating,PJ,2025,374.68940491581293
canoe,nz,ontario,final energy|space heating,PJ,2030,343.113307121462
canoe,nz,ontario,final energy|space heating,PJ,2035,311.48834522602056
canoe,nz,ontario,final energy|space heating,PJ,2040,266.34798979711167
canoe,nz,ontario,final energy|space heating,PJ,2045,266.2736383254514
canoe,nz,ontario,final energy|space heating,PJ,2050,279.76697682467994
canoe,nz,ontario,final energy|water heating,PJ,2025,61.66993397800699
canoe,nz,ontario,final energy|water heating,PJ,2030,42.78011375242308
canoe,nz,ontario,final energy|water heating,PJ,2035,25.241260061275042
canoe,nz,ontario,final energy|water heating,PJ,2040,29.339594579381234
canoe,nz,ontario,final energy|water heating,PJ,2045,30.580814889671927
canoe,nz,ontario,final energy|water heating,PJ,2050,31.86173413074914
canoe,nz,prince edward island,final energy|all,PJ,2025,8.696975881261595
canoe,nz,prince edward island,final energy|all,PJ,2030,9.098967997386968
canoe,nz,prince edward island,final energy|all,PJ,2035,9.128051779190102
canoe,nz,prince edward island,final energy|all,PJ,2040,9.052118262025619
canoe,nz,prince edward island,final energy|all,PJ,2045,9.211059963686118
canoe,nz,prince edward island,final energy|all,PJ,2050,9.581314036286301
canoe,nz,prince edward island,final energy|aviation,PJ,2025,16.780224308189773
canoe,nz,prince edward island,final energy|aviation,PJ,2030,15.803258941570599
canoe,nz,prince edward island,final energy|aviation,PJ,2035,15.125789429779491
canoe,nz,prince edward island,final energy|aviation,PJ,2040,14.529403285794327
canoe,nz,prince edward island,final energy|aviation,PJ,2045,14.254818950181193
canoe,nz,prince edward island,final energy|aviation,PJ,2050,14.287598477902998
canoe,nz,prince edward island,final energy|bus,PJ,2025,0.6976273401018238
canoe,nz,prince edward island,final energy|bus,PJ,2030,0.5334951997102527
canoe,nz,prince edward island,final energy|bus,PJ,2035,0.3776862555723096
canoe,nz,prince edward island,final energy|bus,PJ,2040,0.3296369343345376
canoe,nz,prince edward island,final energy|bus,PJ,2045,0.31391428289867745
canoe,nz,prince edward island,final energy|bus,PJ,2050,0.30244648248063855
canoe,nz,prince edward island,final energy|car,PJ,2025,14.34054690513186
canoe,nz,prince edward island,final energy|car,PJ,2030,11.578963266145188
canoe,nz,prince edward island,final energy|car,PJ,2035,9.457528005626868
canoe,nz,prince edward island,final energy|car,PJ,2040,8.121931284333606
canoe,nz,prince edward island,final energy|car,PJ,2045,7.806568685760194
canoe,nz,prince edward island,final energy|car,PJ,2050,7.519708807716149
canoe,nz,prince edward island,final energy|clothes dryer,PJ,2025,0.0336495467497832
canoe,nz,prince edward island,final energy|clothes dryer,PJ,2030,0.07589158431416669
canoe,nz,prince edward island,final energy|clothes dryer,PJ,2035,0.12706569314204497
canoe,nz,prince edward island,final energy|clothes dryer,PJ,2040,0.06108277413115205
canoe,nz,prince edward island,final energy|clothes dryer,PJ,2045,0.05956508466651919
canoe,nz,prince edward island,final energy|clothes dryer,PJ,2050,0.11977997254305293
canoe,nz,prince edward island,final energy|cooking,PJ,2025,0.016978079820420586
canoe,nz,prince edward island,final energy|cooking,PJ,2030,0.027184024319493922
canoe,nz,prince edward island,final energy|cooking,PJ,2035,0.02119977501692698
canoe,nz,prince edward island,final energy|cooking,PJ,2040,0.09694549043880812
canoe,nz,prince edward island,final energy|cooking,PJ,2045,0.0759528656994156
canoe,nz,prince edward island,final energy|cooking,PJ,2050,0.062442933868066534
canoe,nz,prince edward island,final energy|freight rail,PJ,2025,16.402750567605917
canoe,nz,prince edward island,final energy|freight rail,PJ,2030,16.402750807468642
canoe,nz,prince edward island,final energy|freight rail,PJ,2035,16.402748137810462
canoe,nz,prince edward island,final energy|freight rail,PJ,2040,16.40274778319276
canoe,nz,prince edward island,final energy|freight rail,PJ,2045,16.402743755329823
canoe,nz,prince edward island,final energy|freight rail,PJ,2050,16.402718794012532
canoe,nz,prince edward island,final energy|heavy trucking,PJ,2025,18.57654165469683
canoe,nz,prince edward island,final energy|heavy trucking,PJ,2030,15.700248848385543
canoe,nz,prince edward island,final energy|heavy trucking,PJ,2035,11.423552740279725
canoe,nz,prince edward island,final energy|heavy trucking,PJ,2040,6.3608567135911365
canoe,nz,prince edward island,final energy|heavy trucking,PJ,2045,6.102054412891108
canoe,nz,prince edward island,final energy|heavy trucking,PJ,2050,5.888005345959955
canoe,nz,prince edward island,final energy|light freight truck,PJ,2025,4.937683289201518
canoe,nz,prince edward island,final energy|light freight truck,PJ,2030,4.304044745195357
canoe,nz,prince edward island,final energy|light freight truck,PJ,2035,2.308844070149932
canoe,nz,prince edward island,final energy|light freight truck,PJ,2040,1.700887207122928
canoe,nz,prince edward island,final energy|light freight truck,PJ,2045,1.603522109999853
canoe,nz,prince edward island,final energy|light freight truck,PJ,2050,1.501089030827217
canoe,nz,prince edward island,final energy|lighting,PJ,2025,0.09317325239580311
canoe,nz,prince edward island,final energy|lighting,PJ,2030,0.09656444948705727
canoe,nz,prince edward island,final energy|lighting,PJ,2035,0.0858899961091698
canoe,nz,prince edward island,final energy|lighting,PJ,2040,0.08771796172491085
canoe,nz,prince edward island,final energy|lighting,PJ,2045,0.07518626545147349
canoe,nz,prince edward island,final energy|lighting,PJ,2050,0.07533890578552105
canoe,nz,prince edward island,final energy|marine freight,PJ,2025,16.615206684885703
canoe,nz,prince edward island,final energy|marine freight,PJ,2030,16.60936712131902
canoe,nz,prince edward island,final energy|marine freight,PJ,2035,15.1920628529139
canoe,nz,prince edward island,final energy|marine freight,PJ,2040,15.184200051408665
canoe,nz,prince edward island,final energy|marine freight,PJ,2045,15.18229595730063
canoe,nz,prince edward island,final energy|marine freight,PJ,2050,15.179621771133782
canoe,nz,prince edward island,final energy|medium duty trucking,PJ,2025,21.330527598844185
canoe,nz,prince edward island,final energy|medium duty trucking,PJ,2030,17.57912134874831
canoe,nz,prince edward island,final energy|medium duty trucking,PJ,2035,11.68555626916615
canoe,nz,prince edward island,final energy|medium duty trucking,PJ,2040,7.002969936585817
canoe,nz,prince edward island,final energy|medium duty trucking,PJ,2045,6.770416600964444
canoe,nz,prince edward island,final energy|medium duty trucking,PJ,2050,6.552755028149433
canoe,nz,prince edward island,final energy|motorcycle,PJ,2025,0.09516938440932506
canoe,nz,prince edward island,final energy|motorcycle,PJ,2030,0.06941099489993222
canoe,nz,prince edward island,final energy|motorcycle,PJ,2035,0.04892193148632965
canoe,nz,prince edward island,final energy|motorcycle,PJ,2040,0.041803772201755275
canoe,nz,prince edward island,final energy|motorcycle,PJ,2045,0.04186355470935262
canoe,nz,prince edward island,final energy|motorcycle,PJ,2050,0.04190520784590559
canoe,nz,prince edward island,final energy|offroad,PJ,2025,0.750269058796395
canoe,nz,prince edward island,final energy|offroad,PJ,2030,0.783254879463441
canoe,nz,prince edward island,final energy|offroad,PJ,2035,0.810678790210878
canoe,nz,prince edward island,final energy|offroad,PJ,2040,0.832281433905796
canoe,nz,prince edward island,final energy|offroad,PJ,2045,0.849605371837727
canoe,nz,prince edward island,final energy|offroad,PJ,2050,0.865559200756017
canoe,nz,prince edward island,final energy|other electrical,PJ,2025,0.21146745248032597
canoe,nz,prince edward island,final energy|other electrical,PJ,2030,0.2262352598489878
canoe,nz,prince edward island,final energy|other electrical,PJ,2035,0.23720495701580518
canoe,nz,prince edward island,final energy|other electrical,PJ,2040,0.24734897805178693
canoe,nz,prince edward island,final energy|other electrical,PJ,2045,0.2576109528207452
canoe,nz,prince edward island,final energy|other electrical,PJ,2050,0.26824448184857946
canoe,nz,prince edward island,final energy|other end-use,PJ,2025,1.9861970948733016
canoe,nz,prince edward island,final energy|other end-use,PJ,2030,2.194644042883276
canoe,nz,prince edward island,final energy|other end-use,PJ,2035,2.3507092245973675
canoe,nz,prince edward island,final energy|other end-use,PJ,2040,2.4426932564161286
canoe,nz,prince edward island,final energy|other end-use,PJ,2045,2.5464053937253355
canoe,nz,prince edward island,final energy|other end-use,PJ,2050,2.7021459310351283
canoe,nz,prince edward island,final energy|passenger rail,PJ,2025,0.4516357062344088
canoe,nz,prince edward island,final energy|passenger rail,PJ,2030,0.2960952329307123
canoe,nz,prince edward island,final energy|passenger rail,PJ,2035,0.2960805307414082
canoe,nz,prince edward island,final energy|passenger rail,PJ,2040,0.2468157488982512
canoe,nz,prince edward island,final energy|passenger rail,PJ,2045,0.20862338493061874
canoe,nz,prince edward island,final energy|passenger rail,PJ,2050,0.20862321235717415
canoe,nz,prince edward island,final energy|passenger truck,PJ,2025,26.889418097419593
canoe,nz,prince edward island,final energy|passenger truck,PJ,2030,19.86221005185686
canoe,nz,prince edward island,final energy|passenger truck,PJ,2035,13.174677143757146
canoe,nz,prince edward island,final energy|passenger truck,PJ,2040,10.345351905215043
canoe,nz,prince edward island,final energy|passenger truck,PJ,2045,9.540657565855676
canoe,nz,prince edward island,final energy|passenger truck,PJ,2050,8.460570328520534
canoe,nz,prince edward island,final energy|refrigerator,PJ,2030,0.017999138348076326
canoe,nz,prince edward island,final energy|refrigerator,PJ,2035,0.010685970982886978
canoe,nz,prince edward island,final energy|refrigerator,PJ,2040,0.013167344368572356
canoe,nz,prince edward island,final energy|refrigerator,PJ,2045,0.01526286208525692
canoe,nz,prince edward island,final energy|refrigerator,PJ,2050,0.017381301369203565
canoe,nz,prince edward island,final energy|space cooling,PJ,2025,0.25912360196701645
canoe,nz,prince edward island,final energy|space cooling,PJ,2030,0.28247520165652046
canoe,nz,prince edward island,final energy|space cooling,PJ,2035,0.12549994441288367
canoe,nz,prince edward island,final energy|space heating,PJ,2025,3.333979835562737
canoe,nz,prince edward island,final energy|space heating,PJ,2030,3.533517141803282
canoe,nz,prince edward island,final energy|space heating,PJ,2035,3.84756745591061
canoe,nz,prince edward island,final energy|space heating,PJ,2040,4.051542740009998
canoe,nz,prince edward island,final energy|space heating,PJ,2045,4.167479331570685
canoe,nz,prince edward island,final energy|space heating,PJ,2050,4.359612558214111
canoe,nz,prince edward island,final energy|water heating,PJ,2025,0.7869317824612543
canoe,nz,prince edward island,final energy|water heating,PJ,2030,0.4522504021397587
canoe,nz,prince edward island,final energy|water heating,PJ,2035,0.2840013898264258
canoe,nz,prince edward island,final energy|water heating,PJ,2040,0.2853132320247121
canoe,nz,prince edward island,final energy|water heating,PJ,2045,0.2970862399153591
canoe,nz,prince edward island,final energy|water heating,PJ,2050,0.3093305796171706
canoe,nz,quebec,final energy|all,PJ,2025,749.2900000000001
canoe,nz,quebec,final energy|all,PJ,2030,766.5088233300874
canoe,nz,quebec,final energy|all,PJ,2035,767.5226902079344
canoe,nz,quebec,final energy|all,PJ,2040,753.3260837300145
canoe,nz,quebec,final energy|all,PJ,2045,736.5929054099256
canoe,nz,quebec,final energy|all,PJ,2050,725.3832661669688
canoe,nz,quebec,final energy|aviation,PJ,2025,110.66670610362945
canoe,nz,quebec,final energy|aviation,PJ,2030,116.34425933511851
canoe,nz,quebec,final energy|aviation,PJ,2035,115.85554882585646
canoe,nz,quebec,final energy|aviation,PJ,2040,115.29568602883757
canoe,nz,quebec,final energy|aviation,PJ,2045,121.19719400459
canoe,nz,quebec,final energy|aviation,PJ,2050,129.77746033002094
canoe,nz,quebec,final energy|bus,PJ,2025,5.8441832935905715
canoe,nz,quebec,final energy|bus,PJ,2030,4.985406485063889
canoe,nz,quebec,final energy|bus,PJ,2035,4.081781796854963
canoe,nz,quebec,final energy|bus,PJ,2040,3.928826656814957
canoe,nz,quebec,final energy|bus,PJ,2045,3.987297880624639
canoe,nz,quebec,final energy|bus,PJ,2050,4.078660873118189
canoe,nz,quebec,final energy|car,PJ,2025,88.78608557442011
canoe,nz,quebec,final energy|car,PJ,2030,68.68212812278824
canoe,nz,quebec,final energy|car,PJ,2035,43.00384100051286
canoe,nz,quebec,final energy|car,PJ,2040,40.0789230704897
canoe,nz,quebec,final energy|car,PJ,2045,41.09076382099921
canoe,nz,quebec,final energy|car,PJ,2050,42.406729361635925
canoe,nz,quebec,final energy|clothes dryer,PJ,2025,9.745247708176887
canoe,nz,quebec,final energy|clothes dryer,PJ,2030,9.288332552132832
canoe,nz,quebec,final energy|clothes dryer,PJ,2035,9.153228182092827
canoe,nz,quebec,final energy|clothes dryer,PJ,2040,9.28068371626258
canoe,nz,quebec,final energy|clothes dryer,PJ,2045,9.477467054537614
canoe,nz,quebec,final energy|clothes dryer,PJ,2050,9.66700724714002
canoe,nz,quebec,final energy|clothes washer,PJ,2025,0.47720058999792847
canoe,nz,quebec,final energy|clothes washer,PJ,2030,0.3389117778599174
canoe,nz,quebec,final energy|clothes washer,PJ,2035,0.25927676401094113
canoe,nz,quebec,final energy|clothes washer,PJ,2040,0.2619433193799697
canoe,nz,quebec,final energy|clothes washer,PJ,2045,0.26625760168964174
canoe,nz,quebec,final energy|clothes washer,PJ,2050,0.2718594323442389
canoe,nz,quebec,final energy|cooking,PJ,2025,7.740211573233
canoe,nz,quebec,final energy|cooking,PJ,2030,7.647301405721891
canoe,nz,quebec,final energy|cooking,PJ,2035,7.789177927789132
canoe,nz,quebec,final energy|cooking,PJ,2040,7.880293672871057
canoe,nz,quebec,final energy|cooking,PJ,2045,8.014667419153861
canoe,nz,quebec,final energy|cooking,PJ,2050,8.183180016970477
canoe,nz,quebec,final energy|dish washer,PJ,2025,0.7142842697428754
canoe,nz,quebec,final energy|dish washer,PJ,2030,0.6670384142930298
canoe,nz,quebec,final energy|dish washer,PJ,2035,0.6194375987881908
canoe,nz,quebec,final energy|dish washer,PJ,2040,0.6379449338718387
canoe,nz,quebec,final energy|dish washer,PJ,2045,0.6525632741179181
canoe,nz,quebec,final energy|dish washer,PJ,2050,0.6644508880072202
canoe,nz,quebec,final energy|freezer,PJ,2025,2.8715798772750354
canoe,nz,quebec,final energy|freezer,PJ,2030,2.602914310238424
canoe,nz,quebec,final energy|freezer,PJ,2035,2.3669823556346836
canoe,nz,quebec,final energy|freezer,PJ,2040,2.030810104324326
canoe,nz,quebec,final energy|freezer,PJ,2045,2.0559098771545816
canoe,nz,quebec,final energy|freezer,PJ,2050,2.1004127038858362
canoe,nz,quebec,final energy|freight rail,PJ,2025,9.021154212609003
canoe,nz,quebec,final energy|freight rail,PJ,2030,10.005603374932411
canoe,nz,quebec,final energy|freight rail,PJ,2035,10.579857629819346
canoe,nz,quebec,final energy|freight rail,PJ,2040,11.019967696753815
canoe,nz,quebec,final energy|freight rail,PJ,2045,11.681402924839775
canoe,nz,quebec,final energy|freight rail,PJ,2050,12.413520520975865
canoe,nz,quebec,final energy|heavy trucking,PJ,2025,63.71149048748003
canoe,nz,quebec,final energy|heavy trucking,PJ,2030,56.80374527532441
canoe,nz,quebec,final energy|heavy trucking,PJ,2035,45.62652266508173
canoe,nz,quebec,final energy|heavy trucking,PJ,2040,32.828204549534114
canoe,nz,quebec,final energy|heavy trucking,PJ,2045,33.51384916697157
canoe,nz,quebec,final energy|heavy trucking,PJ,2050,34.42303474751407
canoe,nz,quebec,final energy|light freight truck,PJ,2025,26.397194570549395
canoe,nz,quebec,final energy|light freight truck,PJ,2030,24.636821630345164
canoe,nz,quebec,final energy|light freight truck,PJ,2035,16.363049606181914
canoe,nz,quebec,final energy|light freight truck,PJ,2040,13.628898717358641
canoe,nz,quebec,final energy|light freight truck,PJ,2045,13.757822230300613
canoe,nz,quebec,final energy|light freight truck,PJ,2050,13.933889423082492
canoe,nz,quebec,final energy|lighting,PJ,2025,17.321794645655086
canoe,nz,quebec,final energy|lighting,PJ,2030,16.979769293512625
canoe,nz,quebec,final energy|lighting,PJ,2035,14.893884103057474
canoe,nz,quebec,final energy|lighting,PJ,2040,14.637250311076064
canoe,nz,quebec,final energy|lighting,PJ,2045,12.124773086091439
canoe,nz,quebec,final energy|lighting,PJ,2050,11.967628322327565
canoe,nz,quebec,final energy|marine freight,PJ,2025,9.361905340582712
canoe,nz,quebec,final energy|marine freight,PJ,2030,10.323444675803547
canoe,nz,quebec,final energy|marine freight,PJ,2035,9.82385435652085
canoe,nz,quebec,final energy|marine freight,PJ,2040,10.486630121382893
canoe,nz,quebec,final energy|marine freight,PJ,2045,11.106935129775342
canoe,nz,quebec,final energy|marine freight,PJ,2050,11.778734501378281
canoe,nz,quebec,final energy|medium duty trucking,PJ,2025,22.014405428888836
canoe,nz,quebec,final energy|medium duty trucking,PJ,2030,19.553643213451902
canoe,nz,quebec,final energy|medium duty trucking,PJ,2035,14.876252261131476
canoe,nz,quebec,final energy|medium duty trucking,PJ,2040,11.438777942326057
canoe,nz,quebec,final energy|medium duty trucking,PJ,2045,11.785331430051075
canoe,nz,quebec,final energy|medium duty trucking,PJ,2050,12.208415127055423
canoe,nz,quebec,final energy|motorcycle,PJ,2025,1.4454068733392929
canoe,nz,quebec,final energy|motorcycle,PJ,2030,1.0817347267658648
canoe,nz,quebec,final energy|motorcycle,PJ,2035,0.8037981810164927
canoe,nz,quebec,final energy|motorcycle,PJ,2040,0.7177224245473109
canoe,nz,quebec,final energy|motorcycle,PJ,2045,0.7626078943261878
canoe,nz,quebec,final energy|motorcycle,PJ,2050,0.8138228832797431
canoe,nz,quebec,final energy|offroad,PJ,2025,27.732436205
canoe,nz,quebec,final energy|offroad,PJ,2030,30.869317187
canoe,nz,quebec,final energy|offroad,PJ,2035,33.251202076
canoe,nz,quebec,final energy|offroad,PJ,2040,35.646717849
canoe,nz,quebec,final energy|offroad,PJ,2045,38.007025547
canoe,nz,quebec,final energy|offroad,PJ,2050,40.697764227
canoe,nz,quebec,final energy|other electrical,PJ,2025,31.656767569974207
canoe,nz,quebec,final energy|other electrical,PJ,2030,31.645201539438897
canoe,nz,quebec,final energy|other electrical,PJ,2035,32.16218121611495
canoe,nz,quebec,final energy|other electrical,PJ,2040,32.65692520777268
canoe,nz,quebec,final energy|other electrical,PJ,2045,33.19648800204547
canoe,nz,quebec,final energy|other electrical,PJ,2050,33.915068906670484
canoe,nz,quebec,final energy|other end-use,PJ,2025,107.94192208241687
canoe,nz,quebec,final energy|other end-use,PJ,2030,119.27018566637176
canoe,nz,quebec,final energy|other end-use,PJ,2035,127.75170833491403
canoe,nz,quebec,final energy|other end-use,PJ,2040,132.75067506436676
canoe,nz,quebec,final energy|other end-use,PJ,2045,138.3870177381765
canoe,nz,quebec,final energy|other end-use,PJ,2050,146.85089727297145
canoe,nz,quebec,final energy|passenger rail,PJ,2025,0.22924731714738697
canoe,nz,quebec,final energy|passenger rail,PJ,2030,0.19274012628995388
canoe,nz,quebec,final energy|passenger rail,PJ,2035,0.20248795853883728
canoe,nz,quebec,final energy|passenger rail,PJ,2040,0.21210635888454676
canoe,nz,quebec,final energy|passenger rail,PJ,2045,0.15559696783692473
canoe,nz,quebec,final energy|passenger rail,PJ,2050,0.1665727040251933
canoe,nz,quebec,final energy|passenger truck,PJ,2025,76.58002660352263
canoe,nz,quebec,final energy|passenger truck,PJ,2030,62.29441155151528
canoe,nz,quebec,final energy|passenger truck,PJ,2035,41.28555105339313
canoe,nz,quebec,final energy|passenger truck,PJ,2040,34.33200614108573
canoe,nz,quebec,final energy|passenger truck,PJ,2045,33.45526135708673
canoe,nz,quebec,final energy|passenger truck,PJ,2050,34.27483844492935
canoe,nz,quebec,final energy|refrigerator,PJ,2025,7.852994634956308
canoe,nz,quebec,final energy|refrigerator,PJ,2030,6.1097670068744305
canoe,nz,quebec,final energy|refrigerator,PJ,2035,5.981255658205905
canoe,nz,quebec,final energy|refrigerator,PJ,2040,6.073264041579586
canoe,nz,quebec,final energy|refrigerator,PJ,2045,6.173607454065072
canoe,nz,quebec,final energy|refrigerator,PJ,2050,6.307243169652469
canoe,nz,quebec,final energy|space cooling,PJ,2025,5.402161206282693
canoe,nz,quebec,final energy|space cooling,PJ,2030,3.0095501242922884
canoe,nz,quebec,final energy|space cooling,PJ,2035,1.7555574591128202
canoe,nz,quebec,final energy|space cooling,PJ,2040,0.2006448487401404
canoe,nz,quebec,final energy|space heating,PJ,2025,192.26744310310482
canoe,nz,quebec,final energy|space heating,PJ,2030,174.1121620906249
canoe,nz,quebec,final energy|space heating,PJ,2035,155.18239532446356
canoe,nz,quebec,final energy|space heating,PJ,2040,133.53615317145446
canoe,nz,quebec,final energy|space heating,PJ,2045,124.41755015349057
canoe,nz,quebec,final energy|space heating,PJ,2050,129.07731697095124
canoe,nz,quebec,final energy|water heating,PJ,2025,33.375235065739474
canoe,nz,quebec,final energy|water heating,PJ,2030,25.167393955231717
canoe,nz,quebec,final energy|water heating,PJ,2035,16.851304449267253
canoe,nz,quebec,final energy|water heating,PJ,2040,18.38245074061266
canoe,nz,quebec,final energy|water heating,PJ,2045,18.685573148137486
canoe,nz,quebec,final energy|water heating,PJ,2050,19.089804375741878
canoe,nz,saskatchewan,final energy|all,PJ,2025,472.26
canoe,nz,saskatchewan,final energy|all,PJ,2030,466.18040657185844
canoe,nz,saskatchewan,final energy|all,PJ,2035,456.68249516225205
canoe,nz,saskatchewan,final energy|all,PJ,2040,437.49216736953247
canoe,nz,saskatchewan,final energy|all,PJ,2045,439.9311185952518
canoe,nz,saskatchewan,final energy|all,PJ,2050,476.3878732254443
canoe,nz,saskatchewan,final energy|aviation,PJ,2025,3.0575911458869656
canoe,nz,saskatchewan,final energy|aviation,PJ,2030,3.3853455037145572
canoe,nz,saskatchewan,final energy|aviation,PJ,2035,3.6197002569826906
canoe,nz,saskatchewan,final energy|aviation,PJ,2040,3.8520852362912206
canoe,nz,saskatchewan,final energy|aviation,PJ,2045,4.099690966381163
canoe,nz,saskatchewan,final energy|aviation,PJ,2050,4.391496073259331
canoe,nz,saskatchewan,final energy|bus,PJ,2025,0.9073491494368477
canoe,nz,saskatchewan,final energy|bus,PJ,2030,0.8356656422663526
canoe,nz,saskatchewan,final energy|bus,PJ,2035,0.7587612573847646
canoe,nz,saskatchewan,final energy|bus,PJ,2040,0.7131881309080378
canoe,nz,saskatchewan,final energy|bus,PJ,2045,0.7211575889566536
canoe,nz,saskatchewan,final energy|bus,PJ,2050,0.7388245207667374
canoe,nz,saskatchewan,final energy|car,PJ,2025,6.5902625908460495
canoe,nz,saskatchewan,final energy|car,PJ,2030,6.159238007919466
canoe,nz,saskatchewan,final energy|car,PJ,2035,5.46391450265304
canoe,nz,saskatchewan,final energy|car,PJ,2040,4.826745529503794
canoe,nz,saskatchewan,final energy|car,PJ,2045,4.941197435736067
canoe,nz,saskatchewan,final energy|car,PJ,2050,5.093503148444121
canoe,nz,saskatchewan,final energy|clothes dryer,PJ,2025,1.676282430253001
canoe,nz,saskatchewan,final energy|clothes dryer,PJ,2030,1.6054253275743602
canoe,nz,saskatchewan,final energy|clothes dryer,PJ,2035,1.7207856278581979
canoe,nz,saskatchewan,final energy|clothes dryer,PJ,2040,1.7223042200262373
canoe,nz,saskatchewan,final energy|clothes dryer,PJ,2045,1.7414148917659131
canoe,nz,saskatchewan,final energy|clothes dryer,PJ,2050,1.8156011233031666
canoe,nz,saskatchewan,final energy|clothes washer,PJ,2025,0.03996581881342606
canoe,nz,saskatchewan,final energy|clothes washer,PJ,2030,0.02830791268259208
canoe,nz,saskatchewan,final energy|clothes washer,PJ,2035,0.022962947116854013
canoe,nz,saskatchewan,final energy|clothes washer,PJ,2040,0.023342782885628317
canoe,nz,saskatchewan,final energy|clothes washer,PJ,2045,0.024324600395075523
canoe,nz,saskatchewan,final energy|clothes washer,PJ,2050,0.02589440595774661
canoe,nz,saskatchewan,final energy|cooking,PJ,2025,0.8785989393687552
canoe,nz,saskatchewan,final energy|cooking,PJ,2030,0.8741557121388935
canoe,nz,saskatchewan,final energy|cooking,PJ,2035,0.8608586714886177
canoe,nz,saskatchewan,final energy|cooking,PJ,2040,0.9544420590649126
canoe,nz,saskatchewan,final energy|cooking,PJ,2045,1.0181021173595672
canoe,nz,saskatchewan,final energy|cooking,PJ,2050,1.063005022074919
canoe,nz,saskatchewan,final energy|dish washer,PJ,2025,0.06759256478659081
canoe,nz,saskatchewan,final energy|dish washer,PJ,2030,0.0638044816860646
canoe,nz,saskatchewan,final energy|dish washer,PJ,2035,0.06189721955046613
canoe,nz,saskatchewan,final energy|dish washer,PJ,2040,0.06392300527627294
canoe,nz,saskatchewan,final energy|dish washer,PJ,2045,0.06506074146110805
canoe,nz,saskatchewan,final energy|dish washer,PJ,2050,0.06738361575535126
canoe,nz,saskatchewan,final energy|freezer,PJ,2025,0.3598114282212255
canoe,nz,saskatchewan,final energy|freezer,PJ,2030,0.30879313935768393
canoe,nz,saskatchewan,final energy|freezer,PJ,2035,0.263641532331476
canoe,nz,saskatchewan,final energy|freezer,PJ,2040,0.2191338675982242
canoe,nz,saskatchewan,final energy|freezer,PJ,2045,0.26069538695856664
canoe,nz,saskatchewan,final energy|freezer,PJ,2050,0.27577910077746
canoe,nz,saskatchewan,final energy|freight rail,PJ,2025,19.18755287242039
canoe,nz,saskatchewan,final energy|freight rail,PJ,2030,21.281681651703384
canoe,nz,saskatchewan,final energy|freight rail,PJ,2035,22.811507721234054
canoe,nz,saskatchewan,final energy|freight rail,PJ,2040,24.296918207707996
canoe,nz,saskatchewan,final energy|freight rail,PJ,2045,25.711496210596085
canoe,nz,saskatchewan,final energy|freight rail,PJ,2050,27.269937817829863
canoe,nz,saskatchewan,final energy|heavy trucking,PJ,2025,19.498209152231556
canoe,nz,saskatchewan,final energy|heavy trucking,PJ,2030,18.384905332065532
canoe,nz,saskatchewan,final energy|heavy trucking,PJ,2035,14.873944547299626
canoe,nz,saskatchewan,final energy|heavy trucking,PJ,2040,12.148281990699505
canoe,nz,saskatchewan,final energy|heavy trucking,PJ,2045,12.402041441076989
canoe,nz,saskatchewan,final energy|heavy trucking,PJ,2050,12.758232588307303
canoe,nz,saskatchewan,final energy|light freight truck,PJ,2025,7.015634030451528
canoe,nz,saskatchewan,final energy|light freight truck,PJ,2030,6.88100402045633
canoe,nz,saskatchewan,final energy|light freight truck,PJ,2035,5.616771354699482
canoe,nz,saskatchewan,final energy|light freight truck,PJ,2040,5.55488071209863
canoe,nz,saskatchewan,final energy|light freight truck,PJ,2045,5.532683904464631
canoe,nz,saskatchewan,final energy|light freight truck,PJ,2050,5.648898051725971
canoe,nz,saskatchewan,final energy|lighting,PJ,2025,1.6998851501851968
canoe,nz,saskatchewan,final energy|lighting,PJ,2030,1.7025075674862635
canoe,nz,saskatchewan,final energy|lighting,PJ,2035,1.5173372242550551
canoe,nz,saskatchewan,final energy|lighting,PJ,2040,1.5433032277990852
canoe,nz,saskatchewan,final energy|lighting,PJ,2045,1.3078387964364409
canoe,nz,saskatchewan,final energy|lighting,PJ,2050,1.3185356085474296
canoe,nz,saskatchewan,final energy|marine freight,PJ,2025,0.157863074428219
canoe,nz,saskatchewan,final energy|marine freight,PJ,2030,0.15782082352677482
canoe,nz,saskatchewan,final energy|marine freight,PJ,2035,0.13777730198422924
canoe,nz,saskatchewan,final energy|marine freight,PJ,2040,0.1346887173019333
canoe,nz,saskatchewan,final energy|marine freight,PJ,2045,0.13468784152112917
canoe,nz,saskatchewan,final energy|marine freight,PJ,2050,0.13468423680143857
canoe,nz,saskatchewan,final energy|medium duty trucking,PJ,2025,9.53385910078921
canoe,nz,saskatchewan,final energy|medium duty trucking,PJ,2030,8.575160243199111
canoe,nz,saskatchewan,final energy|medium duty trucking,PJ,2035,7.230247421106942
canoe,nz,saskatchewan,final energy|medium duty trucking,PJ,2040,6.390621637830472
canoe,nz,saskatchewan,final energy|medium duty trucking,PJ,2045,6.58434653050697
canoe,nz,saskatchewan,final energy|medium duty trucking,PJ,2050,6.82072263344758
canoe,nz,saskatchewan,final energy|motorcycle,PJ,2025,0.06954276282851214
canoe,nz,saskatchewan,final energy|motorcycle,PJ,2030,0.0523889674214942
canoe,nz,saskatchewan,final energy|motorcycle,PJ,2035,0.0378168877883309
canoe,nz,saskatchewan,final energy|motorcycle,PJ,2040,0.034636925436654156
canoe,nz,saskatchewan,final energy|motorcycle,PJ,2045,0.03678004332153986
canoe,nz,saskatchewan,final energy|motorcycle,PJ,2050,0.03922887352531737
canoe,nz,saskatchewan,final energy|offroad,PJ,2025,4.379377661
canoe,nz,saskatchewan,final energy|offroad,PJ,2030,4.874739352
canoe,nz,saskatchewan,final energy|offroad,PJ,2035,5.250875563
canoe,nz,saskatchewan,final energy|offroad,PJ,2040,5.6291643
canoe,nz,saskatchewan,final energy|offroad,PJ,2045,6.001893141
canoe,nz,saskatchewan,final energy|offroad,PJ,2050,6.42680211
canoe,nz,saskatchewan,final energy|other electrical,PJ,2025,2.906085804183555
canoe,nz,saskatchewan,final energy|other electrical,PJ,2030,2.9718108677062864
canoe,nz,saskatchewan,final energy|other electrical,PJ,2035,3.0912222799952973
canoe,nz,saskatchewan,final energy|other electrical,PJ,2040,3.2217849525758893
canoe,nz,saskatchewan,final energy|other electrical,PJ,2045,3.3609433882979083
canoe,nz,saskatchewan,final energy|other electrical,PJ,2050,3.502824590074455
canoe,nz,saskatchewan,final energy|other end-use,PJ,2025,19.868418494673694
canoe,nz,saskatchewan,final energy|other end-use,PJ,2030,21.95356463031631
canoe,nz,saskatchewan,final energy|other end-use,PJ,2035,23.514723062551692
canoe,nz,saskatchewan,final energy|other end-use,PJ,2040,24.434861977123564
canoe,nz,saskatchewan,final energy|other end-use,PJ,2045,25.472320018098003
canoe,nz,saskatchewan,final energy|other end-use,PJ,2050,27.030230952437428
canoe,nz,saskatchewan,final energy|passenger rail,PJ,2025,0.5306636479930429
canoe,nz,saskatchewan,final energy|passenger rail,PJ,2030,0.47260932309771375
canoe,nz,saskatchewan,final energy|passenger rail,PJ,2035,0.40351393136421687
canoe,nz,saskatchewan,final energy|passenger rail,PJ,2040,0.3908481139445287
canoe,nz,saskatchewan,final energy|passenger rail,PJ,2045,0.3335325220378003
canoe,nz,saskatchewan,final energy|passenger rail,PJ,2050,0.3566100676592514
canoe,nz,saskatchewan,final energy|passenger truck,PJ,2025,11.889467155078346
canoe,nz,saskatchewan,final energy|passenger truck,PJ,2030,11.302755654465576
canoe,nz,saskatchewan,final energy|passenger truck,PJ,2035,9.924730939940286
canoe,nz,saskatchewan,final energy|passenger truck,PJ,2040,8.540801071877125
canoe,nz,saskatchewan,final energy|passenger truck,PJ,2045,8.569358427062406
canoe,nz,saskatchewan,final energy|passenger truck,PJ,2050,8.668524574703806
canoe,nz,saskatchewan,final energy|refrigerator,PJ,2025,0.7122023093439794
canoe,nz,saskatchewan,final energy|refrigerator,PJ,2030,0.4954420120941741
canoe,nz,saskatchewan,final energy|refrigerator,PJ,2035,0.5692667154451595
canoe,nz,saskatchewan,final energy|refrigerator,PJ,2040,0.593310597459302
canoe,nz,saskatchewan,final energy|refrigerator,PJ,2045,0.6189374396772225
canoe,nz,saskatchewan,final energy|refrigerator,PJ,2050,0.6450656952353669
canoe,nz,saskatchewan,final energy|space cooling,PJ,2025,0.5278103964698371
canoe,nz,saskatchewan,final energy|space cooling,PJ,2030,0.3616568224468987
canoe,nz,saskatchewan,final energy|space cooling,PJ,2035,0.2109452761476002
canoe,nz,saskatchewan,final energy|space cooling,PJ,2040,0.024117673410841724
canoe,nz,saskatchewan,final energy|space heating,PJ,2025,39.02110709288786
canoe,nz,saskatchewan,final energy|space heating,PJ,2030,35.439573317402285
canoe,nz,saskatchewan,final energy|space heating,PJ,2035,31.473744115725932
canoe,nz,saskatchewan,final energy|space heating,PJ,2040,26.57045550549919
canoe,nz,saskatchewan,final energy|space heating,PJ,2045,26.665013781298285
canoe,nz,saskatchewan,final energy|space heating,PJ,2050,28.034716803813737
canoe,nz,saskatchewan,final energy|water heating,PJ,2025,7.341933003824037
canoe,nz,saskatchewan,final energy|water heating,PJ,2030,5.075833920727024
canoe,nz,saskatchewan,final energy|water heating,PJ,2035,2.943119647204531
canoe,nz,saskatchewan,final energy|water heating,PJ,2040,3.4324123771329607
canoe,nz,saskatchewan,final energy|water heating,PJ,2045,3.5806982425279097
canoe,nz,saskatchewan,final energy|water heating,PJ,2050,3.7320193417427414
canoe,nz,alberta,final energy|all|all,PJ,2025,3130.9500000000003
canoe,nz,alberta,final energy|all|all,PJ,2030,2998.0772563703827
canoe,nz,alberta,final energy|all|all,PJ,2035,2526.0460455628167
canoe,nz,alberta,final energy|all|all,PJ,2040,1974.289993762242
canoe,nz,alberta,final energy|all|all,PJ,2045,1664.3366488139775
canoe,nz,alberta,final energy|all|all,PJ,2050,1527.6180943331485
canoe,nz,alberta,final energy|aviation|jet fuel,PJ,2025,45.44504683275058
canoe,nz,alberta,final energy|aviation|jet fuel,PJ,2030,48.99290815078137
canoe,nz,alberta,final energy|aviation|jet fuel,PJ,2035,50.803870866458105
canoe,nz,alberta,final energy|aviation|jet fuel,PJ,2040,53.26164314566427
canoe,nz,alberta,final energy|aviation|jet fuel,PJ,2045,56.554254180224625
canoe,nz,alberta,final energy|aviation|jet fuel,PJ,2050,60.55807102884702
canoe,nz,alberta,final energy|bus|diesel,PJ,2025,1.387675135064201
canoe,nz,alberta,final energy|bus|diesel,PJ,2030,0.6344206862890875
canoe,nz,alberta,final energy|bus|electricity,PJ,2025,1.6690272869742768
canoe,nz,alberta,final energy|bus|electricity,PJ,2030,1.8597239189681782
canoe,nz,alberta,final energy|bus|electricity,PJ,2035,2.2270189608585387
canoe,nz,alberta,final energy|bus|electricity,PJ,2040,2.5329617180526984
canoe,nz,alberta,final energy|bus|electricity,PJ,2045,2.5959859168096737
canoe,nz,alberta,final energy|bus|electricity,PJ,2050,2.670022658136288
canoe,nz,alberta,final energy|bus|gasoline,PJ,2025,0.06494972324595635
canoe,nz,alberta,final energy|bus|gasoline,PJ,2030,0.03363409754411345
canoe,nz,alberta,final energy|bus|hydrogen,PJ,2025,1.1056711563906052
canoe,nz,alberta,final energy|bus|hydrogen,PJ,2030,1.1472569933801164
canoe,nz,alberta,final energy|bus|hydrogen,PJ,2035,0.8260803507165463
canoe,nz,alberta,final energy|bus|hydrogen,PJ,2040,0.355633702978758
canoe,nz,alberta,final energy|bus|hydrogen,PJ,2045,0.33284669187079435
canoe,nz,alberta,final energy|bus|hydrogen,PJ,2050,0.3244516371833189
canoe,nz,alberta,final energy|bus|natural gas,PJ,2025,0.25093728334320464
canoe,nz,alberta,final energy|bus|natural gas,PJ,2030,0.10589209902380964
canoe,nz,alberta,final energy|car|diesel,PJ,2025,0.06267125385568836
canoe,nz,alberta,final energy|car|electricity,PJ,2025,0.02118299525284142
canoe,nz,alberta,final energy|car|electricity,PJ,2030,0.6276395819748767
canoe,nz,alberta,final energy|car|electricity,PJ,2035,4.119857509457427
canoe,nz,alberta,final energy|car|electricity,PJ,2040,12.706202797356164
canoe,nz,alberta,final energy|car|electricity,PJ,2045,13.276204473392216
canoe,nz,alberta,final energy|car|electricity,PJ,2050,13.863691389501149
canoe,nz,alberta,final energy|car|gasoline,PJ,2025,21.049302222823226
canoe,nz,alberta,final energy|car|gasoline,PJ,2030,17.812379004064738
canoe,nz,alberta,final energy|car|gasoline,PJ,2035,10.528459311607616
canoe,nz,alberta,final energy|car|gasoline,PJ,2040,0.42942020030916567
canoe,nz,alberta,final energy|car|gasoline,PJ,2045,0.17655291778278923
canoe,nz,alberta,final energy|car|gasoline,PJ,2050,0.010314538863211268
canoe,nz,alberta,final energy|clothes dryer|electricity,PJ,2025,4.960648796172303
canoe,nz,alberta,final energy|clothes dryer|electricity,PJ,2030,5.1577936309062125
canoe,nz,alberta,final energy|clothes dryer|electricity,PJ,2035,5.5050444401016
canoe,nz,alberta,final energy|clothes dryer|electricity,PJ,2040,5.8402667387253375
canoe,nz,alberta,final energy|clothes dryer|electricity,PJ,2045,6.264754425231129
canoe,nz,alberta,final energy|clothes dryer|electricity,PJ,2050,6.622912307400922
canoe,nz,alberta,final energy|clothes dryer|natural gas,PJ,2025,0.22432919340232535
canoe,nz,alberta,final energy|clothes dryer|natural gas,PJ,2030,0.05466261812441765
canoe,nz,alberta,final energy|clothes washer|electricity,PJ,2025,0.13319221338098883
canoe,nz,alberta,final energy|clothes washer|electricity,PJ,2030,0.10037761883883979
canoe,nz,alberta,final energy|clothes washer|electricity,PJ,2035,0.08393478259124836
canoe,nz,alberta,final energy|clothes washer|electricity,PJ,2040,0.08839384253947348
canoe,nz,alberta,final energy|clothes washer|electricity,PJ,2045,0.09413848475800243
canoe,nz,alberta,final energy|clothes washer|electricity,PJ,2050,0.10001079476451198
canoe,nz,alberta,final energy|cooking|electricity,PJ,2025,3.3367597206773376
canoe,nz,alberta,final energy|cooking|electricity,PJ,2030,3.6604118627510522
canoe,nz,alberta,final energy|cooking|electricity,PJ,2035,3.991505010684107
canoe,nz,alberta,final energy|cooking|electricity,PJ,2040,4.252380762230464
canoe,nz,alberta,final energy|cooking|electricity,PJ,2045,4.552709392715524
canoe,nz,alberta,final energy|cooking|electricity,PJ,2050,4.827679614209581
canoe,nz,alberta,final energy|cooking|natural gas,PJ,2025,0.3546856616896891
canoe,nz,alberta,final energy|cooking|natural gas,PJ,2030,0.10760925657022226
canoe,nz,alberta,final energy|dish washer|electricity,PJ,2025,0.2610092115335754
canoe,nz,alberta,final energy|dish washer|electricity,PJ,2030,0.2583645878408954
canoe,nz,alberta,final energy|dish washer|electricity,PJ,2035,0.25298879723326934
canoe,nz,alberta,final energy|dish washer|electricity,PJ,2040,0.27654981950330954
canoe,nz,alberta,final energy|dish washer|electricity,PJ,2045,0.29692620958014265
canoe,nz,alberta,final energy|dish washer|electricity,PJ,2050,0.314027182004078
canoe,nz,alberta,final energy|freezer|electricity,PJ,2025,1.0747324912473712
canoe,nz,alberta,final energy|freezer|electricity,PJ,2030,1.0267796144589356
canoe,nz,alberta,final energy|freezer|electricity,PJ,2035,0.9865628436556811
canoe,nz,alberta,final energy|freezer|electricity,PJ,2040,0.8923346249479313
canoe,nz,alberta,final energy|freezer|electricity,PJ,2045,0.9678248189511821
canoe,nz,alberta,final energy|freezer|electricity,PJ,2050,1.0249342171895381
canoe,nz,alberta,final energy|freight rail|hydrogen,PJ,2040,0.3013040326231386
canoe,nz,alberta,final energy|freight rail|hydrogen,PJ,2045,0.3013038903179301
canoe,nz,alberta,final energy|freight rail|hydrogen,PJ,2050,0.3013035909593297
canoe,nz,alberta,final energy|freight rail|natural gas,PJ,2025,27.517744139409405
canoe,nz,alberta,final energy|freight rail|natural gas,PJ,2030,30.519263902680112
canoe,nz,alberta,final energy|freight rail|natural gas,PJ,2035,32.712929154459204
canoe,nz,alberta,final energy|freight rail|natural gas,PJ,2040,34.36658201202088
canoe,nz,alberta,final energy|freight rail|natural gas,PJ,2045,36.39532577455212
canoe,nz,alberta,final energy|freight rail|natural gas,PJ,2050,38.630209655289654
canoe,nz,alberta,final energy|heavy trucking|diesel,PJ,2025,63.56205101615434
canoe,nz,alberta,final energy|heavy trucking|diesel,PJ,2030,49.54190930563784
canoe,nz,alberta,final energy|heavy trucking|diesel,PJ,2035,27.198346369598603
canoe,nz,alberta,final energy|heavy trucking|electricity,PJ,2025,14.718268891827126
canoe,nz,alberta,final energy|heavy trucking|electricity,PJ,2030,20.060051578081875
canoe,nz,alberta,final energy|heavy trucking|electricity,PJ,2035,26.790285331954763
canoe,nz,alberta,final energy|heavy trucking|electricity,PJ,2040,35.35763803538681
canoe,nz,alberta,final energy|heavy trucking|electricity,PJ,2045,36.096144985626516
canoe,nz,alberta,final energy|heavy trucking|electricity,PJ,2050,37.07539835835483
canoe,nz,alberta,final energy|light freight truck|diesel,PJ,2025,1.3426430010787938
canoe,nz,alberta,final energy|light freight truck|diesel,PJ,2030,0.9222846951846976
canoe,nz,alberta,final energy|light freight truck|diesel,PJ,2035,0.1734565506123549
canoe,nz,alberta,final energy|light freight truck|electricity,PJ,2040,5.916982369550201
canoe,nz,alberta,final energy|light freight truck|electricity,PJ,2045,5.911987425990309
canoe,nz,alberta,final energy|light freight truck|electricity,PJ,2050,5.915394657956454
canoe,nz,alberta,final energy|light freight truck|gasoline,PJ,2025,25.050354362201332
canoe,nz,alberta,final energy|light freight truck|gasoline,PJ,2030,23.599025509031907
canoe,nz,alberta,final energy|light freight truck|gasoline,PJ,2035,15.525079368963832
canoe,nz,alberta,final energy|light freight truck|gasoline,PJ,2040,7.04241004160259
canoe,nz,alberta,final energy|light freight truck|gasoline,PJ,2045,7.05072041663369
canoe,nz,alberta,final energy|light freight truck|gasoline,PJ,2050,7.155347265431687
canoe,nz,alberta,final energy|lighting|electricity,PJ,2025,6.396662088087981
canoe,nz,alberta,final energy|lighting|electricity,PJ,2030,6.666958533170515
canoe,nz,alberta,final energy|lighting|electricity,PJ,2035,6.094429526998785
canoe,nz,alberta,final energy|lighting|electricity,PJ,2040,6.348548141779419
canoe,nz,alberta,final energy|lighting|electricity,PJ,2045,5.472241705245723
canoe,nz,alberta,final energy|lighting|electricity,PJ,2050,5.619802467316364
canoe,nz,alberta,final energy|marine freight|natural gas,PJ,2035,0.1211466025468802
canoe,nz,alberta,final energy|marine freight|natural gas,PJ,2040,0.13468916810526024
canoe,nz,alberta,final energy|marine freight|natural gas,PJ,2045,0.13468807348428194
canoe,nz,alberta,final energy|marine freight|natural gas,PJ,2050,0.13468536138732015
canoe,nz,alberta,final energy|marine freight|oil,PJ,2025,0.15786269942357156
canoe,nz,alberta,final energy|marine freight|oil,PJ,2030,0.15782097772360693
canoe,nz,alberta,final energy|marine freight|oil,PJ,2035,0.0166306606508394
canoe,nz,alberta,final energy|medium duty trucking|electricity,PJ,2025,8.609582804100995
canoe,nz,alberta,final energy|medium duty trucking|electricity,PJ,2030,13.687758791571834
canoe,nz,alberta,final energy|medium duty trucking|electricity,PJ,2035,20.37446903077002
canoe,nz,alberta,final energy|medium duty trucking|electricity,PJ,2040,26.157467544742687
canoe,nz,alberta,final energy|medium duty trucking|electricity,PJ,2045,26.949949074139607
canoe,nz,alberta,final energy|medium duty trucking|electricity,PJ,2050,27.917412332330667
canoe,nz,alberta,final energy|medium duty trucking|gasoline,PJ,2025,27.566689683743068
canoe,nz,alberta,final energy|medium duty trucking|gasoline,PJ,2030,20.077946151400386
canoe,nz,alberta,final energy|medium duty trucking|gasoline,PJ,2035,8.851761176373302
canoe,nz,alberta,final energy|medium duty trucking|generic,PJ,2025,32.81000537840224
canoe,nz,alberta,final energy|medium duty trucking|generic,PJ,2030,25.577295558059024
canoe,nz,alberta,final energy|medium duty trucking|generic,PJ,2035,11.52251106902061
canoe,nz,alberta,final energy|motorcycle|electricity,PJ,2025,0.08696495444925426
canoe,nz,alberta,final energy|motorcycle|electricity,PJ,2030,0.24510641171727504
canoe,nz,alberta,final energy|motorcycle|electricity,PJ,2035,0.3643650913572095
canoe,nz,alberta,final energy|motorcycle|electricity,PJ,2040,0.4289021607571672
canoe,nz,alberta,final energy|motorcycle|electricity,PJ,2045,0.4557151014331128
canoe,nz,alberta,final energy|motorcycle|electricity,PJ,2050,0.48629897400493904
canoe,nz,alberta,final energy|motorcycle|gasoline,PJ,2025,0.7769079642283319
canoe,nz,alberta,final energy|motorcycle|gasoline,PJ,2030,0.40139421882303117
canoe,nz,alberta,final energy|motorcycle|gasoline,PJ,2035,0.11598838759393339
canoe,nz,alberta,final energy|offroad|offroad,PJ,2025,14.485633801
canoe,nz,alberta,final energy|offroad|offroad,PJ,2030,16.124137857
canoe,nz,alberta,final energy|offroad|offroad,PJ,2035,17.368280708
canoe,nz,alberta,final energy|offroad|offroad,PJ,2040,18.619543453
canoe,nz,alberta,final energy|offroad|offroad,PJ,2045,19.852415773
canoe,nz,alberta,final energy|offroad|offroad,PJ,2050,21.257883901
canoe,nz,alberta,final energy|other electrical|electricity,PJ,2025,9.43245165554566
canoe,nz,alberta,final energy|other electrical|electricity,PJ,2030,10.052590895207386
canoe,nz,alberta,final energy|other electrical|electricity,PJ,2035,10.7706602686761
canoe,nz,alberta,final energy|other electrical|electricity,PJ,2040,11.493864142431795
canoe,nz,alberta,final energy|other electrical|electricity,PJ,2045,12.251488184778022
canoe,nz,alberta,final energy|other electrical|electricity,PJ,2050,12.974423923518735
canoe,nz,alberta,final energy|other end-use|other,PJ,2025,80.51675631696291
canoe,nz,alberta,final energy|other end-use|other,PJ,2030,88.96681002072407
canoe,nz,alberta,final energy|other end-use|other,PJ,2035,95.2934038104696
canoe,nz,alberta,final energy|other end-use|other,PJ,2040,99.02226631566593
canoe,nz,alberta,final energy|other end-use|other,PJ,2045,103.22656452372945
canoe,nz,alberta,final energy|other end-use|other,PJ,2050,109.53999782982608
canoe,nz,alberta,final energy|passenger rail|diesel,PJ,2025,0.7849256179550098
canoe,nz,alberta,final energy|passenger rail|diesel,PJ,2030,0.8766408089945286
canoe,nz,alberta,final energy|passenger rail|diesel,PJ,2035,0.18200041848984091
canoe,nz,alberta,final energy|passenger rail|hydrogen,PJ,2035,0.32216071671519236
canoe,nz,alberta,final energy|passenger rail|hydrogen,PJ,2040,0.4485078871367053
canoe,nz,alberta,final energy|passenger rail|hydrogen,PJ,2045,0.4780427402020808
canoe,nz,alberta,final energy|passenger rail|hydrogen,PJ,2050,0.5111063940693514
canoe,nz,alberta,final energy|passenger truck|diesel,PJ,2025,0.734119299078061
canoe,nz,alberta,final energy|passenger truck|diesel,PJ,2030,0.3829948464359082
canoe,nz,alberta,final energy|passenger truck|diesel,PJ,2035,0.0619202290357055
canoe,nz,alberta,final energy|passenger truck|electricity,PJ,2025,0.010493054575061394
canoe,nz,alberta,final energy|passenger truck|electricity,PJ,2035,0.3269345493695676
canoe,nz,alberta,final energy|passenger truck|electricity,PJ,2040,12.752286690946244
canoe,nz,alberta,final energy|passenger truck|electricity,PJ,2045,17.48739855473216
canoe,nz,alberta,final energy|passenger truck|electricity,PJ,2050,20.879464533385992
canoe,nz,alberta,final energy|passenger truck|gasoline,PJ,2025,41.291987813106545
canoe,nz,alberta,final energy|passenger truck|gasoline,PJ,2030,35.30575743778589
canoe,nz,alberta,final energy|passenger truck|gasoline,PJ,2035,26.11760430812077
canoe,nz,alberta,final energy|passenger truck|gasoline,PJ,2040,9.615647300037573
canoe,nz,alberta,final energy|passenger truck|gasoline,PJ,2045,4.327554006749932
canoe,nz,alberta,final energy|passenger truck|gasoline,PJ,2050,0.9578068171081983
canoe,nz,alberta,final energy|refrigerator|electricity,PJ,2025,2.1706703787027863
canoe,nz,alberta,final energy|refrigerator|electricity,PJ,2030,1.8044977162552094
canoe,nz,alberta,final energy|refrigerator|electricity,PJ,2035,1.8808334763744032
canoe,nz,alberta,final energy|refrigerator|electricity,PJ,2040,2.0071234179445834
canoe,nz,alberta,final energy|refrigerator|electricity,PJ,2045,2.139424003591598
canoe,nz,alberta,final energy|refrigerator|electricity,PJ,2050,2.2656671219123394
canoe,nz,alberta,final energy|space cooling|electricity,PJ,2025,0.3200255596549165
canoe,nz,alberta,final energy|space cooling|electricity,PJ,2030,0.20849460356856722
canoe,nz,alberta,final energy|space cooling|electricity,PJ,2035,0.12160483780630711
canoe,nz,alberta,final energy|space cooling|electricity,PJ,2040,0.013907532905073251
canoe,nz,alberta,final energy|space heating|electricity,PJ,2025,70.0962263001858
canoe,nz,alberta,final energy|space heating|electricity,PJ,2030,85.07933496240949
canoe,nz,alberta,final energy|space heating|electricity,PJ,2035,99.46410378487485
canoe,nz,alberta,final energy|space heating|electricity,PJ,2040,113.92446173923346
canoe,nz,alberta,final energy|space heating|electricity,PJ,2045,120.53350243741326
canoe,nz,alberta,final energy|space heating|electricity,PJ,2050,127.76136180605722
canoe,nz,alberta,final energy|space heating|natural gas,PJ,2025,91.7420626042294
canoe,nz,alberta,final energy|space heating|natural gas,PJ,2030,64.75924102925588
canoe,nz,alberta,final energy|space heating|natural gas,PJ,2035,37.77616791579577
canoe,nz,alberta,final energy|space heating|natural gas,PJ,2040,4.317281517937855
canoe,nz,alberta,final energy|space heating|other,PJ,2025,1.208850767839067
canoe,nz,alberta,final energy|space heating|other,PJ,2030,0.8533073778577669
canoe,nz,alberta,final energy|space heating|other,PJ,2035,0.4977633841096595
canoe,nz,alberta,final energy|space heating|other,PJ,2040,0.0568880217897406
canoe,nz,alberta,final energy|water heating|electricity,PJ,2025,5.520456653851811
canoe,nz,alberta,final energy|water heating|electricity,PJ,2030,9.2873358138125
canoe,nz,alberta,final energy|water heating|electricity,PJ,2035,13.599706075822839
canoe,nz,alberta,final energy|water heating|electricity,PJ,2040,16.234735912101094
canoe,nz,alberta,final energy|water heating|electricity,PJ,2045,17.304726523433022
canoe,nz,alberta,final energy|water heating|electricity,PJ,2050,18.325859195434596
canoe,nz,alberta,final energy|water heating|natural gas,PJ,2025,25.34433051288235
canoe,nz,alberta,final energy|water heating|natural gas,PJ,2030,12.672164680598906
canoe,nz,british columbia,final energy|all|all,PJ,2025,674.46
canoe,nz,british columbia,final energy|all|all,PJ,2030,689.3883286067921
canoe,nz,british columbia,final energy|all|all,PJ,2035,669.925579228592
canoe,nz,british columbia,final energy|all|all,PJ,2040,654.1821707986924
canoe,nz,british columbia,final energy|all|all,PJ,2045,652.1686597309498
canoe,nz,british columbia,final energy|all|all,PJ,2050,727.1571504814842
canoe,nz,british columbia,final energy|aviation|jet fuel,PJ,2025,97.7609404068604
canoe,nz,british columbia,final energy|aviation|jet fuel,PJ,2030,103.38450863030249
canoe,nz,british columbia,final energy|aviation|jet fuel,PJ,2035,104.00663169947659
canoe,nz,british columbia,final energy|aviation|jet fuel,PJ,2040,108.86117737146003
canoe,nz,british columbia,final energy|aviation|jet fuel,PJ,2045,113.44582749560033
canoe,nz,british columbia,final energy|aviation|jet fuel,PJ,2050,121.47732941863147
canoe,nz,british columbia,final energy|bus|diesel,PJ,2025,0.5190134437576122
canoe,nz,british columbia,final energy|bus|diesel,PJ,2030,0.23498789393314565
canoe,nz,british columbia,final energy|bus|electricity,PJ,2025,1.749648507516299
canoe,nz,british columbia,final energy|bus|electricity,PJ,2030,1.762542567641041
canoe,nz,british columbia,final energy|bus|electricity,PJ,2035,1.9985438590934836
canoe,nz,british columbia,final energy|bus|electricity,PJ,2040,2.2687603479063885
canoe,nz,british columbia,final energy|bus|electricity,PJ,2045,2.3247265379425035
canoe,nz,british columbia,final energy|bus|electricity,PJ,2050,2.3906580388944714
canoe,nz,british columbia,final energy|bus|gasoline,PJ,2025,0.017429738562347523
canoe,nz,british columbia,final energy|bus|hydrogen,PJ,2025,0.9974263749565833
canoe,nz,british columbia,final energy|bus|hydrogen,PJ,2030,1.0207616068115037
canoe,nz,british columbia,final energy|bus|hydrogen,PJ,2035,0.7281338164775477
canoe,nz,british columbia,final energy|bus|hydrogen,PJ,2040,0.31338366052810546
canoe,nz,british columbia,final energy|bus|hydrogen,PJ,2045,0.29305062517949715
canoe,nz,british columbia,final energy|bus|hydrogen,PJ,2050,0.2858847792807642
canoe,nz,british columbia,final energy|bus|natural gas,PJ,2025,0.0434758764120752
canoe,nz,british columbia,final energy|bus|natural gas,PJ,2030,0.01340174362565123
canoe,nz,british columbia,final energy|car|diesel,PJ,2025,0.11558663675439133
canoe,nz,british columbia,final energy|car|diesel,PJ,2030,0.010149821765204374
canoe,nz,british columbia,final energy|car|electricity,PJ,2025,0.039080441433336124
canoe,nz,british columbia,final energy|car|electricity,PJ,2030,1.308637218019232
canoe,nz,british columbia,final energy|car|electricity,PJ,2035,6.112715020857309
canoe,nz,british columbia,final energy|car|electricity,PJ,2040,16.672341020851228
canoe,nz,british columbia,final energy|car|electricity,PJ,2045,17.401739569411895
canoe,nz,british columbia,final energy|car|electricity,PJ,2050,18.15993968025924
canoe,nz,british columbia,final energy|car|gasoline,PJ,2025,29.821696490729614
canoe,nz,british columbia,final energy|car|gasoline,PJ,2030,24.008913815013695
canoe,nz,british columbia,final energy|car|gasoline,PJ,2035,12.906215475420693
canoe,nz,british columbia,final energy|car|gasoline,PJ,2040,0.5264005478305318
canoe,nz,british columbia,final energy|car|gasoline,PJ,2045,0.21642622746910745
canoe,nz,british columbia,final energy|car|gasoline,PJ,2050,0.012892416628313997
canoe,nz,british columbia,final energy|clothes dryer|electricity,PJ,2025,6.092760592398719
canoe,nz,british columbia,final energy|clothes dryer|electricity,PJ,2030,6.091021599881417
canoe,nz,british columbia,final energy|clothes dryer|electricity,PJ,2035,6.452730027270846
canoe,nz,british columbia,final energy|clothes dryer|electricity,PJ,2040,6.847978008631347
canoe,nz,british columbia,final energy|clothes dryer|electricity,PJ,2045,7.1984037549021735
canoe,nz,british columbia,final energy|clothes dryer|electricity,PJ,2050,7.4868832764943685
canoe,nz,british columbia,final energy|clothes dryer|natural gas,PJ,2025,0.5427367101092421
canoe,nz,british columbia,final energy|clothes dryer|natural gas,PJ,2030,0.341363521298853
canoe,nz,british columbia,final energy|clothes dryer|natural gas,PJ,2035,0.10337492868819863
canoe,nz,british columbia,final energy|clothes washer|electricity,PJ,2025,0.2144454675239256
canoe,nz,british columbia,final energy|clothes washer|electricity,PJ,2030,0.15614407727506618
canoe,nz,british columbia,final energy|clothes washer|electricity,PJ,2035,0.1253901691093761
canoe,nz,british columbia,final energy|clothes washer|electricity,PJ,2040,0.12943485373861252
canoe,nz,british columbia,final energy|clothes washer|electricity,PJ,2045,0.13501213680335256
canoe,nz,british columbia,final energy|clothes washer|electricity,PJ,2050,0.14107092451885433
canoe,nz,british columbia,final energy|cooking|electricity,PJ,2025,4.251640011194193
canoe,nz,british columbia,final energy|cooking|electricity,PJ,2030,4.47644526558125
canoe,nz,british columbia,final energy|cooking|electricity,PJ,2035,4.778669596536538
canoe,nz,british columbia,final energy|cooking|electricity,PJ,2040,4.97452386001318
canoe,nz,british columbia,final energy|cooking|electricity,PJ,2045,5.2082497309631135
canoe,nz,british columbia,final energy|cooking|electricity,PJ,2050,5.431042837290945
canoe,nz,british columbia,final energy|cooking|natural gas,PJ,2025,0.504131453799817
canoe,nz,british columbia,final energy|cooking|natural gas,PJ,2030,0.19447855504283668
canoe,nz,british columbia,final energy|dish washer|electricity,PJ,2025,0.4177303504915208
canoe,nz,british columbia,final energy|dish washer|electricity,PJ,2030,0.3981745809783092
canoe,nz,british columbia,final energy|dish washer|electricity,PJ,2035,0.3790637758837311
canoe,nz,british columbia,final energy|dish washer|electricity,PJ,2040,0.4043015302946722
canoe,nz,british columbia,final energy|dish washer|electricity,PJ,2045,0.4251012225998877
canoe,nz,british columbia,final energy|dish washer|electricity,PJ,2050,0.4421416966907287
canoe,nz,british columbia,final energy|freezer|electricity,PJ,2025,1.726346410015452
canoe,nz,british columbia,final energy|freezer|electricity,PJ,2030,1.5946639128572255
canoe,nz,british columbia,final energy|freezer|electricity,PJ,2035,1.490601128718782
canoe,nz,british columbia,final energy|freezer|electricity,PJ,2040,1.3161796044766636
canoe,nz,british columbia,final energy|freezer|electricity,PJ,2045,1.3813392121332684
canoe,nz,british columbia,final energy|freezer|electricity,PJ,2050,1.4406943033116224
canoe,nz,british columbia,final energy|freight rail|hydrogen,PJ,2035,0.17730792737223317
canoe,nz,british columbia,final energy|freight rail|hydrogen,PJ,2040,0.5274424700559852
canoe,nz,british columbia,final energy|freight rail|hydrogen,PJ,2045,0.5274420965051252
canoe,nz,british columbia,final energy|freight rail|hydrogen,PJ,2050,0.5274417808612704
canoe,nz,british columbia,final energy|freight rail|natural gas,PJ,2025,13.881682559779003
canoe,nz,british columbia,final energy|freight rail|natural gas,PJ,2030,15.395747909318038
canoe,nz,british columbia,final energy|freight rail|natural gas,PJ,2035,16.221844285204863
canoe,nz,british columbia,final energy|freight rail|natural gas,PJ,2040,16.74228587542526
canoe,nz,british columbia,final energy|freight rail|natural gas,PJ,2045,17.76545125335038
canoe,nz,british columbia,final energy|freight rail|natural gas,PJ,2050,18.892379996358358
canoe,nz,british columbia,final energy|heavy trucking|diesel,PJ,2025,12.256608306286289
canoe,nz,british columbia,final energy|heavy trucking|diesel,PJ,2030,9.553116077911932
canoe,nz,british columbia,final energy|heavy trucking|diesel,PJ,2035,5.2446302549131785
canoe,nz,british columbia,final energy|heavy trucking|electricity,PJ,2025,9.344430987617331
canoe,nz,british columbia,final energy|heavy trucking|electricity,PJ,2030,10.395457583518043
canoe,nz,british columbia,final energy|heavy trucking|electricity,PJ,2035,10.85591772917833
canoe,nz,british columbia,final energy|heavy trucking|electricity,PJ,2040,12.647123345356668
canoe,nz,british columbia,final energy|heavy trucking|electricity,PJ,2045,12.91131267500418
canoe,nz,british columbia,final energy|heavy trucking|electricity,PJ,2050,13.261583390044777
canoe,nz,british columbia,final energy|light freight truck|diesel,PJ,2025,0.7345946466352584
canoe,nz,british columbia,final energy|light freight truck|diesel,PJ,2030,0.5046183106546946
canoe,nz,british columbia,final energy|light freight truck|diesel,PJ,2035,0.09490556670461114
canoe,nz,british columbia,final energy|light freight truck|electricity,PJ,2040,4.562439491995589
canoe,nz,british columbia,final energy|light freight truck|electricity,PJ,2045,4.558587194459056
canoe,nz,british columbia,final energy|light freight truck|electricity,PJ,2050,4.561273709830903
canoe,nz,british columbia,final energy|light freight truck|gasoline,PJ,2025,15.941532440543849
canoe,nz,british columbia,final energy|light freight truck|gasoline,PJ,2030,15.205339884383632
canoe,nz,british columbia,final energy|light freight truck|gasoline,PJ,2035,10.437500555555893
canoe,nz,british columbia,final energy|light freight truck|gasoline,PJ,2040,4.230611085052291
canoe,nz,british columbia,final energy|light freight truck|gasoline,PJ,2045,4.2449975627042065
canoe,nz,british columbia,final energy|light freight truck|gasoline,PJ,2050,4.498622677439338
canoe,nz,british columbia,final energy|lighting|electricity,PJ,2025,7.797583366967985
canoe,nz,british columbia,final energy|lighting|electricity,PJ,2030,7.812064893768744
canoe,nz,british columbia,final energy|lighting|electricity,PJ,2035,6.978447345457456
canoe,nz,british columbia,final energy|lighting|electricity,PJ,2040,7.10421456843485
canoe,nz,british columbia,final energy|lighting|electricity,PJ,2045,6.009637860044183
canoe,nz,british columbia,final energy|lighting|electricity,PJ,2050,6.067737907274141
canoe,nz,british columbia,final energy|marine freight|natural gas,PJ,2025,3.220014529658632
canoe,nz,british columbia,final energy|marine freight|natural gas,PJ,2030,4.8279315577701984
canoe,nz,british columbia,final energy|marine freight|natural gas,PJ,2035,16.582337270388766
canoe,nz,british columbia,final energy|marine freight|natural gas,PJ,2040,17.694105113862978
canoe,nz,british columbia,final energy|marine freight|natural gas,PJ,2045,18.73139169591015
canoe,nz,british columbia,final energy|marine freight|natural gas,PJ,2050,19.854793081275925
canoe,nz,british columbia,final energy|marine freight|oil,PJ,2025,12.351320169416455
canoe,nz,british columbia,final energy|marine freight|oil,PJ,2030,12.351318551724516
canoe,nz,british columbia,final energy|medium duty trucking|electricity,PJ,2025,8.772478166423106
canoe,nz,british columbia,final energy|medium duty trucking|electricity,PJ,2030,11.494302666831262
canoe,nz,british columbia,final energy|medium duty trucking|electricity,PJ,2035,15.326555208681187
canoe,nz,british columbia,final energy|medium duty trucking|electricity,PJ,2040,18.813529061422937
canoe,nz,british columbia,final energy|medium duty trucking|electricity,PJ,2045,19.383516588017542
canoe,nz,british columbia,final energy|medium duty trucking|electricity,PJ,2050,20.07937412609689
canoe,nz,british columbia,final energy|medium duty trucking|gasoline,PJ,2025,16.049292986775125
canoe,nz,british columbia,final energy|medium duty trucking|gasoline,PJ,2030,11.689374012359377
canoe,nz,british columbia,final energy|medium duty trucking|gasoline,PJ,2035,5.153493162023407
canoe,nz,british columbia,final energy|medium duty trucking|generic,PJ,2025,19.101975966725423
canoe,nz,british columbia,final energy|medium duty trucking|generic,PJ,2030,14.891093574684891
canoe,nz,british columbia,final energy|medium duty trucking|generic,PJ,2035,6.7084028529062305
canoe,nz,british columbia,final energy|motorcycle|electricity,PJ,2025,0.05366893397162134
canoe,nz,british columbia,final energy|motorcycle|electricity,PJ,2030,0.15125543036687844
canoe,nz,british columbia,final energy|motorcycle|electricity,PJ,2035,0.2248179100692448
canoe,nz,british columbia,final energy|motorcycle|electricity,PJ,2040,0.2646241227481456
canoe,nz,british columbia,final energy|motorcycle|electricity,PJ,2045,0.28115205107897207
canoe,nz,british columbia,final energy|motorcycle|electricity,PJ,2050,0.3000184480337736
canoe,nz,british columbia,final energy|motorcycle|gasoline,PJ,2025,0.47945175701809195
canoe,nz,british columbia,final energy|motorcycle|gasoline,PJ,2030,0.24771098451178972
canoe,nz,british columbia,final energy|motorcycle|gasoline,PJ,2035,0.07157998962167693
canoe,nz,british columbia,final energy|offroad|offroad,PJ,2025,19.853903192
canoe,nz,british columbia,final energy|offroad|offroad,PJ,2030,22.099624804
canoe,nz,british columbia,final energy|offroad|offroad,PJ,2035,23.80483785
canoe,nz,british columbia,final energy|offroad|offroad,PJ,2040,25.519809369
canoe,nz,british columbia,final energy|offroad|offroad,PJ,2045,27.209575107
canoe,nz,british columbia,final energy|offroad|offroad,PJ,2050,29.13589939
canoe,nz,british columbia,final energy|other electrical|electricity,PJ,2025,14.716501400548701
canoe,nz,british columbia,final energy|other electrical|electricity,PJ,2030,15.049499677531184
canoe,nz,british columbia,final energy|other electrical|electricity,PJ,2035,15.72484719715245
canoe,nz,british columbia,final energy|other electrical|electricity,PJ,2040,16.40945309861162
canoe,nz,british columbia,final energy|other electrical|electricity,PJ,2045,17.121834145584543
canoe,nz,british columbia,final energy|other electrical|electricity,PJ,2050,17.85754631478901
canoe,nz,british columbia,final energy|other end-use|other,PJ,2025,55.9243986271308
canoe,nz,british columbia,final energy|other end-use|other,PJ,2030,61.793539329837465
canoe,nz,british columbia,final energy|other end-use|other,PJ,2035,66.18779177161299
canoe,nz,british columbia,final energy|other end-use|other,PJ,2040,68.77774202178753
canoe,nz,british columbia,final energy|other end-use|other,PJ,2045,71.69791491113605
canoe,nz,british columbia,final energy|other end-use|other,PJ,2050,76.08302649618345
canoe,nz,british columbia,final energy|passenger rail|diesel,PJ,2025,0.3722900819385396
canoe,nz,british columbia,final energy|passenger rail|diesel,PJ,2030,0.2768338077864715
canoe,nz,british columbia,final energy|passenger rail|diesel,PJ,2035,0.20018234908963894
canoe,nz,british columbia,final energy|passenger rail|diesel,PJ,2040,0.10605695177635599
canoe,nz,british columbia,final energy|passenger rail|hydrogen,PJ,2030,0.05670707359595015
canoe,nz,british columbia,final energy|passenger rail|hydrogen,PJ,2035,0.10398420485734224
canoe,nz,british columbia,final energy|passenger rail|hydrogen,PJ,2040,0.1690788633277882
canoe,nz,british columbia,final energy|passenger rail|hydrogen,PJ,2045,0.24093863429348134
canoe,nz,british columbia,final energy|passenger rail|hydrogen,PJ,2050,0.2578079329942542
canoe,nz,british columbia,final energy|passenger truck|diesel,PJ,2025,0.7239536582572289
canoe,nz,british columbia,final energy|passenger truck|diesel,PJ,2030,0.3777124607847052
canoe,nz,british columbia,final energy|passenger truck|diesel,PJ,2035,0.0610619447939154
canoe,nz,british columbia,final energy|passenger truck|electricity,PJ,2040,12.491866372782397
canoe,nz,british columbia,final energy|passenger truck|electricity,PJ,2045,16.323482717360235
canoe,nz,british columbia,final energy|passenger truck|electricity,PJ,2050,19.94889448733499
canoe,nz,british columbia,final energy|passenger truck|gasoline,PJ,2025,41.11658032213833
canoe,nz,british columbia,final energy|passenger truck|gasoline,PJ,2030,35.219231220379214
canoe,nz,british columbia,final energy|passenger truck|gasoline,PJ,2035,26.541539276142867
canoe,nz,british columbia,final energy|passenger truck|gasoline,PJ,2040,9.97294408374102
canoe,nz,british columbia,final energy|passenger truck|gasoline,PJ,2045,5.686562322957626
canoe,nz,british columbia,final energy|passenger truck|gasoline,PJ,2050,2.029743626229892
canoe,nz,british columbia,final energy|refrigerator|electricity,PJ,2025,3.4808159107886967
canoe,nz,british columbia,final energy|refrigerator|electricity,PJ,2030,2.7680867213415388
canoe,nz,british columbia,final energy|refrigerator|electricity,PJ,2035,2.8044289949020884
canoe,nz,british columbia,final energy|refrigerator|electricity,PJ,2040,2.926524212493828
canoe,nz,british columbia,final energy|refrigerator|electricity,PJ,2045,3.0535729550667505
canoe,nz,british columbia,final energy|refrigerator|electricity,PJ,2050,3.184782658623867
canoe,nz,british columbia,final energy|space cooling|electricity,PJ,2025,1.6934417493014704
canoe,nz,british columbia,final energy|space cooling|electricity,PJ,2030,0.9671450577133207
canoe,nz,british columbia,final energy|space cooling|electricity,PJ,2035,0.5641708168266744
canoe,nz,british columbia,final energy|space cooling|electricity,PJ,2040,0.06448403726141652
canoe,nz,british columbia,final energy|space heating|electricity,PJ,2025,63.1953188983785
canoe,nz,british columbia,final energy|space heating|electricity,PJ,2030,68.13555420434943
canoe,nz,british columbia,final energy|space heating|electricity,PJ,2035,73.09945210216077
canoe,nz,british columbia,final energy|space heating|electricity,PJ,2040,77.76241139977395
canoe,nz,british columbia,final energy|space heating|electricity,PJ,2045,79.3492449511175
canoe,nz,british columbia,final energy|space heating|electricity,PJ,2050,83.41644959846835
canoe,nz,british columbia,final energy|space heating|natural gas,PJ,2025,39.24867185006809
canoe,nz,british columbia,final energy|space heating|natural gas,PJ,2030,27.7060326102652
canoe,nz,british columbia,final energy|space heating|natural gas,PJ,2035,16.043364211182112
canoe,nz,british columbia,final energy|space heating|natural gas,PJ,2040,1.8377656272151426
canoe,nz,british columbia,final energy|space heating|oil,PJ,2025,0.12750882585028106
canoe,nz,british columbia,final energy|space heating|oil,PJ,2030,0.09107541323381455
canoe,nz,british columbia,final energy|space heating|oil,PJ,2035,0.05616093742804981
canoe,nz,british columbia,final energy|space heating|oil,PJ,2040,0.019642606220713357
canoe,nz,british columbia,final energy|space heating|other,PJ,2025,0.5717343722065664
canoe,nz,british columbia,final energy|space heating|other,PJ,2030,0.4035775723722349
canoe,nz,british columbia,final energy|space heating|other,PJ,2035,0.23542059189160608
canoe,nz,british columbia,final energy|space heating|other,PJ,2040,0.02690609339321217
canoe,nz,british columbia,final energy|space heating|wood,PJ,2025,2.4698569980812244
canoe,nz,british columbia,final energy|space heating|wood,PJ,2030,1.6213827186523042
canoe,nz,british columbia,final energy|space heating|wood,PJ,2035,0.8374660440912125
canoe,nz,british columbia,final energy|space heating|wood,PJ,2040,0.04817335468531468
canoe,nz,british columbia,final energy|water heating|electricity,PJ,2025,9.625940330803433
canoe,nz,british columbia,final energy|water heating|electricity,PJ,2030,10.9348951781228
canoe,nz,british columbia,final energy|water heating|electricity,PJ,2035,12.75046227314605
canoe,nz,british columbia,final energy|water heating|electricity,PJ,2040,14.761970544678391
canoe,nz,british columbia,final energy|water heating|electricity,PJ,2045,15.403265555051773
canoe,nz,british columbia,final energy|water heating|electricity,PJ,2050,16.065285847825134
canoe,nz,british columbia,final energy|water heating|lpg,PJ,2025,0.131977157453648
canoe,nz,british columbia,final energy|water heating|lpg,PJ,2030,0.0659890666204397
canoe,nz,british columbia,final energy|water heating|natural gas,PJ,2025,19.985884281328136
canoe,nz,british columbia,final energy|water heating|natural gas,PJ,2030,9.992943399965924
canoe,nz,canada,final energy|all|all,PJ,2025,6402.070000000001
canoe,nz,canada,final energy|all|all,PJ,2030,6385.4018566247205
canoe,nz,canada,final energy|all|all,PJ,2035,5860.0379983776465
canoe,nz,canada,final energy|all|all,PJ,2040,5218.529536229415
canoe,nz,canada,final energy|all|all,PJ,2045,4853.226206117415
canoe,nz,canada,final energy|all|all,PJ,2050,4784.21770340501
canoe,nz,canada,final energy|aviation|jet fuel,PJ,2025,470.7495976482543
canoe,nz,canada,final energy|aviation|jet fuel,PJ,2030,485.1673359332182
canoe,nz,canada,final energy|aviation|jet fuel,PJ,2035,487.5869090757791
canoe,nz,canada,final energy|aviation|jet fuel,PJ,2040,496.02024852305317
canoe,nz,canada,final energy|aviation|jet fuel,PJ,2045,515.6141784144343
canoe,nz,canada,final energy|aviation|jet fuel,PJ,2050,547.5350890805078
canoe,nz,canada,final energy|bus|diesel,PJ,2025,10.6898014565228
canoe,nz,canada,final energy|bus|diesel,PJ,2030,4.962932807923221
canoe,nz,canada,final energy|bus|electricity,PJ,2025,11.159662451020836
canoe,nz,canada,final energy|bus|electricity,PJ,2030,12.517854129471223
canoe,nz,canada,final energy|bus|electricity,PJ,2035,14.755568839410275
canoe,nz,canada,final energy|bus|electricity,PJ,2040,16.407417553785148
canoe,nz,canada,final energy|bus|electricity,PJ,2045,16.712640442816625
canoe,nz,canada,final energy|bus|electricity,PJ,2050,17.08631516217903
canoe,nz,canada,final energy|bus|gasoline,PJ,2025,0.5674574644046997
canoe,nz,canada,final energy|bus|gasoline,PJ,2030,0.2930124504214712
canoe,nz,canada,final energy|bus|hydrogen,PJ,2025,6.415203806578956
canoe,nz,canada,final energy|bus|hydrogen,PJ,2030,6.681840135307365
canoe,nz,canada,final energy|bus|hydrogen,PJ,2035,4.947010432442516
canoe,nz,canada,final energy|bus|hydrogen,PJ,2040,2.3308848436605976
canoe,nz,canada,final energy|bus|hydrogen,PJ,2045,2.186216614693616
canoe,nz,canada,final energy|bus|hydrogen,PJ,2050,2.14170519607279
canoe,nz,canada,final energy|bus|natural gas,PJ,2025,0.8535232221414523
canoe,nz,canada,final energy|bus|natural gas,PJ,2030,0.3396469983514527
canoe,nz,canada,final energy|car|diesel,PJ,2025,2.132085883535726
canoe,nz,canada,final energy|car|diesel,PJ,2030,0.18969819083530534
canoe,nz,canada,final energy|car|electricity,PJ,2025,0.7378439867479881
canoe,nz,canada,final energy|car|electricity,PJ,2030,26.564465882241276
canoe,nz,canada,final energy|car|electricity,PJ,2035,82.37640520942105
canoe,nz,canada,final energy|car|electricity,PJ,2040,162.0873858098006
canoe,nz,canada,final energy|car|electricity,PJ,2045,168.04697550846305
canoe,nz,canada,final energy|car|electricity,PJ,2050,174.00333207045128
canoe,nz,canada,final energy|car|gasoline,PJ,2025,355.88110776686926
canoe,nz,canada,final energy|car|gasoline,PJ,2030,252.35976620470896
canoe,nz,canada,final energy|car|gasoline,PJ,2035,97.6889694038707
canoe,nz,canada,final energy|car|gasoline,PJ,2040,4.439635562409062
canoe,nz,canada,final energy|car|gasoline,PJ,2045,1.6465377027007626
canoe,nz,canada,final energy|car|gasoline,PJ,2050,0.10108622368324671
canoe,nz,canada,final energy|clothes dryer|electricity,PJ,2025,33.34592941217025
canoe,nz,canada,final energy|clothes dryer|electricity,PJ,2030,28.69334723465929
canoe,nz,canada,final energy|clothes dryer|electricity,PJ,2035,25.826278992991288
canoe,nz,canada,final energy|clothes dryer|electricity,PJ,2040,33.279883805343005
canoe,nz,canada,final energy|clothes dryer|electricity,PJ,2045,40.24869514797516
canoe,nz,canada,final energy|clothes dryer|electricity,PJ,2050,46.060369140184704
canoe,nz,canada,final energy|clothes dryer|natural gas,PJ,2025,8.851894430026535
canoe,nz,canada,final energy|clothes dryer|natural gas,PJ,2030,13.057147091957912
canoe,nz,canada,final energy|clothes dryer|natural gas,PJ,2035,17.14684921181679
canoe,nz,canada,final energy|clothes dryer|natural gas,PJ,2040,10.427233677648571
canoe,nz,canada,final energy|clothes dryer|natural gas,PJ,2045,4.533236810021876
canoe,nz,canada,final energy|clothes washer|electricity,PJ,2025,1.4246963609826673
canoe,nz,canada,final energy|clothes washer|electricity,PJ,2030,1.0257856334264326
canoe,nz,canada,final energy|clothes washer|electricity,PJ,2035,0.8133245935122798
canoe,nz,canada,final energy|clothes washer|electricity,PJ,2040,0.832555774515112
canoe,nz,canada,final energy|clothes washer|electricity,PJ,2045,0.8607561873313229
canoe,nz,canada,final energy|clothes washer|electricity,PJ,2050,0.8948217546137438
canoe,nz,canada,final energy|cooking|electricity,PJ,2025,30.26288745988661
canoe,nz,canada,final energy|cooking|electricity,PJ,2030,31.56250053508303
canoe,nz,canada,final energy|cooking|electricity,PJ,2035,33.23645206088436
canoe,nz,canada,final energy|cooking|electricity,PJ,2040,34.69705585113482
canoe,nz,canada,final energy|cooking|electricity,PJ,2045,36.09466447804991
canoe,nz,canada,final energy|cooking|electricity,PJ,2050,37.4830550573227
canoe,nz,canada,final energy|cooking|natural gas,PJ,2025,3.1493828951785394
canoe,nz,canada,final energy|cooking|natural gas,PJ,2030,1.3680151494894817
canoe,nz,canada,final energy|dish washer|electricity,PJ,2025,2.389854556727833
canoe,nz,canada,final energy|dish washer|electricity,PJ,2030,2.2719361939720994
canoe,nz,canada,final energy|dish washer|electricity,PJ,2035,2.177275206720178
canoe,nz,canada,final energy|dish washer|electricity,PJ,2040,2.2688329074537474
canoe,nz,canada,final energy|dish washer|electricity,PJ,2045,2.3486776791587394
canoe,nz,canada,final energy|dish washer|electricity,PJ,2050,2.43541202419264
canoe,nz,canada,final energy|freezer|electricity,PJ,2025,9.781957542427676
canoe,nz,canada,final energy|freezer|electricity,PJ,2030,8.860571233634401
canoe,nz,canada,final energy|freezer|electricity,PJ,2035,8.000273524609495
canoe,nz,canada,final energy|freezer|electricity,PJ,2040,6.987653988281532
canoe,nz,canada,final energy|freezer|electricity,PJ,2045,7.342503250608308
canoe,nz,canada,final energy|freezer|electricity,PJ,2050,7.6342252308194345
canoe,nz,canada,final energy|freight rail|diesel,PJ,2025,3.092759089178363
canoe,nz,canada,final energy|freight rail|hydrogen,PJ,2030,1.9038194835775928
canoe,nz,canada,final energy|freight rail|hydrogen,PJ,2035,2.7582128521654323
canoe,nz,canada,final energy|freight rail|hydrogen,PJ,2040,5.013636812621447
canoe,nz,canada,final energy|freight rail|hydrogen,PJ,2045,5.602470200014039
canoe,nz,canada,final energy|freight rail|hydrogen,PJ,2050,6.250292372543101
canoe,nz,canada,final energy|freight rail|natural gas,PJ,2025,166.9726908464791
canoe,nz,canada,final energy|freight rail|natural gas,PJ,2030,178.36060674713596
canoe,nz,canada,final energy|freight rail|natural gas,PJ,2035,185.32586454024204
canoe,nz,canada,final energy|freight rail|natural gas,PJ,2040,189.82673069738644
canoe,nz,canada,final energy|freight rail|natural gas,PJ,2045,196.57296347231846
canoe,nz,canada,final energy|freight rail|natural gas,PJ,2050,204.0090071302906
canoe,nz,canada,final energy|heavy trucking|diesel,PJ,2025,330.7358952404358
canoe,nz,canada,final energy|heavy trucking|diesel,PJ,2030,258.68736500156683
canoe,nz,canada,final energy|heavy trucking|diesel,PJ,2035,142.0185236724991
canoe,nz,canada,final energy|heavy trucking|electricity,PJ,2025,85.05254853879447
canoe,nz,canada,final energy|heavy trucking|electricity,PJ,2030,110.65537421813598
canoe,nz,canada,final energy|heavy trucking|electricity,PJ,2035,141.5155083196043
canoe,nz,canada,final energy|heavy trucking|electricity,PJ,2040,184.0170227806015
canoe,nz,canada,final energy|heavy trucking|electricity,PJ,2045,186.11262623793073
canoe,nz,canada,final energy|heavy trucking|electricity,PJ,2050,189.4615114326295
canoe,nz,canada,final energy|light freight truck|diesel,PJ,2025,9.692039246731262
canoe,nz,canada,final energy|light freight truck|diesel,PJ,2030,6.670668810419799
canoe,nz,canada,final energy|light freight truck|diesel,PJ,2035,1.2339154587601473
canoe,nz,canada,final energy|light freight truck|electricity,PJ,2035,0.6086975774985164
canoe,nz,canada,final energy|light freight truck|electricity,PJ,2040,23.788543230287246
canoe,nz,canada,final energy|light freight truck|electricity,PJ,2045,29.80837345855974
canoe,nz,canada,final energy|light freight truck|electricity,PJ,2050,33.47437188018946
canoe,nz,canada,final energy|light freight truck|gasoline,PJ,2025,170.17915790034436
canoe,nz,canada,final energy|light freight truck|gasoline,PJ,2030,158.4172090570336
canoe,nz,canada,final energy|light freight truck|gasoline,PJ,2035,98.44235132759988
canoe,nz,canada,final energy|light freight truck|gasoline,PJ,2040,60.39910539727308
canoe,nz,canada,final energy|light freight truck|gasoline,PJ,2045,53.380939350414025
canoe,nz,canada,final energy|light freight truck|gasoline,PJ,2050,49.770650061959024
canoe,nz,canada,final energy|lighting|electricity,PJ,2025,59.22954341079267
canoe,nz,canada,final energy|lighting|electricity,PJ,2030,59.20330148725582
canoe,nz,canada,final energy|lighting|electricity,PJ,2035,52.675004653325814
canoe,nz,canada,final energy|lighting|electricity,PJ,2040,53.06339394567773
canoe,nz,canada,final energy|lighting|electricity,PJ,2045,44.62716218966375
canoe,nz,canada,final energy|lighting|electricity,PJ,2050,44.76356087829517
canoe,nz,canada,final energy|marine freight|natural gas,PJ,2025,32.779917122120736
canoe,nz,canada,final energy|marine freight|natural gas,PJ,2030,36.277834003810256
canoe,nz,canada,final energy|marine freight|natural gas,PJ,2035,95.96905019432478
canoe,nz,canada,final energy|marine freight|natural gas,PJ,2040,98.47766404643042
canoe,nz,canada,final energy|marine freight|natural gas,PJ,2045,100.73419739262958
canoe,nz,canada,final energy|marine freight|natural gas,PJ,2050,103.1383635148442
canoe,nz,canada,final energy|marine freight|oil,PJ,2025,67.0049828500576
canoe,nz,canada,final energy|marine freight|oil,PJ,2030,66.91840064602212
canoe,nz,canada,final energy|marine freight|oil,PJ,2035,0.2201025360076395
canoe,nz,canada,final energy|marine freight|oil,PJ,2040,0.04377717612280682
canoe,nz,canada,final energy|medium duty trucking|electricity,PJ,2025,54.89281800069352
canoe,nz,canada,final energy|medium duty trucking|electricity,PJ,2030,69.19856391570096
canoe,nz,canada,final energy|medium duty trucking|electricity,PJ,2035,92.46128051149367
canoe,nz,canada,final energy|medium duty trucking|electricity,PJ,2040,113.20505974478898
canoe,nz,canada,final energy|medium duty trucking|electricity,PJ,2045,114.80396455425958
canoe,nz,canada,final energy|medium duty trucking|electricity,PJ,2050,117.02087455211296
canoe,nz,canada,final energy|medium duty trucking|gasoline,PJ,2025,105.18869653696022
canoe,nz,canada,final energy|medium duty trucking|gasoline,PJ,2030,77.46626288616599
canoe,nz,canada,final energy|medium duty trucking|gasoline,PJ,2035,34.15111013264537
canoe,nz,canada,final energy|medium duty trucking|generic,PJ,2025,126.59008307213892
canoe,nz,canada,final energy|medium duty trucking|generic,PJ,2030,98.68427605094135
canoe,nz,canada,final energy|medium duty trucking|generic,PJ,2035,44.45703919156062
canoe,nz,canada,final energy|motorcycle|electricity,PJ,2025,0.5770143742078804
canoe,nz,canada,final energy|motorcycle|electricity,PJ,2030,1.5468016303995127
canoe,nz,canada,final energy|motorcycle|electricity,PJ,2035,2.278149916175656
canoe,nz,canada,final energy|motorcycle|electricity,PJ,2040,2.6667608182775098
canoe,nz,canada,final energy|motorcycle|electricity,PJ,2045,2.8194902073559542
canoe,nz,canada,final energy|motorcycle|electricity,PJ,2050,2.9931158512594225
canoe,nz,canada,final energy|motorcycle|gasoline,PJ,2025,4.848984338094824
canoe,nz,canada,final energy|motorcycle|gasoline,PJ,2030,2.5052508827918496
canoe,nz,canada,final energy|motorcycle|gasoline,PJ,2035,0.7217194660499041
canoe,nz,canada,final energy|offroad|offroad,PJ,2025,130.20898251839014
canoe,nz,canada,final energy|offroad|offroad,PJ,2030,144.40567759169764
canoe,nz,canada,final energy|offroad|offroad,PJ,2035,155.22077682434661
canoe,nz,canada,final energy|offroad|offroad,PJ,2040,166.00895353182506
canoe,nz,canada,final energy|offroad|offroad,PJ,2045,176.57972204802832
canoe,nz,canada,final energy|offroad|offroad,PJ,2050,188.57395856361578
canoe,nz,canada,final energy|other electrical|electricity,PJ,2025,100.61688778548663
canoe,nz,canada,final energy|other electrical|electricity,PJ,2030,102.52893640249147
canoe,nz,canada,final energy|other electrical|electricity,PJ,2035,106.14400457419626
canoe,nz,canada,final energy|other electrical|electricity,PJ,2040,109.78219770928617
canoe,nz,canada,final energy|other electrical|electricity,PJ,2045,113.62312334218456
canoe,nz,canada,final energy|other electrical|electricity,PJ,2050,117.74093268362536
canoe,nz,canada,final energy|other end-use|other,PJ,2025,471.1682972164744
canoe,nz,canada,final energy|other end-use|other,PJ,2030,520.6163574353398
canoe,nz,canada,final energy|other end-use|other,PJ,2035,557.6383458939921
canoe,nz,canada,final energy|other end-use|other,PJ,2040,579.4589193683059
canoe,nz,canada,final energy|other end-use|other,PJ,2045,604.0616495116492
canoe,nz,canada,final energy|other end-use|other,PJ,2050,641.0066253960866
canoe,nz,canada,final energy|passenger rail|diesel,PJ,2025,4.7096357886510685
canoe,nz,canada,final energy|passenger rail|diesel,PJ,2030,3.3210788167299086
canoe,nz,canada,final energy|passenger rail|diesel,PJ,2035,1.747110643181839
canoe,nz,canada,final energy|passenger rail|diesel,PJ,2040,0.8088737730055613
canoe,nz,canada,final energy|passenger rail|diesel,PJ,2050,0.010800565159714039
canoe,nz,canada,final energy|passenger rail|hydrogen,PJ,2030,0.7047276270024665
canoe,nz,canada,final energy|passenger rail|hydrogen,PJ,2035,1.4910746481257013
canoe,nz,canada,final energy|passenger rail|hydrogen,PJ,2040,2.1008902275643813
canoe,nz,canada,final energy|passenger rail|hydrogen,PJ,2045,2.6461346096274982
canoe,nz,canada,final energy|passenger rail|hydrogen,PJ,2050,2.7686174874911744
canoe,nz,canada,final energy|passenger truck|diesel,PJ,2025,12.116577014877556
canoe,nz,canada,final energy|passenger truck|diesel,PJ,2030,6.321400960433421
canoe,nz,canada,final energy|passenger truck|diesel,PJ,2035,1.0146630645612569
canoe,nz,canada,final energy|passenger truck|electricity,PJ,2025,0.11784431540628522
canoe,nz,canada,final energy|passenger truck|electricity,PJ,2030,0.1186022136331432
canoe,nz,canada,final energy|passenger truck|electricity,PJ,2035,8.445420540297436
canoe,nz,canada,final energy|passenger truck|electricity,PJ,2040,67.18570553827256
canoe,nz,canada,final energy|passenger truck|electricity,PJ,2045,109.12541573831231
canoe,nz,canada,final energy|passenger truck|electricity,PJ,2050,149.24165391628603
canoe,nz,canada,final energy|passenger truck|gasoline,PJ,2025,480.3027656353379
canoe,nz,canada,final energy|passenger truck|gasoline,PJ,2030,377.8744539872467
canoe,nz,canada,final energy|passenger truck|gasoline,PJ,2035,234.40058186673468
canoe,nz,canada,final energy|passenger truck|gasoline,PJ,2040,140.4886481121595
canoe,nz,canada,final energy|passenger truck|gasoline,PJ,2045,91.98174991264565
canoe,nz,canada,final energy|passenger truck|gasoline,PJ,2050,48.21418046143477
canoe,nz,canada,final energy|refrigerator|electricity,PJ,2025,24.35242074012531
canoe,nz,canada,final energy|refrigerator|electricity,PJ,2030,18.96634184792065
canoe,nz,canada,final energy|refrigerator|electricity,PJ,2035,19.32801838182529
canoe,nz,canada,final energy|refrigerator|electricity,PJ,2040,19.99168777713503
canoe,nz,canada,final energy|refrigerator|electricity,PJ,2045,20.6936139897986
canoe,nz,canada,final energy|refrigerator|electricity,PJ,2050,21.44422805919149
canoe,nz,canada,final energy|space cooling|electricity,PJ,2025,23.893508319575265
canoe,nz,canada,final energy|space cooling|electricity,PJ,2030,15.795033949253938
canoe,nz,canada,final energy|space cooling|electricity,PJ,2035,9.216360188377795
canoe,nz,canada,final energy|space cooling|electricity,PJ,2040,0.9628357018783396
canoe,nz,canada,final energy|space heating|electricity,PJ,2025,529.8442577568491
canoe,nz,canada,final energy|space heating|electricity,PJ,2030,581.0320217010693
canoe,nz,canada,final energy|space heating|electricity,PJ,2035,630.7660973766119
canoe,nz,canada,final energy|space heating|electricity,PJ,2040,678.7449030913272
canoe,nz,canada,final energy|space heating|electricity,PJ,2045,693.5746333664114
canoe,nz,canada,final energy|space heating|electricity,PJ,2050,727.2695105544298
canoe,nz,canada,final energy|space heating|natural gas,PJ,2025,372.3397224756243
canoe,nz,canada,final energy|space heating|natural gas,PJ,2030,262.9042434766841
canoe,nz,canada,final energy|space heating|natural gas,PJ,2035,152.72426531818064
canoe,nz,canada,final energy|space heating|natural gas,PJ,2040,17.46070125014854
canoe,nz,canada,final energy|space heating|oil,PJ,2025,24.43922287152676
canoe,nz,canada,final energy|space heating|oil,PJ,2030,17.959606643668295
canoe,nz,canada,final energy|space heating|oil,PJ,2035,11.543135016826108
canoe,nz,canada,final energy|space heating|oil,PJ,2040,4.586593386610461
canoe,nz,canada,final energy|space heating|other,PJ,2025,10.208905283875627
canoe,nz,canada,final energy|space heating|other,PJ,2030,7.206287949204722
canoe,nz,canada,final energy|space heating|other,PJ,2035,4.203669777184158
canoe,nz,canada,final energy|space heating|other,PJ,2040,0.48042262185555445
canoe,nz,canada,final energy|space heating|wood,PJ,2025,35.90136826474074
canoe,nz,canada,final energy|space heating|wood,PJ,2030,24.58428330493668
canoe,nz,canada,final energy|space heating|wood,PJ,2035,13.331740870296752
canoe,nz,canada,final energy|space heating|wood,PJ,2040,1.8712434704824108
canoe,nz,canada,final energy|water heating|electricity,PJ,2025,72.16341638302488
canoe,nz,canada,final energy|water heating|electricity,PJ,2030,74.18723885594137
canoe,nz,canada,final energy|water heating|electricity,PJ,2035,78.82420669135043
canoe,nz,canada,final energy|water heating|electricity,PJ,2040,90.43063300214403
canoe,nz,canada,final energy|water heating|electricity,PJ,2045,94.03857919174062
canoe,nz,canada,final energy|water heating|electricity,PJ,2050,97.79958463573011
canoe,nz,canada,final energy|water heating|lpg,PJ,2025,0.2854997678809271
canoe,nz,canada,final energy|water heating|lpg,PJ,2030,0.14275021690044856
canoe,nz,canada,final energy|water heating|natural gas,PJ,2025,103.7497241734367
canoe,nz,canada,final energy|water heating|natural gas,PJ,2030,51.87486646250109
canoe,nz,canada,final energy|water heating|oil,PJ,2025,2.7569511389397205
canoe,nz,canada,final energy|water heating|oil,PJ,2030,1.4933224652526114
canoe,nz,canada,final energy|water heating|oil,PJ,2035,0.09135815705218064
canoe,nz,manitoba,final energy|all|all,PJ,2025,138.0
canoe,nz,manitoba,final energy|all|all,PJ,2030,142.7591368295194
canoe,nz,manitoba,final energy|all|all,PJ,2035,143.8760193012423
canoe,nz,manitoba,final energy|all|all,PJ,2040,140.3613019389399
canoe,nz,manitoba,final energy|all|all,PJ,2045,138.95815700304186
canoe,nz,manitoba,final energy|all|all,PJ,2050,140.17630086280315
canoe,nz,manitoba,final energy|aviation|jet fuel,PJ,2025,11.074112213070975
canoe,nz,manitoba,final energy|aviation|jet fuel,PJ,2030,12.235495935701538
canoe,nz,manitoba,final energy|aviation|jet fuel,PJ,2035,13.064027155502428
canoe,nz,manitoba,final energy|aviation|jet fuel,PJ,2040,13.978365000074568
canoe,nz,manitoba,final energy|aviation|jet fuel,PJ,2045,14.851844205193208
canoe,nz,manitoba,final energy|aviation|jet fuel,PJ,2050,15.902939910025117
canoe,nz,manitoba,final energy|bus|diesel,PJ,2025,0.07054183604753855
canoe,nz,manitoba,final energy|bus|diesel,PJ,2030,0.03102822152024194
canoe,nz,manitoba,final energy|bus|electricity,PJ,2025,0.24765306651878347
canoe,nz,manitoba,final energy|bus|electricity,PJ,2030,0.2520454888466192
canoe,nz,manitoba,final energy|bus|electricity,PJ,2035,0.29274709949301697
canoe,nz,manitoba,final energy|bus|electricity,PJ,2040,0.34015219271145397
canoe,nz,manitoba,final energy|bus|electricity,PJ,2045,0.3488843121723976
canoe,nz,manitoba,final energy|bus|electricity,PJ,2050,0.3589648281813941
canoe,nz,manitoba,final energy|bus|hydrogen,PJ,2025,0.19894884608531974
canoe,nz,manitoba,final energy|bus|hydrogen,PJ,2030,0.19955590149850155
canoe,nz,manitoba,final energy|bus|hydrogen,PJ,2035,0.14872280802972146
canoe,nz,manitoba,final energy|bus|hydrogen,PJ,2040,0.07286562801550805
canoe,nz,manitoba,final energy|bus|hydrogen,PJ,2045,0.06834903404080227
canoe,nz,manitoba,final energy|bus|hydrogen,PJ,2050,0.06884321815134707
canoe,nz,manitoba,final energy|bus|natural gas,PJ,2025,0.013137175474823277
canoe,nz,manitoba,final energy|car|electricity,PJ,2025,0.021183163878614304
canoe,nz,manitoba,final energy|car|electricity,PJ,2030,0.016648861829692222
canoe,nz,manitoba,final energy|car|electricity,PJ,2035,1.1746756302180046
canoe,nz,manitoba,final energy|car|electricity,PJ,2040,4.675759037805226
canoe,nz,manitoba,final energy|car|electricity,PJ,2045,4.89435275352898
canoe,nz,manitoba,final energy|car|electricity,PJ,2050,5.116652740648168
canoe,nz,manitoba,final energy|car|gasoline,PJ,2025,6.595180882552308
canoe,nz,manitoba,final energy|car|gasoline,PJ,2030,6.17336828824985
canoe,nz,manitoba,final energy|car|gasoline,PJ,2035,4.313060318152397
canoe,nz,manitoba,final energy|car|gasoline,PJ,2040,0.17579709724063716
canoe,nz,manitoba,final energy|car|gasoline,PJ,2045,0.0723242341183847
canoe,nz,manitoba,final energy|clothes dryer|electricity,PJ,2025,1.387670805427485
canoe,nz,manitoba,final energy|clothes dryer|electricity,PJ,2030,1.3565363776850268
canoe,nz,manitoba,final energy|clothes dryer|electricity,PJ,2035,1.376125950706032
canoe,nz,manitoba,final energy|clothes dryer|electricity,PJ,2040,1.4438820391509188
canoe,nz,manitoba,final energy|clothes dryer|electricity,PJ,2045,1.4593535549106194
canoe,nz,manitoba,final energy|clothes dryer|electricity,PJ,2050,1.5184881492071896
canoe,nz,manitoba,final energy|clothes washer|electricity,PJ,2025,0.06546641036911949
canoe,nz,manitoba,final energy|clothes washer|electricity,PJ,2030,0.046446522080511095
canoe,nz,manitoba,final energy|clothes washer|electricity,PJ,2035,0.03743234037832005
canoe,nz,manitoba,final energy|clothes washer|electricity,PJ,2040,0.03774794809082057
canoe,nz,manitoba,final energy|clothes washer|electricity,PJ,2045,0.039100340986303585
canoe,nz,manitoba,final energy|clothes washer|electricity,PJ,2050,0.04147940819836882
canoe,nz,manitoba,final energy|cooking|electricity,PJ,2025,1.0389744473669023
canoe,nz,manitoba,final energy|cooking|electricity,PJ,2030,1.0471764047075076
canoe,nz,manitoba,final energy|cooking|electricity,PJ,2035,1.0336532156209244
canoe,nz,manitoba,final energy|cooking|electricity,PJ,2040,1.1179596833007852
canoe,nz,manitoba,final energy|cooking|electricity,PJ,2045,1.1782708146637932
canoe,nz,manitoba,final energy|cooking|electricity,PJ,2050,1.225349998876155
canoe,nz,manitoba,final energy|dish washer|electricity,PJ,2025,0.10756684027780103
canoe,nz,manitoba,final energy|dish washer|electricity,PJ,2030,0.10094243544923742
canoe,nz,manitoba,final energy|dish washer|electricity,PJ,2035,0.0970526523849353
canoe,nz,manitoba,final energy|dish washer|electricity,PJ,2040,0.09977237501852788
canoe,nz,manitoba,final energy|dish washer|electricity,PJ,2045,0.10119757073886668
canoe,nz,manitoba,final energy|dish washer|electricity,PJ,2050,0.10391266682467679
canoe,nz,manitoba,final energy|freezer|electricity,PJ,2025,0.5736922860115545
canoe,nz,manitoba,final energy|freezer|electricity,PJ,2030,0.48916248575284305
canoe,nz,manitoba,final energy|freezer|electricity,PJ,2035,0.41968371058244497
canoe,nz,manitoba,final energy|freezer|electricity,PJ,2040,0.3434538107575526
canoe,nz,manitoba,final energy|freezer|electricity,PJ,2045,0.40723540296880556
canoe,nz,manitoba,final energy|freezer|electricity,PJ,2050,0.4291073899902114
canoe,nz,manitoba,final energy|freight rail|hydrogen,PJ,2035,0.36431211331902846
canoe,nz,manitoba,final energy|freight rail|hydrogen,PJ,2040,0.9812782932569446
canoe,nz,manitoba,final energy|freight rail|hydrogen,PJ,2045,1.5689531083302697
canoe,nz,manitoba,final energy|freight rail|hydrogen,PJ,2050,2.21626673835472
canoe,nz,manitoba,final energy|freight rail|natural gas,PJ,2025,12.614010937197992
canoe,nz,manitoba,final energy|freight rail|natural gas,PJ,2030,13.996035318891964
canoe,nz,manitoba,final energy|freight rail|natural gas,PJ,2035,14.425333960322384
canoe,nz,manitoba,final energy|freight rail|natural gas,PJ,2040,14.42532733568161
canoe,nz,manitoba,final energy|freight rail|natural gas,PJ,2045,14.42508044708224
canoe,nz,manitoba,final energy|freight rail|natural gas,PJ,2050,14.42498762526643
canoe,nz,manitoba,final energy|heavy trucking|diesel,PJ,2025,4.94378081619565
canoe,nz,manitoba,final energy|heavy trucking|diesel,PJ,2030,3.853310635538954
canoe,nz,manitoba,final energy|heavy trucking|diesel,PJ,2035,2.1154558558277547
canoe,nz,manitoba,final energy|heavy trucking|electricity,PJ,2025,6.980704654510536
canoe,nz,manitoba,final energy|heavy trucking|electricity,PJ,2030,7.673990270043204
canoe,nz,manitoba,final energy|heavy trucking|electricity,PJ,2035,7.475649263873246
canoe,nz,manitoba,final energy|heavy trucking|electricity,PJ,2040,7.9786199887370985
canoe,nz,manitoba,final energy|heavy trucking|electricity,PJ,2045,8.145271159097131
canoe,nz,manitoba,final energy|heavy trucking|electricity,PJ,2050,8.411247464557558
canoe,nz,manitoba,final energy|light freight truck|diesel,PJ,2025,0.0341885040631663
canoe,nz,manitoba,final energy|light freight truck|diesel,PJ,2030,0.025628784140451465
canoe,nz,manitoba,final energy|light freight truck|electricity,PJ,2040,1.7323402484335908
canoe,nz,manitoba,final energy|light freight truck|electricity,PJ,2045,1.7308847723915601
canoe,nz,manitoba,final energy|light freight truck|electricity,PJ,2050,1.731908533870966
canoe,nz,manitoba,final energy|light freight truck|gasoline,PJ,2025,3.4251525696168112
canoe,nz,manitoba,final energy|light freight truck|gasoline,PJ,2030,3.414422235050888
canoe,nz,manitoba,final energy|light freight truck|gasoline,PJ,2035,2.988735239333159
canoe,nz,manitoba,final energy|light freight truck|gasoline,PJ,2040,0.8750492624858189
canoe,nz,manitoba,final energy|light freight truck|gasoline,PJ,2045,0.8839608106744059
canoe,nz,manitoba,final energy|light freight truck|gasoline,PJ,2050,0.9626724665883878
canoe,nz,manitoba,final energy|lighting|electricity,PJ,2025,2.88840504138005
canoe,nz,manitoba,final energy|lighting|electricity,PJ,2030,2.87707779910744
canoe,nz,manitoba,final energy|lighting|electricity,PJ,2035,2.5563916224914216
canoe,nz,manitoba,final energy|lighting|electricity,PJ,2040,2.580795857322769
canoe,nz,manitoba,final energy|lighting|electricity,PJ,2045,2.176960274818055
canoe,nz,manitoba,final energy|lighting|electricity,PJ,2050,2.186113525538453
canoe,nz,manitoba,final energy|marine freight|natural gas,PJ,2035,0.12115709663903006
canoe,nz,manitoba,final energy|marine freight|natural gas,PJ,2040,0.13469137985160934
canoe,nz,manitoba,final energy|marine freight|natural gas,PJ,2045,0.13469038272576564
canoe,nz,manitoba,final energy|marine freight|natural gas,PJ,2050,0.13468738370662564
canoe,nz,manitoba,final energy|marine freight|oil,PJ,2025,0.1578631149411274
canoe,nz,manitoba,final energy|marine freight|oil,PJ,2030,0.1578215354303819
canoe,nz,manitoba,final energy|marine freight|oil,PJ,2035,0.01661898349238707
canoe,nz,manitoba,final energy|medium duty trucking|electricity,PJ,2025,1.5981148501342937
canoe,nz,manitoba,final energy|medium duty trucking|electricity,PJ,2030,1.5456812091329264
canoe,nz,manitoba,final energy|medium duty trucking|electricity,PJ,2035,1.577379065647705
canoe,nz,manitoba,final energy|medium duty trucking|electricity,PJ,2040,1.6748446105565638
canoe,nz,manitoba,final energy|medium duty trucking|electricity,PJ,2045,1.7255906437703754
canoe,nz,manitoba,final energy|medium duty trucking|electricity,PJ,2050,1.7875372533500047
canoe,nz,manitoba,final energy|medium duty trucking|gasoline,PJ,2025,0.23227735606835473
canoe,nz,manitoba,final energy|medium duty trucking|gasoline,PJ,2030,0.16918062583051988
canoe,nz,manitoba,final energy|medium duty trucking|gasoline,PJ,2035,0.07314982495215928
canoe,nz,manitoba,final energy|medium duty trucking|generic,PJ,2025,0.27646752032604854
canoe,nz,manitoba,final energy|medium duty trucking|generic,PJ,2030,0.2155199573714605
canoe,nz,manitoba,final energy|medium duty trucking|generic,PJ,2035,0.09709239858156048
canoe,nz,manitoba,final energy|motorcycle|electricity,PJ,2025,0.02136153135032562
canoe,nz,manitoba,final energy|motorcycle|electricity,PJ,2030,0.06017166783150276
canoe,nz,manitoba,final energy|motorcycle|electricity,PJ,2035,0.08940084893667198
canoe,nz,manitoba,final energy|motorcycle|electricity,PJ,2040,0.10521688701613745
canoe,nz,manitoba,final energy|motorcycle|electricity,PJ,2045,0.11177406478836885
canoe,nz,manitoba,final energy|motorcycle|electricity,PJ,2050,0.1192573810186435
canoe,nz,manitoba,final energy|motorcycle|gasoline,PJ,2025,0.1908270749658541
canoe,nz,manitoba,final energy|motorcycle|gasoline,PJ,2030,0.09859086157970656
canoe,nz,manitoba,final energy|motorcycle|gasoline,PJ,2035,0.028490030802247553
canoe,nz,manitoba,final energy|offroad|offroad,PJ,2025,4.32504295
canoe,nz,manitoba,final energy|offroad|offroad,PJ,2030,4.814258715
canoe,nz,manitoba,final energy|offroad|offroad,PJ,2035,5.185728223
canoe,nz,manitoba,final energy|offroad|offroad,PJ,2040,5.559323552
canoe,nz,manitoba,final energy|offroad|offroad,PJ,2045,5.927427965
canoe,nz,manitoba,final energy|offroad|offroad,PJ,2050,6.347065111
canoe,nz,manitoba,final energy|other electrical|electricity,PJ,2025,5.150697470133308
canoe,nz,manitoba,final energy|other electrical|electricity,PJ,2030,5.235549118823184
canoe,nz,manitoba,final energy|other electrical|electricity,PJ,2035,5.4201357864740025
canoe,nz,manitoba,final energy|other electrical|electricity,PJ,2040,5.618078446774878
canoe,nz,manitoba,final energy|other electrical|electricity,PJ,2045,5.8300620224258175
canoe,nz,manitoba,final energy|other electrical|electricity,PJ,2050,6.055182415462814
canoe,nz,manitoba,final energy|other end-use|other,PJ,2025,15.025752238603257
canoe,nz,manitoba,final energy|other end-use|other,PJ,2030,16.602671369023533
canoe,nz,manitoba,final energy|other end-use|other,PJ,2035,17.783317921956954
canoe,nz,manitoba,final energy|other end-use|other,PJ,2040,18.479185051953266
canoe,nz,manitoba,final energy|other end-use|other,PJ,2045,19.26377631098114
canoe,nz,manitoba,final energy|other end-use|other,PJ,2050,20.44196690101076
canoe,nz,manitoba,final energy|passenger rail|diesel,PJ,2025,0.35127926189065733
canoe,nz,manitoba,final energy|passenger rail|diesel,PJ,2030,0.14672466912300774
canoe,nz,manitoba,final energy|passenger rail|diesel,PJ,2035,0.14671547473596358
canoe,nz,manitoba,final energy|passenger rail|diesel,PJ,2040,0.14669566764240866
canoe,nz,manitoba,final energy|passenger rail|hydrogen,PJ,2030,0.0999811234861403
canoe,nz,manitoba,final energy|passenger rail|hydrogen,PJ,2035,0.11381292847132439
canoe,nz,manitoba,final energy|passenger rail|hydrogen,PJ,2040,0.12759165282670717
canoe,nz,manitoba,final energy|passenger rail|hydrogen,PJ,2045,0.21946321832424753
canoe,nz,manitoba,final energy|passenger rail|hydrogen,PJ,2050,0.2347955589913355
canoe,nz,manitoba,final energy|passenger truck|diesel,PJ,2025,0.07055892949896206
canoe,nz,manitoba,final energy|passenger truck|diesel,PJ,2030,0.03676803299559797
canoe,nz,manitoba,final energy|passenger truck|electricity,PJ,2035,0.5886555270535291
canoe,nz,manitoba,final energy|passenger truck|electricity,PJ,2040,5.790869135497018
canoe,nz,manitoba,final energy|passenger truck|electricity,PJ,2045,6.525895217039495
canoe,nz,manitoba,final energy|passenger truck|electricity,PJ,2050,6.922046459332501
canoe,nz,manitoba,final energy|passenger truck|gasoline,PJ,2025,10.830441608640609
canoe,nz,manitoba,final energy|passenger truck|gasoline,PJ,2030,10.357937736109566
canoe,nz,manitoba,final energy|passenger truck|gasoline,PJ,2035,8.414821945945153
canoe,nz,manitoba,final energy|passenger truck|gasoline,PJ,2040,1.9518019438881358
canoe,nz,manitoba,final energy|passenger truck|gasoline,PJ,2045,1.158375280349079
canoe,nz,manitoba,final energy|passenger truck|gasoline,PJ,2050,0.9733667815025628
canoe,nz,manitoba,final energy|refrigerator|electricity,PJ,2025,1.2581701379864978
canoe,nz,manitoba,final energy|refrigerator|electricity,PJ,2030,0.8926840633990252
canoe,nz,manitoba,final energy|refrigerator|electricity,PJ,2035,0.9962906100975263
canoe,nz,manitoba,final energy|refrigerator|electricity,PJ,2040,1.032675014762742
canoe,nz,manitoba,final energy|refrigerator|electricity,PJ,2045,1.0716403201049023
canoe,nz,manitoba,final energy|refrigerator|electricity,PJ,2050,1.1130203412999302
canoe,nz,manitoba,final energy|space cooling|electricity,PJ,2025,1.3097975815017182
canoe,nz,manitoba,final energy|space cooling|electricity,PJ,2030,0.8828273132620362
canoe,nz,manitoba,final energy|space cooling|electricity,PJ,2035,0.5149655427284303
canoe,nz,manitoba,final energy|space cooling|electricity,PJ,2040,0.05886494690036803
canoe,nz,manitoba,final energy|space heating|electricity,PJ,2025,24.190039198660305
canoe,nz,manitoba,final energy|space heating|electricity,PJ,2030,25.857216399885207
canoe,nz,manitoba,final energy|space heating|electricity,PJ,2035,27.402728317552704
canoe,nz,manitoba,final energy|space heating|electricity,PJ,2040,28.747157636794594
canoe,nz,manitoba,final energy|space heating|electricity,PJ,2045,29.031618514491903
canoe,nz,manitoba,final energy|space heating|electricity,PJ,2050,30.49306468769673
canoe,nz,manitoba,final energy|space heating|natural gas,PJ,2025,13.96482265476188
canoe,nz,manitoba,final energy|space heating|natural gas,PJ,2030,9.857390729341839
canoe,nz,manitoba,final energy|space heating|natural gas,PJ,2035,5.750160406750202
canoe,nz,manitoba,final energy|space heating|natural gas,PJ,2040,0.6571638022982547
canoe,nz,manitoba,final energy|space heating|wood,PJ,2025,0.6617334814531237
canoe,nz,manitoba,final energy|space heating|wood,PJ,2030,0.44115658606391583
canoe,nz,manitoba,final energy|space heating|wood,PJ,2035,0.22058013236623109
canoe,nz,manitoba,final energy|water heating|electricity,PJ,2025,3.381013103061315
canoe,nz,manitoba,final energy|water heating|electricity,PJ,2030,3.139092397134653
canoe,nz,manitoba,final energy|water heating|electricity,PJ,2035,2.9604323130961174
canoe,nz,manitoba,final energy|water heating|electricity,PJ,2040,3.3644070431178927
canoe,nz,manitoba,final energy|water heating|electricity,PJ,2045,3.491073079903589
canoe,nz,manitoba,final energy|water heating|electricity,PJ,2050,3.6256957288891827
canoe,nz,manitoba,final energy|water heating|natural gas,PJ,2025,3.0984254051678475
canoe,nz,manitoba,final energy|water heating|natural gas,PJ,2030,1.5492133320162171
canoe,nz,new brunswick,final energy|all|all,PJ,2025,120.67107606679036
canoe,nz,new brunswick,final energy|all|all,PJ,2030,109.30540228921237
canoe,nz,new brunswick,final energy|all|all,PJ,2035,101.55919833860125
canoe,nz,new brunswick,final energy|all|all,PJ,2040,95.15607464684406
canoe,nz,new brunswick,final energy|all|all,PJ,2045,93.18160238142227
canoe,nz,new brunswick,final energy|all|all,PJ,2050,89.88266922963564
canoe,nz,new brunswick,final energy|aviation|jet fuel,PJ,2025,22.03004819775722
canoe,nz,new brunswick,final energy|aviation|jet fuel,PJ,2030,20.95632424676465
canoe,nz,new brunswick,final energy|aviation|jet fuel,PJ,2035,20.243643852303787
canoe,nz,new brunswick,final energy|aviation|jet fuel,PJ,2040,19.599026323520235
canoe,nz,new brunswick,final energy|aviation|jet fuel,PJ,2045,19.354478208387174
canoe,nz,new brunswick,final energy|aviation|jet fuel,PJ,2050,19.511502294228375
canoe,nz,new brunswick,final energy|bus|diesel,PJ,2025,0.48785095835464715
canoe,nz,new brunswick,final energy|bus|diesel,PJ,2030,0.22635603599919743
canoe,nz,new brunswick,final energy|bus|electricity,PJ,2025,0.3572268203276321
canoe,nz,new brunswick,final energy|bus|electricity,PJ,2030,0.3844276494002326
canoe,nz,new brunswick,final energy|bus|electricity,PJ,2035,0.45339374295309964
canoe,nz,new brunswick,final energy|bus|electricity,PJ,2040,0.4905374429056318
canoe,nz,new brunswick,final energy|bus|electricity,PJ,2045,0.47826662769721384
canoe,nz,new brunswick,final energy|bus|electricity,PJ,2050,0.4653740237530147
canoe,nz,new brunswick,final energy|bus|gasoline,PJ,2025,0.025044750445797154
canoe,nz,new brunswick,final energy|bus|gasoline,PJ,2030,0.011576048485536372
canoe,nz,new brunswick,final energy|bus|hydrogen,PJ,2025,0.23226033886013542
canoe,nz,new brunswick,final energy|bus|hydrogen,PJ,2030,0.23918007856098167
canoe,nz,new brunswick,final energy|bus|hydrogen,PJ,2035,0.1711638153674821
canoe,nz,new brunswick,final energy|bus|hydrogen,PJ,2040,0.06942328993480278
canoe,nz,new brunswick,final energy|bus|hydrogen,PJ,2045,0.06014044620303763
canoe,nz,new brunswick,final energy|bus|hydrogen,PJ,2050,0.05707164090200098
canoe,nz,new brunswick,final energy|bus|natural gas,PJ,2025,0.019886565792675684
canoe,nz,new brunswick,final energy|car|electricity,PJ,2030,0.05769301785302364
canoe,nz,new brunswick,final energy|car|electricity,PJ,2035,0.2797851699750828
canoe,nz,new brunswick,final energy|car|electricity,PJ,2040,0.3977295651190457
canoe,nz,new brunswick,final energy|car|electricity,PJ,2045,0.4724525845311273
canoe,nz,new brunswick,final energy|car|electricity,PJ,2050,0.535142764227264
canoe,nz,new brunswick,final energy|car|gasoline,PJ,2025,0.6011516461534598
canoe,nz,new brunswick,final energy|car|gasoline,PJ,2030,0.3349149594385916
canoe,nz,new brunswick,final energy|car|gasoline,PJ,2035,0.018336908326301367
canoe,nz,new brunswick,final energy|clothes dryer|electricity,PJ,2025,0.9194015069573759
canoe,nz,new brunswick,final energy|clothes dryer|electricity,PJ,2030,0.8999629833087812
canoe,nz,new brunswick,final energy|clothes dryer|electricity,PJ,2035,0.8887956152099947
canoe,nz,new brunswick,final energy|clothes dryer|electricity,PJ,2040,0.9111821535414443
canoe,nz,new brunswick,final energy|clothes dryer|electricity,PJ,2045,0.9101866397450046
canoe,nz,new brunswick,final energy|clothes dryer|electricity,PJ,2050,0.9429891712529368
canoe,nz,new brunswick,final energy|clothes washer|electricity,PJ,2025,0.04443419693228367
canoe,nz,new brunswick,final energy|clothes washer|electricity,PJ,2030,0.03173525009723407
canoe,nz,new brunswick,final energy|clothes washer|electricity,PJ,2035,0.025921289608250776
canoe,nz,new brunswick,final energy|clothes washer|electricity,PJ,2040,0.025628050712125938
canoe,nz,new brunswick,final energy|clothes washer|electricity,PJ,2045,0.025892747034271402
canoe,nz,new brunswick,final energy|clothes washer|electricity,PJ,2050,0.027446649744767012
canoe,nz,new brunswick,final energy|cooking|electricity,PJ,2025,0.6778178152112302
canoe,nz,new brunswick,final energy|cooking|electricity,PJ,2030,0.6741770494621571
canoe,nz,new brunswick,final energy|cooking|electricity,PJ,2035,0.6433167579602708
canoe,nz,new brunswick,final energy|cooking|electricity,PJ,2040,0.6929380102589479
canoe,nz,new brunswick,final energy|cooking|electricity,PJ,2045,0.7184773427314507
canoe,nz,new brunswick,final energy|cooking|electricity,PJ,2050,0.7498740056786531
canoe,nz,new brunswick,final energy|dish washer|electricity,PJ,2025,0.05996395057217335
canoe,nz,new brunswick,final energy|dish washer|electricity,PJ,2030,0.05653366631537092
canoe,nz,new brunswick,final energy|dish washer|electricity,PJ,2035,0.057406083397804834
canoe,nz,new brunswick,final energy|dish washer|electricity,PJ,2040,0.055637151038319545
canoe,nz,new brunswick,final energy|dish washer|electricity,PJ,2045,0.05261715329221535
canoe,nz,new brunswick,final energy|dish washer|electricity,PJ,2050,0.05521116784703071
canoe,nz,new brunswick,final energy|freezer|electricity,PJ,2025,0.25425097180020423
canoe,nz,new brunswick,final energy|freezer|electricity,PJ,2030,0.2048305573879427
canoe,nz,new brunswick,final energy|freezer|electricity,PJ,2035,0.12240283263489789
canoe,nz,new brunswick,final energy|freezer|electricity,PJ,2040,0.10333037943457131
canoe,nz,new brunswick,final energy|freezer|electricity,PJ,2045,0.12192653087896302
canoe,nz,new brunswick,final energy|freezer|electricity,PJ,2050,0.1298216709926884
canoe,nz,new brunswick,final energy|freight rail|natural gas,PJ,2025,16.507025359123396
canoe,nz,new brunswick,final energy|freight rail|natural gas,PJ,2030,16.514444240718266
canoe,nz,new brunswick,final energy|freight rail|natural gas,PJ,2035,16.51893477766153
canoe,nz,new brunswick,final energy|freight rail|natural gas,PJ,2040,16.522569435172848
canoe,nz,new brunswick,final energy|freight rail|natural gas,PJ,2045,16.52259363638129
canoe,nz,new brunswick,final energy|freight rail|natural gas,PJ,2050,16.522825450173222
canoe,nz,new brunswick,final energy|heavy trucking|diesel,PJ,2025,19.633554379824528
canoe,nz,new brunswick,final energy|heavy trucking|diesel,PJ,2030,15.302898496283653
canoe,nz,new brunswick,final energy|heavy trucking|diesel,PJ,2035,8.401242015251372
canoe,nz,new brunswick,final energy|heavy trucking|electricity,PJ,2025,3.517162418707404
canoe,nz,new brunswick,final energy|heavy trucking|electricity,PJ,2030,4.365305985793279
canoe,nz,new brunswick,final energy|heavy trucking|electricity,PJ,2035,5.967353370476094
canoe,nz,new brunswick,final energy|heavy trucking|electricity,PJ,2040,8.054733766301966
canoe,nz,new brunswick,final energy|heavy trucking|electricity,PJ,2045,7.767999157743875
canoe,nz,new brunswick,final energy|heavy trucking|electricity,PJ,2050,7.513039433048475
canoe,nz,new brunswick,final energy|light freight truck|diesel,PJ,2025,0.4494995882555983
canoe,nz,new brunswick,final energy|light freight truck|diesel,PJ,2030,0.3095583959457175
canoe,nz,new brunswick,final energy|light freight truck|diesel,PJ,2035,0.057098227302789725
canoe,nz,new brunswick,final energy|light freight truck|electricity,PJ,2040,1.0743217726658678
canoe,nz,new brunswick,final energy|light freight truck|electricity,PJ,2045,1.3832081453218477
canoe,nz,new brunswick,final energy|light freight truck|electricity,PJ,2050,1.7310569498846382
canoe,nz,new brunswick,final energy|light freight truck|gasoline,PJ,2025,7.111025416808689
canoe,nz,new brunswick,final energy|light freight truck|gasoline,PJ,2030,6.286273955332392
canoe,nz,new brunswick,final energy|light freight truck|gasoline,PJ,2035,3.3866972532969837
canoe,nz,new brunswick,final energy|light freight truck|gasoline,PJ,2040,1.474556165351355
canoe,nz,new brunswick,final energy|light freight truck|gasoline,PJ,2045,1.034876372383504
canoe,nz,new brunswick,final energy|light freight truck|gasoline,PJ,2050,0.5866423393457306
canoe,nz,new brunswick,final energy|lighting|electricity,PJ,2025,1.8488851293992234
canoe,nz,new brunswick,final energy|lighting|electricity,PJ,2030,1.882922520054249
canoe,nz,new brunswick,final energy|lighting|electricity,PJ,2035,1.6605927716459816
canoe,nz,new brunswick,final energy|lighting|electricity,PJ,2040,1.6564085904325359
canoe,nz,new brunswick,final energy|lighting|electricity,PJ,2045,1.3793717903720875
canoe,nz,new brunswick,final energy|lighting|electricity,PJ,2050,1.3696101161224699
canoe,nz,new brunswick,final energy|marine freight|natural gas,PJ,2025,6.5074495856365475
canoe,nz,new brunswick,final energy|marine freight|natural gas,PJ,2030,6.507449322594298
canoe,nz,new brunswick,final energy|marine freight|natural gas,PJ,2035,14.783747805580163
canoe,nz,new brunswick,final energy|marine freight|natural gas,PJ,2040,14.794896265978354
canoe,nz,new brunswick,final energy|marine freight|natural gas,PJ,2045,14.79489143743121
canoe,nz,new brunswick,final energy|marine freight|natural gas,PJ,2050,14.782085482806718
canoe,nz,new brunswick,final energy|marine freight|oil,PJ,2025,9.743058466893752
canoe,nz,new brunswick,final energy|marine freight|oil,PJ,2030,9.715185833599731
canoe,nz,new brunswick,final energy|marine freight|oil,PJ,2035,0.04680397990178333
canoe,nz,new brunswick,final energy|marine freight|oil,PJ,2040,0.014622535013785994
canoe,nz,new brunswick,final energy|medium duty trucking|electricity,PJ,2025,4.345630473726725
canoe,nz,new brunswick,final energy|medium duty trucking|electricity,PJ,2030,4.767348177019361
canoe,nz,new brunswick,final energy|medium duty trucking|electricity,PJ,2035,6.234170824734666
canoe,nz,new brunswick,final energy|medium duty trucking|electricity,PJ,2040,7.485301198436396
canoe,nz,new brunswick,final energy|medium duty trucking|electricity,PJ,2045,7.249173736471758
canoe,nz,new brunswick,final energy|medium duty trucking|electricity,PJ,2050,7.027186685761387
canoe,nz,new brunswick,final energy|medium duty trucking|gasoline,PJ,2025,8.006792015803061
canoe,nz,new brunswick,final energy|medium duty trucking|gasoline,PJ,2030,6.138582685408361
canoe,nz,new brunswick,final energy|medium duty trucking|gasoline,PJ,2035,2.7063169934140596
canoe,nz,new brunswick,final energy|medium duty trucking|generic,PJ,2025,10.031253439872865
canoe,nz,new brunswick,final energy|medium duty trucking|generic,PJ,2030,7.819940766016947
canoe,nz,new brunswick,final energy|medium duty trucking|generic,PJ,2035,3.5228655062158434
canoe,nz,new brunswick,final energy|motorcycle|electricity,PJ,2025,0.02530278178937748
canoe,nz,new brunswick,final energy|motorcycle|electricity,PJ,2030,0.04932211728344443
canoe,nz,new brunswick,final energy|motorcycle|electricity,PJ,2035,0.06756943494714848
canoe,nz,new brunswick,final energy|motorcycle|electricity,PJ,2040,0.07546472369739775
canoe,nz,new brunswick,final energy|motorcycle|electricity,PJ,2045,0.07632056023649968
canoe,nz,new brunswick,final energy|motorcycle|electricity,PJ,2050,0.07708316059801759
canoe,nz,new brunswick,final energy|motorcycle|gasoline,PJ,2025,0.14157674973264808
canoe,nz,new brunswick,final energy|motorcycle|gasoline,PJ,2030,0.07314531853729375
canoe,nz,new brunswick,final energy|motorcycle|gasoline,PJ,2035,0.021137350485943302
canoe,nz,new brunswick,final energy|offroad|offroad,PJ,2025,2.85624402047021
canoe,nz,new brunswick,final energy|offroad|offroad,PJ,2030,3.01428507118136
canoe,nz,new brunswick,final energy|offroad|offroad,PJ,2035,3.14567800114297
canoe,nz,new brunswick,final energy|offroad|offroad,PJ,2040,3.2491801861936
canoe,nz,new brunswick,final energy|offroad|offroad,PJ,2045,3.332182314971
canoe,nz,new brunswick,final energy|offroad|offroad,PJ,2050,3.40862000394429
canoe,nz,new brunswick,final energy|other electrical|electricity,PJ,2025,3.09525509890595
canoe,nz,new brunswick,final energy|other electrical|electricity,PJ,2030,3.2207894954755187
canoe,nz,new brunswick,final energy|other electrical|electricity,PJ,2035,3.310155773712029
canoe,nz,new brunswick,final energy|other electrical|electricity,PJ,2040,3.3833063966233663
canoe,nz,new brunswick,final energy|other electrical|electricity,PJ,2045,3.460060498495853
canoe,nz,new brunswick,final energy|other electrical|electricity,PJ,2050,3.5527996330399993
canoe,nz,new brunswick,final energy|other end-use|other,PJ,2025,8.383616446897978
canoe,nz,new brunswick,final energy|other end-use|other,PJ,2030,9.263458264284978
canoe,nz,new brunswick,final energy|other end-use|other,PJ,2035,9.922199850194831
canoe,nz,new brunswick,final energy|other end-use|other,PJ,2040,10.310458822075434
canoe,nz,new brunswick,final energy|other end-use|other,PJ,2045,10.748221409853194
canoe,nz,new brunswick,final energy|other end-use|other,PJ,2050,11.405592691590163
canoe,nz,new brunswick,final energy|passenger rail|diesel,PJ,2025,0.45455735386850005
canoe,nz,new brunswick,final energy|passenger rail|diesel,PJ,2030,0.29884224600056236
canoe,nz,new brunswick,final energy|passenger rail|diesel,PJ,2035,0.1894594909236198
canoe,nz,new brunswick,final energy|passenger rail|diesel,PJ,2040,0.07469516258716674
canoe,nz,new brunswick,final energy|passenger rail|hydrogen,PJ,2030,0.062104757142841874
canoe,nz,new brunswick,final energy|passenger rail|hydrogen,PJ,2035,0.10817574445041955
canoe,nz,new brunswick,final energy|passenger rail|hydrogen,PJ,2040,0.16743929794011486
canoe,nz,new brunswick,final energy|passenger rail|hydrogen,PJ,2045,0.20588107118054866
canoe,nz,new brunswick,final energy|passenger rail|hydrogen,PJ,2050,0.2089555390619855
canoe,nz,new brunswick,final energy|passenger truck|diesel,PJ,2025,0.2204623394784351
canoe,nz,new brunswick,final energy|passenger truck|diesel,PJ,2030,0.11494097040621082
canoe,nz,new brunswick,final energy|passenger truck|diesel,PJ,2035,0.018244869042784398
canoe,nz,new brunswick,final energy|passenger truck|electricity,PJ,2035,0.7569327734741795
canoe,nz,new brunswick,final energy|passenger truck|electricity,PJ,2040,1.568258495206985
canoe,nz,new brunswick,final energy|passenger truck|electricity,PJ,2045,2.10517852196506
canoe,nz,new brunswick,final energy|passenger truck|electricity,PJ,2050,2.2139512552802745
canoe,nz,new brunswick,final energy|passenger truck|gasoline,PJ,2025,7.496859283430238
canoe,nz,new brunswick,final energy|passenger truck|gasoline,PJ,2030,5.589677289661797
canoe,nz,new brunswick,final energy|passenger truck|gasoline,PJ,2035,2.2506528785337547
canoe,nz,new brunswick,final energy|passenger truck|gasoline,PJ,2040,0.8221285562060032
canoe,nz,new brunswick,final energy|passenger truck|gasoline,PJ,2045,0.15760333008960228
canoe,nz,new brunswick,final energy|passenger truck|gasoline,PJ,2050,0.02270927082405005
canoe,nz,new brunswick,final energy|refrigerator|electricity,PJ,2025,0.680880056554425
canoe,nz,new brunswick,final energy|refrigerator|electricity,PJ,2030,0.4750794176478142
canoe,nz,new brunswick,final energy|refrigerator|electricity,PJ,2035,0.553175483543285
canoe,nz,new brunswick,final energy|refrigerator|electricity,PJ,2040,0.5672844307482098
canoe,nz,new brunswick,final energy|refrigerator|electricity,PJ,2045,0.5811066281901455
canoe,nz,new brunswick,final energy|refrigerator|electricity,PJ,2050,0.5966818835360126
canoe,nz,new brunswick,final energy|space cooling|electricity,PJ,2025,0.42992400604893843
canoe,nz,new brunswick,final energy|space cooling|electricity,PJ,2030,0.3375106512045316
canoe,nz,new brunswick,final energy|space cooling|electricity,PJ,2035,0.32602573942039065
canoe,nz,new brunswick,final energy|space heating|electricity,PJ,2025,11.976872988198453
canoe,nz,new brunswick,final energy|space heating|electricity,PJ,2030,12.064598853367984
canoe,nz,new brunswick,final energy|space heating|electricity,PJ,2035,11.893653540711844
canoe,nz,new brunswick,final energy|space heating|electricity,PJ,2040,12.010907488088261
canoe,nz,new brunswick,final energy|space heating|electricity,PJ,2045,11.991452447749513
canoe,nz,new brunswick,final energy|space heating|electricity,PJ,2050,12.459988186317045
canoe,nz,new brunswick,final energy|space heating|natural gas,PJ,2025,0.2611973180180849
canoe,nz,new brunswick,final energy|space heating|natural gas,PJ,2030,0.18437588616226835
canoe,nz,new brunswick,final energy|space heating|natural gas,PJ,2035,0.10755358883762642
canoe,nz,new brunswick,final energy|space heating|natural gas,PJ,2040,0.012091310935262778
canoe,nz,new brunswick,final energy|space heating|oil,PJ,2025,2.5250622050710985
canoe,nz,new brunswick,final energy|space heating|oil,PJ,2030,1.8605720891554065
canoe,nz,new brunswick,final energy|space heating|oil,PJ,2035,1.196083028868431
canoe,nz,new brunswick,final energy|space heating|oil,PJ,2040,0.47843862136479604
canoe,nz,new brunswick,final energy|space heating|wood,PJ,2025,2.240288248915471
canoe,nz,new brunswick,final energy|space heating|wood,PJ,2030,1.5520231007579801
canoe,nz,new brunswick,final energy|space heating|wood,PJ,2035,0.8637453140010724
canoe,nz,new brunswick,final energy|space heating|wood,PJ,2040,0.15791775860139856
canoe,nz,new brunswick,final energy|water heating|electricity,PJ,2025,2.785705040427887
canoe,nz,new brunswick,final energy|water heating|electricity,PJ,2030,2.217884913893234
canoe,nz,new brunswick,final energy|water heating|electricity,PJ,2035,1.596726275745406
canoe,nz,new brunswick,final energy|water heating|electricity,PJ,2040,1.7545564741802038
canoe,nz,new brunswick,final energy|water heating|electricity,PJ,2045,1.7940075793194885
canoe,nz,new brunswick,final energy|water heating|electricity,PJ,2050,1.8418921001901722
canoe,nz,new brunswick,final energy|water heating|natural gas,PJ,2025,0.09923319643977006
canoe,nz,new brunswick,final energy|water heating|natural gas,PJ,2030,0.049617135550782475
canoe,nz,newfoundland and labrador,final energy|all|all,PJ,2025,70.51860853432282
canoe,nz,newfoundland and labrador,final energy|all|all,PJ,2030,71.30976705955797
canoe,nz,newfoundland and labrador,final energy|all|all,PJ,2035,60.97037697908617
canoe,nz,newfoundland and labrador,final energy|all|all,PJ,2040,50.52259759630308
canoe,nz,newfoundland and labrador,final energy|all|all,PJ,2045,48.76548816338298
canoe,nz,newfoundland and labrador,final energy|all|all,PJ,2050,44.50173362903165
canoe,nz,newfoundland and labrador,final energy|aviation|jet fuel,PJ,2025,19.609846089924524
canoe,nz,newfoundland and labrador,final energy|aviation|jet fuel,PJ,2030,18.579921544366385
canoe,nz,newfoundland and labrador,final energy|aviation|jet fuel,PJ,2035,17.883935439015463
canoe,nz,newfoundland and labrador,final energy|aviation|jet fuel,PJ,2040,17.26155591931403
canoe,nz,newfoundland and labrador,final energy|aviation|jet fuel,PJ,2045,17.00315899454269
canoe,nz,newfoundland and labrador,final energy|aviation|jet fuel,PJ,2050,17.102896750146606
canoe,nz,newfoundland and labrador,final energy|bus|diesel,PJ,2025,0.3932111251440693
canoe,nz,newfoundland and labrador,final energy|bus|diesel,PJ,2030,0.18545387682003867
canoe,nz,newfoundland and labrador,final energy|bus|electricity,PJ,2025,0.29115956758553896
canoe,nz,newfoundland and labrador,final energy|bus|electricity,PJ,2030,0.3081179207084913
canoe,nz,newfoundland and labrador,final energy|bus|electricity,PJ,2035,0.3652901382708554
canoe,nz,newfoundland and labrador,final energy|bus|electricity,PJ,2040,0.39762888085952364
canoe,nz,newfoundland and labrador,final energy|bus|electricity,PJ,2045,0.386698372097059
canoe,nz,newfoundland and labrador,final energy|bus|electricity,PJ,2050,0.375345942665901
canoe,nz,newfoundland and labrador,final energy|bus|gasoline,PJ,2025,0.020805444757245706
canoe,nz,newfoundland and labrador,final energy|bus|hydrogen,PJ,2025,0.20147321211336516
canoe,nz,newfoundland and labrador,final energy|bus|hydrogen,PJ,2030,0.20703116105406347
canoe,nz,newfoundland and labrador,final energy|bus|hydrogen,PJ,2035,0.14638501644530186
canoe,nz,newfoundland and labrador,final energy|bus|hydrogen,PJ,2040,0.05614132304856338
canoe,nz,newfoundland and labrador,final energy|bus|hydrogen,PJ,2045,0.04804538194747877
canoe,nz,newfoundland and labrador,final energy|bus|hydrogen,PJ,2050,0.04566308246774819
canoe,nz,newfoundland and labrador,final energy|bus|natural gas,PJ,2025,0.014473706092820456
canoe,nz,newfoundland and labrador,final energy|car|diesel,PJ,2025,0.06267137075730747
canoe,nz,newfoundland and labrador,final energy|car|electricity,PJ,2025,0.021183154489365353
canoe,nz,newfoundland and labrador,final energy|car|electricity,PJ,2030,0.43711199208319745
canoe,nz,newfoundland and labrador,final energy|car|electricity,PJ,2035,3.8440756988645717
canoe,nz,newfoundland and labrador,final energy|car|electricity,PJ,2040,7.892982667573597
canoe,nz,newfoundland and labrador,final energy|car|electricity,PJ,2045,7.712440169459092
canoe,nz,newfoundland and labrador,final energy|car|electricity,PJ,2050,7.51472595438425
canoe,nz,newfoundland and labrador,final energy|car|gasoline,PJ,2025,14.256650095835091
canoe,nz,newfoundland and labrador,final energy|car|gasoline,PJ,2030,11.137969084912847
canoe,nz,newfoundland and labrador,final energy|car|gasoline,PJ,2035,5.613443978960554
canoe,nz,newfoundland and labrador,final energy|car|gasoline,PJ,2040,0.22895301704760573
canoe,nz,newfoundland and labrador,final energy|car|gasoline,PJ,2045,0.09413254617957045
canoe,nz,newfoundland and labrador,final energy|clothes dryer|electricity,PJ,2025,0.5633821308441915
canoe,nz,newfoundland and labrador,final energy|clothes dryer|electricity,PJ,2030,0.5185507868452345
canoe,nz,newfoundland and labrador,final energy|clothes dryer|electricity,PJ,2035,0.5285303072586498
canoe,nz,newfoundland and labrador,final energy|clothes dryer|electricity,PJ,2040,0.4605211057702305
canoe,nz,newfoundland and labrador,final energy|clothes dryer|electricity,PJ,2045,0.4272328489443344
canoe,nz,newfoundland and labrador,final energy|clothes dryer|electricity,PJ,2050,0.4358584298157829
canoe,nz,newfoundland and labrador,final energy|clothes washer|electricity,PJ,2025,0.02255330297464466
canoe,nz,newfoundland and labrador,final energy|clothes washer|electricity,PJ,2030,0.014684317578185231
canoe,nz,newfoundland and labrador,final energy|clothes washer|electricity,PJ,2035,0.011523083929431393
canoe,nz,newfoundland and labrador,final energy|clothes washer|electricity,PJ,2040,0.010596880212138544
canoe,nz,newfoundland and labrador,final energy|clothes washer|electricity,PJ,2045,0.01028269397579237
canoe,nz,newfoundland and labrador,final energy|clothes washer|electricity,PJ,2050,0.010325753889901286
canoe,nz,newfoundland and labrador,final energy|cooking|electricity,PJ,2025,0.39247030272016326
canoe,nz,newfoundland and labrador,final energy|cooking|electricity,PJ,2030,0.3418303130524264
canoe,nz,newfoundland and labrador,final energy|cooking|electricity,PJ,2035,0.2785359140761524
canoe,nz,newfoundland and labrador,final energy|cooking|electricity,PJ,2040,0.3206419831820961
canoe,nz,newfoundland and labrador,final energy|cooking|electricity,PJ,2045,0.3164604239044639
canoe,nz,newfoundland and labrador,final energy|cooking|electricity,PJ,2050,0.31390276915102666
canoe,nz,newfoundland and labrador,final energy|dish washer|electricity,PJ,2025,0.022553596334037397
canoe,nz,newfoundland and labrador,final energy|dish washer|electricity,PJ,2030,0.01934443771572631
canoe,nz,newfoundland and labrador,final energy|dish washer|electricity,PJ,2035,0.022744696555547
canoe,nz,newfoundland and labrador,final energy|dish washer|electricity,PJ,2040,0.016812204479014454
canoe,nz,newfoundland and labrador,final energy|dish washer|electricity,PJ,2045,0.01330360401886545
canoe,nz,newfoundland and labrador,final energy|dish washer|electricity,PJ,2050,0.015781596015145113
canoe,nz,newfoundland and labrador,final energy|freezer|electricity,PJ,2025,0.1845055188697138
canoe,nz,newfoundland and labrador,final energy|freezer|electricity,PJ,2030,0.13049683682880214
canoe,nz,newfoundland and labrador,final energy|freezer|electricity,PJ,2035,0.060749790435671726
canoe,nz,newfoundland and labrador,final energy|freezer|electricity,PJ,2040,0.03408204000267474
canoe,nz,newfoundland and labrador,final energy|freezer|electricity,PJ,2045,0.03670926892705858
canoe,nz,newfoundland and labrador,final energy|freezer|electricity,PJ,2050,0.031028215374464808
canoe,nz,newfoundland and labrador,final energy|freight rail|diesel,PJ,2025,3.087378863963325
canoe,nz,newfoundland and labrador,final energy|freight rail|hydrogen,PJ,2030,1.9038194835775928
canoe,nz,newfoundland and labrador,final energy|freight rail|hydrogen,PJ,2035,1.9043335430313022
canoe,nz,newfoundland and labrador,final energy|freight rail|hydrogen,PJ,2040,1.9043334476248353
canoe,nz,newfoundland and labrador,final energy|freight rail|hydrogen,PJ,2045,1.9043333394549842
canoe,nz,newfoundland and labrador,final energy|freight rail|hydrogen,PJ,2050,1.9043330451137006
canoe,nz,newfoundland and labrador,final energy|freight rail|natural gas,PJ,2025,13.337520910859688
canoe,nz,newfoundland and labrador,final energy|freight rail|natural gas,PJ,2030,13.337520798014218
canoe,nz,newfoundland and labrador,final energy|freight rail|natural gas,PJ,2035,13.337516779014491
canoe,nz,newfoundland and labrador,final energy|freight rail|natural gas,PJ,2040,13.337449679806284
canoe,nz,newfoundland and labrador,final energy|freight rail|natural gas,PJ,2045,13.33748554257195
canoe,nz,newfoundland and labrador,final energy|freight rail|natural gas,PJ,2050,13.337373191986764
canoe,nz,newfoundland and labrador,final energy|heavy trucking|diesel,PJ,2025,17.778746569172394
canoe,nz,newfoundland and labrador,final energy|heavy trucking|diesel,PJ,2030,13.857215211224254
canoe,nz,newfoundland and labrador,final energy|heavy trucking|diesel,PJ,2035,7.607566951841604
canoe,nz,newfoundland and labrador,final energy|heavy trucking|electricity,PJ,2025,3.262853678659183
canoe,nz,newfoundland and labrador,final energy|heavy trucking|electricity,PJ,2030,3.981379092872456
canoe,nz,newfoundland and labrador,final energy|heavy trucking|electricity,PJ,2035,5.403065187329287
canoe,nz,newfoundland and labrador,final energy|heavy trucking|electricity,PJ,2040,7.273619656294369
canoe,nz,newfoundland and labrador,final energy|heavy trucking|electricity,PJ,2045,6.999808763366653
canoe,nz,newfoundland and labrador,final energy|heavy trucking|electricity,PJ,2050,6.763707200256964
canoe,nz,newfoundland and labrador,final energy|light freight truck|diesel,PJ,2025,0.37314551630029585
canoe,nz,newfoundland and labrador,final energy|light freight truck|diesel,PJ,2030,0.258727047607054
canoe,nz,newfoundland and labrador,final energy|light freight truck|diesel,PJ,2035,0.04517548398373239
canoe,nz,newfoundland and labrador,final energy|light freight truck|electricity,PJ,2035,0.6086975774985164
canoe,nz,newfoundland and labrador,final energy|light freight truck|electricity,PJ,2040,1.5163432695691113
canoe,nz,newfoundland and labrador,final energy|light freight truck|electricity,PJ,2045,1.5946384027606346
canoe,nz,newfoundland and labrador,final energy|light freight truck|electricity,PJ,2050,1.616389255825079
canoe,nz,newfoundland and labrador,final energy|light freight truck|gasoline,PJ,2025,5.976315709794692
canoe,nz,newfoundland and labrador,final energy|light freight truck|gasoline,PJ,2030,5.270445086399906
canoe,nz,newfoundland and labrador,final energy|light freight truck|gasoline,PJ,2035,2.171158711108736
canoe,nz,newfoundland and labrador,final energy|light freight truck|gasoline,PJ,2040,0.5507861704537509
canoe,nz,newfoundland and labrador,final energy|light freight truck|gasoline,PJ,2045,0.37247393340875534
canoe,nz,newfoundland and labrador,final energy|light freight truck|gasoline,PJ,2050,0.2859890919066133
canoe,nz,newfoundland and labrador,final energy|lighting|electricity,PJ,2025,0.8497930643793078
canoe,nz,newfoundland and labrador,final energy|lighting|electricity,PJ,2030,0.8219442581772207
canoe,nz,newfoundland and labrador,final energy|lighting|electricity,PJ,2035,0.7506666238099583
canoe,nz,newfoundland and labrador,final energy|lighting|electricity,PJ,2040,0.7035089237712944
canoe,nz,newfoundland and labrador,final energy|lighting|electricity,PJ,2045,0.5380872079379876
canoe,nz,newfoundland and labrador,final energy|lighting|electricity,PJ,2050,0.5130419373237076
canoe,nz,newfoundland and labrador,final energy|marine freight|natural gas,PJ,2025,6.563937033469547
canoe,nz,newfoundland and labrador,final energy|marine freight|natural gas,PJ,2030,6.563936765556943
canoe,nz,newfoundland and labrador,final energy|marine freight|natural gas,PJ,2035,14.9618733117095
canoe,nz,newfoundland and labrador,final energy|marine freight|natural gas,PJ,2040,14.973421759504358
canoe,nz,newfoundland and labrador,final energy|marine freight|natural gas,PJ,2045,14.97341679252967
canoe,nz,newfoundland and labrador,final energy|marine freight|natural gas,PJ,2050,14.96528382944102
canoe,nz,newfoundland and labrador,final energy|marine freight|oil,PJ,2025,9.854723760992567
canoe,nz,newfoundland and labrador,final energy|marine freight|oil,PJ,2030,9.837010234370604
canoe,nz,newfoundland and labrador,final energy|marine freight|oil,PJ,2035,0.03531747067242106
canoe,nz,newfoundland and labrador,final energy|medium duty trucking|electricity,PJ,2025,4.246532554913142
canoe,nz,newfoundland and labrador,final energy|medium duty trucking|electricity,PJ,2030,4.639992381974678
canoe,nz,newfoundland and labrador,final energy|medium duty trucking|electricity,PJ,2035,6.054632931807921
canoe,nz,newfoundland and labrador,final energy|medium duty trucking|electricity,PJ,2040,7.26287560207175
canoe,nz,newfoundland and labrador,final energy|medium duty trucking|electricity,PJ,2045,7.028445019569722
canoe,nz,newfoundland and labrador,final energy|medium duty trucking|electricity,PJ,2050,6.80845249687925
canoe,nz,newfoundland and labrador,final energy|medium duty trucking|gasoline,PJ,2025,7.776494043686321
canoe,nz,newfoundland and labrador,final energy|medium duty trucking|gasoline,PJ,2030,5.962031374371837
canoe,nz,newfoundland and labrador,final energy|medium duty trucking|gasoline,PJ,2035,2.62848089776984
canoe,nz,newfoundland and labrador,final energy|medium duty trucking|generic,PJ,2025,9.74274593856477
canoe,nz,newfoundland and labrador,final energy|medium duty trucking|generic,PJ,2030,7.595032767872547
canoe,nz,newfoundland and labrador,final energy|medium duty trucking|generic,PJ,2035,3.4215450761846546
canoe,nz,newfoundland and labrador,final energy|motorcycle|electricity,PJ,2025,0.020849421010413493
canoe,nz,newfoundland and labrador,final energy|motorcycle|electricity,PJ,2030,0.03963229302526586
canoe,nz,newfoundland and labrador,final energy|motorcycle|electricity,PJ,2035,0.05386771899857885
canoe,nz,newfoundland and labrador,final energy|motorcycle|electricity,PJ,2040,0.05991375801363778
canoe,nz,newfoundland and labrador,final energy|motorcycle|electricity,PJ,2045,0.06039900784300364
canoe,nz,newfoundland and labrador,final energy|motorcycle|electricity,PJ,2050,0.06082709958051574
canoe,nz,newfoundland and labrador,final energy|motorcycle|gasoline,PJ,2025,0.11296650794066483
canoe,nz,newfoundland and labrador,final energy|motorcycle|gasoline,PJ,2030,0.05836352638327808
canoe,nz,newfoundland and labrador,final energy|motorcycle|gasoline,PJ,2035,0.016540599439105394
canoe,nz,newfoundland and labrador,final energy|offroad|offroad,PJ,2025,1.88523421532695
canoe,nz,newfoundland and labrador,final energy|offroad|offroad,PJ,2030,1.98561558036673
canoe,nz,newfoundland and labrador,final energy|offroad|offroad,PJ,2035,2.06907112322984
canoe,nz,newfoundland and labrador,final energy|offroad|offroad,PJ,2040,2.13481157806815
canoe,nz,newfoundland and labrador,final energy|offroad|offroad,PJ,2045,2.18753121634318
canoe,nz,newfoundland and labrador,final energy|offroad|offroad,PJ,2050,2.23608138343029
canoe,nz,newfoundland and labrador,final energy|other electrical|electricity,PJ,2025,1.6165417560516224
canoe,nz,newfoundland and labrador,final energy|other electrical|electricity,PJ,2030,1.595566793505246
canoe,nz,newfoundland and labrador,final energy|other electrical|electricity,PJ,2035,1.5709740277000583
canoe,nz,newfoundland and labrador,final energy|other electrical|electricity,PJ,2040,1.53927010069819
canoe,nz,newfoundland and labrador,final energy|other electrical|electricity,PJ,2045,1.5063809801635415
canoe,nz,newfoundland and labrador,final energy|other electrical|electricity,PJ,2050,1.491853470435489
canoe,nz,newfoundland and labrador,final energy|other end-use|other,PJ,2025,5.913111546336393
canoe,nz,newfoundland and labrador,final energy|other end-use|other,PJ,2030,6.533679393433655
canoe,nz,newfoundland and labrador,final energy|other end-use|other,PJ,2035,6.998301373979624
canoe,nz,newfoundland and labrador,final energy|other end-use|other,PJ,2040,7.272147228467083
canoe,nz,newfoundland and labrador,final energy|other end-use|other,PJ,2045,7.580908850463826
canoe,nz,newfoundland and labrador,final energy|other end-use|other,PJ,2050,8.04456433147132
canoe,nz,newfoundland and labrador,final energy|passenger rail|diesel,PJ,2025,0.45321037366747813
canoe,nz,newfoundland and labrador,final energy|passenger rail|diesel,PJ,2030,0.18896904881266194
canoe,nz,newfoundland and labrador,final energy|passenger rail|diesel,PJ,2035,0.0746310961644515
canoe,nz,newfoundland and labrador,final energy|passenger rail|hydrogen,PJ,2030,0.10817325211867332
canoe,nz,newfoundland and labrador,final energy|passenger rail|hydrogen,PJ,2035,0.16948788329073064
canoe,nz,newfoundland and labrador,final energy|passenger rail|hydrogen,PJ,2040,0.21073834062372182
canoe,nz,newfoundland and labrador,final energy|passenger rail|hydrogen,PJ,2045,0.21073815104252522
canoe,nz,newfoundland and labrador,final energy|passenger rail|hydrogen,PJ,2050,0.2107379731914203
canoe,nz,newfoundland and labrador,final energy|passenger truck|diesel,PJ,2025,0.09371969418519048
canoe,nz,newfoundland and labrador,final energy|passenger truck|diesel,PJ,2030,0.04889399195573137
canoe,nz,newfoundland and labrador,final energy|passenger truck|electricity,PJ,2035,0.35678997949834673
canoe,nz,newfoundland and labrador,final energy|passenger truck|electricity,PJ,2040,0.6633059200771239
canoe,nz,newfoundland and labrador,final energy|passenger truck|electricity,PJ,2045,0.9295407099877738
canoe,nz,newfoundland and labrador,final energy|passenger truck|electricity,PJ,2050,0.9990112312115411
canoe,nz,newfoundland and labrador,final energy|passenger truck|gasoline,PJ,2025,3.0714093565739424
canoe,nz,newfoundland and labrador,final energy|passenger truck|gasoline,PJ,2030,2.2778326501706236
canoe,nz,newfoundland and labrador,final energy|passenger truck|gasoline,PJ,2035,0.8727511896550739
canoe,nz,newfoundland and labrador,final energy|passenger truck|gasoline,PJ,2040,0.3504603282468856
canoe,nz,newfoundland and labrador,final energy|passenger truck|gasoline,PJ,2045,0.06981941870001132
canoe,nz,newfoundland and labrador,final energy|refrigerator|electricity,PJ,2025,0.3367807042400126
canoe,nz,newfoundland and labrador,final energy|refrigerator|electricity,PJ,2030,0.20727536431893098
canoe,nz,newfoundland and labrador,final energy|refrigerator|electricity,PJ,2035,0.2425378398248965
canoe,nz,newfoundland and labrador,final energy|refrigerator|electricity,PJ,2040,0.23546547768650172
canoe,nz,newfoundland and labrador,final energy|refrigerator|electricity,PJ,2045,0.2306609417745263
canoe,nz,newfoundland and labrador,final energy|refrigerator|electricity,PJ,2050,0.22782879507143328
canoe,nz,newfoundland and labrador,final energy|space cooling|electricity,PJ,2025,0.7625809946256852
canoe,nz,newfoundland and labrador,final energy|space cooling|electricity,PJ,2030,0.8204826303816316
canoe,nz,newfoundland and labrador,final energy|space cooling|electricity,PJ,2035,0.39146084135211795
canoe,nz,newfoundland and labrador,final energy|space heating|electricity,PJ,2025,12.892597354164076
canoe,nz,newfoundland and labrador,final energy|space heating|electricity,PJ,2030,13.84023422228627
canoe,nz,newfoundland and labrador,final energy|space heating|electricity,PJ,2035,15.121280487107917
canoe,nz,newfoundland and labrador,final energy|space heating|electricity,PJ,2040,16.06886339152892
canoe,nz,newfoundland and labrador,final energy|space heating|electricity,PJ,2045,16.269148471218365
canoe,nz,newfoundland and labrador,final energy|space heating|electricity,PJ,2050,16.429886832754498
canoe,nz,newfoundland and labrador,final energy|space heating|oil,PJ,2025,1.85468004731469
canoe,nz,newfoundland and labrador,final energy|space heating|oil,PJ,2030,1.366606278712198
canoe,nz,newfoundland and labrador,final energy|space heating|oil,PJ,2035,0.8785453821687728
canoe,nz,newfoundland and labrador,final energy|space heating|oil,PJ,2040,0.3514201790892879
canoe,nz,newfoundland and labrador,final energy|space heating|wood,PJ,2025,0.8202927667965582
canoe,nz,newfoundland and labrador,final energy|space heating|wood,PJ,2030,0.5468576514679542
canoe,nz,newfoundland and labrador,final energy|space heating|wood,PJ,2035,0.2734249523202532
canoe,nz,newfoundland and labrador,final energy|water heating|electricity,PJ,2025,1.6059909060654067
canoe,nz,newfoundland and labrador,final energy|water heating|electricity,PJ,2030,1.2157106184037365
canoe,nz,newfoundland and labrador,final energy|water heating|electricity,PJ,2035,0.8121362567502276
canoe,nz,newfoundland and labrador,final energy|water heating|electricity,PJ,2040,0.8425754007196086
canoe,nz,newfoundland and labrador,final energy|water heating|electricity,PJ,2045,0.8240185819546482
canoe,nz,newfoundland and labrador,final energy|water heating|electricity,PJ,2050,0.8157727589192372
canoe,nz,newfoundland and labrador,final energy|water heating|oil,PJ,2025,0.17147451887228632
canoe,nz,newfoundland and labrador,final energy|water heating|oil,PJ,2030,0.09353159897029097
canoe,nz,nova scotia,final energy|all|all,PJ,2025,38.973339517625234
canoe,nz,nova scotia,final energy|all|all,PJ,2030,41.67593955871727
canoe,nz,nova scotia,final energy|all|all,PJ,2035,42.6283791955527
canoe,nz,nova scotia,final energy|all|all,PJ,2040,40.94616567169108
canoe,nz,nova scotia,final energy|all|all,PJ,2045,39.97576081470775
canoe,nz,nova scotia,final energy|all|all,PJ,2050,39.37968744505636
canoe,nz,nova scotia,final energy|aviation|jet fuel,PJ,2025,23.734192391737675
canoe,nz,nova scotia,final energy|aviation|jet fuel,PJ,2030,22.629104888285045
canoe,nz,nova scotia,final energy|aviation|jet fuel,PJ,2035,21.905192329747134
canoe,nz,nova scotia,final energy|aviation|jet fuel,PJ,2040,21.2449163381666
canoe,nz,nova scotia,final energy|aviation|jet fuel,PJ,2045,21.01011935006741
canoe,nz,nova scotia,final energy|aviation|jet fuel,PJ,2050,21.20748066774473
canoe,nz,nova scotia,final energy|bus|diesel,PJ,2025,0.5489793315216136
canoe,nz,nova scotia,final energy|bus|diesel,PJ,2030,0.2552441883600571
canoe,nz,nova scotia,final energy|bus|electricity,PJ,2025,0.4037325231549869
canoe,nz,nova scotia,final energy|bus|electricity,PJ,2030,0.436943375931538
canoe,nz,nova scotia,final energy|bus|electricity,PJ,2035,0.5146916003390748
canoe,nz,nova scotia,final energy|bus|electricity,PJ,2040,0.5559007661386189
canoe,nz,nova scotia,final energy|bus|electricity,PJ,2045,0.5427198864412004
canoe,nz,nova scotia,final energy|bus|electricity,PJ,2050,0.5287572238358021
canoe,nz,nova scotia,final energy|bus|gasoline,PJ,2025,0.02800150230031683
canoe,nz,nova scotia,final energy|bus|gasoline,PJ,2030,0.013033300615667051
canoe,nz,nova scotia,final energy|bus|hydrogen,PJ,2025,0.2561942240940394
canoe,nz,nova scotia,final energy|bus|hydrogen,PJ,2030,0.26414478062930985
canoe,nz,nova scotia,final energy|bus|hydrogen,PJ,2035,0.19000905832707038
canoe,nz,nova scotia,final energy|bus|hydrogen,PJ,2040,0.07869692656480702
canoe,nz,nova scotia,final energy|bus|hydrogen,PJ,2045,0.06876058734764515
canoe,nz,nova scotia,final energy|bus|hydrogen,PJ,2050,0.06511398322197468
canoe,nz,nova scotia,final energy|bus|natural gas,PJ,2025,0.022575736807523478
canoe,nz,nova scotia,final energy|car|diesel,PJ,2025,0.021656789722923103
canoe,nz,nova scotia,final energy|car|electricity,PJ,2030,0.44402829170453245
canoe,nz,nova scotia,final energy|car|electricity,PJ,2035,0.930163101050209
canoe,nz,nova scotia,final energy|car|electricity,PJ,2040,1.2579334205108132
canoe,nz,nova scotia,final energy|car|electricity,PJ,2045,1.3295836494329294
canoe,nz,nova scotia,final energy|car|electricity,PJ,2050,1.386236236508298
canoe,nz,nova scotia,final energy|car|gasoline,PJ,2025,2.6494717746104985
canoe,nz,nova scotia,final energy|car|gasoline,PJ,2030,1.6112192623785375
canoe,nz,nova scotia,final energy|car|gasoline,PJ,2035,0.2922920889077452
canoe,nz,nova scotia,final energy|car|gasoline,PJ,2040,0.011693570830717662
canoe,nz,nova scotia,final energy|clothes dryer|electricity,PJ,2025,1.0655452127148677
canoe,nz,nova scotia,final energy|clothes dryer|electricity,PJ,2030,1.0460163044058703
canoe,nz,nova scotia,final energy|clothes dryer|electricity,PJ,2035,1.0206709062971238
canoe,nz,nova scotia,final energy|clothes dryer|electricity,PJ,2040,1.060283825532206
canoe,nz,nova scotia,final energy|clothes dryer|electricity,PJ,2045,1.0579428785723775
canoe,nz,nova scotia,final energy|clothes dryer|electricity,PJ,2050,1.0910905190790159
canoe,nz,nova scotia,final energy|clothes washer|electricity,PJ,2025,0.03838349641276334
canoe,nz,nova scotia,final energy|clothes washer|electricity,PJ,2030,0.027628465508698737
canoe,nz,nova scotia,final energy|clothes washer|electricity,PJ,2035,0.022266742564122925
canoe,nz,nova scotia,final energy|clothes washer|electricity,PJ,2040,0.022156675291997528
canoe,nz,nova scotia,final energy|clothes washer|electricity,PJ,2045,0.02240505894208918
canoe,nz,nova scotia,final energy|clothes washer|electricity,PJ,2050,0.02361529369710175
canoe,nz,nova scotia,final energy|cooking|electricity,PJ,2025,0.8251550016480519
canoe,nz,nova scotia,final energy|cooking|electricity,PJ,2030,0.839381075488186
canoe,nz,nova scotia,final energy|cooking|electricity,PJ,2035,0.8272557652461423
canoe,nz,nova scotia,final energy|cooking|electricity,PJ,2040,0.8964702211600035
canoe,nz,nova scotia,final energy|cooking|electricity,PJ,2045,0.9237963723906614
canoe,nz,nova scotia,final energy|cooking|electricity,PJ,2050,0.9483188081947017
canoe,nz,nova scotia,final energy|dish washer|electricity,PJ,2025,0.05307384647685136
canoe,nz,nova scotia,final energy|dish washer|electricity,PJ,2030,0.05059490951611608
canoe,nz,nova scotia,final energy|dish washer|electricity,PJ,2035,0.0501554374077809
canoe,nz,nova scotia,final energy|dish washer|electricity,PJ,2040,0.049301715049180156
canoe,nz,nova scotia,final energy|dish washer|electricity,PJ,2045,0.04783646126804564
canoe,nz,nova scotia,final energy|dish washer|electricity,PJ,2050,0.049536482613660726
canoe,nz,nova scotia,final energy|freezer|electricity,PJ,2025,0.21711061107525603
canoe,nz,nova scotia,final energy|freezer|electricity,PJ,2030,0.18019134569634612
canoe,nz,nova scotia,final energy|freezer|electricity,PJ,2035,0.12453744195303597
canoe,nz,nova scotia,final energy|freezer|electricity,PJ,2040,0.1020166969676457
canoe,nz,nova scotia,final energy|freezer|electricity,PJ,2045,0.11218035391073958
canoe,nz,nova scotia,final energy|freezer|electricity,PJ,2050,0.1200505117561031
canoe,nz,nova scotia,final energy|freight rail|natural gas,PJ,2025,16.541114763004288
canoe,nz,nova scotia,final energy|freight rail|natural gas,PJ,2030,16.550343820613534
canoe,nz,nova scotia,final energy|freight rail|natural gas,PJ,2035,16.550342147869507
canoe,nz,nova scotia,final energy|freight rail|natural gas,PJ,2040,16.550338807488412
canoe,nz,nova scotia,final energy|freight rail|natural gas,PJ,2045,16.55033494629438
canoe,nz,nova scotia,final energy|freight rail|natural gas,PJ,2050,16.550325905463534
canoe,nz,nova scotia,final energy|heavy trucking|diesel,PJ,2025,20.939585610945656
canoe,nz,nova scotia,final energy|heavy trucking|diesel,PJ,2030,16.32085183749875
canoe,nz,nova scotia,final energy|heavy trucking|diesel,PJ,2035,8.960095031560302
canoe,nz,nova scotia,final energy|heavy trucking|electricity,PJ,2025,3.6961261614098
canoe,nz,nova scotia,final energy|heavy trucking|electricity,PJ,2030,4.635534255096025
canoe,nz,nova scotia,final energy|heavy trucking|electricity,PJ,2035,6.364600788790987
canoe,nz,nova scotia,final energy|heavy trucking|electricity,PJ,2040,8.60463712195755
canoe,nz,nova scotia,final energy|heavy trucking|electricity,PJ,2045,8.30886424710996
canoe,nz,nova scotia,final energy|heavy trucking|electricity,PJ,2050,8.040637609606687
canoe,nz,nova scotia,final energy|light freight truck|diesel,PJ,2025,0.5014786124099881
canoe,nz,nova scotia,final energy|light freight truck|diesel,PJ,2030,0.34535096394394155
canoe,nz,nova scotia,final energy|light freight truck|diesel,PJ,2035,0.06369978332255989
canoe,nz,nova scotia,final energy|light freight truck|electricity,PJ,2040,1.1903917111073674
canoe,nz,nova scotia,final energy|light freight truck|electricity,PJ,2045,1.4880812383683266
canoe,nz,nova scotia,final energy|light freight truck|electricity,PJ,2050,1.9928346725483013
canoe,nz,nova scotia,final energy|light freight truck|gasoline,PJ,2025,7.9098088683952685
canoe,nz,nova scotia,final energy|light freight truck|gasoline,PJ,2030,7.052194162358089
canoe,nz,nova scotia,final energy|light freight truck|gasoline,PJ,2035,3.9408659840080067
canoe,nz,nova scotia,final energy|light freight truck|gasoline,PJ,2040,1.809701494195647
canoe,nz,nova scotia,final energy|light freight truck|gasoline,PJ,2045,1.3381900313335644
canoe,nz,nova scotia,final energy|light freight truck|gasoline,PJ,2050,0.6271297547740668
canoe,nz,nova scotia,final energy|lighting|electricity,PJ,2025,1.996059779046594
canoe,nz,nova scotia,final energy|lighting|electricity,PJ,2030,2.0352744429627045
canoe,nz,nova scotia,final energy|lighting|electricity,PJ,2035,1.7946651461313896
canoe,nz,nova scotia,final energy|lighting|electricity,PJ,2040,1.78875867023688
canoe,nz,nova scotia,final energy|lighting|electricity,PJ,2045,1.4881668417576088
canoe,nz,nova scotia,final energy|lighting|electricity,PJ,2050,1.4774647997888202
canoe,nz,nova scotia,final energy|marine freight|natural gas,PJ,2025,6.46767492955071
canoe,nz,nova scotia,final energy|marine freight|natural gas,PJ,2030,6.467674702291817
canoe,nz,nova scotia,final energy|marine freight|natural gas,PJ,2035,14.658208292388943
canoe,nz,nova scotia,final energy|marine freight|natural gas,PJ,2040,14.669182624154804
canoe,nz,nova scotia,final energy|marine freight|natural gas,PJ,2045,14.669177525144041
canoe,nz,nova scotia,final energy|marine freight|natural gas,PJ,2050,14.653079360502034
canoe,nz,nova scotia,final energy|marine freight|oil,PJ,2025,9.664431137827197
canoe,nz,nova scotia,final energy|marine freight|oil,PJ,2030,9.629405060915975
canoe,nz,nova scotia,final energy|marine freight|oil,PJ,2035,0.0550268545711736
canoe,nz,nova scotia,final energy|marine freight|oil,PJ,2040,0.01837672830655005
canoe,nz,nova scotia,final energy|medium duty trucking|electricity,PJ,2025,4.297555084130424
canoe,nz,nova scotia,final energy|medium duty trucking|electricity,PJ,2030,4.857002118636989
canoe,nz,nova scotia,final energy|medium duty trucking|electricity,PJ,2035,6.360542206041165
canoe,nz,nova scotia,final energy|medium duty trucking|electricity,PJ,2040,7.641873720762415
canoe,nz,nova scotia,final energy|medium duty trucking|electricity,PJ,2045,7.40456020166175
canoe,nz,nova scotia,final energy|medium duty trucking|electricity,PJ,2050,7.181177965519846
canoe,nz,nova scotia,final energy|medium duty trucking|gasoline,PJ,2025,8.598843794564463
canoe,nz,nova scotia,final energy|medium duty trucking|gasoline,PJ,2030,6.262898374653996
canoe,nz,nova scotia,final energy|medium duty trucking|gasoline,PJ,2035,2.761124004678911
canoe,nz,nova scotia,final energy|medium duty trucking|generic,PJ,2025,10.23440181128239
canoe,nz,nova scotia,final energy|medium duty trucking|generic,PJ,2030,7.978306470456726
canoe,nz,nova scotia,final energy|medium duty trucking|generic,PJ,2035,3.5942088507207997
canoe,nz,nova scotia,final energy|motorcycle|electricity,PJ,2025,0.028438543918982737
canoe,nz,nova scotia,final energy|motorcycle|electricity,PJ,2030,0.05613673701026792
canoe,nz,nova scotia,final energy|motorcycle|electricity,PJ,2035,0.07720973616655342
canoe,nz,nova scotia,final energy|motorcycle|electricity,PJ,2040,0.08640517081307574
canoe,nz,nova scotia,final energy|motorcycle|electricity,PJ,2045,0.08752078936258904
canoe,nz,nova scotia,final energy|motorcycle|electricity,PJ,2050,0.08851645818256523
canoe,nz,nova scotia,final energy|motorcycle|gasoline,PJ,2025,0.16172214681085134
canoe,nz,nova scotia,final energy|motorcycle|gasoline,PJ,2030,0.0835536550072536
canoe,nz,nova scotia,final energy|motorcycle|gasoline,PJ,2035,0.024144986955978904
canoe,nz,nova scotia,final energy|offroad|offroad,PJ,2025,3.5399640177966
canoe,nz,nova scotia,final energy|offroad|offroad,PJ,2030,3.73860515168611
canoe,nz,nova scotia,final energy|offroad|offroad,PJ,2035,3.90375237776294
canoe,nz,nova scotia,final energy|offroad|offroad,PJ,2040,4.03384383965753
canoe,nz,nova scotia,final energy|offroad|offroad,PJ,2045,4.13816886987641
canoe,nz,nova scotia,final energy|offroad|offroad,PJ,2050,4.23424307748517
canoe,nz,nova scotia,final energy|other electrical|electricity,PJ,2025,2.8905992661566517
canoe,nz,nova scotia,final energy|other electrical|electricity,PJ,2030,3.011277964191694
canoe,nz,nova scotia,final energy|other electrical|electricity,PJ,2035,3.095080756295544
canoe,nz,nova scotia,final energy|other electrical|electricity,PJ,2040,3.162283634308535
canoe,nz,nova scotia,final energy|other electrical|electricity,PJ,2045,3.232431658369905
canoe,nz,nova scotia,final energy|other electrical|electricity,PJ,2050,3.317964054425802
canoe,nz,nova scotia,final energy|other end-use|other,PJ,2025,10.345448985540498
canoe,nz,nova scotia,final energy|other end-use|other,PJ,2030,11.431180745190646
canoe,nz,nova scotia,final energy|other end-use|other,PJ,2035,12.244073070937018
canoe,nz,nova scotia,final energy|other end-use|other,PJ,2040,12.723187712239033
canoe,nz,nova scotia,final energy|other end-use|other,PJ,2045,13.263390206988031
canoe,nz,nova scotia,final energy|other end-use|other,PJ,2050,14.074591566549936
canoe,nz,nova scotia,final energy|passenger rail|diesel,PJ,2025,0.45550588522004853
canoe,nz,nova scotia,final energy|passenger rail|diesel,PJ,2030,0.29897907604920465
canoe,nz,nova scotia,final energy|passenger rail|diesel,PJ,2035,0.18980673358905972
canoe,nz,nova scotia,final energy|passenger rail|diesel,PJ,2040,0.0747481925067111
canoe,nz,nova scotia,final energy|passenger rail|hydrogen,PJ,2030,0.062462995458336515
canoe,nz,nova scotia,final energy|passenger rail|hydrogen,PJ,2035,0.10847008405516959
canoe,nz,nova scotia,final energy|passenger rail|hydrogen,PJ,2040,0.16960138908921812
canoe,nz,nova scotia,final energy|passenger rail|hydrogen,PJ,2045,0.21049600778435945
canoe,nz,nova scotia,final energy|passenger rail|hydrogen,PJ,2050,0.210495698184161
canoe,nz,nova scotia,final energy|passenger truck|diesel,PJ,2025,0.30970431223996825
canoe,nz,nova scotia,final energy|passenger truck|diesel,PJ,2030,0.16157030194587846
canoe,nz,nova scotia,final energy|passenger truck|diesel,PJ,2035,0.026132389383921113
canoe,nz,nova scotia,final energy|passenger truck|electricity,PJ,2040,1.1880857107897587
canoe,nz,nova scotia,final energy|passenger truck|electricity,PJ,2045,1.9344796912464106
canoe,nz,nova scotia,final energy|passenger truck|electricity,PJ,2050,2.8440063206060033
canoe,nz,nova scotia,final energy|passenger truck|gasoline,PJ,2025,10.613236096167325
canoe,nz,nova scotia,final energy|passenger truck|gasoline,PJ,2030,7.888229999301839
canoe,nz,nova scotia,final energy|passenger truck|gasoline,PJ,2035,4.50737306352492
canoe,nz,nova scotia,final energy|passenger truck|gasoline,PJ,2040,2.4042046798185726
canoe,nz,nova scotia,final energy|passenger truck|gasoline,PJ,2045,1.4531541257663407
canoe,nz,nova scotia,final energy|passenger truck|gasoline,PJ,2050,0.30881864801786285
canoe,nz,nova scotia,final energy|refrigerator|electricity,PJ,2025,0.6206943020529618
canoe,nz,nova scotia,final energy|refrigerator|electricity,PJ,2030,0.43581562390965123
canoe,nz,nova scotia,final energy|refrigerator|electricity,PJ,2035,0.5000860695932162
canoe,nz,nova scotia,final energy|refrigerator|electricity,PJ,2040,0.5109443397894011
canoe,nz,nova scotia,final energy|refrigerator|electricity,PJ,2045,0.5222784704324308
canoe,nz,nova scotia,final energy|refrigerator|electricity,PJ,2050,0.5360983230096149
canoe,nz,nova scotia,final energy|space cooling|electricity,PJ,2025,0.13653612768192405
canoe,nz,nova scotia,final energy|space cooling|electricity,PJ,2030,0.04008402719462557
canoe,nz,nova scotia,final energy|space cooling|electricity,PJ,2035,0.023322988738361757
canoe,nz,nova scotia,final energy|space heating|electricity,PJ,2025,11.881144042205202
canoe,nz,nova scotia,final energy|space heating|electricity,PJ,2030,12.926067705740312
canoe,nz,nova scotia,final energy|space heating|electricity,PJ,2035,13.669192580422544
canoe,nz,nova scotia,final energy|space heating|electricity,PJ,2040,14.336233212164787
canoe,nz,nova scotia,final energy|space heating|electricity,PJ,2045,14.878692966878175
canoe,nz,nova scotia,final energy|space heating|electricity,PJ,2050,15.470136285476906
canoe,nz,nova scotia,final energy|space heating|natural gas,PJ,2025,0.1781408425496046
canoe,nz,nova scotia,final energy|space heating|natural gas,PJ,2030,0.1257262468431629
canoe,nz,nova scotia,final energy|space heating|natural gas,PJ,2035,0.0733407203717151
canoe,nz,nova scotia,final energy|space heating|oil,PJ,2025,7.819282152272725
canoe,nz,nova scotia,final energy|space heating|oil,PJ,2030,5.761576322727271
canoe,nz,nova scotia,final energy|space heating|oil,PJ,2035,3.703877687852437
canoe,nz,nova scotia,final energy|space heating|oil,PJ,2040,1.4815502697717375
canoe,nz,nova scotia,final energy|space heating|wood,PJ,2025,3.4951577880279814
canoe,nz,nova scotia,final energy|space heating|wood,PJ,2030,2.4539754433627974
canoe,nz,nova scotia,final energy|space heating|wood,PJ,2035,1.4127911261131485
canoe,nz,nova scotia,final energy|space heating|wood,PJ,2040,0.3344400182517482
canoe,nz,nova scotia,final energy|water heating|electricity,PJ,2025,2.1765563323255033
canoe,nz,nova scotia,final energy|water heating|electricity,PJ,2030,1.9926241513837903
canoe,nz,nova scotia,final energy|water heating|electricity,PJ,2035,1.8050202202465
canoe,nz,nova scotia,final energy|water heating|electricity,PJ,2040,2.0326166981952727
canoe,nz,nova scotia,final energy|water heating|electricity,PJ,2045,2.077315351825425
canoe,nz,nova scotia,final energy|water heating|electricity,PJ,2050,2.1321905766208564
canoe,nz,nova scotia,final energy|water heating|oil,PJ,2025,1.8545701945710964
canoe,nz,nova scotia,final energy|water heating|oil,PJ,2030,1.0115836836006724
canoe,nz,nova scotia,final energy|water heating|oil,PJ,2035,0.06743992431164474
canoe,nz,ontario,final energy|all|all,PJ,2025,998.25
canoe,nz,ontario,final energy|all|all,PJ,2030,1091.097828011206
canoe,nz,ontario,final energy|all|all,PJ,2035,1081.699162622379
canoe,nz,ontario,final energy|all|all,PJ,2040,1063.20086245313
canoe,nz,ontario,final energy|all|all,PJ,2045,1030.1048052410695
canoe,nz,ontario,final energy|all|all,PJ,2050,1004.1496139951507
canoe,nz,ontario,final energy|aviation|jet fuel,PJ,2025,120.5908899584467
canoe,nz,ontario,final energy|aviation|jet fuel,PJ,2030,122.85620875661306
canoe,nz,ontario,final energy|aviation|jet fuel,PJ,2035,125.07856922065693
canoe,nz,ontario,final energy|aviation|jet fuel,PJ,2040,128.1363898739303
canoe,nz,ontario,final energy|aviation|jet fuel,PJ,2045,133.84279205926646
canoe,nz,ontario,final energy|aviation|jet fuel,PJ,2050,143.31831412970124
canoe,nz,ontario,final energy|bus|diesel,PJ,2025,5.026898700996866
canoe,nz,ontario,final energy|bus|diesel,PJ,2030,2.361332502031013
canoe,nz,ontario,final energy|bus|electricity,PJ,2025,3.3191596330703215
canoe,nz,ontario,final energy|bus|electricity,PJ,2030,4.100427561086504
canoe,nz,ontario,final energy|bus|electricity,PJ,2035,4.9584625378181855
canoe,nz,ontario,final energy|bus|electricity,PJ,2040,5.432616150230504
canoe,nz,ontario,final energy|bus|electricity,PJ,2045,5.558260716192661
canoe,nz,ontario,final energy|bus|electricity,PJ,2050,5.712169041430379
canoe,nz,ontario,final energy|bus|gasoline,PJ,2025,0.2840780985809279
canoe,nz,ontario,final energy|bus|gasoline,PJ,2030,0.15733707941932482
canoe,nz,ontario,final energy|bus|hydrogen,PJ,2025,1.750188031536402
canoe,nz,ontario,final energy|bus|hydrogen,PJ,2030,1.8705929140488584
canoe,nz,ontario,final energy|bus|hydrogen,PJ,2035,1.4637071578508292
canoe,nz,ontario,final energy|bus|hydrogen,PJ,2040,0.8019486455128491
canoe,nz,ontario,final energy|bus|hydrogen,PJ,2045,0.7697521690883052
canoe,nz,ontario,final energy|bus|hydrogen,PJ,2050,0.7597683837818517
canoe,nz,ontario,final energy|bus|natural gas,PJ,2025,0.21335624147723475
canoe,nz,ontario,final energy|bus|natural gas,PJ,2030,0.08788627467290887
canoe,nz,ontario,final energy|car|diesel,PJ,2025,1.250872466896942
canoe,nz,ontario,final energy|car|diesel,PJ,2030,0.1184399958968142
canoe,nz,ontario,final energy|car|electricity,PJ,2025,0.42306821483381046
canoe,nz,ontario,final energy|car|electricity,PJ,2030,16.188811879207446
canoe,nz,ontario,final energy|car|electricity,PJ,2035,40.7787175010332
canoe,nz,ontario,final energy|car|electricity,PJ,2040,66.79391625878996
canoe,nz,ontario,final energy|car|electricity,PJ,2045,69.67150905564569
canoe,nz,ontario,final energy|car|electricity,PJ,2050,72.4380191351471
canoe,nz,ontario,final energy|car|gasoline,PJ,2025,172.00728668374572
canoe,nz,ontario,final energy|car|gasoline,PJ,2030,112.39743976821534
canoe,nz,ontario,final energy|car|gasoline,PJ,2035,31.228293391667883
canoe,nz,ontario,final energy|car|gasoline,PJ,2040,1.7302922866178498
canoe,nz,ontario,final energy|car|gasoline,PJ,2045,0.5331193340880221
canoe,nz,ontario,final energy|car|gasoline,PJ,2050,0.03868038495543313
canoe,nz,ontario,final energy|clothes dryer|electricity,PJ,2025,7.89469073786472
canoe,nz,ontario,final energy|clothes dryer|electricity,PJ,2030,3.9473442006364254
canoe,nz,ontario,final energy|clothes dryer|electricity,PJ,2040,5.925570313340097
canoe,nz,ontario,final energy|clothes dryer|electricity,PJ,2045,11.652374014699477
canoe,nz,ontario,final energy|clothes dryer|electricity,PJ,2050,16.359758943948247
canoe,nz,ontario,final energy|clothes dryer|natural gas,PJ,2025,7.091478471125882
canoe,nz,ontario,final energy|clothes dryer|natural gas,PJ,2030,11.367592839503601
canoe,nz,ontario,final energy|clothes dryer|natural gas,PJ,2035,16.096776526182563
canoe,nz,ontario,final energy|clothes dryer|natural gas,PJ,2040,10.153362587880027
canoe,nz,ontario,final energy|clothes dryer|natural gas,PJ,2045,4.533236810021876
canoe,nz,ontario,final energy|clothes washer|electricity,PJ,2025,0.38784261786925156
canoe,nz,ontario,final energy|clothes washer|electricity,PJ,2030,0.28144486616948683
canoe,nz,ontario,final energy|clothes washer|electricity,PJ,2035,0.22455936495997353
canoe,nz,ontario,final energy|clothes washer|electricity,PJ,2040,0.23317375909490876
canoe,nz,ontario,final energy|clothes washer|electricity,PJ,2045,0.24306496248404597
canoe,nz,ontario,final energy|clothes washer|electricity,PJ,2050,0.2530144845982634
canoe,nz,ontario,final energy|cooking|electricity,PJ,2025,11.294812439429435
canoe,nz,ontario,final energy|cooking|electricity,PJ,2030,12.013165648683614
canoe,nz,ontario,final energy|cooking|electricity,PJ,2035,13.012279426465547
canoe,nz,ontario,final energy|cooking|electricity,PJ,2040,13.510460108614566
canoe,nz,ontario,final energy|cooking|electricity,PJ,2045,14.087977998468054
canoe,nz,ontario,final energy|cooking|electricity,PJ,2050,14.67825905100818
canoe,nz,ontario,final energy|cooking|natural gas,PJ,2025,2.1000349089061534
canoe,nz,ontario,final energy|cooking|natural gas,PJ,2030,1.0271991110529801
canoe,nz,ontario,final energy|dish washer|electricity,PJ,2025,0.68446187747163
canoe,nz,ontario,final energy|dish washer|electricity,PJ,2030,0.6554952793046571
canoe,nz,ontario,final energy|dish washer|electricity,PJ,2035,0.6334030973759416
canoe,nz,ontario,final energy|dish washer|electricity,PJ,2040,0.6627849221479474
canoe,nz,ontario,final energy|dish washer|electricity,PJ,2045,0.6923806852261346
canoe,nz,ontario,final energy|dish washer|electricity,PJ,2050,0.7208625353028287
canoe,nz,ontario,final energy|freezer|electricity,PJ,2025,2.519927947911864
canoe,nz,ontario,final energy|freezer|electricity,PJ,2030,2.322739031056198
canoe,nz,ontario,final energy|freezer|electricity,PJ,2035,2.1651118886628216
canoe,nz,ontario,final energy|freezer|electricity,PJ,2040,1.9463128597719428
canoe,nz,ontario,final energy|freezer|electricity,PJ,2045,1.9986823987251432
canoe,nz,ontario,final energy|freezer|electricity,PJ,2050,2.0823971175415092
canoe,nz,ontario,final energy|freight rail|hydrogen,PJ,2035,0.059876001707302784
canoe,nz,ontario,final energy|freight rail|hydrogen,PJ,2040,0.6049913894763304
canoe,nz,ontario,final energy|freight rail|hydrogen,PJ,2045,0.6049912485988117
canoe,nz,ontario,final energy|freight rail|hydrogen,PJ,2050,0.6049895731933413
canoe,nz,ontario,final energy|freight rail|natural gas,PJ,2025,21.962134524470013
canoe,nz,ontario,final energy|freight rail|natural gas,PJ,2030,24.35721492279538
canoe,nz,ontario,final energy|freight rail|natural gas,PJ,2035,26.013404230915626
canoe,nz,ontario,final energy|freight rail|natural gas,PJ,2040,26.850743344559536
canoe,nz,ontario,final energy|freight rail|natural gas,PJ,2045,28.469820433095116
canoe,nz,ontario,final energy|freight rail|natural gas,PJ,2050,30.253499007768628
canoe,nz,ontario,final energy|heavy trucking|diesel,PJ,2025,121.95776486774565
canoe,nz,ontario,final energy|heavy trucking|diesel,PJ,2030,95.96030336436961
canoe,nz,ontario,final energy|heavy trucking|diesel,PJ,2035,52.68189209669094
canoe,nz,ontario,final energy|heavy trucking|electricity,PJ,2025,11.410564125765989
canoe,nz,ontario,final energy|heavy trucking|electricity,PJ,2030,22.952516070057474
canoe,nz,ontario,final energy|heavy trucking|electricity,PJ,2035,36.54391179215588
canoe,nz,ontario,final energy|heavy trucking|electricity,PJ,2040,52.76330761274228
canoe,nz,ontario,final energy|heavy trucking|electricity,PJ,2045,53.86528022904276
canoe,nz,ontario,final energy|heavy trucking|electricity,PJ,2050,55.32662529497888
canoe,nz,ontario,final energy|light freight truck|diesel,PJ,2025,4.644367834389452
canoe,nz,ontario,final energy|light freight truck|diesel,PJ,2030,3.1902330103916015
canoe,nz,ontario,final energy|light freight truck|diesel,PJ,2035,0.5999904930845009
canoe,nz,ontario,final energy|light freight truck|electricity,PJ,2045,5.351837540783491
canoe,nz,ontario,final energy|light freight truck|electricity,PJ,2050,5.354938743526866
canoe,nz,ontario,final energy|light freight truck|gasoline,PJ,2025,68.02657818638
canoe,nz,ontario,final energy|light freight truck|gasoline,PJ,2030,62.881905431031576
canoe,nz,ontario,final energy|light freight truck|gasoline,PJ,2035,35.90323853805153
canoe,nz,ontario,final energy|light freight truck|gasoline,PJ,2040,31.32704890851695
canoe,nz,ontario,final energy|light freight truck|gasoline,PJ,2045,25.350840716995314
canoe,nz,ontario,final energy|light freight truck|gasoline,PJ,2050,25.14094531758378
canoe,nz,ontario,final energy|lighting|electricity,PJ,2025,18.337301893295443
canoe,nz,ontario,final energy|lighting|electricity,PJ,2030,18.328217729529
canoe,nz,ontario,final energy|lighting|electricity,PJ,2035,16.342700293369127
canoe,nz,ontario,final energy|lighting|electricity,PJ,2040,16.61288769309992
canoe,nz,ontario,final energy|lighting|electricity,PJ,2045,14.054898361508753
canoe,nz,ontario,final energy|lighting|electricity,PJ,2050,14.168287288270703
canoe,nz,ontario,final energy|marine freight|natural gas,PJ,2025,2.434093072546019
canoe,nz,ontario,final energy|marine freight|natural gas,PJ,2030,3.3625529532308116
canoe,nz,ontario,final energy|marine freight|natural gas,PJ,2035,9.629588916149121
canoe,nz,ontario,final energy|marine freight|natural gas,PJ,2040,10.273058209655167
canoe,nz,ontario,final energy|marine freight|natural gas,PJ,2045,10.872022556807364
canoe,nz,ontario,final energy|marine freight|natural gas,PJ,2050,11.520708506411058
canoe,nz,ontario,final energy|marine freight|oil,PJ,2025,6.5274963719255785
canoe,nz,ontario,final energy|marine freight|oil,PJ,2030,6.527494533974141
canoe,nz,ontario,final energy|medium duty trucking|electricity,PJ,2025,6.139012018413511
canoe,nz,ontario,final energy|medium duty trucking|electricity,PJ,2030,9.974396120112996
canoe,nz,ontario,final energy|medium duty trucking|electricity,PJ,2035,15.002949314024535
canoe,nz,ontario,final energy|medium duty trucking|electricity,PJ,2040,19.336798490053887
canoe,nz,ontario,final energy|medium duty trucking|electricity,PJ,2045,19.922634729106335
canoe,nz,ontario,final energy|medium duty trucking|electricity,PJ,2050,20.63784090352247
canoe,nz,ontario,final energy|medium duty trucking|gasoline,PJ,2025,20.70886568253072
canoe,nz,ontario,final energy|medium duty trucking|gasoline,PJ,2030,15.083114641818355
canoe,nz,ontario,final energy|medium duty trucking|gasoline,PJ,2035,6.649690786978803
canoe,nz,ontario,final energy|medium duty trucking|generic,PJ,2025,24.647793911083394
canoe,nz,ontario,final energy|medium duty trucking|generic,PJ,2030,19.214379621824495
canoe,nz,ontario,final energy|medium duty trucking|generic,PJ,2035,8.656032702767721
canoe,nz,ontario,final energy|motorcycle|electricity,PJ,2025,0.1727304108388062
canoe,nz,ontario,final energy|motorcycle|electricity,PJ,2030,0.4868759876399982
canoe,nz,ontario,final energy|motorcycle|electricity,PJ,2035,0.723842368898245
canoe,nz,ontario,final energy|motorcycle|electricity,PJ,2040,0.8520708730462278
canoe,nz,ontario,final energy|motorcycle|electricity,PJ,2045,0.905357140256328
canoe,nz,ontario,final energy|motorcycle|electricity,PJ,2050,0.9661573651900018
canoe,nz,ontario,final energy|motorcycle|gasoline,PJ,2025,1.5431109137003514
canoe,nz,ontario,final energy|motorcycle|gasoline,PJ,2030,0.7972586143870853
canoe,nz,ontario,final energy|motorcycle|gasoline,PJ,2035,0.23037792766186949
canoe,nz,ontario,final energy|offroad|offroad,PJ,2025,50.400877397
canoe,nz,ontario,final energy|offroad|offroad,PJ,2030,56.101838994
canoe,nz,ontario,final energy|offroad|offroad,PJ,2035,60.430672112
canoe,nz,ontario,final energy|offroad|offroad,PJ,2040,64.784277971
canoe,nz,ontario,final energy|offroad|offroad,PJ,2045,69.073896742
canoe,nz,ontario,final energy|offroad|offroad,PJ,2050,73.964040159
canoe,nz,ontario,final energy|other electrical|electricity,PJ,2025,28.94052031150664
canoe,nz,ontario,final energy|other electrical|electricity,PJ,2030,29.520414790763077
canoe,nz,ontario,final energy|other electrical|electricity,PJ,2035,30.761542311060023
canoe,nz,ontario,final energy|other electrical|electricity,PJ,2040,32.049882751437416
canoe,nz,ontario,final energy|other electrical|electricity,PJ,2045,33.40582350920275
canoe,nz,ontario,final energy|other electrical|electricity,PJ,2050,34.80502489335999
canoe,nz,ontario,final energy|other end-use|other,PJ,2025,165.26267538303867
canoe,nz,ontario,final energy|other end-use|other,PJ,2030,182.60662397327408
canoe,nz,ontario,final energy|other end-use|other,PJ,2035,195.592117472778
canoe,nz,ontario,final energy|other end-use|other,PJ,2040,203.24570191821127
canoe,nz,ontario,final energy|other end-use|other,PJ,2045,211.8751301484977
canoe,nz,ontario,final energy|other end-use|other,PJ,2050,224.83361142301095
canoe,nz,ontario,final energy|passenger rail|diesel,PJ,2025,0.6263205427359968
canoe,nz,ontario,final energy|passenger rail|diesel,PJ,2030,0.512423136713304
canoe,nz,ontario,final energy|passenger rail|diesel,PJ,2035,0.19670674437181526
canoe,nz,ontario,final energy|passenger rail|diesel,PJ,2040,0.014881718038921209
canoe,nz,ontario,final energy|passenger rail|diesel,PJ,2050,0.010800565159714039
canoe,nz,ontario,final energy|passenger rail|hydrogen,PJ,2030,0.07551976613231243
canoe,nz,ontario,final energy|passenger rail|hydrogen,PJ,2035,0.23050900145850955
canoe,nz,ontario,final energy|passenger rail|hydrogen,PJ,2040,0.3499586553467965
canoe,nz,ontario,final energy|passenger rail|hydrogen,PJ,2045,0.38282191199491156
canoe,nz,ontario,final energy|passenger rail|hydrogen,PJ,2050,0.4029124069570475
canoe,nz,ontario,final energy|passenger truck|diesel,PJ,2025,7.523310377909032
canoe,nz,ontario,final energy|passenger truck|diesel,PJ,2030,3.925176044457628
canoe,nz,ontario,final energy|passenger truck|diesel,PJ,2035,0.6344439034729926
canoe,nz,ontario,final energy|passenger truck|electricity,PJ,2025,0.0645842399323834
canoe,nz,ontario,final energy|passenger truck|electricity,PJ,2030,0.0698256022364575
canoe,nz,ontario,final energy|passenger truck|electricity,PJ,2035,0.01396341930630852
canoe,nz,ontario,final energy|passenger truck|electricity,PJ,2045,21.316001319304227
canoe,nz,ontario,final energy|passenger truck|electricity,PJ,2050,46.992749423485755
canoe,nz,ontario,final energy|passenger truck|gasoline,PJ,2025,252.98329238770478
canoe,nz,ontario,final energy|passenger truck|gasoline,PJ,2030,189.0686856917368
canoe,nz,ontario,final energy|passenger truck|gasoline,PJ,2035,107.91631210657573
canoe,nz,ontario,final energy|passenger truck|gasoline,PJ,2040,94.88433531501644
canoe,nz,ontario,final energy|passenger truck|gasoline,PJ,2045,70.0668430847052
canoe,nz,ontario,final energy|passenger truck|gasoline,PJ,2050,40.95229132364679
canoe,nz,ontario,final energy|refrigerator|electricity,PJ,2025,7.230183633977285
canoe,nz,ontario,final energy|refrigerator|electricity,PJ,2030,5.759694783731797
canoe,nz,ontario,final energy|refrigerator|electricity,PJ,2035,5.789457562855926
canoe,nz,ontario,final energy|refrigerator|electricity,PJ,2040,6.0319289003023036
canoe,nz,ontario,final energy|refrigerator|electricity,PJ,2045,6.287122914810694
canoe,nz,ontario,final energy|refrigerator|electricity,PJ,2050,6.550458769481255
canoe,nz,ontario,final energy|space cooling|electricity,PJ,2025,13.052107096041064
canoe,nz,ontario,final energy|space cooling|electricity,PJ,2030,8.884807517533517
canoe,nz,ontario,final energy|space cooling|electricity,PJ,2035,5.182806741832209
canoe,nz,ontario,final energy|space cooling|electricity,PJ,2040,0.5923270432109548
canoe,nz,ontario,final energy|space heating|electricity,PJ,2025,166.30884929128524
canoe,nz,ontario,final energy|space heating|electricity,PJ,2030,195.948267034169
canoe,nz,ontario,final energy|space heating|electricity,PJ,2035,225.67790011157774
canoe,nz,ontario,final energy|space heating|electricity,PJ,2040,255.7987415409892
canoe,nz,ontario,final energy|space heating|electricity,PJ,2045,266.2720227722149
canoe,nz,ontario,final energy|space heating|electricity,PJ,2050,279.76697682467994
canoe,nz,ontario,final energy|space heating|natural gas,PJ,2025,187.96459747883006
canoe,nz,ontario,final energy|space heating|natural gas,PJ,2030,132.75117176352052
canoe,nz,ontario,final energy|space heating|natural gas,PJ,2035,77.39857565222103
canoe,nz,ontario,final energy|space heating|natural gas,PJ,2040,8.847171871807516
canoe,nz,ontario,final energy|space heating|oil,PJ,2025,3.3131246900574998
canoe,nz,ontario,final energy|space heating|oil,PJ,2030,2.441176694776548
canoe,nz,ontario,final energy|space heating|oil,PJ,2035,1.5693205993101855
canoe,nz,ontario,final energy|space heating|oil,PJ,2040,0.599871027812822
canoe,nz,ontario,final energy|space heating|other,PJ,2025,7.462239683255892
canoe,nz,ontario,final energy|space heating|other,PJ,2030,5.267463656066238
canoe,nz,ontario,final energy|space heating|other,PJ,2035,3.072687535929941
canoe,nz,ontario,final energy|space heating|other,PJ,2040,0.351165153285345
canoe,nz,ontario,final energy|space heating|wood,PJ,2025,9.64059377238423
canoe,nz,ontario,final energy|space heating|wood,PJ,2030,6.705227972929705
canoe,nz,ontario,final energy|space heating|wood,PJ,2035,3.7698613269816885
canoe,nz,ontario,final energy|space heating|wood,PJ,2040,0.7510402032167832
canoe,nz,ontario,final energy|water heating|electricity,PJ,2025,14.78552829795508
canoe,nz,ontario,final energy|water heating|electricity,PJ,2030,19.32735126992627
canoe,nz,ontario,final energy|water heating|electricity,PJ,2035,25.23456561700649
canoe,nz,ontario,final energy|water heating|electricity,PJ,2040,29.339594579381234
canoe,nz,ontario,final energy|water heating|electricity,PJ,2045,30.580814889671927
canoe,nz,ontario,final energy|water heating|electricity,PJ,2050,31.86173413074914
canoe,nz,ontario,final energy|water heating|lpg,PJ,2025,0.15352261042727916
canoe,nz,ontario,final energy|water heating|lpg,PJ,2030,0.07676115028000888
canoe,nz,ontario,final energy|water heating|natural gas,PJ,2025,46.49857819230313
canoe,nz,ontario,final energy|water heating|natural gas,PJ,2030,23.24928941908506
canoe,nz,ontario,final energy|water heating|oil,PJ,2025,0.23230487732150007
canoe,nz,ontario,final energy|water heating|oil,PJ,2030,0.12671191313173708
canoe,nz,prince edward island,final energy|all|all,PJ,2025,8.696975881261595
canoe,nz,prince edward island,final energy|all|all,PJ,2030,9.098967997386968
canoe,nz,prince edward island,final energy|all|all,PJ,2035,9.128051779190102
canoe,nz,prince edward island,final energy|all|all,PJ,2040,9.052118262025619
canoe,nz,prince edward island,final energy|all|all,PJ,2045,9.211059963686118
canoe,nz,prince edward island,final energy|all|all,PJ,2050,9.581314036286301
canoe,nz,prince edward island,final energy|aviation|jet fuel,PJ,2025,16.780224308189773
canoe,nz,prince edward island,final energy|aviation|jet fuel,PJ,2030,15.803258941570599
canoe,nz,prince edward island,final energy|aviation|jet fuel,PJ,2035,15.125789429779491
canoe,nz,prince edward island,final energy|aviation|jet fuel,PJ,2040,14.529403285794327
canoe,nz,prince edward island,final energy|aviation|jet fuel,PJ,2045,14.254818950181193
canoe,nz,prince edward island,final energy|aviation|jet fuel,PJ,2050,14.287598477902998
canoe,nz,prince edward island,final energy|bus|diesel,PJ,2025,0.2995756117915834
canoe,nz,prince edward island,final energy|bus|diesel,PJ,2030,0.13779123042552913
canoe,nz,prince edward island,final energy|bus|electricity,PJ,2025,0.2139836111553904
canoe,nz,prince edward island,final energy|bus|electricity,PJ,2030,0.22265843938353158
canoe,nz,prince edward island,final energy|bus|electricity,PJ,2035,0.26453744493667847
canoe,nz,prince edward island,final energy|bus|electricity,PJ,2040,0.28917324871596284
canoe,nz,prince edward island,final energy|bus|electricity,PJ,2045,0.2797130496944281
canoe,nz,prince edward island,final energy|bus|electricity,PJ,2050,0.270122350953769
canoe,nz,prince edward island,final energy|bus|gasoline,PJ,2025,0.014943375249022041
canoe,nz,prince edward island,final energy|bus|hydrogen,PJ,2025,0.15871462403175093
canoe,nz,prince edward island,final energy|bus|hydrogen,PJ,2030,0.16232856467961462
canoe,nz,prince edward island,final energy|bus|hydrogen,PJ,2035,0.1131488106356311
canoe,nz,prince edward island,final energy|bus|hydrogen,PJ,2040,0.04046368561857477
canoe,nz,prince edward island,final energy|bus|hydrogen,PJ,2045,0.03420123320424931
canoe,nz,prince edward island,final energy|bus|hydrogen,PJ,2050,0.03232413152686954
canoe,nz,prince edward island,final energy|bus|natural gas,PJ,2025,0.010410117874076993
canoe,nz,prince edward island,final energy|car|diesel,PJ,2025,0.06267138755645923
canoe,nz,prince edward island,final energy|car|electricity,PJ,2025,0.021183019732685524
canoe,nz,prince edward island,final energy|car|electricity,PJ,2030,0.43709594988498535
canoe,nz,prince edward island,final energy|car|electricity,PJ,2035,3.8440668303211405
canoe,nz,prince edward island,final energy|car|electricity,PJ,2040,7.892976420282359
canoe,nz,prince edward island,final energy|car|electricity,PJ,2045,7.712435387513796
canoe,nz,prince edward island,final energy|car|electricity,PJ,2050,7.514718521400727
canoe,nz,prince edward island,final energy|car|gasoline,PJ,2025,14.256692497842716
canoe,nz,prince edward island,final energy|car|gasoline,PJ,2030,11.137994784873976
canoe,nz,prince edward island,final energy|car|gasoline,PJ,2035,5.613461175305727
canoe,nz,prince edward island,final energy|car|gasoline,PJ,2040,0.2289548640512465
canoe,nz,prince edward island,final energy|car|gasoline,PJ,2045,0.09413329824639796
canoe,nz,prince edward island,final energy|clothes dryer|electricity,PJ,2025,0.0336495467497832
canoe,nz,prince edward island,final energy|clothes dryer|electricity,PJ,2030,0.07589158431416669
canoe,nz,prince edward island,final energy|clothes dryer|electricity,PJ,2035,0.12706569314204497
canoe,nz,prince edward island,final energy|clothes dryer|electricity,PJ,2040,0.06108277413115205
canoe,nz,prince edward island,final energy|clothes dryer|electricity,PJ,2045,0.05956508466651919
canoe,nz,prince edward island,final energy|clothes dryer|electricity,PJ,2050,0.11977997254305293
canoe,nz,prince edward island,final energy|cooking|electricity,PJ,2025,0.016978079820420586
canoe,nz,prince edward island,final energy|cooking|electricity,PJ,2030,0.027184024319493922
canoe,nz,prince edward island,final energy|cooking|electricity,PJ,2035,0.02119977501692698
canoe,nz,prince edward island,final energy|cooking|electricity,PJ,2040,0.09694549043880812
canoe,nz,prince edward island,final energy|cooking|electricity,PJ,2045,0.0759528656994156
canoe,nz,prince edward island,final energy|cooking|electricity,PJ,2050,0.062442933868066534
canoe,nz,prince edward island,final energy|freight rail|natural gas,PJ,2025,16.402750567605917
canoe,nz,prince edward island,final energy|freight rail|natural gas,PJ,2030,16.402750807468642
canoe,nz,prince edward island,final energy|freight rail|natural gas,PJ,2035,16.402748137810462
canoe,nz,prince edward island,final energy|freight rail|natural gas,PJ,2040,16.40274778319276
canoe,nz,prince edward island,final energy|freight rail|natural gas,PJ,2045,16.402743755329823
canoe,nz,prince edward island,final energy|freight rail|natural gas,PJ,2050,16.402718794012532
canoe,nz,prince edward island,final energy|heavy trucking|diesel,PJ,2025,15.610758457532325
canoe,nz,prince edward island,final energy|heavy trucking|diesel,PJ,2030,12.167427860157359
canoe,nz,prince edward island,final energy|heavy trucking|diesel,PJ,2035,6.6798792375467135
canoe,nz,prince edward island,final energy|heavy trucking|electricity,PJ,2025,2.9657831971645017
canoe,nz,prince edward island,final energy|heavy trucking|electricity,PJ,2030,3.532820988228186
canoe,nz,prince edward island,final energy|heavy trucking|electricity,PJ,2035,4.743673502733011
canoe,nz,prince edward island,final energy|heavy trucking|electricity,PJ,2040,6.3608567135911365
canoe,nz,prince edward island,final energy|heavy trucking|electricity,PJ,2045,6.102054412891108
canoe,nz,prince edward island,final energy|heavy trucking|electricity,PJ,2050,5.888005345959955
canoe,nz,prince edward island,final energy|light freight truck|diesel,PJ,2025,0.2874527500003953
canoe,nz,prince edward island,final energy|light freight truck|diesel,PJ,2030,0.19931375454128772
canoe,nz,prince edward island,final energy|light freight truck|diesel,PJ,2035,0.034801980933176276
canoe,nz,prince edward island,final energy|light freight truck|electricity,PJ,2040,0.7162578542610628
canoe,nz,prince edward island,final energy|light freight truck|electricity,PJ,2045,0.7156523362596018
canoe,nz,prince edward island,final energy|light freight truck|electricity,PJ,2050,0.7161768167689853
canoe,nz,prince edward island,final energy|light freight truck|gasoline,PJ,2025,4.6502305392011225
canoe,nz,prince edward island,final energy|light freight truck|gasoline,PJ,2030,4.104730990654069
canoe,nz,prince edward island,final energy|light freight truck|gasoline,PJ,2035,2.274042089216756
canoe,nz,prince edward island,final energy|light freight truck|gasoline,PJ,2040,0.9846293528618653
canoe,nz,prince edward island,final energy|light freight truck|gasoline,PJ,2045,0.8878697737402512
canoe,nz,prince edward island,final energy|light freight truck|gasoline,PJ,2050,0.7849122140582316
canoe,nz,prince edward island,final energy|lighting|electricity,PJ,2025,0.09317325239580311
canoe,nz,prince edward island,final energy|lighting|electricity,PJ,2030,0.09656444948705727
canoe,nz,prince edward island,final energy|lighting|electricity,PJ,2035,0.0858899961091698
canoe,nz,prince edward island,final energy|lighting|electricity,PJ,2040,0.08771796172491085
canoe,nz,prince edward island,final energy|lighting|electricity,PJ,2045,0.07518626545147349
canoe,nz,prince edward island,final energy|lighting|electricity,PJ,2050,0.07533890578552105
canoe,nz,prince edward island,final energy|marine freight|natural gas,PJ,2025,6.62996270568904
canoe,nz,prince edward island,final energy|marine freight|natural gas,PJ,2030,6.629962443990809
canoe,nz,prince edward island,final energy|marine freight|natural gas,PJ,2035,15.169493824685464
canoe,nz,prince edward island,final energy|marine freight|natural gas,PJ,2040,15.182300686633068
canoe,nz,prince edward island,final energy|marine freight|natural gas,PJ,2045,15.18229595730063
canoe,nz,prince edward island,final energy|marine freight|natural gas,PJ,2050,15.179621771133782
canoe,nz,prince edward island,final energy|marine freight|oil,PJ,2025,9.985243979196664
canoe,nz,prince edward island,final energy|marine freight|oil,PJ,2030,9.979404677328214
canoe,nz,prince edward island,final energy|marine freight|oil,PJ,2035,0.022569028228435987
canoe,nz,prince edward island,final energy|medium duty trucking|electricity,PJ,2025,4.022607551800382
canoe,nz,prince edward island,final energy|medium duty trucking|electricity,PJ,2030,4.491303578034689
canoe,nz,prince edward island,final energy|medium duty trucking|electricity,PJ,2035,5.8449378951267
canoe,nz,prince edward island,final energy|medium duty trucking|electricity,PJ,2040,7.002969936585817
canoe,nz,prince edward island,final energy|medium duty trucking|electricity,PJ,2045,6.770416600964444
canoe,nz,prince edward island,final energy|medium duty trucking|electricity,PJ,2050,6.552755028149433
canoe,nz,prince edward island,final energy|medium duty trucking|gasoline,PJ,2025,7.902396320593475
canoe,nz,prince edward island,final energy|medium duty trucking|gasoline,PJ,2030,5.755669512943915
canoe,nz,prince edward island,final energy|medium duty trucking|gasoline,PJ,2035,2.537502176146793
canoe,nz,prince edward island,final energy|medium duty trucking|generic,PJ,2025,9.405523726450328
canoe,nz,prince edward island,final energy|medium duty trucking|generic,PJ,2030,7.332148257769705
canoe,nz,prince edward island,final energy|medium duty trucking|generic,PJ,2035,3.303116197892657
canoe,nz,prince edward island,final energy|motorcycle|electricity,PJ,2025,0.015643920714412653
canoe,nz,prince edward island,final energy|motorcycle|electricity,PJ,2030,0.028324919202857138
canoe,nz,prince edward island,final energy|motorcycle|electricity,PJ,2035,0.03789885449284742
canoe,nz,prince edward island,final energy|motorcycle|electricity,PJ,2040,0.041803772201755275
canoe,nz,prince edward island,final energy|motorcycle|electricity,PJ,2045,0.04186355470935262
canoe,nz,prince edward island,final energy|motorcycle|electricity,PJ,2050,0.04190520784590559
canoe,nz,prince edward island,final energy|motorcycle|gasoline,PJ,2025,0.0795254636949124
canoe,nz,prince edward island,final energy|motorcycle|gasoline,PJ,2030,0.04108607569707507
canoe,nz,prince edward island,final energy|motorcycle|gasoline,PJ,2035,0.011023076993482234
canoe,nz,prince edward island,final energy|offroad|offroad,PJ,2025,0.750269058796395
canoe,nz,prince edward island,final energy|offroad|offroad,PJ,2030,0.783254879463441
canoe,nz,prince edward island,final energy|offroad|offroad,PJ,2035,0.810678790210878
canoe,nz,prince edward island,final energy|offroad|offroad,PJ,2040,0.832281433905796
canoe,nz,prince edward island,final energy|offroad|offroad,PJ,2045,0.849605371837727
canoe,nz,prince edward island,final energy|offroad|offroad,PJ,2050,0.865559200756017
canoe,nz,prince edward island,final energy|other electrical|electricity,PJ,2025,0.21146745248032597
canoe,nz,prince edward island,final energy|other electrical|electricity,PJ,2030,0.2262352598489878
canoe,nz,prince edward island,final energy|other electrical|electricity,PJ,2035,0.23720495701580518
canoe,nz,prince edward island,final energy|other electrical|electricity,PJ,2040,0.24734897805178693
canoe,nz,prince edward island,final energy|other electrical|electricity,PJ,2045,0.2576109528207452
canoe,nz,prince edward island,final energy|other electrical|electricity,PJ,2050,0.26824448184857946
canoe,nz,prince edward island,final energy|other end-use|other,PJ,2025,1.9861970948733016
canoe,nz,prince edward island,final energy|other end-use|other,PJ,2030,2.194644042883276
canoe,nz,prince edward island,final energy|other end-use|other,PJ,2035,2.3507092245973675
canoe,nz,prince edward island,final energy|other end-use|other,PJ,2040,2.4426932564161286
canoe,nz,prince edward island,final energy|other end-use|other,PJ,2045,2.5464053937253355
canoe,nz,prince edward island,final energy|other end-use|other,PJ,2050,2.7021459310351283
canoe,nz,prince edward island,final energy|passenger rail|diesel,PJ,2025,0.4516357062344088
canoe,nz,prince edward island,final energy|passenger rail|diesel,PJ,2030,0.1883946509673673
canoe,nz,prince edward island,final energy|passenger rail|diesel,PJ,2035,0.18837998695922326
canoe,nz,prince edward island,final energy|passenger rail|diesel,PJ,2040,0.08423333568141393
canoe,nz,prince edward island,final energy|passenger rail|hydrogen,PJ,2030,0.10770058196334502
canoe,nz,prince edward island,final energy|passenger rail|hydrogen,PJ,2035,0.107700543782185
canoe,nz,prince edward island,final energy|passenger rail|hydrogen,PJ,2040,0.16258241321683728
canoe,nz,prince edward island,final energy|passenger rail|hydrogen,PJ,2045,0.20862338493061874
canoe,nz,prince edward island,final energy|passenger rail|hydrogen,PJ,2050,0.20862321235717415
canoe,nz,prince edward island,final energy|passenger truck|diesel,PJ,2025,0.7341196999227455
canoe,nz,prince edward island,final energy|passenger truck|diesel,PJ,2030,0.3830005858076885
canoe,nz,prince edward island,final energy|passenger truck|diesel,PJ,2035,0.061921723097268046
canoe,nz,prince edward island,final energy|passenger truck|electricity,PJ,2040,2.9741850105530965
canoe,nz,prince edward island,final energy|passenger truck|electricity,PJ,2045,4.202143851873634
canoe,nz,prince edward island,final energy|passenger truck|electricity,PJ,2050,7.0787441990590745
canoe,nz,prince edward island,final energy|passenger truck|gasoline,PJ,2025,26.15254812283446
canoe,nz,prince edward island,final energy|passenger truck|gasoline,PJ,2030,19.4769596333034
canoe,nz,prince edward island,final energy|passenger truck|gasoline,PJ,2035,13.112755420659878
canoe,nz,prince edward island,final energy|passenger truck|gasoline,PJ,2040,7.371166894661946
canoe,nz,prince edward island,final energy|passenger truck|gasoline,PJ,2045,5.338513713982041
canoe,nz,prince edward island,final energy|passenger truck|gasoline,PJ,2050,1.3818261294614589
canoe,nz,prince edward island,final energy|refrigerator|electricity,PJ,2030,0.017999138348076326
canoe,nz,prince edward island,final energy|refrigerator|electricity,PJ,2035,0.010685970982886978
canoe,nz,prince edward island,final energy|refrigerator|electricity,PJ,2040,0.013167344368572356
canoe,nz,prince edward island,final energy|refrigerator|electricity,PJ,2045,0.01526286208525692
canoe,nz,prince edward island,final energy|refrigerator|electricity,PJ,2050,0.017381301369203565
canoe,nz,prince edward island,final energy|space cooling|electricity,PJ,2025,0.25912360196701645
canoe,nz,prince edward island,final energy|space cooling|electricity,PJ,2030,0.28247520165652046
canoe,nz,prince edward island,final energy|space cooling|electricity,PJ,2035,0.12549994441288367
canoe,nz,prince edward island,final energy|space heating|electricity,PJ,2025,2.1040906787572915
canoe,nz,prince edward island,final energy|space heating|electricity,PJ,2030,2.672586059545796
canoe,nz,prince edward island,final energy|space heating|electricity,PJ,2035,3.2940651080263774
canoe,nz,prince edward island,final energy|space heating|electricity,PJ,2040,3.830133651167981
canoe,nz,prince edward island,final energy|space heating|electricity,PJ,2045,4.167479331570685
canoe,nz,prince edward island,final energy|space heating|electricity,PJ,2050,4.359612558214111
canoe,nz,prince edward island,final energy|space heating|oil,PJ,2025,1.2298891568054453
canoe,nz,prince edward island,final energy|space heating|oil,PJ,2030,0.8609310822574858
canoe,nz,prince edward island,final energy|space heating|oil,PJ,2035,0.5535023478842324
canoe,nz,prince edward island,final energy|space heating|oil,PJ,2040,0.2214090888420166
canoe,nz,prince edward island,final energy|water heating|electricity,PJ,2025,0.4028738137526122
canoe,nz,prince edward island,final energy|water heating|electricity,PJ,2030,0.2532331436861354
canoe,nz,prince edward island,final energy|water heating|electricity,PJ,2035,0.2719025767410543
canoe,nz,prince edward island,final energy|water heating|electricity,PJ,2040,0.2853132320247121
canoe,nz,prince edward island,final energy|water heating|electricity,PJ,2045,0.2970862399153591
canoe,nz,prince edward island,final energy|water heating|electricity,PJ,2050,0.3093305796171706
canoe,nz,prince edward island,final energy|water heating|oil,PJ,2025,0.3840579687086421
canoe,nz,prince edward island,final energy|water heating|oil,PJ,2030,0.19901725845362325
canoe,nz,prince edward island,final energy|water heating|oil,PJ,2035,0.012098813085371534
canoe,nz,quebec,final energy|all|all,PJ,2025,749.2900000000001
canoe,nz,quebec,final energy|all|all,PJ,2030,766.5088233300874
canoe,nz,quebec,final energy|all|all,PJ,2035,767.5226902079344
canoe,nz,quebec,final energy|all|all,PJ,2040,753.3260837300145
canoe,nz,quebec,final energy|all|all,PJ,2045,736.5929054099256
canoe,nz,quebec,final energy|all|all,PJ,2050,725.3832661669688
canoe,nz,quebec,final energy|aviation|jet fuel,PJ,2025,110.66670610362945
canoe,nz,quebec,final energy|aviation|jet fuel,PJ,2030,116.34425933511851
canoe,nz,quebec,final energy|aviation|jet fuel,PJ,2035,115.85554882585646
canoe,nz,quebec,final energy|aviation|jet fuel,PJ,2040,115.29568602883757
canoe,nz,quebec,final energy|aviation|jet fuel,PJ,2045,121.19719400459
canoe,nz,quebec,final energy|aviation|jet fuel,PJ,2050,129.77746033002094
canoe,nz,quebec,final energy|bus|diesel,PJ,2025,1.8306091647435203
canoe,nz,quebec,final energy|bus|diesel,PJ,2030,0.8393681443352206
canoe,nz,quebec,final energy|bus|electricity,PJ,2025,2.444933826553346
canoe,nz,quebec,final energy|bus|electricity,PJ,2030,2.728707585537759
canoe,nz,quebec,final energy|bus|electricity,PJ,2035,3.1541986227500662
canoe,nz,quebec,final energy|bus|electricity,PJ,2040,3.4935566061876573
canoe,nz,quebec,final energy|bus|electricity,PJ,2045,3.5759674415913305
canoe,nz,quebec,final energy|bus|electricity,PJ,2050,3.675672369139868
canoe,nz,quebec,final energy|bus|gasoline,PJ,2025,0.10430038491304726
canoe,nz,quebec,final energy|bus|gasoline,PJ,2030,0.05283565972849793
canoe,nz,quebec,final energy|bus|hydrogen,PJ,2025,1.1990693985136405
canoe,nz,quebec,final energy|bus|hydrogen,PJ,2030,1.2547914649456815
canoe,nz,quebec,final energy|bus|hydrogen,PJ,2035,0.9275831741048964
canoe,nz,quebec,final energy|bus|hydrogen,PJ,2040,0.4352700506273
canoe,nz,quebec,final energy|bus|hydrogen,PJ,2045,0.4113304390333081
canoe,nz,quebec,final energy|bus|hydrogen,PJ,2050,0.40298850397832
canoe,nz,quebec,final energy|bus|natural gas,PJ,2025,0.26527051886701775
canoe,nz,quebec,final energy|bus|natural gas,PJ,2030,0.10970363051672943
canoe,nz,quebec,final energy|car|diesel,PJ,2025,0.5445743021831962
canoe,nz,quebec,final energy|car|diesel,PJ,2030,0.04899980346202016
canoe,nz,quebec,final energy|car|electricity,PJ,2025,0.18417590085740812
canoe,nz,quebec,final energy|car|electricity,PJ,2030,7.046799089684288
canoe,nz,quebec,final energy|car|electricity,PJ,2035,20.142513677896254
canoe,nz,quebec,final energy|car|electricity,PJ,2040,39.1464882499675
canoe,nz,quebec,final energy|car|electricity,PJ,2045,40.70739917737835
canoe,nz,quebec,final energy|car|electricity,PJ,2050,42.383893909426114
canoe,nz,quebec,final energy|car|gasoline,PJ,2025,88.05733537137951
canoe,nz,quebec,final energy|car|gasoline,PJ,2030,61.58632922964193
canoe,nz,quebec,final energy|car|gasoline,PJ,2035,22.8613273226166
canoe,nz,quebec,final energy|car|gasoline,PJ,2040,0.9324348205222035
canoe,nz,quebec,final energy|car|gasoline,PJ,2045,0.38336464362085754
canoe,nz,quebec,final energy|car|gasoline,PJ,2050,0.022835452209816268
canoe,nz,quebec,final energy|clothes dryer|electricity,PJ,2025,9.745247708176887
canoe,nz,quebec,final energy|clothes dryer|electricity,PJ,2030,9.288332552132832
canoe,nz,quebec,final energy|clothes dryer|electricity,PJ,2035,9.153228182092827
canoe,nz,quebec,final energy|clothes dryer|electricity,PJ,2040,9.28068371626258
canoe,nz,quebec,final energy|clothes dryer|electricity,PJ,2045,9.477467054537614
canoe,nz,quebec,final energy|clothes dryer|electricity,PJ,2050,9.66700724714002
canoe,nz,quebec,final energy|clothes washer|electricity,PJ,2025,0.47720058999792847
canoe,nz,quebec,final energy|clothes washer|electricity,PJ,2030,0.3389117778599174
canoe,nz,quebec,final energy|clothes washer|electricity,PJ,2035,0.25927676401094113
canoe,nz,quebec,final energy|clothes washer|electricity,PJ,2040,0.2619433193799697
canoe,nz,quebec,final energy|clothes washer|electricity,PJ,2045,0.26625760168964174
canoe,nz,quebec,final energy|clothes washer|electricity,PJ,2050,0.2718594323442389
canoe,nz,quebec,final energy|cooking|electricity,PJ,2025,7.549680702450121
canoe,nz,quebec,final energy|cooking|electricity,PJ,2030,7.608573178898449
canoe,nz,quebec,final energy|cooking|electricity,PJ,2035,7.789177927789132
canoe,nz,quebec,final energy|cooking|electricity,PJ,2040,7.880293672871057
canoe,nz,quebec,final energy|cooking|electricity,PJ,2045,8.014667419153861
canoe,nz,quebec,final energy|cooking|electricity,PJ,2050,8.183180016970477
canoe,nz,quebec,final energy|cooking|natural gas,PJ,2025,0.19053087078287984
canoe,nz,quebec,final energy|cooking|natural gas,PJ,2030,0.038728226823442666
canoe,nz,quebec,final energy|dish washer|electricity,PJ,2025,0.7142842697428754
canoe,nz,quebec,final energy|dish washer|electricity,PJ,2030,0.6670384142930298
canoe,nz,quebec,final energy|dish washer|electricity,PJ,2035,0.6194375987881908
canoe,nz,quebec,final energy|dish washer|electricity,PJ,2040,0.6379449338718387
canoe,nz,quebec,final energy|dish washer|electricity,PJ,2045,0.6525632741179181
canoe,nz,quebec,final energy|dish washer|electricity,PJ,2050,0.6644508880072202
canoe,nz,quebec,final energy|freezer|electricity,PJ,2025,2.8715798772750354
canoe,nz,quebec,final energy|freezer|electricity,PJ,2030,2.602914310238424
canoe,nz,quebec,final energy|freezer|electricity,PJ,2035,2.3669823556346836
canoe,nz,quebec,final energy|freezer|electricity,PJ,2040,2.030810104324326
canoe,nz,quebec,final energy|freezer|electricity,PJ,2045,2.0559098771545816
canoe,nz,quebec,final energy|freezer|electricity,PJ,2050,2.1004127038858362
canoe,nz,quebec,final energy|freight rail|hydrogen,PJ,2035,0.24855428406943156
canoe,nz,quebec,final energy|freight rail|hydrogen,PJ,2040,0.6881994804229457
canoe,nz,quebec,final energy|freight rail|hydrogen,PJ,2045,0.688771451774697
canoe,nz,quebec,final energy|freight rail|hydrogen,PJ,2050,0.6887708348342457
canoe,nz,quebec,final energy|freight rail|natural gas,PJ,2025,9.021154212609003
canoe,nz,quebec,final energy|freight rail|natural gas,PJ,2030,10.005603374932411
canoe,nz,quebec,final energy|freight rail|natural gas,PJ,2035,10.331303345749914
canoe,nz,quebec,final energy|freight rail|natural gas,PJ,2040,10.331768216330868
canoe,nz,quebec,final energy|freight rail|natural gas,PJ,2045,10.992631473065078
canoe,nz,quebec,final energy|freight rail|natural gas,PJ,2050,11.72474968614162
canoe,nz,quebec,final energy|heavy trucking|diesel,PJ,2025,44.32812302132496
canoe,nz,quebec,final energy|heavy trucking|diesel,PJ,2030,34.55047733774761
canoe,nz,quebec,final energy|heavy trucking|diesel,PJ,2035,18.968099549409477
canoe,nz,quebec,final energy|heavy trucking|electricity,PJ,2025,19.383367466155065
canoe,nz,quebec,final energy|heavy trucking|electricity,PJ,2030,22.2532679375768
canoe,nz,quebec,final energy|heavy trucking|electricity,PJ,2035,26.658423115672253
canoe,nz,quebec,final energy|heavy trucking|electricity,PJ,2040,32.828204549534114
canoe,nz,quebec,final energy|heavy trucking|electricity,PJ,2045,33.51384916697157
canoe,nz,quebec,final energy|heavy trucking|electricity,PJ,2050,34.42303474751407
canoe,nz,quebec,final energy|light freight truck|diesel,PJ,2025,1.182421059443551
canoe,nz,quebec,final energy|light freight truck|diesel,PJ,2030,0.8122291269750428
canoe,nz,quebec,final energy|light freight truck|diesel,PJ,2035,0.15275844355073212
canoe,nz,quebec,final energy|light freight truck|electricity,PJ,2040,7.079466512704455
canoe,nz,quebec,final energy|light freight truck|electricity,PJ,2045,7.073496402224912
canoe,nz,quebec,final energy|light freight truck|electricity,PJ,2050,9.854398539977268
canoe,nz,quebec,final energy|light freight truck|gasoline,PJ,2025,25.214773511105847
canoe,nz,quebec,final energy|light freight truck|gasoline,PJ,2030,23.82459250337012
canoe,nz,quebec,final energy|light freight truck|gasoline,PJ,2035,16.21029116263118
canoe,nz,quebec,final energy|light freight truck|gasoline,PJ,2040,6.549432204654186
canoe,nz,quebec,final energy|light freight truck|gasoline,PJ,2045,6.684325828075702
canoe,nz,quebec,final energy|light freight truck|gasoline,PJ,2050,4.079490883105225
canoe,nz,quebec,final energy|lighting|electricity,PJ,2025,17.321794645655086
canoe,nz,quebec,final energy|lighting|electricity,PJ,2030,16.979769293512625
canoe,nz,quebec,final energy|lighting|electricity,PJ,2035,14.893884103057474
canoe,nz,quebec,final energy|lighting|electricity,PJ,2040,14.637250311076064
canoe,nz,quebec,final energy|lighting|electricity,PJ,2045,12.124773086091439
canoe,nz,quebec,final energy|lighting|electricity,PJ,2050,11.967628322327565
canoe,nz,quebec,final energy|marine freight|natural gas,PJ,2025,0.9567852655702395
canoe,nz,quebec,final energy|marine freight|natural gas,PJ,2030,1.9183262583753744
canoe,nz,quebec,final energy|marine freight|natural gas,PJ,2035,9.820351408603733
canoe,nz,quebec,final energy|marine freight|natural gas,PJ,2040,10.486630121382893
canoe,nz,quebec,final energy|marine freight|natural gas,PJ,2045,11.106935129775342
canoe,nz,quebec,final energy|marine freight|natural gas,PJ,2050,11.778734501378281
canoe,nz,quebec,final energy|marine freight|oil,PJ,2025,8.405120075012473
canoe,nz,quebec,final energy|marine freight|oil,PJ,2030,8.405118417428172
canoe,nz,quebec,final energy|medium duty trucking|electricity,PJ,2025,7.440943447804686
canoe,nz,quebec,final energy|medium duty trucking|electricity,PJ,2030,8.276139434586524
canoe,nz,quebec,final energy|medium duty trucking|electricity,PJ,2035,9.843511122999132
canoe,nz,quebec,final energy|medium duty trucking|electricity,PJ,2040,11.438777942326057
canoe,nz,quebec,final energy|medium duty trucking|electricity,PJ,2045,11.785331430051075
canoe,nz,quebec,final energy|medium duty trucking|electricity,PJ,2050,12.208415127055423
canoe,nz,quebec,final energy|medium duty trucking|gasoline,PJ,2025,6.468915566873688
canoe,nz,quebec,final energy|medium duty trucking|gasoline,PJ,2030,4.959542377178472
canoe,nz,quebec,final energy|medium duty trucking|gasoline,PJ,2035,2.1865137271470294
canoe,nz,quebec,final energy|medium duty trucking|generic,PJ,2025,8.104546414210462
canoe,nz,quebec,final energy|medium duty trucking|generic,PJ,2030,6.317961401686908
canoe,nz,quebec,final energy|medium duty trucking|generic,PJ,2035,2.846227410985315
canoe,nz,quebec,final energy|motorcycle|electricity,PJ,2025,0.14550649382419376
canoe,nz,quebec,final energy|motorcycle|electricity,PJ,2030,0.41013285610515277
canoe,nz,quebec,final energy|motorcycle|electricity,PJ,2035,0.6097303143322583
canoe,nz,quebec,final energy|motorcycle|electricity,PJ,2040,0.7177224245473109
canoe,nz,quebec,final energy|motorcycle|electricity,PJ,2045,0.7626078943261878
canoe,nz,quebec,final energy|motorcycle|electricity,PJ,2050,0.8138228832797431
canoe,nz,quebec,final energy|motorcycle|gasoline,PJ,2025,1.299900379515099
canoe,nz,quebec,final energy|motorcycle|gasoline,PJ,2030,0.6716018706607122
canoe,nz,quebec,final energy|motorcycle|gasoline,PJ,2035,0.19406786668423437
canoe,nz,quebec,final energy|offroad|offroad,PJ,2025,27.732436205
canoe,nz,quebec,final energy|offroad|offroad,PJ,2030,30.869317187
canoe,nz,quebec,final energy|offroad|offroad,PJ,2035,33.251202076
canoe,nz,quebec,final energy|offroad|offroad,PJ,2040,35.646717849
canoe,nz,quebec,final energy|offroad|offroad,PJ,2045,38.007025547
canoe,nz,quebec,final energy|offroad|offroad,PJ,2050,40.697764227
canoe,nz,quebec,final energy|other electrical|electricity,PJ,2025,31.656767569974207
canoe,nz,quebec,final energy|other electrical|electricity,PJ,2030,31.645201539438897
canoe,nz,quebec,final energy|other electrical|electricity,PJ,2035,32.16218121611495
canoe,nz,quebec,final energy|other electrical|electricity,PJ,2040,32.65692520777268
canoe,nz,quebec,final energy|other electrical|electricity,PJ,2045,33.19648800204547
canoe,nz,quebec,final energy|other electrical|electricity,PJ,2050,33.915068906670484
canoe,nz,quebec,final energy|other end-use|other,PJ,2025,107.94192208241687
canoe,nz,quebec,final energy|other end-use|other,PJ,2030,119.27018566637176
canoe,nz,quebec,final energy|other end-use|other,PJ,2035,127.75170833491403
canoe,nz,quebec,final energy|other end-use|other,PJ,2040,132.75067506436676
canoe,nz,quebec,final energy|other end-use|other,PJ,2045,138.3870177381765
canoe,nz,quebec,final energy|other end-use|other,PJ,2050,146.85089727297145
canoe,nz,quebec,final energy|passenger rail|diesel,PJ,2025,0.22924731714738697
canoe,nz,quebec,final energy|passenger rail|diesel,PJ,2030,0.14389047679392106
canoe,nz,quebec,final energy|passenger rail|diesel,PJ,2035,0.1438835912759844
canoe,nz,quebec,final energy|passenger rail|diesel,PJ,2040,0.14381139581831598
canoe,nz,quebec,final energy|passenger rail|hydrogen,PJ,2030,0.04884964949603284
canoe,nz,quebec,final energy|passenger rail|hydrogen,PJ,2035,0.05860436726285285
canoe,nz,quebec,final energy|passenger rail|hydrogen,PJ,2040,0.06829496306623078
canoe,nz,quebec,final energy|passenger rail|hydrogen,PJ,2045,0.15559696783692473
canoe,nz,quebec,final energy|passenger rail|hydrogen,PJ,2050,0.1665727040251933
canoe,nz,quebec,final energy|passenger truck|diesel,PJ,2025,1.6259752348646914
canoe,nz,quebec,final energy|passenger truck|diesel,PJ,2030,0.848258749334016
canoe,nz,quebec,final energy|passenger truck|diesel,PJ,2035,0.1371268337128021
canoe,nz,quebec,final energy|passenger truck|electricity,PJ,2025,0.016454409551384767
canoe,nz,quebec,final energy|passenger truck|electricity,PJ,2030,0.016681151539246084
canoe,nz,quebec,final energy|passenger truck|electricity,PJ,2035,6.402144291595505
canoe,nz,quebec,final energy|passenger truck|electricity,PJ,2040,24.131253232789152
canoe,nz,quebec,final energy|passenger truck|electricity,PJ,2045,31.81789308404131
canoe,nz,quebec,final energy|passenger truck|electricity,PJ,2050,33.9664084029406
canoe,nz,quebec,final energy|passenger truck|gasoline,PJ,2025,74.93759695910654
canoe,nz,quebec,final energy|passenger truck|gasoline,PJ,2030,61.42947165064202
canoe,nz,quebec,final energy|passenger truck|gasoline,PJ,2035,34.74627992808482
canoe,nz,quebec,final energy|passenger truck|gasoline,PJ,2040,10.200752908296574
canoe,nz,quebec,final energy|passenger truck|gasoline,PJ,2045,1.6373682730454173
canoe,nz,quebec,final energy|passenger truck|gasoline,PJ,2050,0.30843004198874485
canoe,nz,quebec,final energy|refrigerator|electricity,PJ,2025,7.852994634956308
canoe,nz,quebec,final energy|refrigerator|electricity,PJ,2030,6.1097670068744305
canoe,nz,quebec,final energy|refrigerator|electricity,PJ,2035,5.981255658205905
canoe,nz,quebec,final energy|refrigerator|electricity,PJ,2040,6.073264041579586
canoe,nz,quebec,final energy|refrigerator|electricity,PJ,2045,6.173607454065072
canoe,nz,quebec,final energy|refrigerator|electricity,PJ,2050,6.307243169652469
canoe,nz,quebec,final energy|space cooling|electricity,PJ,2025,5.402161206282693
canoe,nz,quebec,final energy|space cooling|electricity,PJ,2030,3.0095501242922884
canoe,nz,quebec,final energy|space cooling|electricity,PJ,2035,1.7555574591128202
canoe,nz,quebec,final energy|space cooling|electricity,PJ,2040,0.2006448487401404
canoe,nz,quebec,final energy|space heating|electricity,PJ,2025,151.4490405983999
canoe,nz,quebec,final energy|space heating|electricity,PJ,2030,145.5000281074087
canoe,nz,quebec,final energy|space heating|electricity,PJ,2035,138.77657249844964
canoe,nz,quebec,final energy|space heating|electricity,PJ,2040,130.73749264448995
canoe,nz,quebec,final energy|space heating|electricity,PJ,2045,124.41755015349057
canoe,nz,quebec,final energy|space heating|electricity,PJ,2050,129.07731697095124
canoe,nz,quebec,final energy|space heating|natural gas,PJ,2025,15.709201040893655
canoe,nz,quebec,final energy|space heating|natural gas,PJ,2030,11.088866045800124
canoe,nz,quebec,final energy|space heating|natural gas,PJ,2035,6.468507553023812
canoe,nz,quebec,final energy|space heating|natural gas,PJ,2040,0.7392634443409892
canoe,nz,quebec,final energy|space heating|oil,PJ,2025,7.569675794155018
canoe,nz,quebec,final energy|space heating|oil,PJ,2030,5.577668762805572
canoe,nz,quebec,final energy|space heating|oil,PJ,2035,3.5856450333139995
canoe,nz,quebec,final energy|space heating|oil,PJ,2040,1.434261593509087
canoe,nz,quebec,final energy|space heating|other,PJ,2025,0.9660804605741006
canoe,nz,quebec,final energy|space heating|other,PJ,2030,0.681939342908482
canoe,nz,quebec,final energy|space heating|other,PJ,2035,0.39779826525295137
canoe,nz,quebec,final energy|space heating|other,PJ,2040,0.04546335338725671
canoe,nz,quebec,final energy|space heating|wood,PJ,2025,16.57344520908215
canoe,nz,quebec,final energy|space heating|wood,PJ,2030,11.263659831702023
canoe,nz,quebec,final energy|space heating|wood,PJ,2035,5.953871974423145
canoe,nz,quebec,final energy|space heating|wood,PJ,2040,0.579672135727166
canoe,nz,quebec,final energy|water heating|electricity,PJ,2025,30.466900808385752
canoe,nz,quebec,final energy|water heating|electricity,PJ,2030,23.708019573664604
canoe,nz,quebec,final energy|water heating|electricity,PJ,2035,16.850135435591213
canoe,nz,quebec,final energy|water heating|electricity,PJ,2040,18.38245074061266
canoe,nz,quebec,final energy|water heating|electricity,PJ,2045,18.685573148137486
canoe,nz,quebec,final energy|water heating|electricity,PJ,2050,19.089804375741878
canoe,nz,quebec,final energy|water heating|natural gas,PJ,2025,2.7937906778875234
canoe,nz,quebec,final energy|water heating|natural gas,PJ,2030,1.396896370470828
canoe,nz,quebec,final energy|water heating|oil,PJ,2025,0.11454357946619584
canoe,nz,quebec,final energy|water heating|oil,PJ,2030,0.0624780110962876
canoe,nz,saskatchewan,final energy|all|all,PJ,2025,472.26
canoe,nz,saskatchewan,final energy|all|all,PJ,2030,466.18040657185844
canoe,nz,saskatchewan,final energy|all|all,PJ,2035,456.68249516225205
canoe,nz,saskatchewan,final energy|all|all,PJ,2040,437.49216736953247
canoe,nz,saskatchewan,final energy|all|all,PJ,2045,439.9311185952518
canoe,nz,saskatchewan,final energy|all|all,PJ,2050,476.3878732254443
canoe,nz,saskatchewan,final energy|aviation|jet fuel,PJ,2025,3.0575911458869656
canoe,nz,saskatchewan,final energy|aviation|jet fuel,PJ,2030,3.3853455037145572
canoe,nz,saskatchewan,final energy|aviation|jet fuel,PJ,2035,3.6197002569826906
canoe,nz,saskatchewan,final energy|aviation|jet fuel,PJ,2040,3.8520852362912206
canoe,nz,saskatchewan,final energy|aviation|jet fuel,PJ,2045,4.099690966381163
canoe,nz,saskatchewan,final energy|aviation|jet fuel,PJ,2050,4.391496073259331
canoe,nz,saskatchewan,final energy|bus|diesel,PJ,2025,0.1254461491011477
canoe,nz,saskatchewan,final energy|bus|diesel,PJ,2030,0.05695002820968988
canoe,nz,saskatchewan,final energy|bus|electricity,PJ,2025,0.46313760816426025
canoe,nz,saskatchewan,final energy|bus|electricity,PJ,2030,0.4622596219673274
canoe,nz,saskatchewan,final energy|bus|electricity,PJ,2035,0.5266848328972749
canoe,nz,saskatchewan,final energy|bus|electricity,PJ,2040,0.6061302000767088
canoe,nz,saskatchewan,final energy|bus|electricity,PJ,2045,0.6214175821781556
canoe,nz,saskatchewan,final energy|bus|electricity,PJ,2050,0.6392286851881429
canoe,nz,saskatchewan,final energy|bus|hydrogen,PJ,2025,0.3152575999971143
canoe,nz,saskatchewan,final energy|bus|hydrogen,PJ,2030,0.3161966696987334
canoe,nz,saskatchewan,final energy|bus|hydrogen,PJ,2035,0.2320764244874897
canoe,nz,saskatchewan,final energy|bus|hydrogen,PJ,2040,0.10705793083132893
canoe,nz,saskatchewan,final energy|bus|hydrogen,PJ,2045,0.09974000677849798
canoe,nz,saskatchewan,final energy|bus|hydrogen,PJ,2050,0.09959583557859451
canoe,nz,saskatchewan,final energy|car|electricity,PJ,2035,1.149835069747849
canoe,nz,saskatchewan,final energy|car|electricity,PJ,2040,4.65105637154469
canoe,nz,saskatchewan,final energy|car|electricity,PJ,2045,4.86885868816898
canoe,nz,saskatchewan,final energy|car|electricity,PJ,2050,5.090311738948965
canoe,nz,saskatchewan,final energy|car|gasoline,PJ,2025,6.58634010119711
canoe,nz,saskatchewan,final energy|car|gasoline,PJ,2030,6.159238007919466
canoe,nz,saskatchewan,final energy|car|gasoline,PJ,2035,4.31407943290519
canoe,nz,saskatchewan,final energy|car|gasoline,PJ,2040,0.17568915795910436
canoe,nz,saskatchewan,final energy|car|gasoline,PJ,2045,0.07233874756708719
canoe,nz,saskatchewan,final energy|clothes dryer|electricity,PJ,2025,0.6829323748639154
canoe,nz,saskatchewan,final energy|clothes dryer|electricity,PJ,2030,0.3118972145433207
canoe,nz,saskatchewan,final energy|clothes dryer|electricity,PJ,2035,0.7740878709121707
canoe,nz,saskatchewan,final energy|clothes dryer|electricity,PJ,2040,1.448433130257693
canoe,nz,saskatchewan,final energy|clothes dryer|electricity,PJ,2045,1.7414148917659131
canoe,nz,saskatchewan,final energy|clothes dryer|electricity,PJ,2050,1.8156011233031666
canoe,nz,saskatchewan,final energy|clothes dryer|natural gas,PJ,2025,0.9933500553890856
canoe,nz,saskatchewan,final energy|clothes dryer|natural gas,PJ,2030,1.2935281130310394
canoe,nz,saskatchewan,final energy|clothes dryer|natural gas,PJ,2035,0.9466977569460273
canoe,nz,saskatchewan,final energy|clothes dryer|natural gas,PJ,2040,0.2738710897685444
canoe,nz,saskatchewan,final energy|clothes washer|electricity,PJ,2025,0.03996581881342606
canoe,nz,saskatchewan,final energy|clothes washer|electricity,PJ,2030,0.02830791268259208
canoe,nz,saskatchewan,final energy|clothes washer|electricity,PJ,2035,0.022962947116854013
canoe,nz,saskatchewan,final energy|clothes washer|electricity,PJ,2040,0.023342782885628317
canoe,nz,saskatchewan,final energy|clothes washer|electricity,PJ,2045,0.024324600395075523
canoe,nz,saskatchewan,final energy|clothes washer|electricity,PJ,2050,0.02589440595774661
canoe,nz,saskatchewan,final energy|cooking|electricity,PJ,2025,0.8785989393687552
canoe,nz,saskatchewan,final energy|cooking|electricity,PJ,2030,0.8741557121388935
canoe,nz,saskatchewan,final energy|cooking|electricity,PJ,2035,0.8608586714886177
canoe,nz,saskatchewan,final energy|cooking|electricity,PJ,2040,0.9544420590649126
canoe,nz,saskatchewan,final energy|cooking|electricity,PJ,2045,1.0181021173595672
canoe,nz,saskatchewan,final energy|cooking|electricity,PJ,2050,1.063005022074919
canoe,nz,saskatchewan,final energy|dish washer|electricity,PJ,2025,0.06759256478659081
canoe,nz,saskatchewan,final energy|dish washer|electricity,PJ,2030,0.0638044816860646
canoe,nz,saskatchewan,final energy|dish washer|electricity,PJ,2035,0.06189721955046613
canoe,nz,saskatchewan,final energy|dish washer|electricity,PJ,2040,0.06392300527627294
canoe,nz,saskatchewan,final energy|dish washer|electricity,PJ,2045,0.06506074146110805
canoe,nz,saskatchewan,final energy|dish washer|electricity,PJ,2050,0.06738361575535126
canoe,nz,saskatchewan,final energy|freezer|electricity,PJ,2025,0.3598114282212255
canoe,nz,saskatchewan,final energy|freezer|electricity,PJ,2030,0.30879313935768393
canoe,nz,saskatchewan,final energy|freezer|electricity,PJ,2035,0.263641532331476
canoe,nz,saskatchewan,final energy|freezer|electricity,PJ,2040,0.2191338675982242
canoe,nz,saskatchewan,final energy|freezer|electricity,PJ,2045,0.26069538695856664
canoe,nz,saskatchewan,final energy|freezer|electricity,PJ,2050,0.27577910077746
canoe,nz,saskatchewan,final energy|freight rail|natural gas,PJ,2025,19.18755287242039
canoe,nz,saskatchewan,final energy|freight rail|natural gas,PJ,2030,21.281681651703384
canoe,nz,saskatchewan,final energy|freight rail|natural gas,PJ,2035,22.811507721234054
canoe,nz,saskatchewan,final energy|freight rail|natural gas,PJ,2040,24.296918207707996
canoe,nz,saskatchewan,final energy|freight rail|natural gas,PJ,2045,25.711496210596085
canoe,nz,saskatchewan,final energy|freight rail|natural gas,PJ,2050,27.269937817829863
canoe,nz,saskatchewan,final energy|heavy trucking|diesel,PJ,2025,9.724922195254024
canoe,nz,saskatchewan,final energy|heavy trucking|diesel,PJ,2030,7.579854875196892
canoe,nz,saskatchewan,final energy|heavy trucking|diesel,PJ,2035,4.16131630985917
canoe,nz,saskatchewan,final energy|heavy trucking|electricity,PJ,2025,9.773286956977532
canoe,nz,saskatchewan,final energy|heavy trucking|electricity,PJ,2030,10.805050456868639
canoe,nz,saskatchewan,final energy|heavy trucking|electricity,PJ,2035,10.712628237440455
canoe,nz,saskatchewan,final energy|heavy trucking|electricity,PJ,2040,12.148281990699505
canoe,nz,saskatchewan,final energy|heavy trucking|electricity,PJ,2045,12.402041441076989
canoe,nz,saskatchewan,final energy|heavy trucking|electricity,PJ,2050,12.758232588307303
canoe,nz,saskatchewan,final energy|light freight truck|diesel,PJ,2025,0.14224773415476405
canoe,nz,saskatchewan,final energy|light freight truck|diesel,PJ,2030,0.10272472103531023
canoe,nz,saskatchewan,final energy|light freight truck|diesel,PJ,2035,0.012028929265689988
canoe,nz,saskatchewan,final energy|light freight truck|gasoline,PJ,2025,6.873386296296764
canoe,nz,saskatchewan,final energy|light freight truck|gasoline,PJ,2030,6.778279299421019
canoe,nz,saskatchewan,final energy|light freight truck|gasoline,PJ,2035,5.604742425433792
canoe,nz,saskatchewan,final energy|light freight truck|gasoline,PJ,2040,5.55488071209863
canoe,nz,saskatchewan,final energy|light freight truck|gasoline,PJ,2045,5.532683904464631
canoe,nz,saskatchewan,final energy|light freight truck|gasoline,PJ,2050,5.648898051725971
canoe,nz,saskatchewan,final energy|lighting|electricity,PJ,2025,1.6998851501851968
canoe,nz,saskatchewan,final energy|lighting|electricity,PJ,2030,1.7025075674862635
canoe,nz,saskatchewan,final energy|lighting|electricity,PJ,2035,1.5173372242550551
canoe,nz,saskatchewan,final energy|lighting|electricity,PJ,2040,1.5433032277990852
canoe,nz,saskatchewan,final energy|lighting|electricity,PJ,2045,1.3078387964364409
canoe,nz,saskatchewan,final energy|lighting|electricity,PJ,2050,1.3185356085474296
canoe,nz,saskatchewan,final energy|marine freight|natural gas,PJ,2035,0.121145665633181
canoe,nz,saskatchewan,final energy|marine freight|natural gas,PJ,2040,0.1346887173019333
canoe,nz,saskatchewan,final energy|marine freight|natural gas,PJ,2045,0.13468784152112917
canoe,nz,saskatchewan,final energy|marine freight|natural gas,PJ,2050,0.13468423680143857
canoe,nz,saskatchewan,final energy|marine freight|oil,PJ,2025,0.157863074428219
canoe,nz,saskatchewan,final energy|marine freight|oil,PJ,2030,0.15782082352677482
canoe,nz,saskatchewan,final energy|marine freight|oil,PJ,2035,0.016631636351048237
canoe,nz,saskatchewan,final energy|medium duty trucking|electricity,PJ,2025,5.420361049246247
canoe,nz,saskatchewan,final energy|medium duty trucking|electricity,PJ,2030,5.464639437799694
canoe,nz,saskatchewan,final energy|medium duty trucking|electricity,PJ,2035,5.842132911660645
canoe,nz,saskatchewan,final energy|medium duty trucking|electricity,PJ,2040,6.390621637830472
canoe,nz,saskatchewan,final energy|medium duty trucking|electricity,PJ,2045,6.58434653050697
canoe,nz,saskatchewan,final energy|medium duty trucking|electricity,PJ,2050,6.82072263344758
canoe,nz,saskatchewan,final energy|medium duty trucking|gasoline,PJ,2025,1.8781290863219504
canoe,nz,saskatchewan,final energy|medium duty trucking|gasoline,PJ,2030,1.367923130200771
canoe,nz,saskatchewan,final energy|medium duty trucking|gasoline,PJ,2035,0.6030773831610697
canoe,nz,saskatchewan,final energy|medium duty trucking|generic,PJ,2025,2.235368965221013
canoe,nz,saskatchewan,final energy|medium duty trucking|generic,PJ,2030,1.7425976751986463
canoe,nz,saskatchewan,final energy|medium duty trucking|generic,PJ,2035,0.7850371262852269
canoe,nz,saskatchewan,final energy|motorcycle|electricity,PJ,2030,0.019843210216870265
canoe,nz,saskatchewan,final energy|motorcycle|electricity,PJ,2035,0.029447637976898297
canoe,nz,saskatchewan,final energy|motorcycle|electricity,PJ,2040,0.034636925436654156
canoe,nz,saskatchewan,final energy|motorcycle|electricity,PJ,2045,0.03678004332153986
canoe,nz,saskatchewan,final energy|motorcycle|electricity,PJ,2050,0.03922887352531737
canoe,nz,saskatchewan,final energy|motorcycle|gasoline,PJ,2025,0.06299538048801932
canoe,nz,saskatchewan,final energy|motorcycle|gasoline,PJ,2030,0.03254575720462394
canoe,nz,saskatchewan,final energy|offroad|offroad,PJ,2025,4.379377661
canoe,nz,saskatchewan,final energy|offroad|offroad,PJ,2030,4.874739352
canoe,nz,saskatchewan,final energy|offroad|offroad,PJ,2035,5.250875563
canoe,nz,saskatchewan,final energy|offroad|offroad,PJ,2040,5.6291643
canoe,nz,saskatchewan,final energy|offroad|offroad,PJ,2045,6.001893141
canoe,nz,saskatchewan,final energy|offroad|offroad,PJ,2050,6.42680211
canoe,nz,saskatchewan,final energy|other electrical|electricity,PJ,2025,2.906085804183555
canoe,nz,saskatchewan,final energy|other electrical|electricity,PJ,2030,2.9718108677062864
canoe,nz,saskatchewan,final energy|other electrical|electricity,PJ,2035,3.0912222799952973
canoe,nz,saskatchewan,final energy|other electrical|electricity,PJ,2040,3.2217849525758893
canoe,nz,saskatchewan,final energy|other electrical|electricity,PJ,2045,3.3609433882979083
canoe,nz,saskatchewan,final energy|other electrical|electricity,PJ,2050,3.502824590074455
canoe,nz,saskatchewan,final energy|other end-use|other,PJ,2025,19.868418494673694
canoe,nz,saskatchewan,final energy|other end-use|other,PJ,2030,21.95356463031631
canoe,nz,saskatchewan,final energy|other end-use|other,PJ,2035,23.514723062551692
canoe,nz,saskatchewan,final energy|other end-use|other,PJ,2040,24.434861977123564
canoe,nz,saskatchewan,final energy|other end-use|other,PJ,2045,25.472320018098003
canoe,nz,saskatchewan,final energy|other end-use|other,PJ,2050,27.030230952437428
canoe,nz,saskatchewan,final energy|passenger rail|diesel,PJ,2025,0.5306636479930429
canoe,nz,saskatchewan,final energy|passenger rail|diesel,PJ,2030,0.3893808954888796
canoe,nz,saskatchewan,final energy|passenger rail|diesel,PJ,2035,0.23534475758224158
canoe,nz,saskatchewan,final energy|passenger rail|diesel,PJ,2040,0.16375134895426768
canoe,nz,saskatchewan,final energy|passenger rail|hydrogen,PJ,2030,0.08322842760883412
canoe,nz,saskatchewan,final energy|passenger rail|hydrogen,PJ,2035,0.1681691737819753
canoe,nz,saskatchewan,final energy|passenger rail|hydrogen,PJ,2040,0.227096764990261
canoe,nz,saskatchewan,final energy|passenger rail|hydrogen,PJ,2045,0.3335325220378003
canoe,nz,saskatchewan,final energy|passenger rail|hydrogen,PJ,2050,0.3566100676592514
canoe,nz,saskatchewan,final energy|passenger truck|diesel,PJ,2025,0.08065346944324304
canoe,nz,saskatchewan,final energy|passenger truck|diesel,PJ,2030,0.0420849763100567
canoe,nz,saskatchewan,final energy|passenger truck|electricity,PJ,2040,5.625594969630776
canoe,nz,saskatchewan,final energy|passenger truck|electricity,PJ,2045,6.4834020707620015
canoe,nz,saskatchewan,final energy|passenger truck|electricity,PJ,2050,7.396377603649293
canoe,nz,saskatchewan,final energy|passenger truck|gasoline,PJ,2025,11.808813685635103
canoe,nz,saskatchewan,final energy|passenger truck|gasoline,PJ,2030,11.26067067815552
canoe,nz,saskatchewan,final energy|passenger truck|gasoline,PJ,2035,9.920491749491726
canoe,nz,saskatchewan,final energy|passenger truck|gasoline,PJ,2040,2.9152061022463487
canoe,nz,saskatchewan,final energy|passenger truck|gasoline,PJ,2045,2.0859563563004055
canoe,nz,saskatchewan,final energy|passenger truck|gasoline,PJ,2050,1.2721469710545128
canoe,nz,saskatchewan,final energy|refrigerator|electricity,PJ,2025,0.7122023093439794
canoe,nz,saskatchewan,final energy|refrigerator|electricity,PJ,2030,0.4954420120941741
canoe,nz,saskatchewan,final energy|refrigerator|electricity,PJ,2035,0.5692667154451595
canoe,nz,saskatchewan,final energy|refrigerator|electricity,PJ,2040,0.593310597459302
canoe,nz,saskatchewan,final energy|refrigerator|electricity,PJ,2045,0.6189374396772225
canoe,nz,saskatchewan,final energy|refrigerator|electricity,PJ,2050,0.6450656952353669
canoe,nz,saskatchewan,final energy|space cooling|electricity,PJ,2025,0.5278103964698371
canoe,nz,saskatchewan,final energy|space cooling|electricity,PJ,2030,0.3616568224468987
canoe,nz,saskatchewan,final energy|space cooling|electricity,PJ,2035,0.2109452761476002
canoe,nz,saskatchewan,final energy|space cooling|electricity,PJ,2040,0.024117673410841724
canoe,nz,saskatchewan,final energy|space heating|electricity,PJ,2025,15.750078406614321
canoe,nz,saskatchewan,final energy|space heating|electricity,PJ,2030,19.008134151907168
canoe,nz,saskatchewan,final energy|space heating|electricity,PJ,2035,22.367148845727545
canoe,nz,saskatchewan,final energy|space heating|electricity,PJ,2040,25.528500387096006
canoe,nz,saskatchewan,final energy|space heating|electricity,PJ,2045,26.66392132026654
canoe,nz,saskatchewan,final energy|space heating|electricity,PJ,2050,28.034716803813737
canoe,nz,saskatchewan,final energy|space heating|natural gas,PJ,2025,23.27102868627354
canoe,nz,saskatchewan,final energy|space heating|natural gas,PJ,2030,16.431439165495117
canoe,nz,saskatchewan,final energy|space heating|natural gas,PJ,2035,9.106595269998385
canoe,nz,saskatchewan,final energy|space heating|natural gas,PJ,2040,1.0419551184031848
canoe,nz,saskatchewan,final energy|water heating|electricity,PJ,2025,1.4124510963960855
canoe,nz,saskatchewan,final energy|water heating|electricity,PJ,2030,2.1110917959136484
canoe,nz,saskatchewan,final energy|water heating|electricity,PJ,2035,2.943119647204531
canoe,nz,saskatchewan,final energy|water heating|electricity,PJ,2040,3.4324123771329607
canoe,nz,saskatchewan,final energy|water heating|electricity,PJ,2045,3.5806982425279097
canoe,nz,saskatchewan,final energy|water heating|electricity,PJ,2050,3.7320193417427414
canoe,nz,saskatchewan,final energy|water heating|natural gas,PJ,2025,5.9294819074279514
canoe,nz,saskatchewan,final energy|water heating|natural gas,PJ,2030,2.964742124813376
