model,scenario,region,variable,unit,time,value
canoe,reference,alberta,final energy,PJ,2025,4071.101190539877
canoe,reference,alberta,final energy,PJ,2030,3999.933634484149
canoe,reference,alberta,final energy,PJ,2035,3961.61770700652
canoe,reference,alberta,final energy,PJ,2040,3918.9883345208923
canoe,reference,alberta,final energy,PJ,2045,3925.6576997330226
canoe,reference,alberta,final energy,PJ,2050,3990.8353748196123
canoe,reference,british columbia,final energy,PJ,2025,1352.2676364340546
canoe,reference,british columbia,final energy,PJ,2030,1438.7537862003485
canoe,reference,british columbia,final energy,PJ,2035,1459.7582436117905
canoe,reference,british columbia,final energy,PJ,2040,1483.1271732508285
canoe,reference,british columbia,final energy,PJ,2045,1524.2228413177224
canoe,reference,british columbia,final energy,PJ,2050,1586.0845471242917
canoe,reference,canada,final energy,PJ,2025,12282.120481972408
canoe,reference,canada,final energy,PJ,2030,12158.624935334781
canoe,reference,canada,final energy,PJ,2035,11874.921024726082
canoe,reference,canada,final energy,PJ,2040,11772.284946555748
canoe,reference,canada,final energy,PJ,2045,11895.275064383814
canoe,reference,canada,final energy,PJ,2050,12149.580337002993
canoe,reference,manitoba,final energy,PJ,2025,325.07969904376284
canoe,reference,manitoba,final energy,PJ,2030,330.6579638195648
canoe,reference,manitoba,final energy,PJ,2035,327.91424555939113
canoe,reference,manitoba,final energy,PJ,2040,323.5591223654011
canoe,reference,manitoba,final energy,PJ,2045,319.98176848687854
canoe,reference,manitoba,final energy,PJ,2050,327.288372899983
canoe,reference,new brunswick,final energy,PJ,2025,298.541760958295
canoe,reference,new brunswick,final energy,PJ,2030,276.79199004635876
canoe,reference,new brunswick,final energy,PJ,2035,251.88202249413538
canoe,reference,new brunswick,final energy,PJ,2040,237.15418213029056
canoe,reference,new brunswick,final energy,PJ,2045,233.3516859321393
canoe,reference,new brunswick,final energy,PJ,2050,235.93199264066655
canoe,reference,newfoundland and labrador,final energy,PJ,2025,238.58060423252257
canoe,reference,newfoundland and labrador,final energy,PJ,2030,229.86187094777523
canoe,reference,newfoundland and labrador,final energy,PJ,2035,208.33136092341974
canoe,reference,newfoundland and labrador,final energy,PJ,2040,179.14136209481197
canoe,reference,newfoundland and labrador,final energy,PJ,2045,167.58867952303956
canoe,reference,newfoundland and labrador,final energy,PJ,2050,166.59343557706356
canoe,reference,nova scotia,final energy,PJ,2025,233.94570466329583
canoe,reference,nova scotia,final energy,PJ,2030,217.93075503505304
canoe,reference,nova scotia,final energy,PJ,2035,194.1128771661432
canoe,reference,nova scotia,final energy,PJ,2040,178.32729154432553
canoe,reference,nova scotia,final energy,PJ,2045,174.13504349212164
canoe,reference,nova scotia,final energy,PJ,2050,176.18551231939466
canoe,reference,ontario,final energy,PJ,2025,3051.019630793926
canoe,reference,ontario,final energy,PJ,2030,2974.507998125094
canoe,reference,ontario,final energy,PJ,2035,2827.6572882147934
canoe,reference,ontario,final energy,PJ,2040,2812.779707898306
canoe,reference,ontario,final energy,PJ,2045,2909.750361978028
canoe,reference,ontario,final energy,PJ,2050,2990.5547315347408
canoe,reference,prince edward island,final energy,PJ,2025,169.32451303855768
canoe,reference,prince edward island,final energy,PJ,2030,151.79572950958107
canoe,reference,prince edward island,final energy,PJ,2035,134.88432791989243
canoe,reference,prince edward island,final energy,PJ,2040,124.23104941750044
canoe,reference,prince edward island,final energy,PJ,2045,120.11362319697126
canoe,reference,prince edward island,final energy,PJ,2050,118.5381472828126
canoe,reference,quebec,final energy,PJ,2025,1827.9989041656106
canoe,reference,quebec,final energy,PJ,2030,1806.6985943574005
canoe,reference,quebec,final energy,PJ,2035,1773.1325442348011
canoe,reference,quebec,final energy,PJ,2040,1761.8045356264013
canoe,reference,quebec,final energy,PJ,2045,1755.997844880168
canoe,reference,quebec,final energy,PJ,2050,1776.7860058831252
canoe,reference,saskatchewan,final energy,PJ,2025,714.2608381025068
canoe,reference,saskatchewan,final energy,PJ,2030,731.6926128094553
canoe,reference,saskatchewan,final energy,PJ,2035,735.6304075951954
canoe,reference,saskatchewan,final energy,PJ,2040,753.1721877069903
canoe,reference,saskatchewan,final energy,PJ,2045,764.4755158437213
canoe,reference,saskatchewan,final energy,PJ,2050,780.7822169213026
canoe,reference,alberta,final energy|all,PJ,2025,3202.5200000405744
canoe,reference,alberta,final energy|all,PJ,2030,3105.5772566175547
canoe,reference,alberta,final energy|all,PJ,2035,3061.636045709936
canoe,reference,alberta,final energy|all,PJ,2040,2991.799993950421
canoe,reference,alberta,final energy|all,PJ,2045,2961.376649031434
canoe,reference,alberta,final energy|all,PJ,2050,2984.2980946399894
canoe,reference,alberta,final energy|aviation,PJ,2025,45.44505145501389
canoe,reference,alberta,final energy|aviation,PJ,2030,48.992917544768936
canoe,reference,alberta,final energy|aviation,PJ,2035,50.8038883588039
canoe,reference,alberta,final energy|aviation,PJ,2040,53.261672561276065
canoe,reference,alberta,final energy|aviation,PJ,2045,56.55430221600908
canoe,reference,alberta,final energy|aviation,PJ,2050,60.55811551922665
canoe,reference,alberta,final energy|bus,PJ,2025,6.021313548489511
canoe,reference,alberta,final energy|bus,PJ,2030,5.513923818251388
canoe,reference,alberta,final energy|bus,PJ,2035,4.248379805296226
canoe,reference,alberta,final energy|bus,PJ,2040,4.153448487686408
canoe,reference,alberta,final energy|bus,PJ,2045,4.53565842045853
canoe,reference,alberta,final energy|bus,PJ,2050,4.266830114954309
canoe,reference,alberta,final energy|car,PJ,2025,30.59459657456294
canoe,reference,alberta,final energy|car,PJ,2030,29.284350018791216
canoe,reference,alberta,final energy|car,PJ,2035,28.666023254391074
canoe,reference,alberta,final energy|car,PJ,2040,29.08173871447324
canoe,reference,alberta,final energy|car,PJ,2045,27.14760988064445
canoe,reference,alberta,final energy|car,PJ,2050,21.929722419853164
canoe,reference,alberta,final energy|clothes dryer,PJ,2025,5.326471884290955
canoe,reference,alberta,final energy|clothes dryer,PJ,2030,5.623121687000531
canoe,reference,alberta,final energy|clothes dryer,PJ,2035,6.108084402959666
canoe,reference,alberta,final energy|clothes dryer,PJ,2040,6.5113424036309855
canoe,reference,alberta,final energy|clothes dryer,PJ,2045,6.983583604658983
canoe,reference,alberta,final energy|clothes dryer,PJ,2050,7.39403694117575
canoe,reference,alberta,final energy|clothes washer,PJ,2025,0.13319221351922994
canoe,reference,alberta,final energy|clothes washer,PJ,2030,0.10037797191687857
canoe,reference,alberta,final energy|clothes washer,PJ,2035,0.08393499827333882
canoe,reference,alberta,final energy|clothes washer,PJ,2040,0.08834752908538489
canoe,reference,alberta,final energy|clothes washer,PJ,2045,0.09408504977735993
canoe,reference,alberta,final energy|clothes washer,PJ,2050,0.0999850510109934
canoe,reference,alberta,final energy|cooking,PJ,2025,4.792326731257616
canoe,reference,alberta,final energy|cooking,PJ,2030,6.017951254589083
canoe,reference,alberta,final energy|cooking,PJ,2035,7.429928910431955
canoe,reference,alberta,final energy|cooking,PJ,2040,8.395872117060781
canoe,reference,alberta,final energy|cooking,PJ,2045,8.985262465935245
canoe,reference,alberta,final energy|cooking,PJ,2050,9.514977715509591
canoe,reference,alberta,final energy|dish washer,PJ,2025,0.26100921190502485
canoe,reference,alberta,final energy|dish washer,PJ,2030,0.25818490613629264
canoe,reference,alberta,final energy|dish washer,PJ,2035,0.25265257596242363
canoe,reference,alberta,final energy|dish washer,PJ,2040,0.2768677784051316
canoe,reference,alberta,final energy|dish washer,PJ,2045,0.29694164212243984
canoe,reference,alberta,final energy|dish washer,PJ,2050,0.3142028920522076
canoe,reference,alberta,final energy|freezer,PJ,2025,1.074732497106435
canoe,reference,alberta,final energy|freezer,PJ,2030,1.0267796473888506
canoe,reference,alberta,final energy|freezer,PJ,2035,0.9865628853767514
canoe,reference,alberta,final energy|freezer,PJ,2040,0.8923346532324747
canoe,reference,alberta,final energy|freezer,PJ,2045,0.9678248616043122
canoe,reference,alberta,final energy|freezer,PJ,2050,1.0249342598426439
canoe,reference,alberta,final energy|freight rail,PJ,2025,27.48121647402451
canoe,reference,alberta,final energy|freight rail,PJ,2030,30.481507539531446
canoe,reference,alberta,final energy|freight rail,PJ,2035,32.67622171818935
canoe,reference,alberta,final energy|freight rail,PJ,2040,34.487865027238726
canoe,reference,alberta,final energy|freight rail,PJ,2045,36.51673127734625
canoe,reference,alberta,final energy|freight rail,PJ,2050,38.751754058101056
canoe,reference,alberta,final energy|heavy trucking,PJ,2025,97.54156766852147
canoe,reference,alberta,final energy|heavy trucking,PJ,2030,94.67123586618392
canoe,reference,alberta,final energy|heavy trucking,PJ,2035,84.46797807981191
canoe,reference,alberta,final energy|heavy trucking,PJ,2040,70.63586119293153
canoe,reference,alberta,final energy|heavy trucking,PJ,2045,64.75608048177956
canoe,reference,alberta,final energy|heavy trucking,PJ,2050,62.83187252838455
canoe,reference,alberta,final energy|light freight truck,PJ,2025,30.758459008874237
canoe,reference,alberta,final energy|light freight truck,PJ,2030,25.082252945779807
canoe,reference,alberta,final energy|light freight truck,PJ,2035,15.833061181012264
canoe,reference,alberta,final energy|light freight truck,PJ,2040,14.354278494275075
canoe,reference,alberta,final energy|light freight truck,PJ,2045,14.614191914759767
canoe,reference,alberta,final energy|light freight truck,PJ,2050,14.960970333328701
canoe,reference,alberta,final energy|lighting,PJ,2025,6.3966884568354025
canoe,reference,alberta,final energy|lighting,PJ,2030,6.666958661102201
canoe,reference,alberta,final energy|lighting,PJ,2035,6.094433279202974
canoe,reference,alberta,final energy|lighting,PJ,2040,6.348549638246593
canoe,reference,alberta,final energy|lighting,PJ,2045,5.472422764868146
canoe,reference,alberta,final energy|lighting,PJ,2050,5.619457595088747
canoe,reference,alberta,final energy|marine freight,PJ,2025,0.1578719281476937
canoe,reference,alberta,final energy|marine freight,PJ,2030,0.15786327589254157
canoe,reference,alberta,final energy|marine freight,PJ,2035,0.1578529265702792
canoe,reference,alberta,final energy|marine freight,PJ,2040,0.15783838952525958
canoe,reference,alberta,final energy|marine freight,PJ,2045,0.15782391611093635
canoe,reference,alberta,final energy|marine freight,PJ,2050,0.11601395621510908
canoe,reference,alberta,final energy|medium duty trucking,PJ,2025,77.83554129345853
canoe,reference,alberta,final energy|medium duty trucking,PJ,2030,66.21022211238132
canoe,reference,alberta,final energy|medium duty trucking,PJ,2035,47.28754712463494
canoe,reference,alberta,final energy|medium duty trucking,PJ,2040,30.160736677512368
canoe,reference,alberta,final energy|medium duty trucking,PJ,2045,27.329871902297572
canoe,reference,alberta,final energy|medium duty trucking,PJ,2050,28.131336101603477
canoe,reference,alberta,final energy|motorcycle,PJ,2025,0.8638670715212586
canoe,reference,alberta,final energy|motorcycle,PJ,2030,0.6465021717256639
canoe,reference,alberta,final energy|motorcycle,PJ,2035,0.4803806264056933
canoe,reference,alberta,final energy|motorcycle,PJ,2040,0.42893875643879353
canoe,reference,alberta,final energy|motorcycle,PJ,2045,0.4557761911855574
canoe,reference,alberta,final energy|motorcycle,PJ,2050,0.4863790458971925
canoe,reference,alberta,final energy|offroad,PJ,2025,14.485633801
canoe,reference,alberta,final energy|offroad,PJ,2030,16.124137857
canoe,reference,alberta,final energy|offroad,PJ,2035,17.368280708
canoe,reference,alberta,final energy|offroad,PJ,2040,18.619543453
canoe,reference,alberta,final energy|offroad,PJ,2045,19.852415773
canoe,reference,alberta,final energy|offroad,PJ,2050,21.257883901
canoe,reference,alberta,final energy|other electrical,PJ,2025,9.43245165554566
canoe,reference,alberta,final energy|other electrical,PJ,2030,10.052590895207386
canoe,reference,alberta,final energy|other electrical,PJ,2035,10.7706602686761
canoe,reference,alberta,final energy|other electrical,PJ,2040,11.493864142431795
canoe,reference,alberta,final energy|other electrical,PJ,2045,12.251488184778022
canoe,reference,alberta,final energy|other electrical,PJ,2050,12.974423923518735
canoe,reference,alberta,final energy|other end-use,PJ,2025,80.51675631696291
canoe,reference,alberta,final energy|other end-use,PJ,2030,88.96681002072407
canoe,reference,alberta,final energy|other end-use,PJ,2035,95.2934038104696
canoe,reference,alberta,final energy|other end-use,PJ,2040,99.02226631566593
canoe,reference,alberta,final energy|other end-use,PJ,2045,103.22656452372945
canoe,reference,alberta,final energy|other end-use,PJ,2050,109.53999782982608
canoe,reference,alberta,final energy|passenger rail,PJ,2025,0.7849124051647816
canoe,reference,alberta,final energy|passenger rail,PJ,2030,0.8793416099008926
canoe,reference,alberta,final energy|passenger rail,PJ,2035,0.9999930055400934
canoe,reference,alberta,final energy|passenger rail,PJ,2040,0.8993979093595584
canoe,reference,alberta,final energy|passenger rail,PJ,2045,0.8401612061506769
canoe,reference,alberta,final energy|passenger rail,PJ,2050,0.8806195894586326
canoe,reference,alberta,final energy|passenger truck,PJ,2025,42.849820019109735
canoe,reference,alberta,final energy|passenger truck,PJ,2030,36.17067165516031
canoe,reference,alberta,final energy|passenger truck,PJ,2035,30.808327682494305
canoe,reference,alberta,final energy|passenger truck,PJ,2040,44.356441388546116
canoe,reference,alberta,final energy|passenger truck,PJ,2045,49.71024124316783
canoe,reference,alberta,final energy|passenger truck,PJ,2050,51.01777819090753
canoe,reference,alberta,final energy|refrigerator,PJ,2025,2.1706703786285533
canoe,reference,alberta,final energy|refrigerator,PJ,2030,1.8044977586783517
canoe,reference,alberta,final energy|refrigerator,PJ,2035,1.8808334763744032
canoe,reference,alberta,final energy|refrigerator,PJ,2040,2.0071234179445834
canoe,reference,alberta,final energy|refrigerator,PJ,2045,2.139424003591598
canoe,reference,alberta,final energy|refrigerator,PJ,2050,2.2656671219123394
canoe,reference,alberta,final energy|space cooling,PJ,2025,0.3368533069875084
canoe,reference,alberta,final energy|space cooling,PJ,2030,0.21946313650185717
canoe,reference,alberta,final energy|space cooling,PJ,2035,0.12800480202794756
canoe,reference,alberta,final energy|space cooling,PJ,2040,0.014631531639678902
canoe,reference,alberta,final energy|space heating,PJ,2025,332.0139481775598
canoe,reference,alberta,final energy|space heating,PJ,2030,368.59225541590513
canoe,reference,alberta,final energy|space heating,PJ,2035,404.4288215104855
canoe,reference,alberta,final energy|space heating,PJ,2040,435.26314873935416
canoe,reference,alberta,final energy|space heating,PJ,2045,461.40861254840746
canoe,reference,alberta,final energy|space heating,PJ,2050,489.0777716601676
canoe,reference,alberta,final energy|water heating,PJ,2025,51.30623842081439
canoe,reference,alberta,final energy|water heating,PJ,2030,50.81246009607653
canoe,reference,alberta,final energy|water heating,PJ,2035,52.726405905193566
canoe,reference,alberta,final energy|water heating,PJ,2040,56.27623125151068
canoe,reference,alberta,final energy|water heating,PJ,2045,59.98397662920486
canoe,reference,alberta,final energy|water heating,PJ,2050,63.52254943058789
canoe,reference,british columbia,final energy|all,PJ,2025,696.9700000588987
canoe,reference,british columbia,final energy|all,PJ,2030,813.758328741394
canoe,reference,british columbia,final energy|all,PJ,2035,855.8955792975785
canoe,reference,british columbia,final energy|all,PJ,2040,869.8421710395645
canoe,reference,british columbia,final energy|all,PJ,2045,896.2886600084629
canoe,reference,british columbia,final energy|all,PJ,2050,934.4871510545569
canoe,reference,british columbia,final energy|aviation,PJ,2025,97.76094465981427
canoe,reference,british columbia,final energy|aviation,PJ,2030,103.38451755956845
canoe,reference,british columbia,final energy|aviation,PJ,2035,104.00664854247016
canoe,reference,british columbia,final energy|aviation,PJ,2040,108.8612062135756
canoe,reference,british columbia,final energy|aviation,PJ,2045,113.44587514697488
canoe,reference,british columbia,final energy|aviation,PJ,2050,121.47737368869677
canoe,reference,british columbia,final energy|bus,PJ,2025,6.327671719910362
canoe,reference,british columbia,final energy|bus,PJ,2030,6.403021864762716
canoe,reference,british columbia,final energy|bus,PJ,2035,5.379109577756885
canoe,reference,british columbia,final energy|bus,PJ,2040,4.84293897496179
canoe,reference,british columbia,final energy|bus,PJ,2045,4.827600677246523
canoe,reference,british columbia,final energy|bus,PJ,2050,3.9898256236779086
canoe,reference,british columbia,final energy|car,PJ,2025,41.97526944604674
canoe,reference,british columbia,final energy|car,PJ,2030,39.3290527860396
canoe,reference,british columbia,final energy|car,PJ,2035,37.54794288623522
canoe,reference,british columbia,final energy|car,PJ,2040,38.091714518909896
canoe,reference,british columbia,final energy|car,PJ,2045,35.08357147914626
canoe,reference,british columbia,final energy|car,PJ,2050,28.18337824634087
canoe,reference,british columbia,final energy|clothes dryer,PJ,2025,6.8363429118833645
canoe,reference,british columbia,final energy|clothes dryer,PJ,2030,6.952942810055357
canoe,reference,british columbia,final energy|clothes dryer,PJ,2035,7.303226364923806
canoe,reference,british columbia,final energy|clothes dryer,PJ,2040,7.63695600389012
canoe,reference,british columbia,final energy|clothes dryer,PJ,2045,8.021232270865783
canoe,reference,british columbia,final energy|clothes dryer,PJ,2050,8.348627974193747
canoe,reference,british columbia,final energy|clothes washer,PJ,2025,0.21444547131189556
canoe,reference,british columbia,final energy|clothes washer,PJ,2030,0.15614335925629608
canoe,reference,british columbia,final energy|clothes washer,PJ,2035,0.1253903819297864
canoe,reference,british columbia,final energy|clothes washer,PJ,2040,0.12942267595123588
canoe,reference,british columbia,final energy|clothes washer,PJ,2045,0.13516309695203854
canoe,reference,british columbia,final energy|clothes washer,PJ,2050,0.1409949209362371
canoe,reference,british columbia,final energy|cooking,PJ,2025,6.066462010059786
canoe,reference,british columbia,final energy|cooking,PJ,2030,7.28981809655807
canoe,reference,british columbia,final energy|cooking,PJ,2035,8.872572570261141
canoe,reference,british columbia,final energy|cooking,PJ,2040,9.820677582541204
canoe,reference,british columbia,final energy|cooking,PJ,2045,10.302303457693428
canoe,reference,british columbia,final energy|cooking,PJ,2050,10.726134355507902
canoe,reference,british columbia,final energy|dish washer,PJ,2025,0.41773035105482864
canoe,reference,british columbia,final energy|dish washer,PJ,2030,0.3977706306174338
canoe,reference,british columbia,final energy|dish washer,PJ,2035,0.3791125763509498
canoe,reference,british columbia,final energy|dish washer,PJ,2040,0.4054852808161664
canoe,reference,british columbia,final energy|dish washer,PJ,2045,0.42522213277919757
canoe,reference,british columbia,final energy|dish washer,PJ,2050,0.4428494067238885
canoe,reference,british columbia,final energy|freezer,PJ,2025,1.7263464185203032
canoe,reference,british columbia,final energy|freezer,PJ,2030,1.5946639476086388
canoe,reference,british columbia,final energy|freezer,PJ,2035,1.4906011601232896
canoe,reference,british columbia,final energy|freezer,PJ,2040,1.3161796566313178
canoe,reference,british columbia,final energy|freezer,PJ,2045,1.3813392650813472
canoe,reference,british columbia,final energy|freezer,PJ,2050,1.440694356259682
canoe,reference,british columbia,final energy|freight rail,PJ,2025,13.840478405447975
canoe,reference,british columbia,final energy|freight rail,PJ,2030,15.354523882099567
canoe,reference,british columbia,final energy|freight rail,PJ,2035,16.461319755747354
canoe,reference,british columbia,final energy|freight rail,PJ,2040,17.18012924322006
canoe,reference,british columbia,final energy|freight rail,PJ,2045,18.20366335220182
canoe,reference,british columbia,final energy|freight rail,PJ,2050,19.331163697106863
canoe,reference,british columbia,final energy|heavy trucking,PJ,2025,33.82973862382268
canoe,reference,british columbia,final energy|heavy trucking,PJ,2030,32.26036153072254
canoe,reference,british columbia,final energy|heavy trucking,PJ,2035,31.511229302355677
canoe,reference,british columbia,final energy|heavy trucking,PJ,2040,29.30330406237802
canoe,reference,british columbia,final energy|heavy trucking,PJ,2045,27.389490708819455
canoe,reference,british columbia,final energy|heavy trucking,PJ,2050,27.51092218404804
canoe,reference,british columbia,final energy|light freight truck,PJ,2025,19.064583709463403
canoe,reference,british columbia,final energy|light freight truck,PJ,2030,15.991211531832963
canoe,reference,british columbia,final energy|light freight truck,PJ,2035,10.817297795829331
canoe,reference,british columbia,final energy|light freight truck,PJ,2040,10.052159511951896
canoe,reference,british columbia,final energy|light freight truck,PJ,2045,10.225477873657072
canoe,reference,british columbia,final energy|light freight truck,PJ,2050,10.468570316074585
canoe,reference,british columbia,final energy|lighting,PJ,2025,7.79758830974596
canoe,reference,british columbia,final energy|lighting,PJ,2030,7.812064954736781
canoe,reference,british columbia,final energy|lighting,PJ,2035,6.978449486881396
canoe,reference,british columbia,final energy|lighting,PJ,2040,7.104215502947573
canoe,reference,british columbia,final energy|lighting,PJ,2045,6.009641464567229
canoe,reference,british columbia,final energy|lighting,PJ,2050,6.06773867467814
canoe,reference,british columbia,final energy|marine freight,PJ,2025,15.702802585177011
canoe,reference,british columbia,final energy|marine freight,PJ,2030,17.309409903752996
canoe,reference,british columbia,final energy|marine freight,PJ,2035,17.61068120995182
canoe,reference,british columbia,final energy|marine freight,PJ,2040,18.141935598709075
canoe,reference,british columbia,final energy|marine freight,PJ,2045,18.83380472208741
canoe,reference,british columbia,final energy|marine freight,PJ,2050,19.50336956808178
canoe,reference,british columbia,final energy|medium duty trucking,PJ,2025,52.69471864305824
canoe,reference,british columbia,final energy|medium duty trucking,PJ,2030,46.05603040006022
canoe,reference,british columbia,final energy|medium duty trucking,PJ,2035,34.788013544904466
canoe,reference,british columbia,final energy|medium duty trucking,PJ,2040,24.575326025765765
canoe,reference,british columbia,final energy|medium duty trucking,PJ,2045,21.048504579954162
canoe,reference,british columbia,final energy|medium duty trucking,PJ,2050,21.163439004447362
canoe,reference,british columbia,final energy|motorcycle,PJ,2025,0.5331163435274262
canoe,reference,british columbia,final energy|motorcycle,PJ,2030,0.3989672899955997
canoe,reference,british columbia,final energy|motorcycle,PJ,2035,0.2964307396346022
canoe,reference,british columbia,final energy|motorcycle,PJ,2040,0.2646544205163524
canoe,reference,british columbia,final energy|motorcycle,PJ,2045,0.28122505584197033
canoe,reference,british columbia,final energy|motorcycle,PJ,2050,0.30009770192185997
canoe,reference,british columbia,final energy|offroad,PJ,2025,19.853903192
canoe,reference,british columbia,final energy|offroad,PJ,2030,22.099624804
canoe,reference,british columbia,final energy|offroad,PJ,2035,23.80483785
canoe,reference,british columbia,final energy|offroad,PJ,2040,25.519809369
canoe,reference,british columbia,final energy|offroad,PJ,2045,27.209575107
canoe,reference,british columbia,final energy|offroad,PJ,2050,29.13589939
canoe,reference,british columbia,final energy|other electrical,PJ,2025,14.716501400548701
canoe,reference,british columbia,final energy|other electrical,PJ,2030,15.049499677531184
canoe,reference,british columbia,final energy|other electrical,PJ,2035,15.72484719715245
canoe,reference,british columbia,final energy|other electrical,PJ,2040,16.40945309861162
canoe,reference,british columbia,final energy|other electrical,PJ,2045,17.121834145584543
canoe,reference,british columbia,final energy|other electrical,PJ,2050,17.85754631478901
canoe,reference,british columbia,final energy|other end-use,PJ,2025,55.9243986271308
canoe,reference,british columbia,final energy|other end-use,PJ,2030,61.793539329837465
canoe,reference,british columbia,final energy|other end-use,PJ,2035,66.18779177161299
canoe,reference,british columbia,final energy|other end-use,PJ,2040,68.77774202178753
canoe,reference,british columbia,final energy|other end-use,PJ,2045,71.69791491113605
canoe,reference,british columbia,final energy|other end-use,PJ,2050,76.08302649618345
canoe,reference,british columbia,final energy|passenger rail,PJ,2025,0.3722886894131322
canoe,reference,british columbia,final energy|passenger rail,PJ,2030,0.4075223097966691
canoe,reference,british columbia,final energy|passenger rail,PJ,2035,0.4334461561904835
canoe,reference,british columbia,final energy|passenger rail,PJ,2040,0.4267249181935583
canoe,reference,british columbia,final energy|passenger rail,PJ,2045,0.43115731842669164
canoe,reference,british columbia,final energy|passenger rail,PJ,2050,0.44820808803124207
canoe,reference,british columbia,final energy|passenger truck,PJ,2025,42.64947556999445
canoe,reference,british columbia,final energy|passenger truck,PJ,2030,36.069280288224974
canoe,reference,british columbia,final energy|passenger truck,PJ,2035,26.681168522368345
canoe,reference,british columbia,final energy|passenger truck,PJ,2040,40.550716723149236
canoe,reference,british columbia,final energy|passenger truck,PJ,2045,45.004295052069025
canoe,reference,british columbia,final energy|passenger truck,PJ,2050,48.921394588041984
canoe,reference,british columbia,final energy|refrigerator,PJ,2025,3.4808159101686447
canoe,reference,british columbia,final energy|refrigerator,PJ,2030,2.768086751431415
canoe,reference,british columbia,final energy|refrigerator,PJ,2035,2.8044289949020884
canoe,reference,british columbia,final energy|refrigerator,PJ,2040,2.926524212493828
canoe,reference,british columbia,final energy|refrigerator,PJ,2045,3.0535729550667505
canoe,reference,british columbia,final energy|refrigerator,PJ,2050,3.184782658623867
canoe,reference,british columbia,final energy|space cooling,PJ,2025,8.025096181035648
canoe,reference,british columbia,final energy|space cooling,PJ,2030,3.1617477400141842
canoe,reference,british columbia,final energy|space cooling,PJ,2035,2.7245915045702622
canoe,reference,british columbia,final energy|space cooling,PJ,2040,0.2668554541940695
canoe,reference,british columbia,final energy|space heating,PJ,2025,174.8554589284257
canoe,reference,british columbia,final energy|space heating,PJ,2030,161.4664115830538
canoe,reference,british columbia,final energy|space heating,PJ,2035,169.104337447966
canoe,reference,british columbia,final energy|space heating,PJ,2040,165.91761994705897
canoe,reference,british columbia,final energy|space heating,PJ,2045,172.39663022096929
canoe,reference,british columbia,final energy|space heating,PJ,2050,180.8054673908472
canoe,reference,british columbia,final energy|water heating,PJ,2025,30.631458267594514
canoe,reference,british columbia,final energy|water heating,PJ,2030,21.489244427397473
canoe,reference,british columbia,final energy|water heating,PJ,2035,12.829188974093588
canoe,reference,british columbia,final energy|water heating,PJ,2040,14.763251194009147
canoe,reference,british columbia,final energy|water heating,PJ,2045,15.405086315138634
canoe,reference,british columbia,final energy|water heating,PJ,2050,16.06589142452248
canoe,reference,canada,final energy|all,PJ,2025,6562.290000548049
canoe,reference,canada,final energy|all,PJ,2030,6660.271857809519
canoe,reference,canada,final energy|all,PJ,2035,6701.187999687529
canoe,reference,canada,final energy|all,PJ,2040,6696.819538436937
canoe,reference,canada,final energy|all,PJ,2045,6750.996208717979
canoe,reference,canada,final energy|all,PJ,2050,6888.827706729683
canoe,reference,canada,final energy|aviation,PJ,2025,470.7496477086833
canoe,reference,canada,final energy|aviation,PJ,2030,485.16743638005534
canoe,reference,canada,final energy|aviation,PJ,2035,487.58709385941404
canoe,reference,canada,final energy|aviation,PJ,2040,496.0205600335741
canoe,reference,canada,final energy|aviation,PJ,2045,515.6146919653886
canoe,reference,canada,final energy|aviation,PJ,2050,547.5355632283785
canoe,reference,canada,final energy|bus,PJ,2025,39.34746578342117
canoe,reference,canada,final energy|bus,PJ,2030,35.72947417653394
canoe,reference,canada,final energy|bus,PJ,2035,28.11014119194554
canoe,reference,canada,final energy|bus,PJ,2040,27.184953456261724
canoe,reference,canada,final energy|bus,PJ,2045,29.255298660331476
canoe,reference,canada,final energy|bus,PJ,2050,27.09963699193602
canoe,reference,canada,final energy|car,PJ,2025,462.0891750506952
canoe,reference,canada,final energy|car,PJ,2030,406.61282236429025
canoe,reference,canada,final energy|car,PJ,2035,359.64298705431713
canoe,reference,canada,final energy|car,PJ,2040,328.4345518581003
canoe,reference,canada,final energy|car,PJ,2045,313.8952364162258
canoe,reference,canada,final energy|car,PJ,2050,253.24190953354514
canoe,reference,canada,final energy|clothes dryer,PJ,2025,42.86931428511092
canoe,reference,canada,final energy|clothes dryer,PJ,2030,43.513433889936245
canoe,reference,canada,final energy|clothes dryer,PJ,2035,45.61307395109521
canoe,reference,canada,final energy|clothes dryer,PJ,2040,47.5572607615897
canoe,reference,canada,final energy|clothes dryer,PJ,2045,49.39136514097755
canoe,reference,canada,final energy|clothes dryer,PJ,2050,51.330587762049596
canoe,reference,canada,final energy|clothes washer,PJ,2025,1.4246963712770335
canoe,reference,canada,final energy|clothes washer,PJ,2030,1.025786464811833
canoe,reference,canada,final energy|clothes washer,PJ,2035,0.8129454743009409
canoe,reference,canada,final energy|clothes washer,PJ,2040,0.8329219718014036
canoe,reference,canada,final energy|clothes washer,PJ,2045,0.8607054998917154
canoe,reference,canada,final energy|clothes washer,PJ,2050,0.8953975954921632
canoe,reference,canada,final energy|cooking,PJ,2025,42.404668640285934
canoe,reference,canada,final energy|cooking,PJ,2030,51.15216523104743
canoe,reference,canada,final energy|cooking,PJ,2035,62.390392485929425
canoe,reference,canada,final energy|cooking,PJ,2040,68.91079497602249
canoe,reference,canada,final energy|cooking,PJ,2045,71.46716681357141
canoe,reference,canada,final energy|cooking,PJ,2050,74.2382387120398
canoe,reference,canada,final energy|dish washer,PJ,2025,2.389854556534471
canoe,reference,canada,final energy|dish washer,PJ,2030,2.2713953437831953
canoe,reference,canada,final energy|dish washer,PJ,2035,2.177182846064375
canoe,reference,canada,final energy|dish washer,PJ,2040,2.2703952278872657
canoe,reference,canada,final energy|dish washer,PJ,2045,2.3500176434982833
canoe,reference,canada,final energy|dish washer,PJ,2050,2.4392052800298845
canoe,reference,canada,final energy|freezer,PJ,2025,9.78195766709507
canoe,reference,canada,final energy|freezer,PJ,2030,8.85588575753559
canoe,reference,canada,final energy|freezer,PJ,2035,8.000413522223573
canoe,reference,canada,final energy|freezer,PJ,2040,6.9892789003869655
canoe,reference,canada,final energy|freezer,PJ,2045,7.342641227185781
canoe,reference,canada,final energy|freezer,PJ,2050,7.636914453697386
canoe,reference,canada,final energy|freight rail,PJ,2025,169.71632573316586
canoe,reference,canada,final energy|freight rail,PJ,2030,181.09844144521384
canoe,reference,canada,final energy|freight rail,PJ,2035,189.42324908867712
canoe,reference,canada,final energy|freight rail,PJ,2040,194.1718818159396
canoe,reference,canada,final energy|freight rail,PJ,2045,201.86157446364325
canoe,reference,canada,final energy|freight rail,PJ,2050,210.32848548686746
canoe,reference,canada,final energy|heavy trucking,PJ,2025,527.2099639344873
canoe,reference,canada,final energy|heavy trucking,PJ,2030,505.0520645301867
canoe,reference,canada,final energy|heavy trucking,PJ,2035,446.4812647258572
canoe,reference,canada,final energy|heavy trucking,PJ,2040,361.47710832772225
canoe,reference,canada,final energy|heavy trucking,PJ,2045,319.59400854533953
canoe,reference,canada,final energy|heavy trucking,PJ,2050,304.76309363873617
canoe,reference,canada,final energy|light freight truck,PJ,2025,211.46896032885627
canoe,reference,canada,final energy|light freight truck,PJ,2030,169.13085072527483
canoe,reference,canada,final energy|light freight truck,PJ,2035,102.16373871029606
canoe,reference,canada,final energy|light freight truck,PJ,2040,90.62337555661416
canoe,reference,canada,final energy|light freight truck,PJ,2045,99.4431953105121
canoe,reference,canada,final energy|light freight truck,PJ,2050,103.78257415821433
canoe,reference,canada,final energy|lighting,PJ,2025,59.229455393067376
canoe,reference,canada,final energy|lighting,PJ,2030,59.204395152741874
canoe,reference,canada,final energy|lighting,PJ,2035,52.65970459627209
canoe,reference,canada,final energy|lighting,PJ,2040,53.06283508635491
canoe,reference,canada,final energy|lighting,PJ,2045,44.623981562917265
canoe,reference,canada,final energy|lighting,PJ,2050,44.763980971260374
canoe,reference,canada,final energy|marine freight,PJ,2025,101.12747059684422
canoe,reference,canada,final energy|marine freight,PJ,2030,104.53256043288863
canoe,reference,canada,final energy|marine freight,PJ,2035,105.44548420430758
canoe,reference,canada,final energy|marine freight,PJ,2040,104.89833908683808
canoe,reference,canada,final energy|marine freight,PJ,2045,101.03145002008489
canoe,reference,canada,final energy|marine freight,PJ,2050,99.84736713570523
canoe,reference,canada,final energy|medium duty trucking,PJ,2025,336.8002799701623
canoe,reference,canada,final energy|medium duty trucking,PJ,2030,288.2643544483273
canoe,reference,canada,final energy|medium duty trucking,PJ,2035,211.93267665350055
canoe,reference,canada,final energy|medium duty trucking,PJ,2040,141.27728219435053
canoe,reference,canada,final energy|medium duty trucking,PJ,2045,120.88236339663646
canoe,reference,canada,final energy|medium duty trucking,PJ,2050,120.94409690590543
canoe,reference,canada,final energy|motorcycle,PJ,2025,5.425940758964436
canoe,reference,canada,final energy|motorcycle,PJ,2030,4.052092310704694
canoe,reference,canada,final energy|motorcycle,PJ,2035,3.0000949142744733
canoe,reference,canada,final energy|motorcycle,PJ,2040,2.667107946407454
canoe,reference,canada,final energy|motorcycle,PJ,2045,2.819904660377594
canoe,reference,canada,final energy|motorcycle,PJ,2050,2.9938356336258463
canoe,reference,canada,final energy|offroad,PJ,2025,130.20898251839014
canoe,reference,canada,final energy|offroad,PJ,2030,144.40567759169764
canoe,reference,canada,final energy|offroad,PJ,2035,155.22077682434661
canoe,reference,canada,final energy|offroad,PJ,2040,166.00895353182506
canoe,reference,canada,final energy|offroad,PJ,2045,176.57972204802832
canoe,reference,canada,final energy|offroad,PJ,2050,188.57395856361578
canoe,reference,canada,final energy|other electrical,PJ,2025,100.61688778548663
canoe,reference,canada,final energy|other electrical,PJ,2030,102.52893640249147
canoe,reference,canada,final energy|other electrical,PJ,2035,106.14400457419626
canoe,reference,canada,final energy|other electrical,PJ,2040,109.78219770928617
canoe,reference,canada,final energy|other electrical,PJ,2045,113.62312334218456
canoe,reference,canada,final energy|other electrical,PJ,2050,117.74093268362536
canoe,reference,canada,final energy|other end-use,PJ,2025,471.1682972164744
canoe,reference,canada,final energy|other end-use,PJ,2030,520.6163574353398
canoe,reference,canada,final energy|other end-use,PJ,2035,557.6383458939921
canoe,reference,canada,final energy|other end-use,PJ,2040,579.4589193683059
canoe,reference,canada,final energy|other end-use,PJ,2045,604.0616495116492
canoe,reference,canada,final energy|other end-use,PJ,2050,641.0066253960866
canoe,reference,canada,final energy|passenger rail,PJ,2025,4.709604517442513
canoe,reference,canada,final energy|passenger rail,PJ,2030,5.023076952308528
canoe,reference,canada,final energy|passenger rail,PJ,2035,5.094867120607325
canoe,reference,canada,final energy|passenger rail,PJ,2040,4.8366149618294045
canoe,reference,canada,final energy|passenger rail,PJ,2045,4.71070721601367
canoe,reference,canada,final energy|passenger rail,PJ,2050,4.807440649869461
canoe,reference,canada,final energy|passenger truck,PJ,2025,505.95852413671423
canoe,reference,canada,final energy|passenger truck,PJ,2030,392.1663404584632
canoe,reference,canada,final energy|passenger truck,PJ,2035,285.18092977301876
canoe,reference,canada,final energy|passenger truck,PJ,2040,355.66805664978926
canoe,reference,canada,final energy|passenger truck,PJ,2045,402.3609219858574
canoe,reference,canada,final energy|passenger truck,PJ,2050,428.7523300495637
canoe,reference,canada,final energy|refrigerator,PJ,2025,24.352420748566402
canoe,reference,canada,final energy|refrigerator,PJ,2030,18.97665948108459
canoe,reference,canada,final energy|refrigerator,PJ,2035,19.327157222708447
canoe,reference,canada,final energy|refrigerator,PJ,2040,19.992741187876337
canoe,reference,canada,final energy|refrigerator,PJ,2045,20.692779846180763
canoe,reference,canada,final energy|refrigerator,PJ,2050,21.443886450651064
canoe,reference,canada,final energy|space cooling,PJ,2025,66.96027821722627
canoe,reference,canada,final energy|space cooling,PJ,2030,41.19977093566087
canoe,reference,canada,final energy|space cooling,PJ,2035,22.46680977352637
canoe,reference,canada,final energy|space cooling,PJ,2040,1.1983356772268734
canoe,reference,canada,final energy|space heating,PJ,2025,1690.5632193814056
canoe,reference,canada,final energy|space heating,PJ,2030,1711.288357815425
canoe,reference,canada,final energy|space heating,PJ,2035,1754.54109326454
canoe,reference,canada,final energy|space heating,PJ,2040,1768.6069796494298
canoe,reference,canada,final energy|space heating,PJ,2045,1805.0357770426124
canoe,reference,canada,final energy|space heating,PJ,2050,1863.5567266358198
canoe,reference,canada,final energy|water heating,PJ,2025,243.25709012400284
canoe,reference,canada,final energy|water heating,PJ,2030,216.48474179945927
canoe,reference,canada,final energy|water heating,PJ,2035,162.67859731314218
canoe,reference,canada,final energy|water heating,PJ,2040,143.53396218339094
canoe,reference,canada,final energy|water heating,PJ,2045,136.7805733467257
canoe,reference,canada,final energy|water heating,PJ,2050,143.02984235659463
canoe,reference,manitoba,final energy|all,PJ,2025,141.21000005621357
canoe,reference,manitoba,final energy|all,PJ,2030,149.0691370067588
canoe,reference,manitoba,final energy|all,PJ,2035,153.6560195562214
canoe,reference,manitoba,final energy|all,PJ,2040,156.15130225873273
canoe,reference,manitoba,final energy|all,PJ,2045,159.91815738912013
canoe,reference,manitoba,final energy|all,PJ,2050,165.0163012977524
canoe,reference,manitoba,final energy|aviation,PJ,2025,11.074117828629438
canoe,reference,manitoba,final energy|aviation,PJ,2030,12.235507155582368
canoe,reference,manitoba,final energy|aviation,PJ,2035,13.06404844237613
canoe,reference,manitoba,final energy|aviation,PJ,2040,13.978400654754138
canoe,reference,manitoba,final energy|aviation,PJ,2045,14.851901509384295
canoe,reference,manitoba,final energy|aviation,PJ,2050,15.902992713389626
canoe,reference,manitoba,final energy|bus,PJ,2025,0.5889156023821053
canoe,reference,manitoba,final energy|bus,PJ,2030,0.5496546208298074
canoe,reference,manitoba,final energy|bus,PJ,2035,0.5656186173426406
canoe,reference,manitoba,final energy|bus,PJ,2040,0.6613915009895458
canoe,reference,manitoba,final energy|bus,PJ,2045,0.646739630696396
canoe,reference,manitoba,final energy|bus,PJ,2050,0.5757832775670073
canoe,reference,manitoba,final energy|car,PJ,2025,10.277286472314803
canoe,reference,manitoba,final energy|car,PJ,2030,10.277236325566404
canoe,reference,manitoba,final energy|car,PJ,2035,9.092805307877937
canoe,reference,manitoba,final energy|car,PJ,2040,4.9931861103151185
canoe,reference,manitoba,final energy|car,PJ,2045,5.198033659634889
canoe,reference,manitoba,final energy|car,PJ,2050,5.301050517409417
canoe,reference,manitoba,final energy|clothes dryer,PJ,2025,1.4242415690524166
canoe,reference,manitoba,final energy|clothes dryer,PJ,2030,1.4115922214481795
canoe,reference,manitoba,final energy|clothes dryer,PJ,2035,1.4593224894012384
canoe,reference,manitoba,final energy|clothes dryer,PJ,2040,1.609166933529542
canoe,reference,manitoba,final energy|clothes dryer,PJ,2045,1.6263857837397704
canoe,reference,manitoba,final energy|clothes dryer,PJ,2050,1.685509440658879
canoe,reference,manitoba,final energy|clothes washer,PJ,2025,0.06546641114841437
canoe,reference,manitoba,final energy|clothes washer,PJ,2030,0.04644605406186806
canoe,reference,manitoba,final energy|clothes washer,PJ,2035,0.03734413302447491
canoe,reference,manitoba,final energy|clothes washer,PJ,2040,0.037854939565079286
canoe,reference,manitoba,final energy|clothes washer,PJ,2045,0.038683031567839005
canoe,reference,manitoba,final energy|clothes washer,PJ,2050,0.04141142807479922
canoe,reference,manitoba,final energy|cooking,PJ,2025,1.3117996142906991
canoe,reference,manitoba,final energy|cooking,PJ,2030,1.6155141912767002
canoe,reference,manitoba,final energy|cooking,PJ,2035,1.9559791306966272
canoe,reference,manitoba,final energy|cooking,PJ,2040,2.265241155402004
canoe,reference,manitoba,final energy|cooking,PJ,2045,2.30434581458959
canoe,reference,manitoba,final energy|cooking,PJ,2050,2.3964324127851135
canoe,reference,manitoba,final energy|dish washer,PJ,2025,0.10756684110669061
canoe,reference,manitoba,final energy|dish washer,PJ,2030,0.1005904528816435
canoe,reference,manitoba,final energy|dish washer,PJ,2035,0.09634612422332438
canoe,reference,manitoba,final energy|dish washer,PJ,2040,0.09934664616519583
canoe,reference,manitoba,final energy|dish washer,PJ,2045,0.10145682572070568
canoe,reference,manitoba,final energy|dish washer,PJ,2050,0.10414881977227938
canoe,reference,manitoba,final energy|freezer,PJ,2025,0.5736923126266329
canoe,reference,manitoba,final energy|freezer,PJ,2030,0.48853710115979077
canoe,reference,manitoba,final energy|freezer,PJ,2035,0.4176175901527107
canoe,reference,manitoba,final energy|freezer,PJ,2040,0.3484757855283883
canoe,reference,manitoba,final energy|freezer,PJ,2045,0.40746757980238224
canoe,reference,manitoba,final energy|freezer,PJ,2050,0.42943781961663735
canoe,reference,manitoba,final energy|freight rail,PJ,2025,12.59610150012838
canoe,reference,manitoba,final energy|freight rail,PJ,2030,13.97255965999571
canoe,reference,manitoba,final energy|freight rail,PJ,2035,14.978787486962238
canoe,reference,manitoba,final energy|freight rail,PJ,2040,15.747872625662318
canoe,reference,manitoba,final energy|freight rail,PJ,2045,16.678542645366633
canoe,reference,manitoba,final energy|freight rail,PJ,2050,17.703552592743268
canoe,reference,manitoba,final energy|heavy trucking,PJ,2025,21.059820270021245
canoe,reference,manitoba,final energy|heavy trucking,PJ,2030,20.67778482286873
canoe,reference,manitoba,final energy|heavy trucking,PJ,2035,19.489535224662195
canoe,reference,manitoba,final energy|heavy trucking,PJ,2040,17.40105120682403
canoe,reference,manitoba,final energy|heavy trucking,PJ,2045,11.832230108934848
canoe,reference,manitoba,final energy|heavy trucking,PJ,2050,10.79230038846157
canoe,reference,manitoba,final energy|light freight truck,PJ,2025,3.597217038840045
canoe,reference,manitoba,final energy|light freight truck,PJ,2030,3.4580873148530364
canoe,reference,manitoba,final energy|light freight truck,PJ,2035,3.0160507834996535
canoe,reference,manitoba,final energy|light freight truck,PJ,2040,3.0259613076830587
canoe,reference,manitoba,final energy|light freight truck,PJ,2045,3.078105380355388
canoe,reference,manitoba,final energy|light freight truck,PJ,2050,3.1512575489457055
canoe,reference,manitoba,final energy|lighting,PJ,2025,2.8882916763860176
canoe,reference,manitoba,final energy|lighting,PJ,2030,2.8773229139416565
canoe,reference,manitoba,final energy|lighting,PJ,2035,2.556512589566898
canoe,reference,manitoba,final energy|lighting,PJ,2040,2.580796630184262
canoe,reference,manitoba,final energy|lighting,PJ,2045,2.1768497558539623
canoe,reference,manitoba,final energy|lighting,PJ,2050,2.1861134358965915
canoe,reference,manitoba,final energy|marine freight,PJ,2025,0.1578720017395156
canoe,reference,manitoba,final energy|marine freight,PJ,2030,0.15786327572830855
canoe,reference,manitoba,final energy|marine freight,PJ,2035,0.15785303732094835
canoe,reference,manitoba,final energy|marine freight,PJ,2040,0.15783875778007422
canoe,reference,manitoba,final energy|marine freight,PJ,2045,0.15782395741370758
canoe,reference,manitoba,final energy|marine freight,PJ,2050,0.11601534432941908
canoe,reference,manitoba,final energy|medium duty trucking,PJ,2025,2.4659388252057663
canoe,reference,manitoba,final energy|medium duty trucking,PJ,2030,2.2416629960005268
canoe,reference,manitoba,final energy|medium duty trucking,PJ,2035,2.044014692355447
canoe,reference,manitoba,final energy|medium duty trucking,PJ,2040,1.8563853954162841
canoe,reference,manitoba,final energy|medium duty trucking,PJ,2045,1.742963252239491
canoe,reference,manitoba,final energy|medium duty trucking,PJ,2050,1.7964000378121239
canoe,reference,manitoba,final energy|motorcycle,PJ,2025,0.2121829235761317
canoe,reference,manitoba,final energy|motorcycle,PJ,2030,0.1587688411338708
canoe,reference,manitoba,final energy|motorcycle,PJ,2035,0.11793389173855043
canoe,reference,manitoba,final energy|motorcycle,PJ,2040,0.10529239442591116
canoe,reference,manitoba,final energy|motorcycle,PJ,2045,0.11182759246158189
canoe,reference,manitoba,final energy|motorcycle,PJ,2050,0.11933603553233182
canoe,reference,manitoba,final energy|offroad,PJ,2025,4.32504295
canoe,reference,manitoba,final energy|offroad,PJ,2030,4.814258715
canoe,reference,manitoba,final energy|offroad,PJ,2035,5.185728223
canoe,reference,manitoba,final energy|offroad,PJ,2040,5.559323552
canoe,reference,manitoba,final energy|offroad,PJ,2045,5.927427965
canoe,reference,manitoba,final energy|offroad,PJ,2050,6.347065111
canoe,reference,manitoba,final energy|other electrical,PJ,2025,5.150697470133308
canoe,reference,manitoba,final energy|other electrical,PJ,2030,5.235549118823184
canoe,reference,manitoba,final energy|other electrical,PJ,2035,5.4201357864740025
canoe,reference,manitoba,final energy|other electrical,PJ,2040,5.618078446774878
canoe,reference,manitoba,final energy|other electrical,PJ,2045,5.8300620224258175
canoe,reference,manitoba,final energy|other electrical,PJ,2050,6.055182415462814
canoe,reference,manitoba,final energy|other end-use,PJ,2025,15.025752238603257
canoe,reference,manitoba,final energy|other end-use,PJ,2030,16.602671369023533
canoe,reference,manitoba,final energy|other end-use,PJ,2035,17.783317921956954
canoe,reference,manitoba,final energy|other end-use,PJ,2040,18.479185051953266
canoe,reference,manitoba,final energy|other end-use,PJ,2045,19.26377631098114
canoe,reference,manitoba,final energy|other end-use,PJ,2050,20.44196690101076
canoe,reference,manitoba,final energy|passenger rail,PJ,2025,0.351277399759315
canoe,reference,manitoba,final energy|passenger rail,PJ,2030,0.383307599321219
canoe,reference,manitoba,final energy|passenger rail,PJ,2035,0.3934250365287726
canoe,reference,manitoba,final energy|passenger rail,PJ,2040,0.37874611677441544
canoe,reference,manitoba,final energy|passenger rail,PJ,2045,0.38957995373791715
canoe,reference,manitoba,final energy|passenger rail,PJ,2050,0.40889337869492565
canoe,reference,manitoba,final energy|passenger truck,PJ,2025,10.979562467857559
canoe,reference,manitoba,final energy|passenger truck,PJ,2030,10.440670891401242
canoe,reference,manitoba,final energy|passenger truck,PJ,2035,9.171266309181995
canoe,reference,manitoba,final energy|passenger truck,PJ,2040,9.205466235133017
canoe,reference,manitoba,final energy|passenger truck,PJ,2045,10.020498189455125
canoe,reference,manitoba,final energy|passenger truck,PJ,2050,10.502547078263506
canoe,reference,manitoba,final energy|refrigerator,PJ,2025,1.2581701435174197
canoe,reference,manitoba,final energy|refrigerator,PJ,2030,0.8980069486665553
canoe,reference,manitoba,final energy|refrigerator,PJ,2035,0.9962906100975263
canoe,reference,manitoba,final energy|refrigerator,PJ,2040,1.032675014762742
canoe,reference,manitoba,final energy|refrigerator,PJ,2045,1.0716403201049023
canoe,reference,manitoba,final energy|refrigerator,PJ,2050,1.1130203412999302
canoe,reference,manitoba,final energy|space cooling,PJ,2025,2.397256446152527
canoe,reference,manitoba,final energy|space cooling,PJ,2030,0.8831528562557696
canoe,reference,manitoba,final energy|space cooling,PJ,2035,0.5149700020098722
canoe,reference,manitoba,final energy|space cooling,PJ,2040,0.0588792505840631
canoe,reference,manitoba,final energy|space heating,PJ,2025,69.50185820330411
canoe,reference,manitoba,final energy|space heating,PJ,2030,67.37347207117317
canoe,reference,manitoba,final energy|space heating,PJ,2035,62.7822018944715
canoe,reference,manitoba,final energy|space heating,PJ,2040,58.842125574325074
canoe,reference,manitoba,final energy|space heating,PJ,2045,53.11575749666583
canoe,reference,manitoba,final energy|space heating,PJ,2050,51.47541153584188
canoe,reference,manitoba,final energy|water heating,PJ,2025,6.4795707807734635
canoe,reference,manitoba,final energy|water heating,PJ,2030,4.688609295812728
canoe,reference,manitoba,final energy|water heating,PJ,2035,2.9611206782480846
canoe,reference,manitoba,final energy|water heating,PJ,2040,3.3650788201359414
canoe,reference,manitoba,final energy|water heating,PJ,2045,3.4915123116261815
canoe,reference,manitoba,final energy|water heating,PJ,2050,3.6262430276620345
canoe,reference,new brunswick,final energy|all,PJ,2025,123.35107613121306
canoe,reference,new brunswick,final energy|all,PJ,2030,117.12540235337515
canoe,reference,new brunswick,final energy|all,PJ,2035,114.5691984036798
canoe,reference,new brunswick,final energy|all,PJ,2040,113.94607481868454
canoe,reference,new brunswick,final energy|all,PJ,2045,114.23160257069364
canoe,reference,new brunswick,final energy|all,PJ,2050,115.78266944770115
canoe,reference,new brunswick,final energy|aviation,PJ,2025,22.030053621197293
canoe,reference,new brunswick,final energy|aviation,PJ,2030,20.956335035940846
canoe,reference,new brunswick,final energy|aviation,PJ,2035,20.24366411401916
canoe,reference,new brunswick,final energy|aviation,PJ,2040,19.599060830078564
canoe,reference,new brunswick,final energy|aviation,PJ,2045,19.354533609982905
canoe,reference,new brunswick,final energy|aviation,PJ,2050,19.51155346626596
canoe,reference,new brunswick,final energy|bus,PJ,2025,1.330314291526035
canoe,reference,new brunswick,final energy|bus,PJ,2030,1.1008570402364217
canoe,reference,new brunswick,final energy|bus,PJ,2035,0.7947800033945729
canoe,reference,new brunswick,final energy|bus,PJ,2040,0.6366211695360643
canoe,reference,new brunswick,final energy|bus,PJ,2045,0.6811897872400651
canoe,reference,new brunswick,final energy|bus,PJ,2050,0.6590423924514244
canoe,reference,new brunswick,final energy|car,PJ,2025,0.6776426232794439
canoe,reference,new brunswick,final energy|car,PJ,2030,0.49205350215218413
canoe,reference,new brunswick,final energy|car,PJ,2035,0.6671329911626245
canoe,reference,new brunswick,final energy|car,PJ,2040,0.8858728671638345
canoe,reference,new brunswick,final energy|car,PJ,2045,0.9729761551637517
canoe,reference,new brunswick,final energy|car,PJ,2050,0.8021336143206081
canoe,reference,new brunswick,final energy|clothes dryer,PJ,2025,0.9430180499774944
canoe,reference,new brunswick,final energy|clothes dryer,PJ,2030,0.9266681060873468
canoe,reference,new brunswick,final energy|clothes dryer,PJ,2035,0.9393056062506804
canoe,reference,new brunswick,final energy|clothes dryer,PJ,2040,1.0177627504666333
canoe,reference,new brunswick,final energy|clothes dryer,PJ,2045,1.0222800553178337
canoe,reference,new brunswick,final energy|clothes dryer,PJ,2050,1.0544462578458011
canoe,reference,new brunswick,final energy|clothes washer,PJ,2025,0.04443419752248953
canoe,reference,new brunswick,final energy|clothes washer,PJ,2030,0.03173583331025743
canoe,reference,new brunswick,final energy|clothes washer,PJ,2035,0.025785860494038377
canoe,reference,new brunswick,final energy|clothes washer,PJ,2040,0.025565463055208095
canoe,reference,new brunswick,final energy|clothes washer,PJ,2045,0.025961914355455164
canoe,reference,new brunswick,final energy|clothes washer,PJ,2050,0.027456778382541264
canoe,reference,new brunswick,final energy|cooking,PJ,2025,0.8266444505050806
canoe,reference,new brunswick,final energy|cooking,PJ,2030,1.0481485524730232
canoe,reference,new brunswick,final energy|cooking,PJ,2035,1.25546056964254
canoe,reference,new brunswick,final energy|cooking,PJ,2040,1.4556787380448568
canoe,reference,new brunswick,final energy|cooking,PJ,2045,1.4481663366898911
canoe,reference,new brunswick,final energy|cooking,PJ,2050,1.4810861097692445
canoe,reference,new brunswick,final energy|dish washer,PJ,2025,0.05996395155173071
canoe,reference,new brunswick,final energy|dish washer,PJ,2030,0.05634433835461395
canoe,reference,new brunswick,final energy|dish washer,PJ,2035,0.05703617371130414
canoe,reference,new brunswick,final energy|dish washer,PJ,2040,0.055053957595429366
canoe,reference,new brunswick,final energy|dish washer,PJ,2045,0.05335172480830588
canoe,reference,new brunswick,final energy|dish washer,PJ,2050,0.05608249137989723
canoe,reference,new brunswick,final energy|freezer,PJ,2025,0.25425099101003173
canoe,reference,new brunswick,final energy|freezer,PJ,2030,0.20474119472174135
canoe,reference,new brunswick,final energy|freezer,PJ,2035,0.1222297554628623
canoe,reference,new brunswick,final energy|freezer,PJ,2040,0.10312229124010698
canoe,reference,new brunswick,final energy|freezer,PJ,2045,0.12369019276490338
canoe,reference,new brunswick,final energy|freezer,PJ,2050,0.12966210360526947
canoe,reference,new brunswick,final energy|freight rail,PJ,2025,16.4737859452925
canoe,reference,new brunswick,final energy|freight rail,PJ,2030,16.48047750956588
canoe,reference,new brunswick,final energy|freight rail,PJ,2035,16.4862487676873
canoe,reference,new brunswick,final energy|freight rail,PJ,2040,16.19942363686201
canoe,reference,new brunswick,final energy|freight rail,PJ,2045,16.203005225254977
canoe,reference,new brunswick,final energy|freight rail,PJ,2050,16.204905131309435
canoe,reference,new brunswick,final energy|heavy trucking,PJ,2025,27.753423655708772
canoe,reference,new brunswick,final energy|heavy trucking,PJ,2030,25.22822786408335
canoe,reference,new brunswick,final energy|heavy trucking,PJ,2035,21.250789944027353
canoe,reference,new brunswick,final energy|heavy trucking,PJ,2040,16.875289713685813
canoe,reference,new brunswick,final energy|heavy trucking,PJ,2045,15.433813326920871
canoe,reference,new brunswick,final energy|heavy trucking,PJ,2050,14.682160695594508
canoe,reference,new brunswick,final energy|light freight truck,PJ,2025,9.026679650517346
canoe,reference,new brunswick,final energy|light freight truck,PJ,2030,6.812359048343504
canoe,reference,new brunswick,final energy|light freight truck,PJ,2035,3.6215241417680795
canoe,reference,new brunswick,final energy|light freight truck,PJ,2040,2.9295410466020884
canoe,reference,new brunswick,final energy|light freight truck,PJ,2045,3.1669189197282
canoe,reference,new brunswick,final energy|light freight truck,PJ,2050,3.6673617279164086
canoe,reference,new brunswick,final energy|lighting,PJ,2025,1.8488811543983485
canoe,reference,new brunswick,final energy|lighting,PJ,2030,1.8831932867919077
canoe,reference,new brunswick,final energy|lighting,PJ,2035,1.6606027834132533
canoe,reference,new brunswick,final energy|lighting,PJ,2040,1.6564140092209791
canoe,reference,new brunswick,final energy|lighting,PJ,2045,1.3793487092360701
canoe,reference,new brunswick,final energy|lighting,PJ,2050,1.369770701249979
canoe,reference,new brunswick,final energy|marine freight,PJ,2025,16.517767387467167
canoe,reference,new brunswick,final energy|marine freight,PJ,2030,16.488570907237875
canoe,reference,new brunswick,final energy|marine freight,PJ,2035,16.397058835208572
canoe,reference,new brunswick,final energy|marine freight,PJ,2040,16.003920770065275
canoe,reference,new brunswick,final energy|marine freight,PJ,2045,14.79848749940495
canoe,reference,new brunswick,final energy|marine freight,PJ,2050,14.279095016149776
canoe,reference,new brunswick,final energy|medium duty trucking,PJ,2025,26.9330647313747
canoe,reference,new brunswick,final energy|medium duty trucking,PJ,2030,22.19432084747987
canoe,reference,new brunswick,final energy|medium duty trucking,PJ,2035,15.765934972492332
canoe,reference,new brunswick,final energy|medium duty trucking,PJ,2040,9.507272852459431
canoe,reference,new brunswick,final energy|medium duty trucking,PJ,2045,7.7599520989275215
canoe,reference,new brunswick,final energy|medium duty trucking,PJ,2050,7.450613761400738
canoe,reference,new brunswick,final energy|motorcycle,PJ,2025,0.1668752332022275
canoe,reference,new brunswick,final energy|motorcycle,PJ,2030,0.12247596289791876
canoe,reference,new brunswick,final energy|motorcycle,PJ,2035,0.08874118289296616
canoe,reference,new brunswick,final energy|motorcycle,PJ,2040,0.07550834748903881
canoe,reference,new brunswick,final energy|motorcycle,PJ,2045,0.07634774001248523
canoe,reference,new brunswick,final energy|motorcycle,PJ,2050,0.07716738668297264
canoe,reference,new brunswick,final energy|offroad,PJ,2025,2.85624402047021
canoe,reference,new brunswick,final energy|offroad,PJ,2030,3.01428507118136
canoe,reference,new brunswick,final energy|offroad,PJ,2035,3.14567800114297
canoe,reference,new brunswick,final energy|offroad,PJ,2040,3.2491801861936
canoe,reference,new brunswick,final energy|offroad,PJ,2045,3.332182314971
canoe,reference,new brunswick,final energy|offroad,PJ,2050,3.40862000394429
canoe,reference,new brunswick,final energy|other electrical,PJ,2025,3.09525509890595
canoe,reference,new brunswick,final energy|other electrical,PJ,2030,3.2207894954755187
canoe,reference,new brunswick,final energy|other electrical,PJ,2035,3.310155773712029
canoe,reference,new brunswick,final energy|other electrical,PJ,2040,3.3833063966233663
canoe,reference,new brunswick,final energy|other electrical,PJ,2045,3.460060498495853
canoe,reference,new brunswick,final energy|other electrical,PJ,2050,3.5527996330399993
canoe,reference,new brunswick,final energy|other end-use,PJ,2025,8.383616446897978
canoe,reference,new brunswick,final energy|other end-use,PJ,2030,9.263458264284978
canoe,reference,new brunswick,final energy|other end-use,PJ,2035,9.922199850194831
canoe,reference,new brunswick,final energy|other end-use,PJ,2040,10.310458822075434
canoe,reference,new brunswick,final energy|other end-use,PJ,2045,10.748221409853196
canoe,reference,new brunswick,final energy|other end-use,PJ,2050,11.405592691590163
canoe,reference,new brunswick,final energy|passenger rail,PJ,2025,0.4545556685489186
canoe,reference,new brunswick,final energy|passenger rail,PJ,2030,0.4545515647727605
canoe,reference,new brunswick,final energy|passenger rail,PJ,2035,0.4253149344580732
canoe,reference,new brunswick,final energy|passenger rail,PJ,2040,0.4010197151408877
canoe,reference,new brunswick,final energy|passenger rail,PJ,2045,0.37515859680108316
canoe,reference,new brunswick,final energy|passenger rail,PJ,2050,0.36445299320621716
canoe,reference,new brunswick,final energy|passenger truck,PJ,2025,7.9675277557325925
canoe,reference,new brunswick,final energy|passenger truck,PJ,2030,5.851773455696121
canoe,reference,new brunswick,final energy|passenger truck,PJ,2035,3.2503243464119524
canoe,reference,new brunswick,final energy|passenger truck,PJ,2040,3.735251161551796
canoe,reference,new brunswick,final energy|passenger truck,PJ,2045,4.341930055420389
canoe,reference,new brunswick,final energy|passenger truck,PJ,2050,5.0676654862205694
canoe,reference,new brunswick,final energy|refrigerator,PJ,2025,0.6808800591252131
canoe,reference,new brunswick,final energy|refrigerator,PJ,2030,0.4776707722883525
canoe,reference,new brunswick,final energy|refrigerator,PJ,2035,0.5531792495810309
canoe,reference,new brunswick,final energy|refrigerator,PJ,2040,0.5682160104225449
canoe,reference,new brunswick,final energy|refrigerator,PJ,2045,0.5801820294270184
canoe,reference,new brunswick,final energy|refrigerator,PJ,2050,0.5966818835360126
canoe,reference,new brunswick,final energy|space cooling,PJ,2025,1.576039191369251
canoe,reference,new brunswick,final energy|space cooling,PJ,2030,1.1762481525777548
canoe,reference,new brunswick,final energy|space cooling,PJ,2035,0.48302249410943393
canoe,reference,new brunswick,final energy|space heating,PJ,2025,22.400395411332763
canoe,reference,new brunswick,final energy|space heating,PJ,2030,19.911488409230433
canoe,reference,new brunswick,final energy|space heating,PJ,2035,15.249636103985317
canoe,reference,new brunswick,final energy|space heating,PJ,2040,12.775172584096579
canoe,reference,new brunswick,final energy|space heating,PJ,2045,11.988263394131538
canoe,reference,new brunswick,final energy|space heating,PJ,2050,12.459096255373064
canoe,reference,new brunswick,final energy|water heating,PJ,2025,2.8893712401684417
canoe,reference,new brunswick,final energy|water heating,PJ,2030,2.269813477799564
canoe,reference,new brunswick,final energy|water heating,PJ,2035,1.5970176352323078
canoe,reference,new brunswick,final energy|water heating,PJ,2040,1.7547305214104798
canoe,reference,new brunswick,final energy|water heating,PJ,2045,1.794061766537408
canoe,reference,new brunswick,final energy|water heating,PJ,2050,1.8418766117305012
canoe,reference,newfoundland and labrador,final energy|all,PJ,2025,69.85860857846855
canoe,reference,newfoundland and labrador,final energy|all,PJ,2030,77.7197671038496
canoe,reference,newfoundland and labrador,final energy|all,PJ,2035,73.04037711074932
canoe,reference,newfoundland and labrador,final energy|all,PJ,2040,62.612597765309424
canoe,reference,newfoundland and labrador,final energy|all,PJ,2045,55.50548836733971
canoe,reference,newfoundland and labrador,final energy|all,PJ,2050,55.861733857949865
canoe,reference,newfoundland and labrador,final energy|aviation,PJ,2025,19.609851516481932
canoe,reference,newfoundland and labrador,final energy|aviation,PJ,2030,18.57993260536184
canoe,reference,newfoundland and labrador,final energy|aviation,PJ,2035,17.883955902290673
canoe,reference,newfoundland and labrador,final energy|aviation,PJ,2040,17.26159070415428
canoe,reference,newfoundland and labrador,final energy|aviation,PJ,2045,17.003214664707432
canoe,reference,newfoundland and labrador,final energy|aviation,PJ,2050,17.10294907331757
canoe,reference,newfoundland and labrador,final energy|bus,PJ,2025,0.9740567820190125
canoe,reference,newfoundland and labrador,final energy|bus,PJ,2030,0.7688538649222881
canoe,reference,newfoundland and labrador,final energy|bus,PJ,2035,0.5644323941494143
canoe,reference,newfoundland and labrador,final energy|bus,PJ,2040,0.504665572712748
canoe,reference,newfoundland and labrador,final energy|bus,PJ,2045,0.482392841299708
canoe,reference,newfoundland and labrador,final energy|bus,PJ,2050,0.4462114148080871
canoe,reference,newfoundland and labrador,final energy|car,PJ,2025,19.687377904963775
canoe,reference,newfoundland and labrador,final energy|car,PJ,2030,17.090441645154307
canoe,reference,newfoundland and labrador,final energy|car,PJ,2035,14.172359870579402
canoe,reference,newfoundland and labrador,final energy|car,PJ,2040,8.3870328064472
canoe,reference,newfoundland and labrador,final energy|car,PJ,2045,7.881998409301929
canoe,reference,newfoundland and labrador,final energy|car,PJ,2050,7.52513765382109
canoe,reference,newfoundland and labrador,final energy|clothes dryer,PJ,2025,0.5643003012667953
canoe,reference,newfoundland and labrador,final energy|clothes dryer,PJ,2030,0.5178257885065726
canoe,reference,newfoundland and labrador,final energy|clothes dryer,PJ,2035,0.5453258247982897
canoe,reference,newfoundland and labrador,final energy|clothes dryer,PJ,2040,0.5050965824293498
canoe,reference,newfoundland and labrador,final energy|clothes dryer,PJ,2045,0.48288655759780047
canoe,reference,newfoundland and labrador,final energy|clothes dryer,PJ,2050,0.47675824870852845
canoe,reference,newfoundland and labrador,final energy|clothes washer,PJ,2025,0.022553303454867123
canoe,reference,newfoundland and labrador,final energy|clothes washer,PJ,2030,0.01468599611971017
canoe,reference,newfoundland and labrador,final energy|clothes washer,PJ,2035,0.011375071813885492
canoe,reference,newfoundland and labrador,final energy|clothes washer,PJ,2040,0.01058228335546154
canoe,reference,newfoundland and labrador,final energy|clothes washer,PJ,2045,0.010533932052786275
canoe,reference,newfoundland and labrador,final energy|clothes washer,PJ,2050,0.010338017411121959
canoe,reference,newfoundland and labrador,final energy|cooking,PJ,2025,0.46079747808943766
canoe,reference,newfoundland and labrador,final energy|cooking,PJ,2030,0.48885026185637
canoe,reference,newfoundland and labrador,final energy|cooking,PJ,2035,0.6609642819750344
canoe,reference,newfoundland and labrador,final energy|cooking,PJ,2040,0.716617272399586
canoe,reference,newfoundland and labrador,final energy|cooking,PJ,2045,0.660042654633818
canoe,reference,newfoundland and labrador,final energy|cooking,PJ,2050,0.6592113721962924
canoe,reference,newfoundland and labrador,final energy|dish washer,PJ,2025,0.022553592221083333
canoe,reference,newfoundland and labrador,final energy|dish washer,PJ,2030,0.019307620368731532
canoe,reference,newfoundland and labrador,final energy|dish washer,PJ,2035,0.022611608323086257
canoe,reference,newfoundland and labrador,final energy|dish washer,PJ,2040,0.0170309233653582
canoe,reference,newfoundland and labrador,final energy|dish washer,PJ,2045,0.013025762973498677
canoe,reference,newfoundland and labrador,final energy|dish washer,PJ,2050,0.015835146482154575
canoe,reference,newfoundland and labrador,final energy|freezer,PJ,2025,0.18450552980360865
canoe,reference,newfoundland and labrador,final energy|freezer,PJ,2030,0.12728991607691129
canoe,reference,newfoundland and labrador,final energy|freezer,PJ,2035,0.060770882451812225
canoe,reference,newfoundland and labrador,final energy|freezer,PJ,2040,0.0313524019654866
canoe,reference,newfoundland and labrador,final energy|freezer,PJ,2045,0.034735190410549996
canoe,reference,newfoundland and labrador,final energy|freezer,PJ,2050,0.03337083113284973
canoe,reference,newfoundland and labrador,final energy|freight rail,PJ,2025,16.425673125684362
canoe,reference,newfoundland and labrador,final energy|freight rail,PJ,2030,16.428441996507445
canoe,reference,newfoundland and labrador,final energy|freight rail,PJ,2035,16.43209158928962
canoe,reference,newfoundland and labrador,final energy|freight rail,PJ,2040,16.14539369132124
canoe,reference,newfoundland and labrador,final energy|freight rail,PJ,2045,16.145892660094937
canoe,reference,newfoundland and labrador,final energy|freight rail,PJ,2050,16.145891868927407
canoe,reference,newfoundland and labrador,final energy|heavy trucking,PJ,2025,25.31170158638711
canoe,reference,newfoundland and labrador,final energy|heavy trucking,PJ,2030,22.632041826715792
canoe,reference,newfoundland and labrador,final energy|heavy trucking,PJ,2035,18.634538830412545
canoe,reference,newfoundland and labrador,final energy|heavy trucking,PJ,2040,11.96898000617325
canoe,reference,newfoundland and labrador,final energy|heavy trucking,PJ,2045,9.137469956168886
canoe,reference,newfoundland and labrador,final energy|heavy trucking,PJ,2050,7.943558420852728
canoe,reference,newfoundland and labrador,final energy|light freight truck,PJ,2025,7.5762611453939
canoe,reference,newfoundland and labrador,final energy|light freight truck,PJ,2030,5.7073040882277875
canoe,reference,newfoundland and labrador,final energy|light freight truck,PJ,2035,3.025341625794841
canoe,reference,newfoundland and labrador,final energy|light freight truck,PJ,2040,2.4391543807049096
canoe,reference,newfoundland and labrador,final energy|light freight truck,PJ,2045,2.3492218698117564
canoe,reference,newfoundland and labrador,final energy|light freight truck,PJ,2050,2.265474272557446
canoe,reference,newfoundland and labrador,final energy|lighting,PJ,2025,0.84978084787745
canoe,reference,newfoundland and labrador,final energy|lighting,PJ,2030,0.8221190664864814
canoe,reference,newfoundland and labrador,final energy|lighting,PJ,2035,0.7361299018011828
canoe,reference,newfoundland and labrador,final energy|lighting,PJ,2040,0.7027485974012877
canoe,reference,newfoundland and labrador,final energy|lighting,PJ,2045,0.538046186465327
canoe,reference,newfoundland and labrador,final energy|lighting,PJ,2050,0.5135862581331005
canoe,reference,newfoundland and labrador,final energy|marine freight,PJ,2025,16.68767167401705
canoe,reference,newfoundland and labrador,final energy|marine freight,PJ,2030,16.66908427248561
canoe,reference,newfoundland and labrador,final energy|marine freight,PJ,2035,16.58399256260775
canoe,reference,newfoundland and labrador,final energy|marine freight,PJ,2040,16.191938039508493
canoe,reference,newfoundland and labrador,final energy|marine freight,PJ,2045,14.976947618717285
canoe,reference,newfoundland and labrador,final energy|marine freight,PJ,2050,14.455329500242023
canoe,reference,newfoundland and labrador,final energy|medium duty trucking,PJ,2025,22.398351036894418
canoe,reference,newfoundland and labrador,final energy|medium duty trucking,PJ,2030,18.196040587127804
canoe,reference,newfoundland and labrador,final energy|medium duty trucking,PJ,2035,12.103659922324574
canoe,reference,newfoundland and labrador,final energy|medium duty trucking,PJ,2040,7.262227754056556
canoe,reference,newfoundland and labrador,final energy|medium duty trucking,PJ,2045,7.0282689597794645
canoe,reference,newfoundland and labrador,final energy|medium duty trucking,PJ,2050,6.8083227887121
canoe,reference,newfoundland and labrador,final energy|motorcycle,PJ,2025,0.13380945968037383
canoe,reference,newfoundland and labrador,final energy|motorcycle,PJ,2030,0.09801238448635215
canoe,reference,newfoundland and labrador,final energy|motorcycle,PJ,2035,0.07044757740962015
canoe,reference,newfoundland and labrador,final energy|motorcycle,PJ,2040,0.0599492667672815
canoe,reference,newfoundland and labrador,final energy|motorcycle,PJ,2045,0.060430883823482245
canoe,reference,newfoundland and labrador,final energy|motorcycle,PJ,2050,0.060939000865570594
canoe,reference,newfoundland and labrador,final energy|offroad,PJ,2025,1.88523421532695
canoe,reference,newfoundland and labrador,final energy|offroad,PJ,2030,1.98561558036673
canoe,reference,newfoundland and labrador,final energy|offroad,PJ,2035,2.06907112322984
canoe,reference,newfoundland and labrador,final energy|offroad,PJ,2040,2.13481157806815
canoe,reference,newfoundland and labrador,final energy|offroad,PJ,2045,2.18753121634318
canoe,reference,newfoundland and labrador,final energy|offroad,PJ,2050,2.23608138343029
canoe,reference,newfoundland and labrador,final energy|other electrical,PJ,2025,1.6165417560516224
canoe,reference,newfoundland and labrador,final energy|other electrical,PJ,2030,1.595566793505246
canoe,reference,newfoundland and labrador,final energy|other electrical,PJ,2035,1.5709740277000583
canoe,reference,newfoundland and labrador,final energy|other electrical,PJ,2040,1.53927010069819
canoe,reference,newfoundland and labrador,final energy|other electrical,PJ,2045,1.5063809801635415
canoe,reference,newfoundland and labrador,final energy|other electrical,PJ,2050,1.491853470435489
canoe,reference,newfoundland and labrador,final energy|other end-use,PJ,2025,5.913111546336393
canoe,reference,newfoundland and labrador,final energy|other end-use,PJ,2030,6.533679393433655
canoe,reference,newfoundland and labrador,final energy|other end-use,PJ,2035,6.998301373979624
canoe,reference,newfoundland and labrador,final energy|other end-use,PJ,2040,7.272147228467083
canoe,reference,newfoundland and labrador,final energy|other end-use,PJ,2045,7.580908850463826
canoe,reference,newfoundland and labrador,final energy|other end-use,PJ,2050,8.04456433147132
canoe,reference,newfoundland and labrador,final energy|passenger rail,PJ,2025,0.4532086344452673
canoe,reference,newfoundland and labrador,final energy|passenger rail,PJ,2030,0.453203766920665
canoe,reference,newfoundland and labrador,final energy|passenger rail,PJ,2035,0.4240061336691206
canoe,reference,newfoundland and labrador,final energy|passenger rail,PJ,2040,0.3997447064334351
canoe,reference,newfoundland and labrador,final energy|passenger rail,PJ,2045,0.37393927448507597
canoe,reference,newfoundland and labrador,final energy|passenger rail,PJ,2050,0.363227090996522
canoe,reference,newfoundland and labrador,final energy|passenger truck,PJ,2025,3.2738611754925953
canoe,reference,newfoundland and labrador,final energy|passenger truck,PJ,2030,2.4395177870074662
canoe,reference,newfoundland and labrador,final energy|passenger truck,PJ,2035,1.3793295855325938
canoe,reference,newfoundland and labrador,final energy|passenger truck,PJ,2040,1.2161038138127311
canoe,reference,newfoundland and labrador,final energy|passenger truck,PJ,2045,1.558902087117931
canoe,reference,newfoundland and labrador,final energy|passenger truck,PJ,2050,1.9566830792734702
canoe,reference,newfoundland and labrador,final energy|refrigerator,PJ,2025,0.33678070532483484
canoe,reference,newfoundland and labrador,final energy|refrigerator,PJ,2030,0.20702805936571156
canoe,reference,newfoundland and labrador,final energy|refrigerator,PJ,2035,0.2417338512525628
canoe,reference,newfoundland and labrador,final energy|refrigerator,PJ,2040,0.23606347737986677
canoe,reference,newfoundland and labrador,final energy|refrigerator,PJ,2045,0.23064841365423813
canoe,reference,newfoundland and labrador,final energy|refrigerator,PJ,2050,0.227823246984136
canoe,reference,newfoundland and labrador,final energy|space cooling,PJ,2025,1.2249130336902394
canoe,reference,newfoundland and labrador,final energy|space cooling,PJ,2030,0.8203833919485504
canoe,reference,newfoundland and labrador,final energy|space cooling,PJ,2035,0.3914600665149881
canoe,reference,newfoundland and labrador,final energy|space heating,PJ,2025,21.338886069865296
canoe,reference,newfoundland and labrador,final energy|space heating,PJ,2030,18.66214906684944
canoe,reference,newfoundland and labrador,final energy|space heating,PJ,2035,19.89470526257289
canoe,reference,newfoundland and labrador,final energy|space heating,PJ,2040,20.68148690317421
canoe,reference,newfoundland and labrador,final energy|space heating,PJ,2045,21.0147732973417
canoe,reference,newfoundland and labrador,final energy|space heating,PJ,2050,21.13171946893035
canoe,reference,newfoundland and labrador,final energy|water heating,PJ,2025,1.7702132332856575
canoe,reference,newfoundland and labrador,final energy|water heating,PJ,2030,1.2847280841241464
canoe,reference,newfoundland and labrador,final energy|water heating,PJ,2035,0.8134045421970201
canoe,reference,newfoundland and labrador,final energy|water heating,PJ,2040,0.843324839406006
canoe,reference,newfoundland and labrador,final energy|water heating,PJ,2045,0.8249988882916934
canoe,reference,newfoundland and labrador,final energy|water heating,PJ,2050,0.8168357794240599
canoe,reference,nova scotia,final energy|all,PJ,2025,35.58333956188313
canoe,reference,nova scotia,final energy|all,PJ,2030,37.94593960295327
canoe,reference,nova scotia,final energy|all,PJ,2035,39.2883793265149
canoe,reference,nova scotia,final energy|all,PJ,2040,40.41616583113417
canoe,reference,nova scotia,final energy|all,PJ,2045,41.32576100409001
canoe,reference,nova scotia,final energy|all,PJ,2050,42.06968766255265
canoe,reference,nova scotia,final energy|aviation,PJ,2025,23.734197676851533
canoe,reference,nova scotia,final energy|aviation,PJ,2030,22.629115653175614
canoe,reference,nova scotia,final energy|aviation,PJ,2035,21.905212405867527
canoe,reference,nova scotia,final energy|aviation,PJ,2040,21.244950457019655
canoe,reference,nova scotia,final energy|aviation,PJ,2045,21.01017405721494
canoe,reference,nova scotia,final energy|aviation,PJ,2050,21.20753167770932
canoe,reference,nova scotia,final energy|bus,PJ,2025,1.5047485486140382
canoe,reference,nova scotia,final energy|bus,PJ,2030,1.2509755928249584
canoe,reference,nova scotia,final energy|bus,PJ,2035,0.9043682555034
canoe,reference,nova scotia,final energy|bus,PJ,2040,0.7834464198485002
canoe,reference,nova scotia,final energy|bus,PJ,2045,0.8363391050694599
canoe,reference,nova scotia,final energy|bus,PJ,2050,0.788826882230181
canoe,reference,nova scotia,final energy|car,PJ,2025,3.1464174762225547
canoe,reference,nova scotia,final energy|car,PJ,2030,2.90936128787755
canoe,reference,nova scotia,final energy|car,PJ,2035,2.644271257193889
canoe,reference,nova scotia,final energy|car,PJ,2040,2.8219124965206355
canoe,reference,nova scotia,final energy|car,PJ,2045,2.731541616479381
canoe,reference,nova scotia,final energy|car,PJ,2050,2.2146983211201934
canoe,reference,nova scotia,final energy|clothes dryer,PJ,2025,1.0944549174038039
canoe,reference,nova scotia,final energy|clothes dryer,PJ,2030,1.0700296411135048
canoe,reference,nova scotia,final energy|clothes dryer,PJ,2035,1.0915685038508371
canoe,reference,nova scotia,final energy|clothes dryer,PJ,2040,1.1858859319189703
canoe,reference,nova scotia,final energy|clothes dryer,PJ,2045,1.1830028340594068
canoe,reference,nova scotia,final energy|clothes dryer,PJ,2050,1.2159811538854914
canoe,reference,nova scotia,final energy|clothes washer,PJ,2025,0.038383496864469215
canoe,reference,nova scotia,final energy|clothes washer,PJ,2030,0.02762914210832451
canoe,reference,nova scotia,final energy|clothes washer,PJ,2035,0.022183465007235878
canoe,reference,nova scotia,final energy|clothes washer,PJ,2040,0.02209089361298048
canoe,reference,nova scotia,final energy|clothes washer,PJ,2045,0.02225168657838581
canoe,reference,nova scotia,final energy|clothes washer,PJ,2050,0.023606306538205894
canoe,reference,nova scotia,final energy|cooking,PJ,2025,1.0435180708925917
canoe,reference,nova scotia,final energy|cooking,PJ,2030,1.30866553881311
canoe,reference,nova scotia,final energy|cooking,PJ,2035,1.5829244608079658
canoe,reference,nova scotia,final energy|cooking,PJ,2040,1.8188492839464805
canoe,reference,nova scotia,final energy|cooking,PJ,2045,1.820779475586647
canoe,reference,nova scotia,final energy|cooking,PJ,2050,1.867709508416792
canoe,reference,nova scotia,final energy|dish washer,PJ,2025,0.05307384729367752
canoe,reference,nova scotia,final energy|dish washer,PJ,2030,0.05044950010628128
canoe,reference,nova scotia,final energy|dish washer,PJ,2035,0.04980479997797007
canoe,reference,nova scotia,final energy|dish washer,PJ,2040,0.04889707910369032
canoe,reference,nova scotia,final energy|dish washer,PJ,2045,0.04816993888308676
canoe,reference,nova scotia,final energy|dish washer,PJ,2050,0.0496182974921675
canoe,reference,nova scotia,final energy|freezer,PJ,2025,0.21711063619644894
canoe,reference,nova scotia,final energy|freezer,PJ,2030,0.17874883592353236
canoe,reference,nova scotia,final energy|freezer,PJ,2035,0.1264223509935209
canoe,reference,nova scotia,final energy|freezer,PJ,2040,0.10175490194531522
canoe,reference,nova scotia,final energy|freezer,PJ,2045,0.11230720109380217
canoe,reference,nova scotia,final energy|freezer,PJ,2050,0.12023859735588634
canoe,reference,nova scotia,final energy|freight rail,PJ,2025,16.5073770791452
canoe,reference,nova scotia,final energy|freight rail,PJ,2030,16.51640832736952
canoe,reference,nova scotia,final energy|freight rail,PJ,2035,16.523579320362046
canoe,reference,nova scotia,final energy|freight rail,PJ,2040,16.238236835328312
canoe,reference,nova scotia,final energy|freight rail,PJ,2045,16.241748195808253
canoe,reference,nova scotia,final energy|freight rail,PJ,2050,16.24417097999334
canoe,reference,nova scotia,final energy|heavy trucking,PJ,2025,29.472737451430266
canoe,reference,nova scotia,final energy|heavy trucking,PJ,2030,26.84781213145914
canoe,reference,nova scotia,final energy|heavy trucking,PJ,2035,22.60930181421707
canoe,reference,nova scotia,final energy|heavy trucking,PJ,2040,17.83048913854032
canoe,reference,nova scotia,final energy|heavy trucking,PJ,2045,16.28748002184665
canoe,reference,nova scotia,final energy|heavy trucking,PJ,2050,15.483645204865669
canoe,reference,nova scotia,final energy|light freight truck,PJ,2025,10.04709428968728
canoe,reference,nova scotia,final energy|light freight truck,PJ,2030,7.590468814819217
canoe,reference,nova scotia,final energy|light freight truck,PJ,2035,4.040436452950035
canoe,reference,nova scotia,final energy|light freight truck,PJ,2040,3.27488078457064
canoe,reference,nova scotia,final energy|light freight truck,PJ,2045,3.544520052564928
canoe,reference,nova scotia,final energy|light freight truck,PJ,2050,4.117881538860079
canoe,reference,nova scotia,final energy|lighting,PJ,2025,1.9961024544024073
canoe,reference,nova scotia,final energy|lighting,PJ,2030,2.035318789851656
canoe,reference,nova scotia,final energy|lighting,PJ,2035,1.7947707123218066
canoe,reference,nova scotia,final energy|lighting,PJ,2040,1.788758643774276
canoe,reference,nova scotia,final energy|lighting,PJ,2045,1.4880887963860618
canoe,reference,nova scotia,final energy|lighting,PJ,2050,1.477520494280957
canoe,reference,nova scotia,final energy|marine freight,PJ,2025,16.398132290181483
canoe,reference,nova scotia,final energy|marine freight,PJ,2030,16.361466270830714
canoe,reference,nova scotia,final energy|marine freight,PJ,2035,16.265434059740258
canoe,reference,nova scotia,final energy|marine freight,PJ,2040,15.871532787823073
canoe,reference,nova scotia,final energy|marine freight,PJ,2045,14.672828924342772
canoe,reference,nova scotia,final energy|marine freight,PJ,2050,14.155007288424137
canoe,reference,nova scotia,final energy|medium duty trucking,PJ,2025,27.442624048024815
canoe,reference,nova scotia,final energy|medium duty trucking,PJ,2030,22.62117617408041
canoe,reference,nova scotia,final energy|medium duty trucking,PJ,2035,16.07037982424496
canoe,reference,nova scotia,final energy|medium duty trucking,PJ,2040,9.695655841713371
canoe,reference,nova scotia,final energy|medium duty trucking,PJ,2045,7.59970224847271
canoe,reference,nova scotia,final energy|medium duty trucking,PJ,2050,7.291772172345807
canoe,reference,nova scotia,final energy|motorcycle,PJ,2025,0.1901546149545028
canoe,reference,nova scotia,final energy|motorcycle,PJ,2030,0.13969964371497545
canoe,reference,nova scotia,final energy|motorcycle,PJ,2035,0.10136996400454854
canoe,reference,nova scotia,final energy|motorcycle,PJ,2040,0.0864343542735982
canoe,reference,nova scotia,final energy|motorcycle,PJ,2045,0.08755071069589686
canoe,reference,nova scotia,final energy|motorcycle,PJ,2050,0.08859420445512127
canoe,reference,nova scotia,final energy|offroad,PJ,2025,3.5399640177966
canoe,reference,nova scotia,final energy|offroad,PJ,2030,3.73860515168611
canoe,reference,nova scotia,final energy|offroad,PJ,2035,3.90375237776294
canoe,reference,nova scotia,final energy|offroad,PJ,2040,4.03384383965753
canoe,reference,nova scotia,final energy|offroad,PJ,2045,4.13816886987641
canoe,reference,nova scotia,final energy|offroad,PJ,2050,4.23424307748517
canoe,reference,nova scotia,final energy|other electrical,PJ,2025,2.8905992661566517
canoe,reference,nova scotia,final energy|other electrical,PJ,2030,3.011277964191694
canoe,reference,nova scotia,final energy|other electrical,PJ,2035,3.095080756295544
canoe,reference,nova scotia,final energy|other electrical,PJ,2040,3.162283634308535
canoe,reference,nova scotia,final energy|other electrical,PJ,2045,3.232431658369905
canoe,reference,nova scotia,final energy|other electrical,PJ,2050,3.317964054425802
canoe,reference,nova scotia,final energy|other end-use,PJ,2025,10.345448985540498
canoe,reference,nova scotia,final energy|other end-use,PJ,2030,11.431180745190646
canoe,reference,nova scotia,final energy|other end-use,PJ,2035,12.244073070937018
canoe,reference,nova scotia,final energy|other end-use,PJ,2040,12.723187712239033
canoe,reference,nova scotia,final energy|other end-use,PJ,2045,13.263390206988031
canoe,reference,nova scotia,final energy|other end-use,PJ,2050,14.074591566549936
canoe,reference,nova scotia,final energy|passenger rail,PJ,2025,0.45550418597440756
canoe,reference,nova scotia,final energy|passenger rail,PJ,2030,0.45550043800163276
canoe,reference,nova scotia,final energy|passenger rail,PJ,2035,0.42623349108757097
canoe,reference,nova scotia,final energy|passenger rail,PJ,2040,0.40191257688611143
canoe,reference,nova scotia,final energy|passenger rail,PJ,2045,0.37601756270496756
canoe,reference,nova scotia,final energy|passenger rail,PJ,2050,0.36530799075134224
canoe,reference,nova scotia,final energy|passenger truck,PJ,2025,11.272875898373579
canoe,reference,nova scotia,final energy|passenger truck,PJ,2030,8.25512366303834
canoe,reference,nova scotia,final energy|passenger truck,PJ,2035,4.56771687288093
canoe,reference,nova scotia,final energy|passenger truck,PJ,2040,5.257051730465218
canoe,reference,nova scotia,final energy|passenger truck,PJ,2045,6.060995721165443
canoe,reference,nova scotia,final energy|passenger truck,PJ,2050,7.028354115524242
canoe,reference,nova scotia,final energy|refrigerator,PJ,2025,0.620694305876401
canoe,reference,nova scotia,final energy|refrigerator,PJ,2030,0.4365566472177345
canoe,reference,nova scotia,final energy|refrigerator,PJ,2035,0.5000860695932163
canoe,reference,nova scotia,final energy|refrigerator,PJ,2040,0.5109443397894011
canoe,reference,nova scotia,final energy|refrigerator,PJ,2045,0.5222784704324308
canoe,reference,nova scotia,final energy|refrigerator,PJ,2050,0.5360983230096149
canoe,reference,nova scotia,final energy|space cooling,PJ,2025,1.547446314128702
canoe,reference,nova scotia,final energy|space cooling,PJ,2030,0.9613810431661748
canoe,reference,nova scotia,final energy|space cooling,PJ,2035,0.4526867898239251
canoe,reference,nova scotia,final energy|space heating,PJ,2025,30.628058558212313
canoe,reference,nova scotia,final energy|space heating,PJ,2030,27.095290616277154
canoe,reference,nova scotia,final energy|space heating,PJ,2035,22.013721553455856
canoe,reference,nova scotia,final energy|space heating,PJ,2040,16.971245199401412
canoe,reference,nova scotia,final energy|space heating,PJ,2045,15.450206158660244
canoe,reference,nova scotia,final energy|space heating,PJ,2050,16.078110471778334
canoe,reference,nova scotia,final energy|water heating,PJ,2025,4.17564667118848
canoe,reference,nova scotia,final energy|water heating,PJ,2030,3.0625738192617824
canoe,reference,nova scotia,final energy|water heating,PJ,2035,1.889119210748213
canoe,reference,nova scotia,final energy|water heating,PJ,2040,2.0345388286096218
canoe,reference,nova scotia,final energy|water heating,PJ,2045,2.0793089747518096
canoe,reference,nova scotia,final energy|water heating,PJ,2050,2.1343524293442258
canoe,reference,ontario,final energy|all,PJ,2025,1019.6600000447894
canoe,reference,ontario,final energy|all,PJ,2030,1053.8778281032112
canoe,reference,ontario,final energy|all,PJ,2035,1069.0091627403992
canoe,reference,ontario,final energy|all,PJ,2040,1100.000862595065
canoe,reference,ontario,final energy|all,PJ,2045,1132.044805414611
canoe,reference,ontario,final energy|all,PJ,2050,1168.7696141882755
canoe,reference,ontario,final energy|aviation,PJ,2025,120.59089395959441
canoe,reference,ontario,final energy|aviation,PJ,2030,122.85621754199923
canoe,reference,ontario,final energy|aviation,PJ,2035,125.07858582218677
canoe,reference,ontario,final energy|aviation,PJ,2040,128.13641821389814
canoe,reference,ontario,final energy|aviation,PJ,2045,133.84283823771608
canoe,reference,ontario,final energy|aviation,PJ,2050,143.31835642031638
canoe,reference,ontario,final energy|bus,PJ,2025,13.31649479862253
canoe,reference,ontario,final energy|bus,PJ,2030,11.716826113082469
canoe,reference,ontario,final energy|bus,PJ,2035,8.717887539098228
canoe,reference,ontario,final energy|bus,PJ,2040,8.234392033296237
canoe,reference,ontario,final energy|bus,PJ,2045,9.237403881849488
canoe,reference,ontario,final energy|bus,PJ,2050,8.977131852003478
canoe,reference,ontario,final energy|car,PJ,2025,212.24312272792486
canoe,reference,ontario,final energy|car,PJ,2030,179.73371865627982
canoe,reference,ontario,final energy|car,PJ,2035,149.75418578769035
canoe,reference,ontario,final energy|car,PJ,2040,151.92781974837155
canoe,reference,ontario,final energy|car,PJ,2045,153.73215676627726
canoe,reference,ontario,final energy|car,PJ,2050,123.66773917718618
canoe,reference,ontario,final energy|clothes dryer,PJ,2025,14.986956499955463
canoe,reference,ontario,final energy|clothes dryer,PJ,2030,15.318510046858922
canoe,reference,ontario,final energy|clothes dryer,PJ,2035,16.099433569311774
canoe,reference,ontario,final energy|clothes dryer,PJ,2040,16.764953991353316
canoe,reference,ontario,final energy|clothes dryer,PJ,2045,17.504998939778723
canoe,reference,ontario,final energy|clothes dryer,PJ,2050,18.234911414782033
canoe,reference,ontario,final energy|clothes washer,PJ,2025,0.3878426226228387
canoe,reference,ontario,final energy|clothes washer,PJ,2030,0.28144392645967115
canoe,reference,ontario,final energy|clothes washer,PJ,2035,0.22455813821685905
canoe,reference,ontario,final energy|clothes washer,PJ,2040,0.23329504271604493
canoe,reference,ontario,final energy|clothes washer,PJ,2045,0.24312214340723634
canoe,reference,ontario,final energy|clothes washer,PJ,2050,0.2532885427635554
canoe,reference,ontario,final energy|cooking,PJ,2025,17.01391675202412
canoe,reference,ontario,final energy|cooking,PJ,2030,20.21140364168652
canoe,reference,ontario,final energy|cooking,PJ,2035,24.388576505142012
canoe,reference,ontario,final energy|cooking,PJ,2040,26.749505177684345
canoe,reference,ontario,final energy|cooking,PJ,2045,27.910138420478418
canoe,reference,ontario,final energy|cooking,PJ,2050,29.075687746141767
canoe,reference,ontario,final energy|dish washer,PJ,2025,0.684461877762441
canoe,reference,ontario,final energy|dish washer,PJ,2030,0.6561802371456847
canoe,reference,ontario,final energy|dish washer,PJ,2035,0.6346088454430939
canoe,reference,ontario,final energy|dish washer,PJ,2040,0.663130426482885
canoe,reference,ontario,final energy|dish washer,PJ,2045,0.6923806934434993
canoe,reference,ontario,final energy|dish washer,PJ,2050,0.7211717835019101
canoe,reference,ontario,final energy|freezer,PJ,2025,2.5199279529491774
canoe,reference,ontario,final energy|freezer,PJ,2030,2.3227390559244654
canoe,reference,ontario,final energy|freezer,PJ,2035,2.1651119251151245
canoe,reference,ontario,final energy|freezer,PJ,2040,1.946312917830164
canoe,reference,ontario,final energy|freezer,PJ,2045,1.998682437057968
canoe,reference,ontario,final energy|freezer,PJ,2050,2.082397155874341
canoe,reference,ontario,final energy|freight rail,PJ,2025,21.907516619528387
canoe,reference,ontario,final energy|freight rail,PJ,2030,24.302644117349352
canoe,reference,ontario,final energy|freight rail,PJ,2035,26.05366464962139
canoe,reference,ontario,final energy|freight rail,PJ,2040,27.283550821379475
canoe,reference,ontario,final energy|freight rail,PJ,2045,28.902749283823976
canoe,reference,ontario,final energy|freight rail,PJ,2050,30.68651088370477
canoe,reference,ontario,final energy|heavy trucking,PJ,2025,148.4179915489841
canoe,reference,ontario,final energy|heavy trucking,PJ,2030,145.63611574982696
canoe,reference,ontario,final energy|heavy trucking,PJ,2035,120.64621228691614
canoe,reference,ontario,final energy|heavy trucking,PJ,2040,88.28644468646934
canoe,reference,ontario,final energy|heavy trucking,PJ,2045,83.12962120057504
canoe,reference,ontario,final energy|heavy trucking,PJ,2050,77.98253870490291
canoe,reference,ontario,final energy|light freight truck,PJ,2025,87.77158371882022
canoe,reference,ontario,final energy|light freight truck,PJ,2030,67.84712700633655
canoe,reference,ontario,final energy|light freight truck,PJ,2035,36.80905606073164
canoe,reference,ontario,final energy|light freight truck,PJ,2040,31.327104694900587
canoe,reference,ontario,final energy|light freight truck,PJ,2045,38.95472736911985
canoe,reference,ontario,final energy|light freight truck,PJ,2050,40.79227737201256
canoe,reference,ontario,final energy|lighting,PJ,2025,18.3372985303528
canoe,reference,ontario,final energy|lighting,PJ,2030,18.32821778955907
canoe,reference,ontario,final energy|lighting,PJ,2035,16.342689601758096
canoe,reference,ontario,final energy|lighting,PJ,2040,16.61289075177941
canoe,reference,ontario,final energy|lighting,PJ,2045,14.05497321774846
canoe,reference,ontario,final energy|lighting,PJ,2050,14.168297896753712
canoe,reference,ontario,final energy|marine freight,PJ,2025,9.060958375337012
canoe,reference,ontario,final energy|marine freight,PJ,2030,9.988661725820815
canoe,reference,ontario,final energy|marine freight,PJ,2035,10.609845417299548
canoe,reference,ontario,final energy|marine freight,PJ,2040,10.995778964854704
canoe,reference,ontario,final energy|marine freight,PJ,2045,10.794227406351654
canoe,reference,ontario,final energy|marine freight,PJ,2050,11.101044737528541
canoe,reference,ontario,final energy|medium duty trucking,PJ,2025,57.404915702276405
canoe,reference,ontario,final energy|medium duty trucking,PJ,2030,50.100430865786635
canoe,reference,ontario,final energy|medium duty trucking,PJ,2035,35.858455952417344
canoe,reference,ontario,final energy|medium duty trucking,PJ,2040,22.93664058457034
canoe,reference,ontario,final energy|medium duty trucking,PJ,2045,20.541271881032678
canoe,reference,ontario,final energy|medium duty trucking,PJ,2050,20.83277900453883
canoe,reference,ontario,final energy|motorcycle,PJ,2025,1.7158346919547063
canoe,reference,ontario,final energy|motorcycle,PJ,2030,1.284125055589672
canoe,reference,ontario,final energy|motorcycle,PJ,2035,0.954218188058011
canoe,reference,ontario,final energy|motorcycle,PJ,2040,0.8521070002265851
canoe,reference,ontario,final energy|motorcycle,PJ,2045,0.9054068915891399
canoe,reference,ontario,final energy|motorcycle,PJ,2050,0.9661708893252791
canoe,reference,ontario,final energy|offroad,PJ,2025,50.400877397
canoe,reference,ontario,final energy|offroad,PJ,2030,56.101838994
canoe,reference,ontario,final energy|offroad,PJ,2035,60.430672112
canoe,reference,ontario,final energy|offroad,PJ,2040,64.784277971
canoe,reference,ontario,final energy|offroad,PJ,2045,69.073896742
canoe,reference,ontario,final energy|offroad,PJ,2050,73.964040159
canoe,reference,ontario,final energy|other electrical,PJ,2025,28.94052031150664
canoe,reference,ontario,final energy|other electrical,PJ,2030,29.520414790763077
canoe,reference,ontario,final energy|other electrical,PJ,2035,30.761542311060023
canoe,reference,ontario,final energy|other electrical,PJ,2040,32.049882751437416
canoe,reference,ontario,final energy|other electrical,PJ,2045,33.40582350920275
canoe,reference,ontario,final energy|other electrical,PJ,2050,34.80502489335999
canoe,reference,ontario,final energy|other end-use,PJ,2025,165.26267538303867
canoe,reference,ontario,final energy|other end-use,PJ,2030,182.60662397327408
canoe,reference,ontario,final energy|other end-use,PJ,2035,195.592117472778
canoe,reference,ontario,final energy|other end-use,PJ,2040,203.24570191821127
canoe,reference,ontario,final energy|other end-use,PJ,2045,211.8751301484977
canoe,reference,ontario,final energy|other end-use,PJ,2050,224.83361142301095
canoe,reference,ontario,final energy|passenger rail,PJ,2025,0.6263184938235623
canoe,reference,ontario,final energy|passenger rail,PJ,2030,0.6820616246065342
canoe,reference,ontario,final energy|passenger rail,PJ,2035,0.6763552836419137
canoe,reference,ontario,final energy|passenger rail,PJ,2040,0.6785317809304909
canoe,reference,ontario,final energy|passenger rail,PJ,2045,0.677192839605063
canoe,reference,ontario,final energy|passenger rail,PJ,2050,0.7056615109925892
canoe,reference,ontario,final energy|passenger truck,PJ,2025,268.9024648929039
canoe,reference,ontario,final energy|passenger truck,PJ,2030,197.90789759256594
canoe,reference,ontario,final energy|passenger truck,PJ,2035,142.97334169857737
canoe,reference,ontario,final energy|passenger truck,PJ,2040,158.44609297903898
canoe,reference,ontario,final energy|passenger truck,PJ,2045,182.1332194450027
canoe,reference,ontario,final energy|passenger truck,PJ,2050,189.3361868109739
canoe,reference,ontario,final energy|refrigerator,PJ,2025,7.230183631854986
canoe,reference,ontario,final energy|refrigerator,PJ,2030,5.759694819704021
canoe,reference,ontario,final energy|refrigerator,PJ,2035,5.789457562855926
canoe,reference,ontario,final energy|refrigerator,PJ,2040,6.0319289003023036
canoe,reference,ontario,final energy|refrigerator,PJ,2045,6.287122914810694
canoe,reference,ontario,final energy|refrigerator,PJ,2050,6.550458769481255
canoe,reference,ontario,final energy|space cooling,PJ,2025,34.81215256643839
canoe,reference,ontario,final energy|space cooling,PJ,2030,23.416045199973635
canoe,reference,ontario,final energy|space cooling,PJ,2035,12.488092287966392
canoe,reference,ontario,final energy|space cooling,PJ,2040,0.6234878569058036
canoe,reference,ontario,final energy|space heating,PJ,2025,648.9602989041024
canoe,reference,ontario,final energy|space heating,PJ,2030,658.1852274174914
canoe,reference,ontario,final energy|space heating,PJ,2035,670.5236693602936
canoe,reference,ontario,final energy|space heating,PJ,2040,672.9688350584315
canoe,reference,ontario,final energy|space heating,PJ,2045,701.2004972170636
canoe,reference,ontario,final energy|space heating,PJ,2050,736.8523152181698
canoe,reference,ontario,final energy|water heating,PJ,2025,99.86442278975845
canoe,reference,ontario,final energy|water heating,PJ,2030,95.8660040797985
canoe,reference,ontario,final energy|water heating,PJ,2035,65.07578709621465
canoe,reference,ontario,final energy|water heating,PJ,2040,40.999761031169946
canoe,reference,ontario,final energy|water heating,PJ,2045,30.607974976985428
canoe,reference,ontario,final energy|water heating,PJ,2050,31.877514980140752
canoe,reference,prince edward island,final energy|all,PJ,2025,8.706975915450194
canoe,reference,prince edward island,final energy|all,PJ,2030,9.55896803157911
canoe,reference,prince edward island,final energy|all,PJ,2035,9.968051915627813
canoe,reference,prince edward island,final energy|all,PJ,2040,10.392118427178643
canoe,reference,prince edward island,final energy|all,PJ,2045,11.021060140999998
canoe,reference,prince edward island,final energy|all,PJ,2050,11.851314244395008
canoe,reference,prince edward island,final energy|aviation,PJ,2025,16.78022988362001
canoe,reference,prince edward island,final energy|aviation,PJ,2030,15.803270233436265
canoe,reference,prince edward island,final energy|aviation,PJ,2035,15.12581021287894
canoe,reference,prince edward island,final energy|aviation,PJ,2040,14.529437974385978
canoe,reference,prince edward island,final energy|aviation,PJ,2045,14.254875488608853
canoe,reference,prince edward island,final energy|aviation,PJ,2050,14.287650203389349
canoe,reference,prince edward island,final energy|bus,PJ,2025,0.7332694494858936
canoe,reference,prince edward island,final energy|bus,PJ,2030,0.5779806684192809
canoe,reference,prince edward island,final energy|bus,PJ,2035,0.4194253537194038
canoe,reference,prince edward island,final energy|bus,PJ,2040,0.4571390049035134
canoe,reference,prince edward island,final energy|bus,PJ,2045,0.4703978972751593
canoe,reference,prince edward island,final energy|bus,PJ,2050,0.4244635153774016
canoe,reference,prince edward island,final energy|car,PJ,2025,19.687405523810284
canoe,reference,prince edward island,final energy|car,PJ,2030,17.51779617666922
canoe,reference,prince edward island,final energy|car,PJ,2035,18.99120183279844
canoe,reference,prince edward island,final energy|car,PJ,2040,17.471133112344535
canoe,reference,prince edward island,final energy|car,PJ,2045,16.090816741011885
canoe,reference,prince edward island,final energy|car,PJ,2050,11.66900162109177
canoe,reference,prince edward island,final energy|clothes dryer,PJ,2025,0.034353830893273346
canoe,reference,prince edward island,final energy|clothes dryer,PJ,2030,0.067877847553159
canoe,reference,prince edward island,final energy|clothes dryer,PJ,2035,0.13879056534207393
canoe,reference,prince edward island,final energy|clothes dryer,PJ,2040,0.07824566671617122
canoe,reference,prince edward island,final energy|clothes dryer,PJ,2045,0.06820916682484987
canoe,reference,prince edward island,final energy|clothes dryer,PJ,2050,0.12800728806713235
canoe,reference,prince edward island,final energy|cooking,PJ,2025,0.06524581615722391
canoe,reference,prince edward island,final energy|cooking,PJ,2030,0.05017469029112382
canoe,reference,prince edward island,final energy|cooking,PJ,2035,0.1908824467591795
canoe,reference,prince edward island,final energy|cooking,PJ,2040,0.15678041024868286
canoe,reference,prince edward island,final energy|cooking,PJ,2045,0.17039729170256104
canoe,reference,prince edward island,final energy|cooking,PJ,2050,0.21962345508149275
canoe,reference,prince edward island,final energy|freight rail,PJ,2025,16.369803623900353
canoe,reference,prince edward island,final energy|freight rail,PJ,2030,16.369794662158824
canoe,reference,prince edward island,final energy|freight rail,PJ,2035,16.369628928266483
canoe,reference,prince edward island,final energy|freight rail,PJ,2040,16.082034099091125
canoe,reference,prince edward island,final energy|freight rail,PJ,2045,16.081977709955275
canoe,reference,prince edward island,final energy|freight rail,PJ,2050,16.082005379441366
canoe,reference,prince edward island,final energy|heavy trucking,PJ,2025,22.457545537467503
canoe,reference,prince edward island,final energy|heavy trucking,PJ,2030,20.23966843150249
canoe,reference,prince edward island,final energy|heavy trucking,PJ,2035,17.04772613038944
canoe,reference,prince edward island,final energy|heavy trucking,PJ,2040,13.566433820054685
canoe,reference,prince edward island,final energy|heavy trucking,PJ,2045,12.366084765568845
canoe,reference,prince edward island,final energy|heavy trucking,PJ,2050,11.676282380149155
canoe,reference,prince edward island,final energy|light freight truck,PJ,2025,5.881451713578081
canoe,reference,prince edward island,final energy|light freight truck,PJ,2030,4.415654858101088
canoe,reference,prince edward island,final energy|light freight truck,PJ,2035,2.3291685686929826
canoe,reference,prince edward island,final energy|light freight truck,PJ,2040,1.8658808750186384
canoe,reference,prince edward island,final energy|light freight truck,PJ,2045,1.7874338784125656
canoe,reference,prince edward island,final energy|light freight truck,PJ,2050,2.119772769205109
canoe,reference,prince edward island,final energy|lighting,PJ,2025,0.09317325944376013
canoe,reference,prince edward island,final energy|lighting,PJ,2030,0.09650906770629708
canoe,reference,prince edward island,final energy|lighting,PJ,2035,0.08492544634054944
canoe,reference,prince edward island,final energy|lighting,PJ,2040,0.08772631590288828
canoe,reference,prince edward island,final energy|lighting,PJ,2045,0.0751892739034436
canoe,reference,prince edward island,final energy|lighting,PJ,2050,0.07526917218133672
canoe,reference,prince edward island,final energy|marine freight,PJ,2025,16.88558233336321
canoe,reference,prince edward island,final energy|marine freight,PJ,2030,16.880076700182887
canoe,reference,prince edward island,final energy|marine freight,PJ,2035,16.80248946117757
canoe,reference,prince edward island,final energy|marine freight,PJ,2040,16.411700973622075
canoe,reference,prince edward island,final energy|marine freight,PJ,2045,15.185538713013614
canoe,reference,prince edward island,final energy|marine freight,PJ,2050,14.661318149451631
canoe,reference,prince edward island,final energy|medium duty trucking,PJ,2025,25.363070076221373
canoe,reference,prince edward island,final energy|medium duty trucking,PJ,2030,21.055978006877606
canoe,reference,prince edward island,final energy|medium duty trucking,PJ,2035,14.99619385609586
canoe,reference,prince edward island,final energy|medium duty trucking,PJ,2040,9.092559366575655
canoe,reference,prince edward island,final energy|medium duty trucking,PJ,2045,7.054732867794531
canoe,reference,prince edward island,final energy|medium duty trucking,PJ,2050,6.665318489099378
canoe,reference,prince edward island,final energy|motorcycle,PJ,2025,0.09516292196897778
canoe,reference,prince edward island,final energy|motorcycle,PJ,2030,0.06941986992788154
canoe,reference,prince edward island,final energy|motorcycle,PJ,2035,0.04893160220221794
canoe,reference,prince edward island,final energy|motorcycle,PJ,2040,0.04180865280360186
canoe,reference,prince edward island,final energy|motorcycle,PJ,2045,0.0418743396837498
canoe,reference,prince edward island,final energy|motorcycle,PJ,2050,0.04198779203664506
canoe,reference,prince edward island,final energy|offroad,PJ,2025,0.750269058796395
canoe,reference,prince edward island,final energy|offroad,PJ,2030,0.783254879463441
canoe,reference,prince edward island,final energy|offroad,PJ,2035,0.810678790210878
canoe,reference,prince edward island,final energy|offroad,PJ,2040,0.832281433905796
canoe,reference,prince edward island,final energy|offroad,PJ,2045,0.849605371837727
canoe,reference,prince edward island,final energy|offroad,PJ,2050,0.865559200756017
canoe,reference,prince edward island,final energy|other electrical,PJ,2025,0.21146745248032597
canoe,reference,prince edward island,final energy|other electrical,PJ,2030,0.2262352598489878
canoe,reference,prince edward island,final energy|other electrical,PJ,2035,0.23720495701580518
canoe,reference,prince edward island,final energy|other electrical,PJ,2040,0.24734897805178693
canoe,reference,prince edward island,final energy|other electrical,PJ,2045,0.2576109528207452
canoe,reference,prince edward island,final energy|other electrical,PJ,2050,0.26824448184857946
canoe,reference,prince edward island,final energy|other end-use,PJ,2025,1.9861970948733016
canoe,reference,prince edward island,final energy|other end-use,PJ,2030,2.194644042883276
canoe,reference,prince edward island,final energy|other end-use,PJ,2035,2.3507092245973675
canoe,reference,prince edward island,final energy|other end-use,PJ,2040,2.4426932564161286
canoe,reference,prince edward island,final energy|other end-use,PJ,2045,2.5464053937253355
canoe,reference,prince edward island,final energy|other end-use,PJ,2050,2.7021459310351283
canoe,reference,prince edward island,final energy|passenger rail,PJ,2025,0.45163435429854276
canoe,reference,prince edward island,final energy|passenger rail,PJ,2030,0.45162449324234893
canoe,reference,prince edward island,final energy|passenger rail,PJ,2035,0.4224791525776837
canoe,reference,prince edward island,final energy|passenger rail,PJ,2040,0.3982642295052718
canoe,reference,prince edward island,final energy|passenger rail,PJ,2045,0.37251467161199536
canoe,reference,prince edward island,final energy|passenger rail,PJ,2050,0.3618207987445661
canoe,reference,prince edward island,final energy|passenger truck,PJ,2025,27.702773623344765
canoe,reference,prince edward island,final energy|passenger truck,PJ,2030,20.334987137567207
canoe,reference,prince edward island,final energy|passenger truck,PJ,2035,13.255141497932641
canoe,reference,prince edward island,final energy|passenger truck,PJ,2040,14.52097539083131
canoe,reference,prince edward island,final energy|passenger truck,PJ,2045,15.594987591193195
canoe,reference,prince edward island,final energy|passenger truck,PJ,2050,18.3528455127533
canoe,reference,prince edward island,final energy|refrigerator,PJ,2030,0.01794376478736699
canoe,reference,prince edward island,final energy|refrigerator,PJ,2035,0.010625034400627507
canoe,reference,prince edward island,final energy|refrigerator,PJ,2040,0.012691175742181432
canoe,reference,prince edward island,final energy|refrigerator,PJ,2045,0.015365845350836327
canoe,reference,prince edward island,final energy|refrigerator,PJ,2050,0.017045240916074025
canoe,reference,prince edward island,final energy|space cooling,PJ,2025,0.2857525279394429
canoe,reference,prince edward island,final energy|space cooling,PJ,2030,0.2824119207714412
canoe,reference,prince edward island,final energy|space cooling,PJ,2035,0.1255001904269054
canoe,reference,prince edward island,final energy|space heating,PJ,2025,3.9839053564549247
canoe,reference,prince edward island,final energy|space heating,PJ,2030,4.339012533592897
canoe,reference,prince edward island,final energy|space heating,PJ,2035,4.870556826738626
canoe,reference,prince edward island,final energy|space heating,PJ,2040,5.256040206507654
canoe,reference,prince edward island,final energy|space heating,PJ,2045,5.508927434069385
canoe,reference,prince edward island,final energy|space heating,PJ,2050,5.75602689638789
canoe,reference,prince edward island,final energy|water heating,PJ,2025,0.787384720989545
canoe,reference,prince edward island,final energy|water heating,PJ,2030,0.4606995824492732
canoe,reference,prince edward island,final energy|water heating,PJ,2035,0.2849742640417524
canoe,reference,prince edward island,final energy|water heating,PJ,2040,0.28574891981450684
canoe,reference,prince edward island,final energy|water heating,PJ,2045,0.29755952425141907
canoe,reference,prince edward island,final energy|water heating,PJ,2050,0.30981745328165744
canoe,reference,quebec,final energy|all,PJ,2025,771.2700000796098
canoe,reference,quebec,final energy|all,PJ,2030,791.678823390341
canoe,reference,quebec,final energy|all,PJ,2035,816.5426900484953
canoe,reference,quebec,final energy|all,PJ,2040,835.8460838518891
canoe,reference,quebec,final energy|all,PJ,2045,853.6229055398694
canoe,reference,quebec,final energy|all,PJ,2050,876.0732663414383
canoe,reference,quebec,final energy|aviation,PJ,2025,110.6667102859044
canoe,reference,quebec,final energy|aviation,PJ,2030,116.34426816133977
canoe,reference,quebec,final energy|aviation,PJ,2035,115.85556554072072
canoe,reference,quebec,final energy|aviation,PJ,2040,115.29571529609537
canoe,reference,quebec,final energy|aviation,PJ,2045,121.19724087328233
canoe,reference,quebec,final energy|aviation,PJ,2050,129.77750384706337
canoe,reference,quebec,final energy|bus,PJ,2025,7.229820101148834
canoe,reference,quebec,final energy|bus,PJ,2030,6.579055909478498
canoe,reference,quebec,final energy|bus,PJ,2035,5.243815194390894
canoe,reference,quebec,final energy|bus,PJ,2040,5.609258298070172
canoe,reference,quebec,final energy|bus,PJ,2045,6.227897851105438
canoe,reference,quebec,final energy|bus,PJ,2050,5.865996192421872
canoe,reference,quebec,final energy|car,PJ,2025,113.55298162002715
canoe,reference,quebec,final energy|car,PJ,2030,99.73850367446629
canoe,reference,quebec,final energy|car,PJ,2035,87.58123170447766
canoe,reference,quebec,final energy|car,PJ,2040,64.09564005948567
canoe,reference,quebec,final energy|car,PJ,2045,54.2513441976506
canoe,reference,quebec,final energy|car,PJ,2050,43.035618264639766
canoe,reference,quebec,final energy|clothes dryer,PJ,2025,9.981893402437832
canoe,reference,quebec,final energy|clothes dryer,PJ,2030,10.008689230478582
canoe,reference,quebec,final energy|clothes dryer,PJ,2035,10.203763089568055
canoe,reference,quebec,final energy|clothes dryer,PJ,2040,10.341532629264881
canoe,reference,quebec,final energy|clothes dryer,PJ,2045,10.554018411990418
canoe,reference,quebec,final energy|clothes dryer,PJ,2050,10.773239873863208
canoe,reference,quebec,final energy|clothes washer,PJ,2025,0.47720059004042237
canoe,reference,quebec,final energy|clothes washer,PJ,2030,0.33891171824198596
canoe,reference,quebec,final energy|clothes washer,PJ,2035,0.2592755128429298
canoe,reference,quebec,final energy|clothes washer,PJ,2040,0.26224847318775
canoe,reference,quebec,final energy|clothes washer,PJ,2045,0.2664565744998128
canoe,reference,quebec,final energy|clothes washer,PJ,2050,0.2719386317989236
canoe,reference,quebec,final energy|cooking,PJ,2025,9.718895419624207
canoe,reference,quebec,final energy|cooking,PJ,2030,11.755304092463078
canoe,reference,quebec,final energy|cooking,PJ,2035,14.377254946022278
canoe,reference,quebec,final energy|cooking,PJ,2040,15.569636675820371
canoe,reference,quebec,final energy|cooking,PJ,2045,15.86078455579012
canoe,reference,quebec,final energy|cooking,PJ,2050,16.20925088154
canoe,reference,quebec,final energy|dish washer,PJ,2025,0.7142842703250689
canoe,reference,quebec,final energy|dish washer,PJ,2030,0.6674196200207263
canoe,reference,quebec,final energy|dish washer,PJ,2035,0.6204424149814449
canoe,reference,quebec,final energy|dish washer,PJ,2040,0.6393178378391484
canoe,reference,quebec,final energy|dish washer,PJ,2045,0.6525632813502238
canoe,reference,quebec,final energy|dish washer,PJ,2050,0.6655046684444776
canoe,reference,quebec,final energy|freezer,PJ,2025,2.871579877298326
canoe,reference,quebec,final energy|freezer,PJ,2030,2.602914319570294
canoe,reference,quebec,final energy|freezer,PJ,2035,2.366982380278126
canoe,reference,quebec,final energy|freezer,PJ,2040,2.0308101446063724
canoe,reference,quebec,final energy|freezer,PJ,2045,2.0559099108919203
canoe,reference,quebec,final energy|freezer,PJ,2050,2.100412737623201
canoe,reference,quebec,final energy|freight rail,PJ,2025,9.012517022403692
canoe,reference,quebec,final energy|freight rail,PJ,2030,9.996452250556416
canoe,reference,quebec,final energy|freight rail,PJ,2035,10.715759332397015
canoe,reference,quebec,final energy|freight rail,PJ,2040,11.33417091169892
canoe,reference,quebec,final energy|freight rail,PJ,2045,11.999328094868874
canoe,reference,quebec,final energy|freight rail,PJ,2050,12.732095188854917
canoe,reference,quebec,final energy|heavy trucking,PJ,2025,89.07760839279386
canoe,reference,quebec,final energy|heavy trucking,PJ,2030,85.63185665938897
canoe,reference,quebec,final energy|heavy trucking,PJ,2035,81.11799552042503
canoe,reference,quebec,final energy|heavy trucking,PJ,2040,67.14768951784451
canoe,reference,quebec,final energy|heavy trucking,PJ,2045,54.43583218614568
canoe,reference,quebec,final energy|heavy trucking,PJ,2050,51.21888169355444
canoe,reference,quebec,final energy|light freight truck,PJ,2025,30.24176817180508
canoe,reference,quebec,final energy|light freight truck,PJ,2030,25.288015281678707
canoe,reference,quebec,final energy|light freight truck,PJ,2035,16.98193599085835
canoe,reference,quebec,final energy|light freight truck,PJ,2040,15.741736793692922
canoe,reference,quebec,final energy|light freight truck,PJ,2045,16.013142873187597
canoe,reference,quebec,final energy|light freight truck,PJ,2050,16.3938059358046
canoe,reference,quebec,final energy|lighting,PJ,2025,17.32176590809746
canoe,reference,quebec,final energy|lighting,PJ,2030,16.97976931899419
canoe,reference,quebec,final energy|lighting,PJ,2035,14.893853317773145
canoe,reference,quebec,final energy|lighting,PJ,2040,14.637431897156784
canoe,reference,quebec,final energy|lighting,PJ,2045,12.121576763371028
canoe,reference,quebec,final energy|lighting,PJ,2050,11.96763183992531
canoe,reference,quebec,final energy|marine freight,PJ,2025,9.400940019269699
canoe,reference,quebec,final energy|marine freight,PJ,2030,10.36170084250623
canoe,reference,quebec,final energy|marine freight,PJ,2035,10.702423900110277
canoe,reference,quebec,final energy|marine freight,PJ,2040,10.80801629727
canoe,reference,quebec,final energy|marine freight,PJ,2045,11.296143463950381
canoe,reference,quebec,final energy|marine freight,PJ,2050,11.34415983595407
canoe,reference,quebec,final energy|medium duty trucking,PJ,2025,29.472420094425512
canoe,reference,quebec,final energy|medium duty trucking,PJ,2030,25.90376976258256
canoe,reference,quebec,final energy|medium duty trucking,PJ,2035,20.922682974664212
canoe,reference,quebec,final energy|medium duty trucking,PJ,2040,15.204883874017415
canoe,reference,quebec,final energy|medium duty trucking,PJ,2045,12.230876043505713
canoe,reference,quebec,final energy|medium duty trucking,PJ,2050,12.41045276785756
canoe,reference,quebec,final energy|motorcycle,PJ,2025,1.4454008432087824
canoe,reference,quebec,final energy|motorcycle,PJ,2030,1.0817312582282943
canoe,reference,quebec,final energy|motorcycle,PJ,2035,0.8038111148695826
canoe,reference,quebec,final energy|motorcycle,PJ,2040,0.7177715440018542
canoe,reference,quebec,final energy|motorcycle,PJ,2045,0.7626742153539607
canoe,reference,quebec,final energy|motorcycle,PJ,2050,0.8138927588737527
canoe,reference,quebec,final energy|offroad,PJ,2025,27.732436205
canoe,reference,quebec,final energy|offroad,PJ,2030,30.869317187
canoe,reference,quebec,final energy|offroad,PJ,2035,33.251202076
canoe,reference,quebec,final energy|offroad,PJ,2040,35.646717849
canoe,reference,quebec,final energy|offroad,PJ,2045,38.007025547
canoe,reference,quebec,final energy|offroad,PJ,2050,40.697764227
canoe,reference,quebec,final energy|other electrical,PJ,2025,31.656767569974207
canoe,reference,quebec,final energy|other electrical,PJ,2030,31.645201539438897
canoe,reference,quebec,final energy|other electrical,PJ,2035,32.16218121611495
canoe,reference,quebec,final energy|other electrical,PJ,2040,32.65692520777268
canoe,reference,quebec,final energy|other electrical,PJ,2045,33.19648800204547
canoe,reference,quebec,final energy|other electrical,PJ,2050,33.915068906670484
canoe,reference,quebec,final energy|other end-use,PJ,2025,107.94192208241687
canoe,reference,quebec,final energy|other end-use,PJ,2030,119.27018566637176
canoe,reference,quebec,final energy|other end-use,PJ,2035,127.75170833491403
canoe,reference,quebec,final energy|other end-use,PJ,2040,132.75067506436676
canoe,reference,quebec,final energy|other end-use,PJ,2045,138.3870177381765
canoe,reference,quebec,final energy|other end-use,PJ,2050,146.85089727297145
canoe,reference,quebec,final energy|passenger rail,PJ,2025,0.22924723008864958
canoe,reference,quebec,final energy|passenger rail,PJ,2030,0.25214425832536747
canoe,reference,quebec,final energy|passenger rail,PJ,2035,0.26055647884193095
canoe,reference,quebec,final energy|passenger rail,PJ,2040,0.25944726944586366
canoe,reference,quebec,final energy|passenger rail,PJ,2045,0.2791170270399289
canoe,reference,quebec,final energy|passenger rail,PJ,2050,0.2953619158155144
canoe,reference,quebec,final energy|passenger truck,PJ,2025,78.3809079392308
canoe,reference,quebec,final energy|passenger truck,PJ,2030,63.34170642974625
canoe,reference,quebec,final energy|passenger truck,PJ,2035,43.16092464155557
canoe,reference,quebec,final energy|passenger truck,PJ,2040,61.63808055089363
canoe,reference,quebec,final energy|passenger truck,PJ,2045,70.24127514136512
canoe,reference,quebec,final energy|passenger truck,PJ,2050,78.44191896598069
canoe,reference,quebec,final energy|refrigerator,PJ,2025,7.852994628186016
canoe,reference,quebec,final energy|refrigerator,PJ,2030,6.109767023343336
canoe,reference,quebec,final energy|refrigerator,PJ,2035,5.981255658205905
canoe,reference,quebec,final energy|refrigerator,PJ,2040,6.073264041579586
canoe,reference,quebec,final energy|refrigerator,PJ,2045,6.173607454065072
canoe,reference,quebec,final energy|refrigerator,PJ,2050,6.307243169652469
canoe,reference,quebec,final energy|space cooling,PJ,2025,15.510205942627891
canoe,reference,quebec,final energy|space cooling,PJ,2030,9.438902349848977
canoe,reference,quebec,final energy|space cooling,PJ,2035,4.706765853059262
canoe,reference,quebec,final energy|space cooling,PJ,2040,0.20064868459246457
canoe,reference,quebec,final energy|space heating,PJ,2025,312.7369417014896
canoe,reference,quebec,final energy|space heating,PJ,2030,305.5796337760499
canoe,reference,quebec,final energy|space heating,PJ,2035,299.80852306197573
canoe,reference,quebec,final energy|space heating,PJ,2040,288.91458666455264
canoe,reference,quebec,final energy|space heating,PJ,2045,267.4798007600095
canoe,reference,quebec,final energy|space heating,PJ,2050,249.53558127912967
canoe,reference,quebec,final energy|water heating,PJ,2025,33.501694768176485
canoe,reference,quebec,final energy|water heating,PJ,2030,25.234550636940494
canoe,reference,quebec,final energy|water heating,PJ,2035,16.859943931258798
canoe,reference,quebec,final energy|water heating,PJ,2040,18.38224619225646
canoe,reference,quebec,final energy|water heating,PJ,2045,18.684818373653
canoe,reference,quebec,final energy|water heating,PJ,2050,19.08851868624723
canoe,reference,saskatchewan,final energy|all,PJ,2025,493.1600000809476
canoe,reference,saskatchewan,final energy|all,PJ,2030,503.96040685850204
canoe,reference,saskatchewan,final energy|all,PJ,2035,507.5824955783271
canoe,reference,saskatchewan,final energy|all,PJ,2040,515.8121678989578
canoe,reference,saskatchewan,final energy|all,PJ,2045,525.661119251358
canoe,reference,saskatchewan,final energy|all,PJ,2050,534.6178739950723
canoe,reference,saskatchewan,final energy|aviation,PJ,2025,3.057596821576152
canoe,reference,saskatchewan,final energy|aviation,PJ,2030,3.385354888882021
canoe,reference,saskatchewan,final energy|aviation,PJ,2035,3.619714517800049
canoe,reference,saskatchewan,final energy|aviation,PJ,2040,3.852107128336332
canoe,reference,saskatchewan,final energy|aviation,PJ,2045,4.099736161507857
canoe,reference,saskatchewan,final energy|aviation,PJ,2050,4.39153661900345
canoe,reference,saskatchewan,final energy|bus,PJ,2025,1.320860941222852
canoe,reference,saskatchewan,final energy|bus,PJ,2030,1.2683246837261128
canoe,reference,saskatchewan,final energy|bus,PJ,2035,1.2723244512938756
canoe,reference,saskatchewan,final energy|bus,PJ,2040,1.3016519942567486
canoe,reference,saskatchewan,final energy|bus,PJ,2045,1.3096785680907097
canoe,reference,saskatchewan,final energy|bus,PJ,2050,1.1055257264443505
canoe,reference,saskatchewan,final energy|car,PJ,2025,10.247074681542637
canoe,reference,saskatchewan,final energy|car,PJ,2030,10.24030829129366
canoe,reference,saskatchewan,final energy|car,PJ,2035,10.525832161910527
canoe,reference,saskatchewan,final energy|car,PJ,2040,10.678501424068594
canoe,reference,saskatchewan,final energy|car,PJ,2045,10.805187510915426
canoe,reference,saskatchewan,final energy|car,PJ,2050,8.913429697762094
canoe,reference,saskatchewan,final energy|clothes dryer,PJ,2025,1.677280917949519
canoe,reference,saskatchewan,final energy|clothes dryer,PJ,2030,1.616176510834092
canoe,reference,saskatchewan,final energy|clothes dryer,PJ,2035,1.7242535346887906
canoe,reference,saskatchewan,final energy|clothes dryer,PJ,2040,1.9063178683897326
canoe,reference,saskatchewan,final energy|clothes dryer,PJ,2045,1.9447675161439797
canoe,reference,saskatchewan,final energy|clothes dryer,PJ,2050,2.0190691688690254
canoe,reference,saskatchewan,final energy|clothes washer,PJ,2025,0.03996581926663653
canoe,reference,saskatchewan,final energy|clothes washer,PJ,2030,0.02830779922393058
canoe,reference,saskatchewan,final energy|clothes washer,PJ,2035,0.02297063919086578
canoe,reference,saskatchewan,final energy|clothes washer,PJ,2040,0.023289241334305117
canoe,reference,saskatchewan,final energy|clothes washer,PJ,2045,0.024052000030351045
canoe,reference,saskatchewan,final energy|clothes washer,PJ,2050,0.025855386494568856
canoe,reference,saskatchewan,final energy|cooking,PJ,2025,1.1050622973851727
canoe,reference,saskatchewan,final energy|cooking,PJ,2030,1.3663349110403464
canoe,reference,saskatchewan,final energy|cooking,PJ,2035,1.6758486641906871
canoe,reference,saskatchewan,final energy|cooking,PJ,2040,1.9619365628741765
canoe,reference,saskatchewan,final energy|cooking,PJ,2045,2.00494634047169
canoe,reference,saskatchewan,final energy|cooking,PJ,2050,2.0881251550916073
canoe,reference,saskatchewan,final energy|dish washer,PJ,2025,0.06759256566393014
canoe,reference,saskatchewan,final energy|dish washer,PJ,2030,0.063506051695108
canoe,reference,saskatchewan,final energy|dish washer,PJ,2035,0.06146333893911266
canoe,reference,saskatchewan,final energy|dish washer,PJ,2040,0.06348360017260679
canoe,reference,saskatchewan,final energy|dish washer,PJ,2045,0.06524357473248077
canoe,reference,saskatchewan,final energy|dish washer,PJ,2050,0.06768699813950901
canoe,reference,saskatchewan,final energy|freezer,PJ,2025,0.3598114515841058
canoe,reference,saskatchewan,final energy|freezer,PJ,2030,0.3094717391613658
canoe,reference,saskatchewan,final energy|freezer,PJ,2035,0.26411459226937567
canoe,reference,saskatchewan,final energy|freezer,PJ,2040,0.2189361474073399
canoe,reference,saskatchewan,final energy|freezer,PJ,2045,0.2606845884785948
canoe,reference,saskatchewan,final energy|freezer,PJ,2050,0.27576659238687545
canoe,reference,saskatchewan,final energy|freight rail,PJ,2025,19.1018559376105
canoe,reference,saskatchewan,final energy|freight rail,PJ,2030,21.19563150007967
canoe,reference,saskatchewan,final energy|freight rail,PJ,2035,22.725947540154326
canoe,reference,saskatchewan,final energy|freight rail,PJ,2040,23.473204924137423
canoe,reference,saskatchewan,final energy|freight rail,PJ,2045,24.887936018922247
canoe,reference,saskatchewan,final energy|freight rail,PJ,2050,26.446435706685044
canoe,reference,saskatchewan,final energy|heavy trucking,PJ,2025,32.287829199350256
canoe,reference,saskatchewan,final energy|heavy trucking,PJ,2030,31.22695964743481
canoe,reference,saskatchewan,final energy|heavy trucking,PJ,2035,29.705957592639866
canoe,reference,saskatchewan,final energy|heavy trucking,PJ,2040,28.461564982820743
canoe,reference,saskatchewan,final energy|heavy trucking,PJ,2045,24.82590578857971
canoe,reference,saskatchewan,final energy|heavy trucking,PJ,2050,24.640931437922596
canoe,reference,saskatchewan,final energy|light freight truck,PJ,2025,7.503861881876669
canoe,reference,saskatchewan,final energy|light freight truck,PJ,2030,6.938369835302163
canoe,reference,saskatchewan,final energy|light freight truck,PJ,2035,5.689866109158878
canoe,reference,saskatchewan,final energy|light freight truck,PJ,2040,5.612677667214344
canoe,reference,saskatchewan,final energy|light freight truck,PJ,2045,5.709455178914964
canoe,reference,saskatchewan,final energy|light freight truck,PJ,2050,5.845202343509131
canoe,reference,saskatchewan,final energy|lighting,PJ,2025,1.6998847955277667
canoe,reference,saskatchewan,final energy|lighting,PJ,2030,1.7029213035716317
canoe,reference,saskatchewan,final energy|lighting,PJ,2035,1.5173374772127943
canoe,reference,saskatchewan,final energy|lighting,PJ,2040,1.5433030997408579
canoe,reference,saskatchewan,final energy|lighting,PJ,2045,1.3078446305175402
canoe,reference,saskatchewan,final energy|lighting,PJ,2050,1.3185949030725002
canoe,reference,saskatchewan,final energy|marine freight,PJ,2025,0.15787200214437463
canoe,reference,saskatchewan,final energy|marine freight,PJ,2030,0.1578632584506588
canoe,reference,saskatchewan,final energy|marine freight,PJ,2035,0.1578527943205529
canoe,reference,saskatchewan,final energy|marine freight,PJ,2040,0.1578385076800506
canoe,reference,saskatchewan,final energy|marine freight,PJ,2045,0.15782379869218147
canoe,reference,saskatchewan,final energy|marine freight,PJ,2050,0.11601373932874355
canoe,reference,saskatchewan,final energy|medium duty trucking,PJ,2025,14.789635519222566
canoe,reference,saskatchewan,final energy|medium duty trucking,PJ,2030,13.684722695950379
canoe,reference,saskatchewan,final energy|medium duty trucking,PJ,2035,12.095793789366402
canoe,reference,saskatchewan,final energy|medium duty trucking,PJ,2040,10.985593822263342
canoe,reference,saskatchewan,final energy|medium duty trucking,PJ,2045,8.546219562632615
canoe,reference,saskatchewan,final energy|medium duty trucking,PJ,2050,8.393662778088052
canoe,reference,saskatchewan,final energy|motorcycle,PJ,2025,0.0695366553700493
canoe,reference,saskatchewan,final energy|motorcycle,PJ,2030,0.05238983300446537
canoe,reference,saskatchewan,final energy|motorcycle,PJ,2035,0.03783002705868104
canoe,reference,saskatchewan,final energy|motorcycle,PJ,2040,0.03464320946443705
canoe,reference,saskatchewan,final energy|motorcycle,PJ,2045,0.03679103972976963
canoe,reference,saskatchewan,final energy|motorcycle,PJ,2050,0.03927081803512067
canoe,reference,saskatchewan,final energy|offroad,PJ,2025,4.379377661
canoe,reference,saskatchewan,final energy|offroad,PJ,2030,4.874739352
canoe,reference,saskatchewan,final energy|offroad,PJ,2035,5.250875563
canoe,reference,saskatchewan,final energy|offroad,PJ,2040,5.6291643
canoe,reference,saskatchewan,final energy|offroad,PJ,2045,6.001893141
canoe,reference,saskatchewan,final energy|offroad,PJ,2050,6.42680211
canoe,reference,saskatchewan,final energy|other electrical,PJ,2025,2.906085804183555
canoe,reference,saskatchewan,final energy|other electrical,PJ,2030,2.9718108677062864
canoe,reference,saskatchewan,final energy|other electrical,PJ,2035,3.0912222799952973
canoe,reference,saskatchewan,final energy|other electrical,PJ,2040,3.2217849525758893
canoe,reference,saskatchewan,final energy|other electrical,PJ,2045,3.3609433882979083
canoe,reference,saskatchewan,final energy|other electrical,PJ,2050,3.502824590074455
canoe,reference,saskatchewan,final energy|other end-use,PJ,2025,19.868418494673694
canoe,reference,saskatchewan,final energy|other end-use,PJ,2030,21.95356463031631
canoe,reference,saskatchewan,final energy|other end-use,PJ,2035,23.514723062551692
canoe,reference,saskatchewan,final energy|other end-use,PJ,2040,24.434861977123564
canoe,reference,saskatchewan,final energy|other end-use,PJ,2045,25.472320018098003
canoe,reference,saskatchewan,final energy|other end-use,PJ,2050,27.030230952437428
canoe,reference,saskatchewan,final energy|passenger rail,PJ,2025,0.5306574559259367
canoe,reference,saskatchewan,final energy|passenger rail,PJ,2030,0.6038192874204379
canoe,reference,saskatchewan,final energy|passenger rail,PJ,2035,0.6330574480716822
canoe,reference,saskatchewan,final energy|passenger rail,PJ,2040,0.5928257391598121
canoe,reference,saskatchewan,final energy|passenger rail,PJ,2045,0.5958687654502708
canoe,reference,saskatchewan,final energy|passenger rail,PJ,2050,0.6138872931779094
canoe,reference,saskatchewan,final energy|passenger truck,PJ,2025,11.979254794674274
canoe,reference,saskatchewan,final energy|passenger truck,PJ,2030,11.354711558055294
canoe,reference,saskatchewan,final energy|passenger truck,PJ,2035,9.933388616083047
canoe,reference,saskatchewan,final energy|passenger truck,PJ,2040,16.741876676367244
canoe,reference,saskatchewan,final energy|passenger truck,PJ,2045,17.69457745990059
canoe,reference,saskatchewan,final energy|passenger truck,PJ,2050,18.126956221624514
canoe,reference,saskatchewan,final energy|refrigerator,PJ,2025,0.7122023150397886
canoe,reference,saskatchewan,final energy|refrigerator,PJ,2030,0.49740693560174465
canoe,reference,saskatchewan,final energy|refrigerator,PJ,2035,0.5692667154451595
canoe,reference,saskatchewan,final energy|refrigerator,PJ,2040,0.593310597459302
canoe,reference,saskatchewan,final energy|refrigerator,PJ,2045,0.6189374396772225
canoe,reference,saskatchewan,final energy|refrigerator,PJ,2050,0.6450656952353669
canoe,reference,saskatchewan,final energy|space cooling,PJ,2025,1.2445627068566667
canoe,reference,saskatchewan,final energy|space cooling,PJ,2030,0.8400351446025243
canoe,reference,saskatchewan,final energy|space cooling,PJ,2035,0.45171578301738075
canoe,reference,saskatchewan,final energy|space cooling,PJ,2040,0.025376027589737844
canoe,reference,saskatchewan,final energy|space heating,PJ,2025,74.14346807065868
canoe,reference,saskatchewan,final energy|space heating,PJ,2030,80.08341692580147
canoe,reference,saskatchewan,final energy|space heating,PJ,2035,85.86492024259503
canoe,reference,saskatchewan,final energy|space heating,PJ,2040,91.01671877252765
canoe,reference,saskatchewan,final energy|space heating,PJ,2045,95.47230851529392
canoe,reference,saskatchewan,final energy|space heating,PJ,2050,100.38522645919413
canoe,reference,saskatchewan,final energy|water heating,PJ,2025,11.851089231253415
canoe,reference,saskatchewan,final energy|water heating,PJ,2030,11.31605829979879
canoe,reference,saskatchewan,final energy|water heating,PJ,2035,7.641635075914191
canoe,reference,saskatchewan,final energy|water heating,PJ,2040,4.829050585068158
canoe,reference,saskatchewan,final energy|water heating,PJ,2045,3.611275586285256
canoe,reference,saskatchewan,final energy|water heating,PJ,2050,3.7462425336538097
canoe,reference,alberta,final energy|all|all,PJ,2025,3202.5200000405744
canoe,reference,alberta,final energy|all|all,PJ,2030,3105.5772566175547
canoe,reference,alberta,final energy|all|all,PJ,2035,3061.636045709936
canoe,reference,alberta,final energy|all|all,PJ,2040,2991.799993950421
canoe,reference,alberta,final energy|all|all,PJ,2045,2961.376649031434
canoe,reference,alberta,final energy|all|all,PJ,2050,2984.2980946399894
canoe,reference,alberta,final energy|aviation|jet fuel,PJ,2025,45.44505145501389
canoe,reference,alberta,final energy|aviation|jet fuel,PJ,2030,48.992917544768936
canoe,reference,alberta,final energy|aviation|jet fuel,PJ,2035,50.8038883588039
canoe,reference,alberta,final energy|aviation|jet fuel,PJ,2040,53.261672561276065
canoe,reference,alberta,final energy|aviation|jet fuel,PJ,2045,56.55430221600908
canoe,reference,alberta,final energy|aviation|jet fuel,PJ,2050,60.55811551922665
canoe,reference,alberta,final energy|bus|diesel,PJ,2025,1.4334495901709359
canoe,reference,alberta,final energy|bus|diesel,PJ,2030,0.665835670194773
canoe,reference,alberta,final energy|bus|electricity,PJ,2025,0.06203869164895271
canoe,reference,alberta,final energy|bus|electricity,PJ,2030,0.137206283908017
canoe,reference,alberta,final energy|bus|electricity,PJ,2035,1.170988069038931
canoe,reference,alberta,final energy|bus|electricity,PJ,2040,1.4124903738905743
canoe,reference,alberta,final energy|bus|electricity,PJ,2045,1.0897436633542865
canoe,reference,alberta,final energy|bus|electricity,PJ,2050,1.5721922055984812
canoe,reference,alberta,final energy|bus|gasoline,PJ,2025,0.5819211095566027
canoe,reference,alberta,final energy|bus|gasoline,PJ,2030,0.632036911998099
canoe,reference,alberta,final energy|bus|gasoline,PJ,2035,0.6298595971819558
canoe,reference,alberta,final energy|bus|gasoline,PJ,2040,0.6412960299648593
canoe,reference,alberta,final energy|bus|gasoline,PJ,2045,0.6484863527273919
canoe,reference,alberta,final energy|bus|gasoline,PJ,2050,0.6571704679134742
canoe,reference,alberta,final energy|bus|hydrogen,PJ,2025,3.692987215264454
canoe,reference,alberta,final energy|bus|hydrogen,PJ,2030,3.9673976487209552
canoe,reference,alberta,final energy|bus|hydrogen,PJ,2035,2.447532139075339
canoe,reference,alberta,final energy|bus|hydrogen,PJ,2040,2.0996620838309736
canoe,reference,alberta,final energy|bus|hydrogen,PJ,2045,2.7974284043768516
canoe,reference,alberta,final energy|bus|hydrogen,PJ,2050,2.0374674414423533
canoe,reference,alberta,final energy|bus|natural gas,PJ,2025,0.25091694184856594
canoe,reference,alberta,final energy|bus|natural gas,PJ,2030,0.1114473034295431
canoe,reference,alberta,final energy|car|diesel,PJ,2025,0.06249799324398445
canoe,reference,alberta,final energy|car|electricity,PJ,2025,0.02118459962147816
canoe,reference,alberta,final energy|car|electricity,PJ,2030,0.01752447634474528
canoe,reference,alberta,final energy|car|electricity,PJ,2045,1.9120137981403087
canoe,reference,alberta,final energy|car|electricity,PJ,2050,6.935064393097784
canoe,reference,alberta,final energy|car|gasoline,PJ,2025,30.510913981697474
canoe,reference,alberta,final energy|car|gasoline,PJ,2030,29.262428312889387
canoe,reference,alberta,final energy|car|gasoline,PJ,2035,28.666023254391074
canoe,reference,alberta,final energy|car|gasoline,PJ,2040,29.08173871447324
canoe,reference,alberta,final energy|car|gasoline,PJ,2045,25.23559608250414
canoe,reference,alberta,final energy|car|gasoline,PJ,2050,14.994658026755381
canoe,reference,alberta,final energy|clothes dryer|electricity,PJ,2025,2.5379191704676387
canoe,reference,alberta,final energy|clothes dryer|electricity,PJ,2030,1.265274288242763
canoe,reference,alberta,final energy|clothes dryer|natural gas,PJ,2025,2.788552713823316
canoe,reference,alberta,final energy|clothes dryer|natural gas,PJ,2030,4.357847398757769
canoe,reference,alberta,final energy|clothes dryer|natural gas,PJ,2035,6.108084402959666
canoe,reference,alberta,final energy|clothes dryer|natural gas,PJ,2040,6.5113424036309855
canoe,reference,alberta,final energy|clothes dryer|natural gas,PJ,2045,6.983583604658983
canoe,reference,alberta,final energy|clothes dryer|natural gas,PJ,2050,7.39403694117575
canoe,reference,alberta,final energy|clothes washer|electricity,PJ,2025,0.13319221351922994
canoe,reference,alberta,final energy|clothes washer|electricity,PJ,2030,0.10037797191687857
canoe,reference,alberta,final energy|clothes washer|electricity,PJ,2035,0.08393499827333882
canoe,reference,alberta,final energy|clothes washer|electricity,PJ,2040,0.08834752908538489
canoe,reference,alberta,final energy|clothes washer|electricity,PJ,2045,0.09408504977735993
canoe,reference,alberta,final energy|clothes washer|electricity,PJ,2050,0.0999850510109934
canoe,reference,alberta,final energy|cooking|electricity,PJ,2025,2.208948339895599
canoe,reference,alberta,final energy|cooking|electricity,PJ,2030,1.3593520412038795
canoe,reference,alberta,final energy|cooking|electricity,PJ,2035,0.35741458337505694
canoe,reference,alberta,final energy|cooking|natural gas,PJ,2025,2.583378391362017
canoe,reference,alberta,final energy|cooking|natural gas,PJ,2030,4.658599213385203
canoe,reference,alberta,final energy|cooking|natural gas,PJ,2035,7.072514327056898
canoe,reference,alberta,final energy|cooking|natural gas,PJ,2040,8.395872117060781
canoe,reference,alberta,final energy|cooking|natural gas,PJ,2045,8.985262465935245
canoe,reference,alberta,final energy|cooking|natural gas,PJ,2050,9.514977715509591
canoe,reference,alberta,final energy|dish washer|electricity,PJ,2025,0.26100921190502485
canoe,reference,alberta,final energy|dish washer|electricity,PJ,2030,0.25818490613629264
canoe,reference,alberta,final energy|dish washer|electricity,PJ,2035,0.25265257596242363
canoe,reference,alberta,final energy|dish washer|electricity,PJ,2040,0.2768677784051316
canoe,reference,alberta,final energy|dish washer|electricity,PJ,2045,0.29694164212243984
canoe,reference,alberta,final energy|dish washer|electricity,PJ,2050,0.3142028920522076
canoe,reference,alberta,final energy|freezer|electricity,PJ,2025,1.074732497106435
canoe,reference,alberta,final energy|freezer|electricity,PJ,2030,1.0267796473888506
canoe,reference,alberta,final energy|freezer|electricity,PJ,2035,0.9865628853767514
canoe,reference,alberta,final energy|freezer|electricity,PJ,2040,0.8923346532324747
canoe,reference,alberta,final energy|freezer|electricity,PJ,2045,0.9678248616043122
canoe,reference,alberta,final energy|freezer|electricity,PJ,2050,1.0249342598426439
canoe,reference,alberta,final energy|freight rail|diesel,PJ,2025,3.4006433778057765
canoe,reference,alberta,final energy|freight rail|diesel,PJ,2030,3.400637275321234
canoe,reference,alberta,final energy|freight rail|diesel,PJ,2035,3.400627036986006
canoe,reference,alberta,final energy|freight rail|natural gas,PJ,2025,24.080573096218732
canoe,reference,alberta,final energy|freight rail|natural gas,PJ,2030,27.08087026421021
canoe,reference,alberta,final energy|freight rail|natural gas,PJ,2035,29.275594681203348
canoe,reference,alberta,final energy|freight rail|natural gas,PJ,2040,34.487865027238726
canoe,reference,alberta,final energy|freight rail|natural gas,PJ,2045,36.51673127734625
canoe,reference,alberta,final energy|freight rail|natural gas,PJ,2050,38.751754058101056
canoe,reference,alberta,final energy|heavy trucking|diesel,PJ,2025,97.54156766852147
canoe,reference,alberta,final energy|heavy trucking|diesel,PJ,2030,87.79725805593428
canoe,reference,alberta,final energy|heavy trucking|diesel,PJ,2035,72.2889311848123
canoe,reference,alberta,final energy|heavy trucking|diesel,PJ,2040,48.77979497323076
canoe,reference,alberta,final energy|heavy trucking|diesel,PJ,2045,32.66609137367862
canoe,reference,alberta,final energy|heavy trucking|diesel,PJ,2050,29.028955393477194
canoe,reference,alberta,final energy|heavy trucking|electricity,PJ,2035,3.0030008078770494
canoe,reference,alberta,final energy|heavy trucking|electricity,PJ,2040,7.1645545540052025
canoe,reference,alberta,final energy|heavy trucking|electricity,PJ,2045,11.888434574748263
canoe,reference,alberta,final energy|heavy trucking|electricity,PJ,2050,15.113589020480743
canoe,reference,alberta,final energy|heavy trucking|hydrogen,PJ,2030,6.873977810249645
canoe,reference,alberta,final energy|heavy trucking|hydrogen,PJ,2035,9.176046087122568
canoe,reference,alberta,final energy|heavy trucking|hydrogen,PJ,2040,14.691511665695574
canoe,reference,alberta,final energy|heavy trucking|hydrogen,PJ,2045,20.201554533352688
canoe,reference,alberta,final energy|heavy trucking|hydrogen,PJ,2050,18.68932811442661
canoe,reference,alberta,final energy|light freight truck|diesel,PJ,2025,1.4014751441773505
canoe,reference,alberta,final energy|light freight truck|diesel,PJ,2030,0.9708209696859998
canoe,reference,alberta,final energy|light freight truck|diesel,PJ,2035,0.18258158148848838
canoe,reference,alberta,final energy|light freight truck|gasoline,PJ,2025,29.356983864696886
canoe,reference,alberta,final energy|light freight truck|gasoline,PJ,2030,24.111431976093808
canoe,reference,alberta,final energy|light freight truck|gasoline,PJ,2035,15.650479599523775
canoe,reference,alberta,final energy|light freight truck|gasoline,PJ,2040,14.354278494275075
canoe,reference,alberta,final energy|light freight truck|gasoline,PJ,2045,14.614191914759767
canoe,reference,alberta,final energy|light freight truck|gasoline,PJ,2050,14.960970333328701
canoe,reference,alberta,final energy|lighting|electricity,PJ,2025,6.3966884568354025
canoe,reference,alberta,final energy|lighting|electricity,PJ,2030,6.666958661102201
canoe,reference,alberta,final energy|lighting|electricity,PJ,2035,6.094433279202974
canoe,reference,alberta,final energy|lighting|electricity,PJ,2040,6.348549638246593
canoe,reference,alberta,final energy|lighting|electricity,PJ,2045,5.472422764868146
canoe,reference,alberta,final energy|lighting|electricity,PJ,2050,5.619457595088747
canoe,reference,alberta,final energy|marine freight|oil,PJ,2025,0.1578719281476937
canoe,reference,alberta,final energy|marine freight|oil,PJ,2030,0.15786327589254157
canoe,reference,alberta,final energy|marine freight|oil,PJ,2035,0.1578529265702792
canoe,reference,alberta,final energy|marine freight|oil,PJ,2040,0.15783838952525958
canoe,reference,alberta,final energy|marine freight|oil,PJ,2045,0.15782391611093635
canoe,reference,alberta,final energy|marine freight|oil,PJ,2050,0.11601395621510908
canoe,reference,alberta,final energy|medium duty trucking|electricity,PJ,2030,6.362604542785903
canoe,reference,alberta,final energy|medium duty trucking|electricity,PJ,2035,13.500923039198083
canoe,reference,alberta,final energy|medium duty trucking|electricity,PJ,2040,21.91477201427697
canoe,reference,alberta,final energy|medium duty trucking|electricity,PJ,2045,26.544223435138573
canoe,reference,alberta,final energy|medium duty trucking|electricity,PJ,2050,27.687360328967657
canoe,reference,alberta,final energy|medium duty trucking|gasoline,PJ,2025,27.56671174399948
canoe,reference,alberta,final energy|medium duty trucking|gasoline,PJ,2030,20.077952401555073
canoe,reference,alberta,final energy|medium duty trucking|gasoline,PJ,2035,8.851762595554977
canoe,reference,alberta,final energy|medium duty trucking|generic,PJ,2025,34.536836958899585
canoe,reference,alberta,final energy|medium duty trucking|generic,PJ,2030,25.577294804210773
canoe,reference,alberta,final energy|medium duty trucking|generic,PJ,2035,11.522511321018875
canoe,reference,alberta,final energy|medium duty trucking|hydrogen,PJ,2025,15.731992590559472
canoe,reference,alberta,final energy|medium duty trucking|hydrogen,PJ,2030,14.192370363829571
canoe,reference,alberta,final energy|medium duty trucking|hydrogen,PJ,2035,13.412350168863007
canoe,reference,alberta,final energy|medium duty trucking|hydrogen,PJ,2040,8.245964663235396
canoe,reference,alberta,final energy|medium duty trucking|hydrogen,PJ,2045,0.7856484671589997
canoe,reference,alberta,final energy|medium duty trucking|hydrogen,PJ,2050,0.4439757726358182
canoe,reference,alberta,final energy|motorcycle|electricity,PJ,2025,0.08696462488896296
canoe,reference,alberta,final energy|motorcycle|electricity,PJ,2030,0.2451129868927746
canoe,reference,alberta,final energy|motorcycle|electricity,PJ,2035,0.3643917331969502
canoe,reference,alberta,final energy|motorcycle|electricity,PJ,2040,0.42893875643879353
canoe,reference,alberta,final energy|motorcycle|electricity,PJ,2045,0.4557761911855574
canoe,reference,alberta,final energy|motorcycle|electricity,PJ,2050,0.4863790458971925
canoe,reference,alberta,final energy|motorcycle|gasoline,PJ,2025,0.7769024466322957
canoe,reference,alberta,final energy|motorcycle|gasoline,PJ,2030,0.40138918483288927
canoe,reference,alberta,final energy|motorcycle|gasoline,PJ,2035,0.11598889320874312
canoe,reference,alberta,final energy|offroad|offroad,PJ,2025,14.485633801
canoe,reference,alberta,final energy|offroad|offroad,PJ,2030,16.124137857
canoe,reference,alberta,final energy|offroad|offroad,PJ,2035,17.368280708
canoe,reference,alberta,final energy|offroad|offroad,PJ,2040,18.619543453
canoe,reference,alberta,final energy|offroad|offroad,PJ,2045,19.852415773
canoe,reference,alberta,final energy|offroad|offroad,PJ,2050,21.257883901
canoe,reference,alberta,final energy|other electrical|electricity,PJ,2025,9.43245165554566
canoe,reference,alberta,final energy|other electrical|electricity,PJ,2030,10.052590895207386
canoe,reference,alberta,final energy|other electrical|electricity,PJ,2035,10.7706602686761
canoe,reference,alberta,final energy|other electrical|electricity,PJ,2040,11.493864142431795
canoe,reference,alberta,final energy|other electrical|electricity,PJ,2045,12.251488184778022
canoe,reference,alberta,final energy|other electrical|electricity,PJ,2050,12.974423923518735
canoe,reference,alberta,final energy|other end-use|other,PJ,2025,80.51675631696291
canoe,reference,alberta,final energy|other end-use|other,PJ,2030,88.96681002072407
canoe,reference,alberta,final energy|other end-use|other,PJ,2035,95.2934038104696
canoe,reference,alberta,final energy|other end-use|other,PJ,2040,99.02226631566593
canoe,reference,alberta,final energy|other end-use|other,PJ,2045,103.22656452372945
canoe,reference,alberta,final energy|other end-use|other,PJ,2050,109.53999782982608
canoe,reference,alberta,final energy|passenger rail|diesel,PJ,2025,0.7849124051647816
canoe,reference,alberta,final energy|passenger rail|diesel,PJ,2030,0.8793416099008926
canoe,reference,alberta,final energy|passenger rail|diesel,PJ,2035,0.9999930055400934
canoe,reference,alberta,final energy|passenger rail|diesel,PJ,2040,0.8993979093595584
canoe,reference,alberta,final energy|passenger rail|diesel,PJ,2045,0.8401612061506769
canoe,reference,alberta,final energy|passenger rail|diesel,PJ,2050,0.8806195894586326
canoe,reference,alberta,final energy|passenger truck|diesel,PJ,2025,0.7341389282018197
canoe,reference,alberta,final energy|passenger truck|diesel,PJ,2030,0.38302698130773766
canoe,reference,alberta,final energy|passenger truck|diesel,PJ,2035,0.06516722553811467
canoe,reference,alberta,final energy|passenger truck|electricity,PJ,2025,0.010493880405284282
canoe,reference,alberta,final energy|passenger truck|gasoline,PJ,2025,42.10518721050263
canoe,reference,alberta,final energy|passenger truck|gasoline,PJ,2030,35.77847938139869
canoe,reference,alberta,final energy|passenger truck|gasoline,PJ,2035,30.7429053719478
canoe,reference,alberta,final energy|passenger truck|gasoline,PJ,2040,44.356441388546116
canoe,reference,alberta,final energy|passenger truck|gasoline,PJ,2045,49.71024124316783
canoe,reference,alberta,final energy|passenger truck|gasoline,PJ,2050,51.01777819090753
canoe,reference,alberta,final energy|refrigerator|electricity,PJ,2025,2.1706703786285533
canoe,reference,alberta,final energy|refrigerator|electricity,PJ,2030,1.8044977586783517
canoe,reference,alberta,final energy|refrigerator|electricity,PJ,2035,1.8808334763744032
canoe,reference,alberta,final energy|refrigerator|electricity,PJ,2040,2.0071234179445834
canoe,reference,alberta,final energy|refrigerator|electricity,PJ,2045,2.139424003591598
canoe,reference,alberta,final energy|refrigerator|electricity,PJ,2050,2.2656671219123394
canoe,reference,alberta,final energy|space cooling|electricity,PJ,2025,0.3368533069875084
canoe,reference,alberta,final energy|space cooling|electricity,PJ,2030,0.21946313650185717
canoe,reference,alberta,final energy|space cooling|electricity,PJ,2035,0.12800480202794756
canoe,reference,alberta,final energy|space cooling|electricity,PJ,2040,0.014631531639678902
canoe,reference,alberta,final energy|space heating|electricity,PJ,2025,14.456020622404465
canoe,reference,alberta,final energy|space heating|electricity,PJ,2030,12.412676208572814
canoe,reference,alberta,final energy|space heating|electricity,PJ,2035,10.192706816665593
canoe,reference,alberta,final energy|space heating|electricity,PJ,2040,7.979984362886585
canoe,reference,alberta,final energy|space heating|electricity,PJ,2045,6.5598455110064
canoe,reference,alberta,final energy|space heating|electricity,PJ,2050,6.953491981817126
canoe,reference,alberta,final energy|space heating|natural gas,PJ,2025,248.008645848154
canoe,reference,alberta,final energy|space heating|natural gas,PJ,2030,241.4309408185451
canoe,reference,alberta,final energy|space heating|natural gas,PJ,2035,223.87787735390617
canoe,reference,alberta,final energy|space heating|natural gas,PJ,2040,198.15754229372473
canoe,reference,alberta,final energy|space heating|natural gas,PJ,2045,202.51063388313227
canoe,reference,alberta,final energy|space heating|natural gas,PJ,2050,214.89602672025782
canoe,reference,alberta,final energy|space heating|other,PJ,2025,1.2088506398793584
canoe,reference,alberta,final energy|space heating|other,PJ,2030,0.8533081209717811
canoe,reference,alberta,final energy|space heating|other,PJ,2035,0.4977648201560369
canoe,reference,alberta,final energy|space heating|other,PJ,2040,0.056888736130853136
canoe,reference,alberta,final energy|space heating|wood,PJ,2025,68.340431067122
canoe,reference,alberta,final energy|space heating|wood,PJ,2030,113.89533026781544
canoe,reference,alberta,final energy|space heating|wood,PJ,2035,169.86047251975768
canoe,reference,alberta,final energy|space heating|wood,PJ,2040,229.06873334661196
canoe,reference,alberta,final energy|space heating|wood,PJ,2045,252.3381331542688
canoe,reference,alberta,final energy|space heating|wood,PJ,2050,267.2282529580927
canoe,reference,alberta,final energy|water heating|electricity,PJ,2025,0.9099107780934739
canoe,reference,alberta,final energy|water heating|electricity,PJ,2030,0.49618923443301
canoe,reference,alberta,final energy|water heating|electricity,PJ,2035,0.03308375460142668
canoe,reference,alberta,final energy|water heating|natural gas,PJ,2025,50.39632764272092
canoe,reference,alberta,final energy|water heating|natural gas,PJ,2030,50.31627086164352
canoe,reference,alberta,final energy|water heating|natural gas,PJ,2035,52.69332215059214
canoe,reference,alberta,final energy|water heating|natural gas,PJ,2040,56.27623125151068
canoe,reference,alberta,final energy|water heating|natural gas,PJ,2045,59.98397662920486
canoe,reference,alberta,final energy|water heating|natural gas,PJ,2050,63.52254943058789
canoe,reference,british columbia,final energy|all|all,PJ,2025,696.9700000588987
canoe,reference,british columbia,final energy|all|all,PJ,2030,813.758328741394
canoe,reference,british columbia,final energy|all|all,PJ,2035,855.8955792975785
canoe,reference,british columbia,final energy|all|all,PJ,2040,869.8421710395645
canoe,reference,british columbia,final energy|all|all,PJ,2045,896.2886600084629
canoe,reference,british columbia,final energy|all|all,PJ,2050,934.4871510545569
canoe,reference,british columbia,final energy|aviation|jet fuel,PJ,2025,97.76094465981427
canoe,reference,british columbia,final energy|aviation|jet fuel,PJ,2030,103.38451755956845
canoe,reference,british columbia,final energy|aviation|jet fuel,PJ,2035,104.00664854247016
canoe,reference,british columbia,final energy|aviation|jet fuel,PJ,2040,108.8612062135756
canoe,reference,british columbia,final energy|aviation|jet fuel,PJ,2045,113.44587514697488
canoe,reference,british columbia,final energy|aviation|jet fuel,PJ,2050,121.47737368869677
canoe,reference,british columbia,final energy|bus|diesel,PJ,2025,0.5190195629087077
canoe,reference,british columbia,final energy|bus|diesel,PJ,2030,0.23858556584259644
canoe,reference,british columbia,final energy|bus|electricity,PJ,2025,0.049034769491889965
canoe,reference,british columbia,final energy|bus|electricity,PJ,2030,0.026352177647201113
canoe,reference,british columbia,final energy|bus|electricity,PJ,2035,0.023888489416102346
canoe,reference,british columbia,final energy|bus|electricity,PJ,2040,0.023601030791391246
canoe,reference,british columbia,final energy|bus|electricity,PJ,2045,0.1069584046873141
canoe,reference,british columbia,final energy|bus|electricity,PJ,2050,1.2092733711068824
canoe,reference,british columbia,final energy|bus|gasoline,PJ,2025,0.5134849892597652
canoe,reference,british columbia,final energy|bus|gasoline,PJ,2030,0.5526725733677231
canoe,reference,british columbia,final energy|bus|gasoline,PJ,2035,0.5549832997158518
canoe,reference,british columbia,final energy|bus|gasoline,PJ,2040,0.5650527548686766
canoe,reference,british columbia,final energy|bus|gasoline,PJ,2045,0.5713761577700529
canoe,reference,british columbia,final energy|bus|gasoline,PJ,2050,0.5790398005352894
canoe,reference,british columbia,final energy|bus|hydrogen,PJ,2025,2.596505852917665
canoe,reference,british columbia,final energy|bus|hydrogen,PJ,2030,2.643523723726841
canoe,reference,british columbia,final energy|bus|hydrogen,PJ,2035,3.5489654695164994
canoe,reference,british columbia,final energy|bus|hydrogen,PJ,2040,4.147674537907715
canoe,reference,british columbia,final energy|bus|hydrogen,PJ,2045,4.122789088752515
canoe,reference,british columbia,final energy|bus|hydrogen,PJ,2050,2.201512452035737
canoe,reference,british columbia,final energy|bus|natural gas,PJ,2025,2.649626545332334
canoe,reference,british columbia,final energy|bus|natural gas,PJ,2030,2.941887824178355
canoe,reference,british columbia,final energy|bus|natural gas,PJ,2035,1.2512723191084307
canoe,reference,british columbia,final energy|bus|natural gas,PJ,2040,0.1066106513940064
canoe,reference,british columbia,final energy|bus|natural gas,PJ,2045,0.026477026036641448
canoe,reference,british columbia,final energy|car|diesel,PJ,2025,0.11541699218084757
canoe,reference,british columbia,final energy|car|diesel,PJ,2030,0.010160570150818943
canoe,reference,british columbia,final energy|car|electricity,PJ,2025,0.03908224034883619
canoe,reference,british columbia,final energy|car|electricity,PJ,2030,0.03231959200039174
canoe,reference,british columbia,final energy|car|electricity,PJ,2045,2.9030233720602427
canoe,reference,british columbia,final energy|car|electricity,PJ,2050,9.549681186646541
canoe,reference,british columbia,final energy|car|gasoline,PJ,2025,41.82077021351705
canoe,reference,british columbia,final energy|car|gasoline,PJ,2030,39.28657262388838
canoe,reference,british columbia,final energy|car|gasoline,PJ,2035,37.54794288623522
canoe,reference,british columbia,final energy|car|gasoline,PJ,2040,38.091714518909896
canoe,reference,british columbia,final energy|car|gasoline,PJ,2045,32.18054810708601
canoe,reference,british columbia,final energy|car|gasoline,PJ,2050,18.633697059694327
canoe,reference,british columbia,final energy|clothes dryer|electricity,PJ,2025,3.343707643490946
canoe,reference,british columbia,final energy|clothes dryer|electricity,PJ,2030,1.6677548404182778
canoe,reference,british columbia,final energy|clothes dryer|natural gas,PJ,2025,3.492635268392418
canoe,reference,british columbia,final energy|clothes dryer|natural gas,PJ,2030,5.28518796963708
canoe,reference,british columbia,final energy|clothes dryer|natural gas,PJ,2035,7.303226364923806
canoe,reference,british columbia,final energy|clothes dryer|natural gas,PJ,2040,7.63695600389012
canoe,reference,british columbia,final energy|clothes dryer|natural gas,PJ,2045,8.021232270865783
canoe,reference,british columbia,final energy|clothes dryer|natural gas,PJ,2050,8.348627974193747
canoe,reference,british columbia,final energy|clothes washer|electricity,PJ,2025,0.21444547131189556
canoe,reference,british columbia,final energy|clothes washer|electricity,PJ,2030,0.15614335925629608
canoe,reference,british columbia,final energy|clothes washer|electricity,PJ,2035,0.1253903819297864
canoe,reference,british columbia,final energy|clothes washer|electricity,PJ,2040,0.12942267595123588
canoe,reference,british columbia,final energy|clothes washer|electricity,PJ,2045,0.13516309695203854
canoe,reference,british columbia,final energy|clothes washer|electricity,PJ,2050,0.1409949209362371
canoe,reference,british columbia,final energy|cooking|electricity,PJ,2025,2.910289783802592
canoe,reference,british columbia,final energy|cooking|electricity,PJ,2030,1.7909468187064383
canoe,reference,british columbia,final energy|cooking|electricity,PJ,2035,0.47789722324017114
canoe,reference,british columbia,final energy|cooking|natural gas,PJ,2025,3.1561722262571945
canoe,reference,british columbia,final energy|cooking|natural gas,PJ,2030,5.498871277851632
canoe,reference,british columbia,final energy|cooking|natural gas,PJ,2035,8.39467534702097
canoe,reference,british columbia,final energy|cooking|natural gas,PJ,2040,9.820677582541204
canoe,reference,british columbia,final energy|cooking|natural gas,PJ,2045,10.302303457693428
canoe,reference,british columbia,final energy|cooking|natural gas,PJ,2050,10.726134355507902
canoe,reference,british columbia,final energy|dish washer|electricity,PJ,2025,0.41773035105482864
canoe,reference,british columbia,final energy|dish washer|electricity,PJ,2030,0.3977706306174338
canoe,reference,british columbia,final energy|dish washer|electricity,PJ,2035,0.3791125763509498
canoe,reference,british columbia,final energy|dish washer|electricity,PJ,2040,0.4054852808161664
canoe,reference,british columbia,final energy|dish washer|electricity,PJ,2045,0.42522213277919757
canoe,reference,british columbia,final energy|dish washer|electricity,PJ,2050,0.4428494067238885
canoe,reference,british columbia,final energy|freezer|electricity,PJ,2025,1.7263464185203032
canoe,reference,british columbia,final energy|freezer|electricity,PJ,2030,1.5946639476086388
canoe,reference,british columbia,final energy|freezer|electricity,PJ,2035,1.4906011601232896
canoe,reference,british columbia,final energy|freezer|electricity,PJ,2040,1.3161796566313178
canoe,reference,british columbia,final energy|freezer|electricity,PJ,2045,1.3813392650813472
canoe,reference,british columbia,final energy|freezer|electricity,PJ,2050,1.440694356259682
canoe,reference,british columbia,final energy|freight rail|diesel,PJ,2025,3.7939862949391134
canoe,reference,british columbia,final energy|freight rail|diesel,PJ,2030,3.793980346070599
canoe,reference,british columbia,final energy|freight rail|diesel,PJ,2035,3.793968189891347
canoe,reference,british columbia,final energy|freight rail|natural gas,PJ,2025,10.046492110508861
canoe,reference,british columbia,final energy|freight rail|natural gas,PJ,2030,11.560543536028968
canoe,reference,british columbia,final energy|freight rail|natural gas,PJ,2035,12.66735156585601
canoe,reference,british columbia,final energy|freight rail|natural gas,PJ,2040,17.18012924322006
canoe,reference,british columbia,final energy|freight rail|natural gas,PJ,2045,18.20366335220182
canoe,reference,british columbia,final energy|freight rail|natural gas,PJ,2050,19.331163697106863
canoe,reference,british columbia,final energy|heavy trucking|diesel,PJ,2025,33.82973862382268
canoe,reference,british columbia,final energy|heavy trucking|diesel,PJ,2030,32.26036153072254
canoe,reference,british columbia,final energy|heavy trucking|diesel,PJ,2035,31.511229302355677
canoe,reference,british columbia,final energy|heavy trucking|diesel,PJ,2040,27.133307003870545
canoe,reference,british columbia,final energy|heavy trucking|diesel,PJ,2045,16.150806462927015
canoe,reference,british columbia,final energy|heavy trucking|diesel,PJ,2050,14.159080860378968
canoe,reference,british columbia,final energy|heavy trucking|electricity,PJ,2045,0.6219635904943045
canoe,reference,british columbia,final energy|heavy trucking|electricity,PJ,2050,0.7682135121311834
canoe,reference,british columbia,final energy|heavy trucking|hydrogen,PJ,2040,2.169997058507475
canoe,reference,british columbia,final energy|heavy trucking|hydrogen,PJ,2045,10.616720655398135
canoe,reference,british columbia,final energy|heavy trucking|hydrogen,PJ,2050,12.583627811537891
canoe,reference,british columbia,final energy|light freight truck|diesel,PJ,2025,0.7665991581869486
canoe,reference,british columbia,final energy|light freight truck|diesel,PJ,2030,0.5311714052672146
canoe,reference,british columbia,final energy|light freight truck|diesel,PJ,2035,0.09989646267570747
canoe,reference,british columbia,final energy|light freight truck|gasoline,PJ,2025,18.297984551276457
canoe,reference,british columbia,final energy|light freight truck|gasoline,PJ,2030,15.460040126565747
canoe,reference,british columbia,final energy|light freight truck|gasoline,PJ,2035,10.717401333153624
canoe,reference,british columbia,final energy|light freight truck|gasoline,PJ,2040,10.052159511951896
canoe,reference,british columbia,final energy|light freight truck|gasoline,PJ,2045,10.225477873657072
canoe,reference,british columbia,final energy|light freight truck|gasoline,PJ,2050,10.468570316074585
canoe,reference,british columbia,final energy|lighting|electricity,PJ,2025,7.79758830974596
canoe,reference,british columbia,final energy|lighting|electricity,PJ,2030,7.812064954736781
canoe,reference,british columbia,final energy|lighting|electricity,PJ,2035,6.978449486881396
canoe,reference,british columbia,final energy|lighting|electricity,PJ,2040,7.104215502947573
canoe,reference,british columbia,final energy|lighting|electricity,PJ,2045,6.009641464567229
canoe,reference,british columbia,final energy|lighting|electricity,PJ,2050,6.06773867467814
canoe,reference,british columbia,final energy|marine freight|oil,PJ,2025,15.702802585177011
canoe,reference,british columbia,final energy|marine freight|oil,PJ,2030,17.309409903752996
canoe,reference,british columbia,final energy|marine freight|oil,PJ,2035,17.61068120995182
canoe,reference,british columbia,final energy|marine freight|oil,PJ,2040,18.141935598709075
canoe,reference,british columbia,final energy|marine freight|oil,PJ,2045,18.83380472208741
canoe,reference,british columbia,final energy|marine freight|oil,PJ,2050,19.50336956808178
canoe,reference,british columbia,final energy|medium duty trucking|electricity,PJ,2030,2.9808128477947253
canoe,reference,british columbia,final energy|medium duty trucking|electricity,PJ,2035,7.337964116922786
canoe,reference,british columbia,final energy|medium duty trucking|electricity,PJ,2040,12.707141870241351
canoe,reference,british columbia,final energy|medium duty trucking|electricity,PJ,2045,17.605452458587862
canoe,reference,british columbia,final energy|medium duty trucking|electricity,PJ,2050,18.913425299223068
canoe,reference,british columbia,final energy|medium duty trucking|gasoline,PJ,2025,16.049330102262317
canoe,reference,british columbia,final energy|medium duty trucking|gasoline,PJ,2030,11.689381350159383
canoe,reference,british columbia,final energy|medium duty trucking|gasoline,PJ,2035,5.1534945482882435
canoe,reference,british columbia,final energy|medium duty trucking|generic,PJ,2025,20.10733327232112
canoe,reference,british columbia,final energy|medium duty trucking|generic,PJ,2030,14.891092938266505
canoe,reference,british columbia,final energy|medium duty trucking|generic,PJ,2035,6.708403096025677
canoe,reference,british columbia,final energy|medium duty trucking|hydrogen,PJ,2025,16.538055268474796
canoe,reference,british columbia,final energy|medium duty trucking|hydrogen,PJ,2030,16.494743263839606
canoe,reference,british columbia,final energy|medium duty trucking|hydrogen,PJ,2035,15.588151783667762
canoe,reference,british columbia,final energy|medium duty trucking|hydrogen,PJ,2040,11.868184155524414
canoe,reference,british columbia,final energy|medium duty trucking|hydrogen,PJ,2045,3.4430521213662995
canoe,reference,british columbia,final energy|medium duty trucking|hydrogen,PJ,2050,2.2500137052242914
canoe,reference,british columbia,final energy|motorcycle|electricity,PJ,2025,0.053668605087448036
canoe,reference,british columbia,final energy|motorcycle|electricity,PJ,2030,0.15126108521384984
canoe,reference,british columbia,final energy|motorcycle|electricity,PJ,2035,0.22485025148543647
canoe,reference,british columbia,final energy|motorcycle|electricity,PJ,2040,0.2646544205163524
canoe,reference,british columbia,final energy|motorcycle|electricity,PJ,2045,0.28122505584197033
canoe,reference,british columbia,final energy|motorcycle|electricity,PJ,2050,0.30009770192185997
canoe,reference,british columbia,final energy|motorcycle|gasoline,PJ,2025,0.4794477384399782
canoe,reference,british columbia,final energy|motorcycle|gasoline,PJ,2030,0.24770620478174984
canoe,reference,british columbia,final energy|motorcycle|gasoline,PJ,2035,0.07158048814916576
canoe,reference,british columbia,final energy|offroad|offroad,PJ,2025,19.853903192
canoe,reference,british columbia,final energy|offroad|offroad,PJ,2030,22.099624804
canoe,reference,british columbia,final energy|offroad|offroad,PJ,2035,23.80483785
canoe,reference,british columbia,final energy|offroad|offroad,PJ,2040,25.519809369
canoe,reference,british columbia,final energy|offroad|offroad,PJ,2045,27.209575107
canoe,reference,british columbia,final energy|offroad|offroad,PJ,2050,29.13589939
canoe,reference,british columbia,final energy|other electrical|electricity,PJ,2025,14.716501400548701
canoe,reference,british columbia,final energy|other electrical|electricity,PJ,2030,15.049499677531184
canoe,reference,british columbia,final energy|other electrical|electricity,PJ,2035,15.72484719715245
canoe,reference,british columbia,final energy|other electrical|electricity,PJ,2040,16.40945309861162
canoe,reference,british columbia,final energy|other electrical|electricity,PJ,2045,17.121834145584543
canoe,reference,british columbia,final energy|other electrical|electricity,PJ,2050,17.85754631478901
canoe,reference,british columbia,final energy|other end-use|other,PJ,2025,55.9243986271308
canoe,reference,british columbia,final energy|other end-use|other,PJ,2030,61.793539329837465
canoe,reference,british columbia,final energy|other end-use|other,PJ,2035,66.18779177161299
canoe,reference,british columbia,final energy|other end-use|other,PJ,2040,68.77774202178753
canoe,reference,british columbia,final energy|other end-use|other,PJ,2045,71.69791491113605
canoe,reference,british columbia,final energy|other end-use|other,PJ,2050,76.08302649618345
canoe,reference,british columbia,final energy|passenger rail|diesel,PJ,2025,0.3722886894131322
canoe,reference,british columbia,final energy|passenger rail|diesel,PJ,2030,0.4075223097966691
canoe,reference,british columbia,final energy|passenger rail|diesel,PJ,2035,0.4334461561904835
canoe,reference,british columbia,final energy|passenger rail|diesel,PJ,2040,0.4267249181935583
canoe,reference,british columbia,final energy|passenger rail|diesel,PJ,2045,0.43115731842669164
canoe,reference,british columbia,final energy|passenger rail|diesel,PJ,2050,0.44820808803124207
canoe,reference,british columbia,final energy|passenger truck|diesel,PJ,2025,0.7239733981129671
canoe,reference,british columbia,final energy|passenger truck|diesel,PJ,2030,0.3777231656784864
canoe,reference,british columbia,final energy|passenger truck|diesel,PJ,2035,0.06426483645665428
canoe,reference,british columbia,final energy|passenger truck|gasoline,PJ,2025,41.918652956499855
canoe,reference,british columbia,final energy|passenger truck|gasoline,PJ,2030,35.68541720388512
canoe,reference,british columbia,final energy|passenger truck|gasoline,PJ,2035,26.61690368591169
canoe,reference,british columbia,final energy|passenger truck|gasoline,PJ,2040,40.550716723149236
canoe,reference,british columbia,final energy|passenger truck|gasoline,PJ,2045,45.004295052069025
canoe,reference,british columbia,final energy|passenger truck|gasoline,PJ,2050,48.921394588041984
canoe,reference,british columbia,final energy|refrigerator|electricity,PJ,2025,3.4808159101686447
canoe,reference,british columbia,final energy|refrigerator|electricity,PJ,2030,2.768086751431415
canoe,reference,british columbia,final energy|refrigerator|electricity,PJ,2035,2.8044289949020884
canoe,reference,british columbia,final energy|refrigerator|electricity,PJ,2040,2.926524212493828
canoe,reference,british columbia,final energy|refrigerator|electricity,PJ,2045,3.0535729550667505
canoe,reference,british columbia,final energy|refrigerator|electricity,PJ,2050,3.184782658623867
canoe,reference,british columbia,final energy|space cooling|electricity,PJ,2025,8.025096181035648
canoe,reference,british columbia,final energy|space cooling|electricity,PJ,2030,3.1617477400141842
canoe,reference,british columbia,final energy|space cooling|electricity,PJ,2035,2.7245915045702622
canoe,reference,british columbia,final energy|space cooling|electricity,PJ,2040,0.2668554541940695
canoe,reference,british columbia,final energy|space heating|electricity,PJ,2025,29.384992754697162
canoe,reference,british columbia,final energy|space heating|electricity,PJ,2030,37.46843183033895
canoe,reference,british columbia,final energy|space heating|electricity,PJ,2035,34.23185457177159
canoe,reference,british columbia,final energy|space heating|electricity,PJ,2040,35.56687809159669
canoe,reference,british columbia,final energy|space heating|electricity,PJ,2045,33.992899049000584
canoe,reference,british columbia,final energy|space heating|electricity,PJ,2050,35.98104683973517
canoe,reference,british columbia,final energy|space heating|natural gas,PJ,2025,140.2923975462569
canoe,reference,british columbia,final energy|space heating|natural gas,PJ,2030,120.38620147237496
canoe,reference,british columbia,final energy|space heating|natural gas,PJ,2035,132.97685265644787
canoe,reference,british columbia,final energy|space heating|natural gas,PJ,2040,130.2223862380731
canoe,reference,british columbia,final energy|space heating|natural gas,PJ,2045,138.4037311719687
canoe,reference,british columbia,final energy|space heating|natural gas,PJ,2050,144.82442055111204
canoe,reference,british columbia,final energy|space heating|oil,PJ,2025,0.14959761940272845
canoe,reference,british columbia,final energy|space heating|oil,PJ,2030,0.10783418803449492
canoe,reference,british columbia,final energy|space heating|oil,PJ,2035,0.06608009122670484
canoe,reference,british columbia,final energy|space heating|oil,PJ,2040,0.022346297181315235
canoe,reference,british columbia,final energy|space heating|other,PJ,2025,0.5717358965989459
canoe,reference,british columbia,final energy|space heating|other,PJ,2030,0.40357864142948285
canoe,reference,british columbia,final energy|space heating|other,PJ,2035,0.23542168704628905
canoe,reference,british columbia,final energy|space heating|other,PJ,2040,0.026907304205179176
canoe,reference,british columbia,final energy|space heating|wood,PJ,2025,4.456735111469968
canoe,reference,british columbia,final energy|space heating|wood,PJ,2030,3.100365450875913
canoe,reference,british columbia,final energy|space heating|wood,PJ,2035,1.5941284414735297
canoe,reference,british columbia,final energy|space heating|wood,PJ,2040,0.07910201600267103
canoe,reference,british columbia,final energy|water heating|electricity,PJ,2025,9.439810940073123
canoe,reference,british columbia,final energy|water heating|electricity,PJ,2030,10.880447876256817
canoe,reference,british columbia,final energy|water heating|electricity,PJ,2035,12.81315320444228
canoe,reference,british columbia,final energy|water heating|electricity,PJ,2040,14.762329887197616
canoe,reference,british columbia,final energy|water heating|electricity,PJ,2045,15.403533103452615
canoe,reference,british columbia,final energy|water heating|electricity,PJ,2050,16.065575857258953
canoe,reference,british columbia,final energy|water heating|lpg,PJ,2025,0.1319896204792093
canoe,reference,british columbia,final energy|water heating|lpg,PJ,2030,0.06599126150021282
canoe,reference,british columbia,final energy|water heating|natural gas,PJ,2025,21.05965770704218
canoe,reference,british columbia,final energy|water heating|natural gas,PJ,2030,10.542805289640443
canoe,reference,british columbia,final energy|water heating|natural gas,PJ,2035,0.016035769651309317
canoe,reference,canada,final energy|all|all,PJ,2025,6562.290000548049
canoe,reference,canada,final energy|all|all,PJ,2030,6660.271857809519
canoe,reference,canada,final energy|all|all,PJ,2035,6701.187999687529
canoe,reference,canada,final energy|all|all,PJ,2040,6696.819538436937
canoe,reference,canada,final energy|all|all,PJ,2045,6750.996208717979
canoe,reference,canada,final energy|all|all,PJ,2050,6888.827706729683
canoe,reference,canada,final energy|aviation|jet fuel,PJ,2025,470.7496477086833
canoe,reference,canada,final energy|aviation|jet fuel,PJ,2030,485.16743638005534
canoe,reference,canada,final energy|aviation|jet fuel,PJ,2035,487.58709385941404
canoe,reference,canada,final energy|aviation|jet fuel,PJ,2040,496.0205600335741
canoe,reference,canada,final energy|aviation|jet fuel,PJ,2045,515.6146919653886
canoe,reference,canada,final energy|aviation|jet fuel,PJ,2050,547.5355632283785
canoe,reference,canada,final energy|bus|diesel,PJ,2025,11.013988841618199
canoe,reference,canada,final energy|bus|diesel,PJ,2030,5.062711444042777
canoe,reference,canada,final energy|bus|electricity,PJ,2025,2.952502993682051
canoe,reference,canada,final energy|bus|electricity,PJ,2030,3.7403251620761107
canoe,reference,canada,final energy|bus|electricity,PJ,2035,8.089745446406452
canoe,reference,canada,final energy|bus|electricity,PJ,2040,9.007291554274321
canoe,reference,canada,final energy|bus|electricity,PJ,2045,7.079999611519694
canoe,reference,canada,final energy|bus|electricity,PJ,2050,10.404520556883881
canoe,reference,canada,final energy|bus|gasoline,PJ,2025,3.9616535755437856
canoe,reference,canada,final energy|bus|gasoline,PJ,2030,4.278911749675812
canoe,reference,canada,final energy|bus|gasoline,PJ,2035,4.225840599091983
canoe,reference,canada,final energy|bus|gasoline,PJ,2040,4.226604112528807
canoe,reference,canada,final energy|bus|gasoline,PJ,2045,4.207215842979565
canoe,reference,canada,final energy|bus|gasoline,PJ,2050,4.219684372059769
canoe,reference,canada,final energy|bus|hydrogen,PJ,2025,17.959756872496875
canoe,reference,canada,final energy|bus|hydrogen,PJ,2030,19.362381439906702
canoe,reference,canada,final energy|bus|hydrogen,PJ,2035,14.543282827338674
canoe,reference,canada,final energy|bus|hydrogen,PJ,2040,13.844447138064591
canoe,reference,canada,final energy|bus|hydrogen,PJ,2045,17.941606179795578
canoe,reference,canada,final energy|bus|hydrogen,PJ,2050,12.47543206299237
canoe,reference,canada,final energy|bus|natural gas,PJ,2025,3.4595635000802623
canoe,reference,canada,final energy|bus|natural gas,PJ,2030,3.2851443808325365
canoe,reference,canada,final energy|bus|natural gas,PJ,2035,1.2512723191084307
canoe,reference,canada,final energy|bus|natural gas,PJ,2040,0.1066106513940064
canoe,reference,canada,final energy|bus|natural gas,PJ,2045,0.026477026036641448
canoe,reference,canada,final energy|car|diesel,PJ,2025,2.1302142404955107
canoe,reference,canada,final energy|car|diesel,PJ,2030,0.19336459971432465
canoe,reference,canada,final energy|car|electricity,PJ,2025,0.7378579731960372
canoe,reference,canada,final energy|car|electricity,PJ,2030,0.6089413901699936
canoe,reference,canada,final energy|car|electricity,PJ,2035,4.669956230419144
canoe,reference,canada,final energy|car|electricity,PJ,2040,32.837727023881534
canoe,reference,canada,final energy|car|electricity,PJ,2045,47.719278851033465
canoe,reference,canada,final energy|car|electricity,PJ,2050,105.49139227262921
canoe,reference,canada,final energy|car|gasoline,PJ,2025,459.2211028370036
canoe,reference,canada,final energy|car|gasoline,PJ,2030,405.8105163744059
canoe,reference,canada,final energy|car|gasoline,PJ,2035,354.97303082389794
canoe,reference,canada,final energy|car|gasoline,PJ,2040,295.59682483421875
canoe,reference,canada,final energy|car|gasoline,PJ,2045,263.1600728268655
canoe,reference,canada,final energy|car|gasoline,PJ,2050,144.7353093116646
canoe,reference,canada,final energy|car|hydrogen,PJ,2045,3.015884738326875
canoe,reference,canada,final energy|car|hydrogen,PJ,2050,3.0152079492513293
canoe,reference,canada,final energy|clothes dryer|electricity,PJ,2025,22.29309490779972
canoe,reference,canada,final energy|clothes dryer|electricity,PJ,2030,10.965723035341552
canoe,reference,canada,final energy|clothes dryer|natural gas,PJ,2025,20.576219377311197
canoe,reference,canada,final energy|clothes dryer|natural gas,PJ,2030,32.5477108545947
canoe,reference,canada,final energy|clothes dryer|natural gas,PJ,2035,45.61307395109521
canoe,reference,canada,final energy|clothes dryer|natural gas,PJ,2040,47.5572607615897
canoe,reference,canada,final energy|clothes dryer|natural gas,PJ,2045,49.39136514097755
canoe,reference,canada,final energy|clothes dryer|natural gas,PJ,2050,51.330587762049596
canoe,reference,canada,final energy|clothes washer|electricity,PJ,2025,1.4246963712770335
canoe,reference,canada,final energy|clothes washer|electricity,PJ,2030,1.025786464811833
canoe,reference,canada,final energy|clothes washer|electricity,PJ,2035,0.8129454743009409
canoe,reference,canada,final energy|clothes washer|electricity,PJ,2040,0.8329219718014036
canoe,reference,canada,final energy|clothes washer|electricity,PJ,2045,0.8607054998917154
canoe,reference,canada,final energy|clothes washer|electricity,PJ,2050,0.8953975954921632
canoe,reference,canada,final energy|cooking|electricity,PJ,2025,21.068728046730673
canoe,reference,canada,final energy|cooking|electricity,PJ,2030,12.913861878792076
canoe,reference,canada,final energy|cooking|electricity,PJ,2035,3.3225757780496536
canoe,reference,canada,final energy|cooking|natural gas,PJ,2025,21.33594059355526
canoe,reference,canada,final energy|cooking|natural gas,PJ,2030,38.23830335225535
canoe,reference,canada,final energy|cooking|natural gas,PJ,2035,59.06781670787977
canoe,reference,canada,final energy|cooking|natural gas,PJ,2040,68.91079497602249
canoe,reference,canada,final energy|cooking|natural gas,PJ,2045,71.46716681357141
canoe,reference,canada,final energy|cooking|natural gas,PJ,2050,74.2382387120398
canoe,reference,canada,final energy|dish washer|electricity,PJ,2025,2.389854556534471
canoe,reference,canada,final energy|dish washer|electricity,PJ,2030,2.2713953437831953
canoe,reference,canada,final energy|dish washer|electricity,PJ,2035,2.177182846064375
canoe,reference,canada,final energy|dish washer|electricity,PJ,2040,2.2703952278872657
canoe,reference,canada,final energy|dish washer|electricity,PJ,2045,2.3500176434982833
canoe,reference,canada,final energy|dish washer|electricity,PJ,2050,2.4392052800298845
canoe,reference,canada,final energy|freezer|electricity,PJ,2025,9.78195766709507
canoe,reference,canada,final energy|freezer|electricity,PJ,2030,8.85588575753559
canoe,reference,canada,final energy|freezer|electricity,PJ,2035,8.000413522223573
canoe,reference,canada,final energy|freezer|electricity,PJ,2040,6.9892789003869655
canoe,reference,canada,final energy|freezer|electricity,PJ,2045,7.342641227185781
canoe,reference,canada,final energy|freezer|electricity,PJ,2050,7.636914453697386
canoe,reference,canada,final energy|freight rail|diesel,PJ,2025,35.50778148301064
canoe,reference,canada,final energy|freight rail|diesel,PJ,2030,35.505296701762795
canoe,reference,canada,final energy|freight rail|diesel,PJ,2035,35.50590147324759
canoe,reference,canada,final energy|freight rail|natural gas,PJ,2025,134.20854425015523
canoe,reference,canada,final energy|freight rail|natural gas,PJ,2030,145.59314474345103
canoe,reference,canada,final energy|freight rail|natural gas,PJ,2035,153.91734761542952
canoe,reference,canada,final energy|freight rail|natural gas,PJ,2040,194.1718818159396
canoe,reference,canada,final energy|freight rail|natural gas,PJ,2045,201.86157446364325
canoe,reference,canada,final energy|freight rail|natural gas,PJ,2050,210.32848548686746
canoe,reference,canada,final energy|heavy trucking|diesel,PJ,2025,527.2099639344873
canoe,reference,canada,final energy|heavy trucking|diesel,PJ,2030,473.9249822214714
canoe,reference,canada,final energy|heavy trucking|diesel,PJ,2035,390.11250975128905
canoe,reference,canada,final energy|heavy trucking|diesel,PJ,2040,250.96565968644967
canoe,reference,canada,final energy|heavy trucking|diesel,PJ,2045,148.43939169257874
canoe,reference,canada,final energy|heavy trucking|diesel,PJ,2050,123.93313944857687
canoe,reference,canada,final energy|heavy trucking|electricity,PJ,2030,0.2939639342080756
canoe,reference,canada,final energy|heavy trucking|electricity,PJ,2035,16.33372085207347
canoe,reference,canada,final energy|heavy trucking|electricity,PJ,2040,45.71964879171498
canoe,reference,canada,final energy|heavy trucking|electricity,PJ,2045,72.72867017907978
canoe,reference,canada,final energy|heavy trucking|electricity,PJ,2050,90.18730259432077
canoe,reference,canada,final energy|heavy trucking|hydrogen,PJ,2030,30.833118374507237
canoe,reference,canada,final energy|heavy trucking|hydrogen,PJ,2035,40.03503412249468
canoe,reference,canada,final energy|heavy trucking|hydrogen,PJ,2040,64.79179984955759
canoe,reference,canada,final energy|heavy trucking|hydrogen,PJ,2045,98.42594667368104
canoe,reference,canada,final energy|heavy trucking|hydrogen,PJ,2050,90.64265159583852
canoe,reference,canada,final energy|light freight truck|diesel,PJ,2025,10.122364118775577
canoe,reference,canada,final energy|light freight truck|diesel,PJ,2030,7.023107895793687
canoe,reference,canada,final energy|light freight truck|diesel,PJ,2035,1.3002335566698344
canoe,reference,canada,final energy|light freight truck|gasoline,PJ,2025,201.3465962100807
canoe,reference,canada,final energy|light freight truck|gasoline,PJ,2030,162.10774282948114
canoe,reference,canada,final energy|light freight truck|gasoline,PJ,2035,100.86350515362622
canoe,reference,canada,final energy|light freight truck|gasoline,PJ,2040,90.62337555661416
canoe,reference,canada,final energy|light freight truck|gasoline,PJ,2045,99.4431953105121
canoe,reference,canada,final energy|light freight truck|gasoline,PJ,2050,103.78257415821433
canoe,reference,canada,final energy|lighting|electricity,PJ,2025,59.229455393067376
canoe,reference,canada,final energy|lighting|electricity,PJ,2030,59.204395152741874
canoe,reference,canada,final energy|lighting|electricity,PJ,2035,52.65970459627209
canoe,reference,canada,final energy|lighting|electricity,PJ,2040,53.06283508635491
canoe,reference,canada,final energy|lighting|electricity,PJ,2045,44.623981562917265
canoe,reference,canada,final energy|lighting|electricity,PJ,2050,44.763980971260374
canoe,reference,canada,final energy|marine freight|diesel,PJ,2025,0.08994841157473213
canoe,reference,canada,final energy|marine freight|oil,PJ,2025,101.03752218526948
canoe,reference,canada,final energy|marine freight|oil,PJ,2030,104.53256043288863
canoe,reference,canada,final energy|marine freight|oil,PJ,2035,105.44548420430758
canoe,reference,canada,final energy|marine freight|oil,PJ,2040,104.89833908683808
canoe,reference,canada,final energy|marine freight|oil,PJ,2045,101.03145002008489
canoe,reference,canada,final energy|marine freight|oil,PJ,2050,99.84736713570523
canoe,reference,canada,final energy|medium duty trucking|electricity,PJ,2025,5.186997270064634
canoe,reference,canada,final energy|medium duty trucking|electricity,PJ,2030,23.419077839142354
canoe,reference,canada,final energy|medium duty trucking|electricity,PJ,2035,49.50435513701714
canoe,reference,canada,final energy|medium duty trucking|electricity,PJ,2040,83.45286348563333
canoe,reference,canada,final energy|medium duty trucking|electricity,PJ,2045,108.31249258316905
canoe,reference,canada,final energy|medium duty trucking|electricity,PJ,2050,112.80028757820534
canoe,reference,canada,final energy|medium duty trucking|gasoline,PJ,2025,106.35997639881639
canoe,reference,canada,final energy|medium duty trucking|gasoline,PJ,2030,77.46631816119104
canoe,reference,canada,final energy|medium duty trucking|gasoline,PJ,2035,34.15112316471527
canoe,reference,canada,final energy|medium duty trucking|generic,PJ,2025,131.95703678445412
canoe,reference,canada,final energy|medium duty trucking|generic,PJ,2030,98.68426914504853
canoe,reference,canada,final energy|medium duty trucking|generic,PJ,2035,44.45704152836029
canoe,reference,canada,final energy|medium duty trucking|hydrogen,PJ,2025,93.29626951682718
canoe,reference,canada,final energy|medium duty trucking|hydrogen,PJ,2030,88.6946893029454
canoe,reference,canada,final energy|medium duty trucking|hydrogen,PJ,2035,83.82015682340784
canoe,reference,canada,final energy|medium duty trucking|hydrogen,PJ,2040,57.8244187087172
canoe,reference,canada,final energy|medium duty trucking|hydrogen,PJ,2045,12.569870813467412
canoe,reference,canada,final energy|medium duty trucking|hydrogen,PJ,2050,8.14380932770008
canoe,reference,canada,final energy|motorcycle|electricity,PJ,2025,0.5770112989240311
canoe,reference,canada,final energy|motorcycle|electricity,PJ,2030,1.546887127637264
canoe,reference,canada,final energy|motorcycle|electricity,PJ,2035,2.2783703000878117
canoe,reference,canada,final energy|motorcycle|electricity,PJ,2040,2.667107946407454
canoe,reference,canada,final energy|motorcycle|electricity,PJ,2045,2.819904660377594
canoe,reference,canada,final energy|motorcycle|electricity,PJ,2050,2.9938356336258463
canoe,reference,canada,final energy|motorcycle|gasoline,PJ,2025,4.848929460040405
canoe,reference,canada,final energy|motorcycle|gasoline,PJ,2030,2.50520518306743
canoe,reference,canada,final energy|motorcycle|gasoline,PJ,2035,0.7217246141866613
canoe,reference,canada,final energy|offroad|offroad,PJ,2025,130.20898251839014
canoe,reference,canada,final energy|offroad|offroad,PJ,2030,144.40567759169764
canoe,reference,canada,final energy|offroad|offroad,PJ,2035,155.22077682434661
canoe,reference,canada,final energy|offroad|offroad,PJ,2040,166.00895353182506
canoe,reference,canada,final energy|offroad|offroad,PJ,2045,176.57972204802832
canoe,reference,canada,final energy|offroad|offroad,PJ,2050,188.57395856361578
canoe,reference,canada,final energy|other electrical|electricity,PJ,2025,100.61688778548663
canoe,reference,canada,final energy|other electrical|electricity,PJ,2030,102.52893640249147
canoe,reference,canada,final energy|other electrical|electricity,PJ,2035,106.14400457419626
canoe,reference,canada,final energy|other electrical|electricity,PJ,2040,109.78219770928617
canoe,reference,canada,final energy|other electrical|electricity,PJ,2045,113.62312334218456
canoe,reference,canada,final energy|other electrical|electricity,PJ,2050,117.74093268362536
canoe,reference,canada,final energy|other end-use|other,PJ,2025,471.1682972164744
canoe,reference,canada,final energy|other end-use|other,PJ,2030,520.6163574353398
canoe,reference,canada,final energy|other end-use|other,PJ,2035,557.6383458939921
canoe,reference,canada,final energy|other end-use|other,PJ,2040,579.4589193683059
canoe,reference,canada,final energy|other end-use|other,PJ,2045,604.0616495116492
canoe,reference,canada,final energy|other end-use|other,PJ,2050,641.0066253960866
canoe,reference,canada,final energy|passenger rail|diesel,PJ,2025,4.709604517442513
canoe,reference,canada,final energy|passenger rail|diesel,PJ,2030,5.023076952308528
canoe,reference,canada,final energy|passenger rail|diesel,PJ,2035,5.094867120607325
canoe,reference,canada,final energy|passenger rail|diesel,PJ,2040,4.8366149618294045
canoe,reference,canada,final energy|passenger rail|diesel,PJ,2045,4.71070721601367
canoe,reference,canada,final energy|passenger rail|diesel,PJ,2050,4.807440649869461
canoe,reference,canada,final energy|passenger truck|diesel,PJ,2025,12.11677946528681
canoe,reference,canada,final energy|passenger truck|diesel,PJ,2030,6.3217559668776575
canoe,reference,canada,final energy|passenger truck|diesel,PJ,2035,1.0684306207800989
canoe,reference,canada,final energy|passenger truck|electricity,PJ,2025,0.11784961123866193
canoe,reference,canada,final energy|passenger truck|electricity,PJ,2030,0.1186014263708934
canoe,reference,canada,final energy|passenger truck|electricity,PJ,2035,0.016434326590795984
canoe,reference,canada,final energy|passenger truck|gasoline,PJ,2025,493.72389506018874
canoe,reference,canada,final energy|passenger truck|gasoline,PJ,2030,385.7259830652146
canoe,reference,canada,final energy|passenger truck|gasoline,PJ,2035,284.09606482564783
canoe,reference,canada,final energy|passenger truck|gasoline,PJ,2040,355.66805664978926
canoe,reference,canada,final energy|passenger truck|gasoline,PJ,2045,402.3609219858574
canoe,reference,canada,final energy|passenger truck|gasoline,PJ,2050,428.7523300495637
canoe,reference,canada,final energy|refrigerator|electricity,PJ,2025,24.352420748566402
canoe,reference,canada,final energy|refrigerator|electricity,PJ,2030,18.97665948108459
canoe,reference,canada,final energy|refrigerator|electricity,PJ,2035,19.327157222708447
canoe,reference,canada,final energy|refrigerator|electricity,PJ,2040,19.992741187876337
canoe,reference,canada,final energy|refrigerator|electricity,PJ,2045,20.692779846180763
canoe,reference,canada,final energy|refrigerator|electricity,PJ,2050,21.443886450651064
canoe,reference,canada,final energy|space cooling|electricity,PJ,2025,66.96027821722627
canoe,reference,canada,final energy|space cooling|electricity,PJ,2030,41.19977093566087
canoe,reference,canada,final energy|space cooling|electricity,PJ,2035,22.46680977352637
canoe,reference,canada,final energy|space cooling|electricity,PJ,2040,1.1983356772268734
canoe,reference,canada,final energy|space heating|electricity,PJ,2025,232.0466043923074
canoe,reference,canada,final energy|space heating|electricity,PJ,2030,245.41129298383652
canoe,reference,canada,final energy|space heating|electricity,PJ,2035,239.3614682380888
canoe,reference,canada,final energy|space heating|electricity,PJ,2040,237.62337607085996
canoe,reference,canada,final energy|space heating|electricity,PJ,2045,226.72981628878932
canoe,reference,canada,final energy|space heating|electricity,PJ,2050,248.3669134437249
canoe,reference,canada,final energy|space heating|natural gas,PJ,2025,1269.0691852073992
canoe,reference,canada,final energy|space heating|natural gas,PJ,2030,1248.756205512575
canoe,reference,canada,final energy|space heating|natural gas,PJ,2035,1258.1520923118055
canoe,reference,canada,final energy|space heating|natural gas,PJ,2040,1230.65480695094
canoe,reference,canada,final energy|space heating|natural gas,PJ,2045,1257.2044325992304
canoe,reference,canada,final energy|space heating|natural gas,PJ,2050,1277.1060300050444
canoe,reference,canada,final energy|space heating|oil,PJ,2025,33.403277039214025
canoe,reference,canada,final energy|space heating|oil,PJ,2030,19.88909152776132
canoe,reference,canada,final energy|space heating|oil,PJ,2035,12.782592367098566
canoe,reference,canada,final energy|space heating|oil,PJ,2040,5.108853893635132
canoe,reference,canada,final energy|space heating|other,PJ,2025,10.208909284040768
canoe,reference,canada,final energy|space heating|other,PJ,2030,7.206291803474563
canoe,reference,canada,final energy|space heating|other,PJ,2035,4.203674411379852
canoe,reference,canada,final energy|space heating|other,PJ,2040,0.48042670464104126
canoe,reference,canada,final energy|space heating|wood,PJ,2025,145.83524345844427
canoe,reference,canada,final energy|space heating|wood,PJ,2030,190.02547598777747
canoe,reference,canada,final energy|space heating|wood,PJ,2035,240.04126593616726
canoe,reference,canada,final energy|space heating|wood,PJ,2040,294.73951602935375
canoe,reference,canada,final energy|space heating|wood,PJ,2045,321.10152815459287
canoe,reference,canada,final energy|space heating|wood,PJ,2050,338.0837831870507
canoe,reference,canada,final energy|water heating|electricity,PJ,2025,57.82773888092851
canoe,reference,canada,final energy|water heating|electricity,PJ,2030,47.3369232887956
canoe,reference,canada,final energy|water heating|electricity,PJ,2035,52.08670273812573
canoe,reference,canada,final energy|water heating|electricity,PJ,2040,68.9044683194241
canoe,reference,canada,final energy|water heating|electricity,PJ,2045,76.71604753619384
canoe,reference,canada,final energy|water heating|electricity,PJ,2050,79.46660493981635
canoe,reference,canada,final energy|water heating|lpg,PJ,2025,0.2935368011472429
canoe,reference,canada,final energy|water heating|lpg,PJ,2030,0.14276266002327298
canoe,reference,canada,final energy|water heating|natural gas,PJ,2025,182.2539815993772
canoe,reference,canada,final energy|water heating|natural gas,PJ,2030,167.44133528473552
canoe,reference,canada,final energy|water heating|natural gas,PJ,2035,110.49577458424531
canoe,reference,canada,final energy|water heating|natural gas,PJ,2040,74.62949386396686
canoe,reference,canada,final energy|water heating|natural gas,PJ,2045,60.06452581053185
canoe,reference,canada,final energy|water heating|natural gas,PJ,2050,63.5632374167783
canoe,reference,canada,final energy|water heating|oil,PJ,2025,2.8818328425498816
canoe,reference,canada,final energy|water heating|oil,PJ,2030,1.563720565904888
canoe,reference,canada,final energy|water heating|oil,PJ,2035,0.09611999077113778
canoe,reference,manitoba,final energy|all|all,PJ,2025,141.21000005621357
canoe,reference,manitoba,final energy|all|all,PJ,2030,149.0691370067588
canoe,reference,manitoba,final energy|all|all,PJ,2035,153.6560195562214
canoe,reference,manitoba,final energy|all|all,PJ,2040,156.15130225873273
canoe,reference,manitoba,final energy|all|all,PJ,2045,159.91815738912013
canoe,reference,manitoba,final energy|all|all,PJ,2050,165.0163012977524
canoe,reference,manitoba,final energy|aviation|jet fuel,PJ,2025,11.074117828629438
canoe,reference,manitoba,final energy|aviation|jet fuel,PJ,2030,12.235507155582368
canoe,reference,manitoba,final energy|aviation|jet fuel,PJ,2035,13.06404844237613
canoe,reference,manitoba,final energy|aviation|jet fuel,PJ,2040,13.978400654754138
canoe,reference,manitoba,final energy|aviation|jet fuel,PJ,2045,14.851901509384295
canoe,reference,manitoba,final energy|aviation|jet fuel,PJ,2050,15.902992713389626
canoe,reference,manitoba,final energy|bus|diesel,PJ,2025,0.07053761529315103
canoe,reference,manitoba,final energy|bus|diesel,PJ,2030,0.031028679782862174
canoe,reference,manitoba,final energy|bus|electricity,PJ,2025,0.24759918883832405
canoe,reference,manitoba,final energy|bus|electricity,PJ,2030,0.25199748604014666
canoe,reference,manitoba,final energy|bus|electricity,PJ,2035,0.22503920025365737
canoe,reference,manitoba,final energy|bus|electricity,PJ,2040,0.1288881868789829
canoe,reference,manitoba,final energy|bus|electricity,PJ,2045,0.16336530766988755
canoe,reference,manitoba,final energy|bus|electricity,PJ,2050,0.26638450639025524
canoe,reference,manitoba,final energy|bus|gasoline,PJ,2025,0.12677656990331632
canoe,reference,manitoba,final energy|bus|gasoline,PJ,2030,0.13295732626233256
canoe,reference,manitoba,final energy|bus|gasoline,PJ,2035,0.13359197950819401
canoe,reference,manitoba,final energy|bus|gasoline,PJ,2040,0.13595675215104533
canoe,reference,manitoba,final energy|bus|gasoline,PJ,2045,0.13736277966766297
canoe,reference,manitoba,final energy|bus|gasoline,PJ,2050,0.1392448379685451
canoe,reference,manitoba,final energy|bus|hydrogen,PJ,2025,0.1308847241410842
canoe,reference,manitoba,final energy|bus|hydrogen,PJ,2030,0.13240571860236786
canoe,reference,manitoba,final energy|bus|hydrogen,PJ,2035,0.20698743758078925
canoe,reference,manitoba,final energy|bus|hydrogen,PJ,2040,0.3965465619595176
canoe,reference,manitoba,final energy|bus|hydrogen,PJ,2045,0.3460115433588455
canoe,reference,manitoba,final energy|bus|hydrogen,PJ,2050,0.17015393320820704
canoe,reference,manitoba,final energy|bus|natural gas,PJ,2025,0.013117504206229721
canoe,reference,manitoba,final energy|car|electricity,PJ,2025,0.021184788507976046
canoe,reference,manitoba,final energy|car|electricity,PJ,2030,0.01664926236862297
canoe,reference,manitoba,final energy|car|electricity,PJ,2035,1.1745570503970573
canoe,reference,manitoba,final energy|car|electricity,PJ,2040,4.675593512630522
canoe,reference,manitoba,final energy|car|electricity,PJ,2045,4.682020123173911
canoe,reference,manitoba,final energy|car|electricity,PJ,2050,4.906881864348447
canoe,reference,manitoba,final energy|car|gasoline,PJ,2025,10.252235816282049
canoe,reference,manitoba,final energy|car|gasoline,PJ,2030,10.260587063197782
canoe,reference,manitoba,final energy|car|gasoline,PJ,2035,7.91824825748088
canoe,reference,manitoba,final energy|car|gasoline,PJ,2040,0.3175925976845958
canoe,reference,manitoba,final energy|car|gasoline,PJ,2045,0.1287789620640239
canoe,reference,manitoba,final energy|car|hydrogen,PJ,2045,0.3872345743969535
canoe,reference,manitoba,final energy|car|hydrogen,PJ,2050,0.38709453396390103
canoe,reference,manitoba,final energy|clothes dryer|electricity,PJ,2025,0.7344623281456483
canoe,reference,manitoba,final energy|clothes dryer|electricity,PJ,2030,0.3397695532216412
canoe,reference,manitoba,final energy|clothes dryer|natural gas,PJ,2025,0.6897792409067683
canoe,reference,manitoba,final energy|clothes dryer|natural gas,PJ,2030,1.0718226682265382
canoe,reference,manitoba,final energy|clothes dryer|natural gas,PJ,2035,1.4593224894012384
canoe,reference,manitoba,final energy|clothes dryer|natural gas,PJ,2040,1.609166933529542
canoe,reference,manitoba,final energy|clothes dryer|natural gas,PJ,2045,1.6263857837397704
canoe,reference,manitoba,final energy|clothes dryer|natural gas,PJ,2050,1.685509440658879
canoe,reference,manitoba,final energy|clothes washer|electricity,PJ,2025,0.06546641114841437
canoe,reference,manitoba,final energy|clothes washer|electricity,PJ,2030,0.04644605406186806
canoe,reference,manitoba,final energy|clothes washer|electricity,PJ,2035,0.03734413302447491
canoe,reference,manitoba,final energy|clothes washer|electricity,PJ,2040,0.037854939565079286
canoe,reference,manitoba,final energy|clothes washer|electricity,PJ,2045,0.038683031567839005
canoe,reference,manitoba,final energy|clothes washer|electricity,PJ,2050,0.04141142807479922
canoe,reference,manitoba,final energy|cooking|electricity,PJ,2025,0.7559222525584371
canoe,reference,manitoba,final energy|cooking|electricity,PJ,2030,0.457454796791128
canoe,reference,manitoba,final energy|cooking|electricity,PJ,2035,0.09005346396651964
canoe,reference,manitoba,final energy|cooking|natural gas,PJ,2025,0.5558773617322619
canoe,reference,manitoba,final energy|cooking|natural gas,PJ,2030,1.1580593944855722
canoe,reference,manitoba,final energy|cooking|natural gas,PJ,2035,1.8659256667301076
canoe,reference,manitoba,final energy|cooking|natural gas,PJ,2040,2.265241155402004
canoe,reference,manitoba,final energy|cooking|natural gas,PJ,2045,2.30434581458959
canoe,reference,manitoba,final energy|cooking|natural gas,PJ,2050,2.3964324127851135
canoe,reference,manitoba,final energy|dish washer|electricity,PJ,2025,0.10756684110669061
canoe,reference,manitoba,final energy|dish washer|electricity,PJ,2030,0.1005904528816435
canoe,reference,manitoba,final energy|dish washer|electricity,PJ,2035,0.09634612422332438
canoe,reference,manitoba,final energy|dish washer|electricity,PJ,2040,0.09934664616519583
canoe,reference,manitoba,final energy|dish washer|electricity,PJ,2045,0.10145682572070568
canoe,reference,manitoba,final energy|dish washer|electricity,PJ,2050,0.10414881977227938
canoe,reference,manitoba,final energy|freezer|electricity,PJ,2025,0.5736923126266329
canoe,reference,manitoba,final energy|freezer|electricity,PJ,2030,0.48853710115979077
canoe,reference,manitoba,final energy|freezer|electricity,PJ,2035,0.4176175901527107
canoe,reference,manitoba,final energy|freezer|electricity,PJ,2040,0.3484757855283883
canoe,reference,manitoba,final energy|freezer|electricity,PJ,2045,0.40746757980238224
canoe,reference,manitoba,final energy|freezer|electricity,PJ,2050,0.42943781961663735
canoe,reference,manitoba,final energy|freight rail|diesel,PJ,2025,2.215510857861926
canoe,reference,manitoba,final energy|freight rail|diesel,PJ,2030,2.215514769249896
canoe,reference,manitoba,final energy|freight rail|diesel,PJ,2035,2.21551393233629
canoe,reference,manitoba,final energy|freight rail|natural gas,PJ,2025,10.380590642266455
canoe,reference,manitoba,final energy|freight rail|natural gas,PJ,2030,11.757044890745814
canoe,reference,manitoba,final energy|freight rail|natural gas,PJ,2035,12.763273554625949
canoe,reference,manitoba,final energy|freight rail|natural gas,PJ,2040,15.747872625662318
canoe,reference,manitoba,final energy|freight rail|natural gas,PJ,2045,16.678542645366633
canoe,reference,manitoba,final energy|freight rail|natural gas,PJ,2050,17.703552592743268
canoe,reference,manitoba,final energy|heavy trucking|diesel,PJ,2025,21.059820270021245
canoe,reference,manitoba,final energy|heavy trucking|diesel,PJ,2030,20.67778482286873
canoe,reference,manitoba,final energy|heavy trucking|diesel,PJ,2035,19.489535224662195
canoe,reference,manitoba,final energy|heavy trucking|diesel,PJ,2040,16.017592078955634
canoe,reference,manitoba,final energy|heavy trucking|diesel,PJ,2045,6.415899216443466
canoe,reference,manitoba,final energy|heavy trucking|diesel,PJ,2050,4.1031557849444775
canoe,reference,manitoba,final energy|heavy trucking|electricity,PJ,2040,1.3790175650537175
canoe,reference,manitoba,final energy|heavy trucking|electricity,PJ,2045,5.410400855887202
canoe,reference,manitoba,final energy|heavy trucking|electricity,PJ,2050,6.682673942339878
canoe,reference,manitoba,final energy|light freight truck|diesel,PJ,2025,0.03419874742902364
canoe,reference,manitoba,final energy|light freight truck|diesel,PJ,2030,0.028381774727204052
canoe,reference,manitoba,final energy|light freight truck|gasoline,PJ,2025,3.5630182914110216
canoe,reference,manitoba,final energy|light freight truck|gasoline,PJ,2030,3.4297055401258323
canoe,reference,manitoba,final energy|light freight truck|gasoline,PJ,2035,3.0160507834996535
canoe,reference,manitoba,final energy|light freight truck|gasoline,PJ,2040,3.0259613076830587
canoe,reference,manitoba,final energy|light freight truck|gasoline,PJ,2045,3.078105380355388
canoe,reference,manitoba,final energy|light freight truck|gasoline,PJ,2050,3.1512575489457055
canoe,reference,manitoba,final energy|lighting|electricity,PJ,2025,2.8882916763860176
canoe,reference,manitoba,final energy|lighting|electricity,PJ,2030,2.8773229139416565
canoe,reference,manitoba,final energy|lighting|electricity,PJ,2035,2.556512589566898
canoe,reference,manitoba,final energy|lighting|electricity,PJ,2040,2.580796630184262
canoe,reference,manitoba,final energy|lighting|electricity,PJ,2045,2.1768497558539623
canoe,reference,manitoba,final energy|lighting|electricity,PJ,2050,2.1861134358965915
canoe,reference,manitoba,final energy|marine freight|oil,PJ,2025,0.1578720017395156
canoe,reference,manitoba,final energy|marine freight|oil,PJ,2030,0.15786327572830855
canoe,reference,manitoba,final energy|marine freight|oil,PJ,2035,0.15785303732094835
canoe,reference,manitoba,final energy|marine freight|oil,PJ,2040,0.15783875778007422
canoe,reference,manitoba,final energy|marine freight|oil,PJ,2045,0.15782395741370758
canoe,reference,manitoba,final energy|marine freight|oil,PJ,2050,0.11601534432941908
canoe,reference,manitoba,final energy|medium duty trucking|electricity,PJ,2025,1.229878341087169
canoe,reference,manitoba,final energy|medium duty trucking|electricity,PJ,2030,1.2135380112125895
canoe,reference,manitoba,final energy|medium duty trucking|electricity,PJ,2035,1.2657105986617372
canoe,reference,manitoba,final energy|medium duty trucking|electricity,PJ,2040,1.482360716314155
canoe,reference,manitoba,final energy|medium duty trucking|electricity,PJ,2045,1.7070059842326049
canoe,reference,manitoba,final energy|medium duty trucking|electricity,PJ,2050,1.7770222674886476
canoe,reference,manitoba,final energy|medium duty trucking|gasoline,PJ,2025,0.23228147689389078
canoe,reference,manitoba,final energy|medium duty trucking|gasoline,PJ,2030,0.1691817711950902
canoe,reference,manitoba,final energy|medium duty trucking|gasoline,PJ,2035,0.07315094972732043
canoe,reference,manitoba,final energy|medium duty trucking|generic,PJ,2025,0.29101399603389333
canoe,reference,manitoba,final energy|medium duty trucking|generic,PJ,2030,0.21551952028243412
canoe,reference,manitoba,final energy|medium duty trucking|generic,PJ,2035,0.09709262355530181
canoe,reference,manitoba,final energy|medium duty trucking|hydrogen,PJ,2025,0.7127650111908134
canoe,reference,manitoba,final energy|medium duty trucking|hydrogen,PJ,2030,0.6434236933104133
canoe,reference,manitoba,final energy|medium duty trucking|hydrogen,PJ,2035,0.6080605204110873
canoe,reference,manitoba,final energy|medium duty trucking|hydrogen,PJ,2040,0.374024679102129
canoe,reference,manitoba,final energy|medium duty trucking|hydrogen,PJ,2045,0.03595726800688594
canoe,reference,manitoba,final energy|medium duty trucking|hydrogen,PJ,2050,0.019377770323476342
canoe,reference,manitoba,final energy|motorcycle|electricity,PJ,2025,0.021361222416280648
canoe,reference,manitoba,final energy|motorcycle|electricity,PJ,2030,0.06018234767775207
canoe,reference,manitoba,final energy|motorcycle|electricity,PJ,2035,0.0894432060794095
canoe,reference,manitoba,final energy|motorcycle|electricity,PJ,2040,0.10529239442591116
canoe,reference,manitoba,final energy|motorcycle|electricity,PJ,2045,0.11182759246158189
canoe,reference,manitoba,final energy|motorcycle|electricity,PJ,2050,0.11933603553233182
canoe,reference,manitoba,final energy|motorcycle|gasoline,PJ,2025,0.19082170115985103
canoe,reference,manitoba,final energy|motorcycle|gasoline,PJ,2030,0.09858649345611872
canoe,reference,manitoba,final energy|motorcycle|gasoline,PJ,2035,0.028490685659140924
canoe,reference,manitoba,final energy|offroad|offroad,PJ,2025,4.32504295
canoe,reference,manitoba,final energy|offroad|offroad,PJ,2030,4.814258715
canoe,reference,manitoba,final energy|offroad|offroad,PJ,2035,5.185728223
canoe,reference,manitoba,final energy|offroad|offroad,PJ,2040,5.559323552
canoe,reference,manitoba,final energy|offroad|offroad,PJ,2045,5.927427965
canoe,reference,manitoba,final energy|offroad|offroad,PJ,2050,6.347065111
canoe,reference,manitoba,final energy|other electrical|electricity,PJ,2025,5.150697470133308
canoe,reference,manitoba,final energy|other electrical|electricity,PJ,2030,5.235549118823184
canoe,reference,manitoba,final energy|other electrical|electricity,PJ,2035,5.4201357864740025
canoe,reference,manitoba,final energy|other electrical|electricity,PJ,2040,5.618078446774878
canoe,reference,manitoba,final energy|other electrical|electricity,PJ,2045,5.8300620224258175
canoe,reference,manitoba,final energy|other electrical|electricity,PJ,2050,6.055182415462814
canoe,reference,manitoba,final energy|other end-use|other,PJ,2025,15.025752238603257
canoe,reference,manitoba,final energy|other end-use|other,PJ,2030,16.602671369023533
canoe,reference,manitoba,final energy|other end-use|other,PJ,2035,17.783317921956954
canoe,reference,manitoba,final energy|other end-use|other,PJ,2040,18.479185051953266
canoe,reference,manitoba,final energy|other end-use|other,PJ,2045,19.26377631098114
canoe,reference,manitoba,final energy|other end-use|other,PJ,2050,20.44196690101076
canoe,reference,manitoba,final energy|passenger rail|diesel,PJ,2025,0.351277399759315
canoe,reference,manitoba,final energy|passenger rail|diesel,PJ,2030,0.383307599321219
canoe,reference,manitoba,final energy|passenger rail|diesel,PJ,2035,0.3934250365287726
canoe,reference,manitoba,final energy|passenger rail|diesel,PJ,2040,0.37874611677441544
canoe,reference,manitoba,final energy|passenger rail|diesel,PJ,2045,0.38957995373791715
canoe,reference,manitoba,final energy|passenger rail|diesel,PJ,2050,0.40889337869492565
canoe,reference,manitoba,final energy|passenger truck|diesel,PJ,2025,0.07058036725667836
canoe,reference,manitoba,final energy|passenger truck|diesel,PJ,2030,0.036825725500879196
canoe,reference,manitoba,final energy|passenger truck|gasoline,PJ,2025,10.90898210060088
canoe,reference,manitoba,final energy|passenger truck|gasoline,PJ,2030,10.403845165900362
canoe,reference,manitoba,final energy|passenger truck|gasoline,PJ,2035,9.167366136358904
canoe,reference,manitoba,final energy|passenger truck|gasoline,PJ,2040,9.205466235133017
canoe,reference,manitoba,final energy|passenger truck|gasoline,PJ,2045,10.020498189455125
canoe,reference,manitoba,final energy|passenger truck|gasoline,PJ,2050,10.502547078263506
canoe,reference,manitoba,final energy|refrigerator|electricity,PJ,2025,1.2581701435174197
canoe,reference,manitoba,final energy|refrigerator|electricity,PJ,2030,0.8980069486665553
canoe,reference,manitoba,final energy|refrigerator|electricity,PJ,2035,0.9962906100975263
canoe,reference,manitoba,final energy|refrigerator|electricity,PJ,2040,1.032675014762742
canoe,reference,manitoba,final energy|refrigerator|electricity,PJ,2045,1.0716403201049023
canoe,reference,manitoba,final energy|refrigerator|electricity,PJ,2050,1.1130203412999302
canoe,reference,manitoba,final energy|space cooling|electricity,PJ,2025,2.397256446152527
canoe,reference,manitoba,final energy|space cooling|electricity,PJ,2030,0.8831528562557696
canoe,reference,manitoba,final energy|space cooling|electricity,PJ,2035,0.5149700020098722
canoe,reference,manitoba,final energy|space cooling|electricity,PJ,2040,0.0588792505840631
canoe,reference,manitoba,final energy|space heating|electricity,PJ,2025,13.952314174321678
canoe,reference,manitoba,final energy|space heating|electricity,PJ,2030,15.931937324622337
canoe,reference,manitoba,final energy|space heating|electricity,PJ,2035,15.308873507443026
canoe,reference,manitoba,final energy|space heating|electricity,PJ,2040,15.555103938480457
canoe,reference,manitoba,final energy|space heating|electricity,PJ,2045,17.032721499722815
canoe,reference,manitoba,final energy|space heating|electricity,PJ,2050,19.275037295409355
canoe,reference,manitoba,final energy|space heating|natural gas,PJ,2025,54.15643142726082
canoe,reference,manitoba,final energy|space heating|natural gas,PJ,2030,50.51279682616045
canoe,reference,manitoba,final energy|space heating|natural gas,PJ,2035,47.00895958543275
canoe,reference,manitoba,final energy|space heating|natural gas,PJ,2040,43.28702163584461
canoe,reference,manitoba,final energy|space heating|natural gas,PJ,2045,36.08303599694301
canoe,reference,manitoba,final energy|space heating|natural gas,PJ,2050,32.200374240432524
canoe,reference,manitoba,final energy|space heating|wood,PJ,2025,1.393112601721616
canoe,reference,manitoba,final energy|space heating|wood,PJ,2030,0.9287379203903844
canoe,reference,manitoba,final energy|space heating|wood,PJ,2035,0.4643688015957216
canoe,reference,manitoba,final energy|water heating|electricity,PJ,2025,3.3809685745866007
canoe,reference,manitoba,final energy|water heating|electricity,PJ,2030,3.1393476861016594
canoe,reference,manitoba,final energy|water heating|electricity,PJ,2035,2.9611206782480846
canoe,reference,manitoba,final energy|water heating|electricity,PJ,2040,3.3650788201359414
canoe,reference,manitoba,final energy|water heating|electricity,PJ,2045,3.4915123116261815
canoe,reference,manitoba,final energy|water heating|electricity,PJ,2050,3.6262430276620345
canoe,reference,manitoba,final energy|water heating|natural gas,PJ,2025,3.0986022061868628
canoe,reference,manitoba,final energy|water heating|natural gas,PJ,2030,1.5492616097110685
canoe,reference,new brunswick,final energy|all|all,PJ,2025,123.35107613121306
canoe,reference,new brunswick,final energy|all|all,PJ,2030,117.12540235337515
canoe,reference,new brunswick,final energy|all|all,PJ,2035,114.5691984036798
canoe,reference,new brunswick,final energy|all|all,PJ,2040,113.94607481868454
canoe,reference,new brunswick,final energy|all|all,PJ,2045,114.23160257069364
canoe,reference,new brunswick,final energy|all|all,PJ,2050,115.78266944770115
canoe,reference,new brunswick,final energy|aviation|jet fuel,PJ,2025,22.030053621197293
canoe,reference,new brunswick,final energy|aviation|jet fuel,PJ,2030,20.956335035940846
canoe,reference,new brunswick,final energy|aviation|jet fuel,PJ,2035,20.24366411401916
canoe,reference,new brunswick,final energy|aviation|jet fuel,PJ,2040,19.599060830078564
canoe,reference,new brunswick,final energy|aviation|jet fuel,PJ,2045,19.354533609982905
canoe,reference,new brunswick,final energy|aviation|jet fuel,PJ,2050,19.51155346626596
canoe,reference,new brunswick,final energy|bus|diesel,PJ,2025,0.5024377902265497
canoe,reference,new brunswick,final energy|bus|diesel,PJ,2030,0.23049664711568776
canoe,reference,new brunswick,final energy|bus|electricity,PJ,2025,0.16740602942348257
canoe,reference,new brunswick,final energy|bus|electricity,PJ,2030,0.1803971747964385
canoe,reference,new brunswick,final energy|bus|electricity,PJ,2035,0.32670781907338214
canoe,reference,new brunswick,final energy|bus|electricity,PJ,2040,0.47449441232482115
canoe,reference,new brunswick,final energy|bus|electricity,PJ,2045,0.3733197940383928
canoe,reference,new brunswick,final energy|bus|electricity,PJ,2050,0.36364223770177945
canoe,reference,new brunswick,final energy|bus|gasoline,PJ,2025,0.1363361235863814
canoe,reference,new brunswick,final energy|bus|gasoline,PJ,2030,0.13719100608297097
canoe,reference,new brunswick,final energy|bus|gasoline,PJ,2035,0.12954494166884994
canoe,reference,new brunswick,final energy|bus|gasoline,PJ,2040,0.12530267095285988
canoe,reference,new brunswick,final energy|bus|gasoline,PJ,2045,0.09982048491316188
canoe,reference,new brunswick,final energy|bus|gasoline,PJ,2050,0.09499884467983588
canoe,reference,new brunswick,final energy|bus|hydrogen,PJ,2025,0.5042606032059219
canoe,reference,new brunswick,final energy|bus|hydrogen,PJ,2030,0.546324077471269
canoe,reference,new brunswick,final energy|bus|hydrogen,PJ,2035,0.33852724265234074
canoe,reference,new brunswick,final energy|bus|hydrogen,PJ,2040,0.036824086258383286
canoe,reference,new brunswick,final energy|bus|hydrogen,PJ,2045,0.20804950828851035
canoe,reference,new brunswick,final energy|bus|hydrogen,PJ,2050,0.20040131006980902
canoe,reference,new brunswick,final energy|bus|natural gas,PJ,2025,0.01987374508369957
canoe,reference,new brunswick,final energy|car|electricity,PJ,2050,0.25988583949440275
canoe,reference,new brunswick,final energy|car|gasoline,PJ,2025,0.6742846863922834
canoe,reference,new brunswick,final energy|car|gasoline,PJ,2030,0.49205350215218413
canoe,reference,new brunswick,final energy|car|gasoline,PJ,2035,0.6671329911626245
canoe,reference,new brunswick,final energy|car|gasoline,PJ,2040,0.8858728671638345
canoe,reference,new brunswick,final energy|car|gasoline,PJ,2045,0.6647670885224536
canoe,reference,new brunswick,final energy|car|gasoline,PJ,2050,0.23406879282779108
canoe,reference,new brunswick,final energy|car|hydrogen,PJ,2045,0.30820906664129805
canoe,reference,new brunswick,final energy|car|hydrogen,PJ,2050,0.30817898199841437
canoe,reference,new brunswick,final energy|clothes dryer|electricity,PJ,2025,0.5152892859727998
canoe,reference,new brunswick,final energy|clothes dryer|electricity,PJ,2030,0.22441699495618367
canoe,reference,new brunswick,final energy|clothes dryer|natural gas,PJ,2025,0.4277287640046946
canoe,reference,new brunswick,final energy|clothes dryer|natural gas,PJ,2030,0.7022511111311632
canoe,reference,new brunswick,final energy|clothes dryer|natural gas,PJ,2035,0.9393056062506804
canoe,reference,new brunswick,final energy|clothes dryer|natural gas,PJ,2040,1.0177627504666333
canoe,reference,new brunswick,final energy|clothes dryer|natural gas,PJ,2045,1.0222800553178337
canoe,reference,new brunswick,final energy|clothes dryer|natural gas,PJ,2050,1.0544462578458011
canoe,reference,new brunswick,final energy|clothes washer|electricity,PJ,2025,0.04443419752248953
canoe,reference,new brunswick,final energy|clothes washer|electricity,PJ,2030,0.03173583331025743
canoe,reference,new brunswick,final energy|clothes washer|electricity,PJ,2035,0.025785860494038377
canoe,reference,new brunswick,final energy|clothes washer|electricity,PJ,2040,0.025565463055208095
canoe,reference,new brunswick,final energy|clothes washer|electricity,PJ,2045,0.025961914355455164
canoe,reference,new brunswick,final energy|clothes washer|electricity,PJ,2050,0.027456778382541264
canoe,reference,new brunswick,final energy|cooking|electricity,PJ,2025,0.4569464414506073
canoe,reference,new brunswick,final energy|cooking|electricity,PJ,2030,0.2910121221053474
canoe,reference,new brunswick,final energy|cooking|electricity,PJ,2035,0.040832339409710455
canoe,reference,new brunswick,final energy|cooking|natural gas,PJ,2025,0.36969800905447325
canoe,reference,new brunswick,final energy|cooking|natural gas,PJ,2030,0.7571364303676759
canoe,reference,new brunswick,final energy|cooking|natural gas,PJ,2035,1.2146282302328295
canoe,reference,new brunswick,final energy|cooking|natural gas,PJ,2040,1.4556787380448568
canoe,reference,new brunswick,final energy|cooking|natural gas,PJ,2045,1.4481663366898911
canoe,reference,new brunswick,final energy|cooking|natural gas,PJ,2050,1.4810861097692445
canoe,reference,new brunswick,final energy|dish washer|electricity,PJ,2025,0.05996395155173071
canoe,reference,new brunswick,final energy|dish washer|electricity,PJ,2030,0.05634433835461395
canoe,reference,new brunswick,final energy|dish washer|electricity,PJ,2035,0.05703617371130414
canoe,reference,new brunswick,final energy|dish washer|electricity,PJ,2040,0.055053957595429366
canoe,reference,new brunswick,final energy|dish washer|electricity,PJ,2045,0.05335172480830588
canoe,reference,new brunswick,final energy|dish washer|electricity,PJ,2050,0.05608249137989723
canoe,reference,new brunswick,final energy|freezer|electricity,PJ,2025,0.25425099101003173
canoe,reference,new brunswick,final energy|freezer|electricity,PJ,2030,0.20474119472174135
canoe,reference,new brunswick,final energy|freezer|electricity,PJ,2035,0.1222297554628623
canoe,reference,new brunswick,final energy|freezer|electricity,PJ,2040,0.10312229124010698
canoe,reference,new brunswick,final energy|freezer|electricity,PJ,2045,0.12369019276490338
canoe,reference,new brunswick,final energy|freezer|electricity,PJ,2050,0.12966210360526947
canoe,reference,new brunswick,final energy|freight rail|diesel,PJ,2025,3.0952076387049114
canoe,reference,new brunswick,final energy|freight rail|diesel,PJ,2030,3.0950925619390013
canoe,reference,new brunswick,final energy|freight rail|diesel,PJ,2035,3.094635452705801
canoe,reference,new brunswick,final energy|freight rail|natural gas,PJ,2025,13.378578306587588
canoe,reference,new brunswick,final energy|freight rail|natural gas,PJ,2030,13.38538494762688
canoe,reference,new brunswick,final energy|freight rail|natural gas,PJ,2035,13.3916133149815
canoe,reference,new brunswick,final energy|freight rail|natural gas,PJ,2040,16.19942363686201
canoe,reference,new brunswick,final energy|freight rail|natural gas,PJ,2045,16.203005225254977
canoe,reference,new brunswick,final energy|freight rail|natural gas,PJ,2050,16.204905131309435
canoe,reference,new brunswick,final energy|heavy trucking|diesel,PJ,2025,27.753423655708772
canoe,reference,new brunswick,final energy|heavy trucking|diesel,PJ,2030,24.444535096665
canoe,reference,new brunswick,final energy|heavy trucking|diesel,PJ,2035,19.1761712815093
canoe,reference,new brunswick,final energy|heavy trucking|diesel,PJ,2040,11.653425423959913
canoe,reference,new brunswick,final energy|heavy trucking|diesel,PJ,2045,7.799767473701803
canoe,reference,new brunswick,final energy|heavy trucking|diesel,PJ,2050,6.771901479228628
canoe,reference,new brunswick,final energy|heavy trucking|electricity,PJ,2035,0.6862088735896835
canoe,reference,new brunswick,final energy|heavy trucking|electricity,PJ,2040,0.9179095863316842
canoe,reference,new brunswick,final energy|heavy trucking|electricity,PJ,2045,1.1317070849293804
canoe,reference,new brunswick,final energy|heavy trucking|electricity,PJ,2050,1.1640207017362334
canoe,reference,new brunswick,final energy|heavy trucking|hydrogen,PJ,2030,0.7836927674183513
canoe,reference,new brunswick,final energy|heavy trucking|hydrogen,PJ,2035,1.388409788928368
canoe,reference,new brunswick,final energy|heavy trucking|hydrogen,PJ,2040,4.303954703394216
canoe,reference,new brunswick,final energy|heavy trucking|hydrogen,PJ,2045,6.502338768289688
canoe,reference,new brunswick,final energy|heavy trucking|hydrogen,PJ,2050,6.7462385146296455
canoe,reference,new brunswick,final energy|light freight truck|diesel,PJ,2025,0.47009096735683276
canoe,reference,new brunswick,final energy|light freight truck|diesel,PJ,2030,0.32584601907119365
canoe,reference,new brunswick,final energy|light freight truck|diesel,PJ,2035,0.06009928141026327
canoe,reference,new brunswick,final energy|light freight truck|gasoline,PJ,2025,8.556588683160514
canoe,reference,new brunswick,final energy|light freight truck|gasoline,PJ,2030,6.48651302927231
canoe,reference,new brunswick,final energy|light freight truck|gasoline,PJ,2035,3.5614248603578162
canoe,reference,new brunswick,final energy|light freight truck|gasoline,PJ,2040,2.9295410466020884
canoe,reference,new brunswick,final energy|light freight truck|gasoline,PJ,2045,3.1669189197282
canoe,reference,new brunswick,final energy|light freight truck|gasoline,PJ,2050,3.6673617279164086
canoe,reference,new brunswick,final energy|lighting|electricity,PJ,2025,1.8488811543983485
canoe,reference,new brunswick,final energy|lighting|electricity,PJ,2030,1.8831932867919077
canoe,reference,new brunswick,final energy|lighting|electricity,PJ,2035,1.6606027834132533
canoe,reference,new brunswick,final energy|lighting|electricity,PJ,2040,1.6564140092209791
canoe,reference,new brunswick,final energy|lighting|electricity,PJ,2045,1.3793487092360701
canoe,reference,new brunswick,final energy|lighting|electricity,PJ,2050,1.369770701249979
canoe,reference,new brunswick,final energy|marine freight|diesel,PJ,2025,0.029194691794798642
canoe,reference,new brunswick,final energy|marine freight|oil,PJ,2025,16.488572695672367
canoe,reference,new brunswick,final energy|marine freight|oil,PJ,2030,16.488570907237875
canoe,reference,new brunswick,final energy|marine freight|oil,PJ,2035,16.397058835208572
canoe,reference,new brunswick,final energy|marine freight|oil,PJ,2040,16.003920770065275
canoe,reference,new brunswick,final energy|marine freight|oil,PJ,2045,14.79848749940495
canoe,reference,new brunswick,final energy|marine freight|oil,PJ,2050,14.279095016149776
canoe,reference,new brunswick,final energy|medium duty trucking|electricity,PJ,2030,1.0676639944019826
canoe,reference,new brunswick,final energy|medium duty trucking|electricity,PJ,2035,2.762570522597076
canoe,reference,new brunswick,final energy|medium duty trucking|electricity,PJ,2040,5.342460975172819
canoe,reference,new brunswick,final energy|medium duty trucking|electricity,PJ,2045,6.703741421279905
canoe,reference,new brunswick,final energy|medium duty trucking|electricity,PJ,2050,6.571803826661306
canoe,reference,new brunswick,final energy|medium duty trucking|gasoline,PJ,2025,8.428178124368154
canoe,reference,new brunswick,final energy|medium duty trucking|gasoline,PJ,2030,6.13858878196108
canoe,reference,new brunswick,final energy|medium duty trucking|gasoline,PJ,2035,2.706318314979828
canoe,reference,new brunswick,final energy|medium duty trucking|generic,PJ,2025,10.55920651797039
canoe,reference,new brunswick,final energy|medium duty trucking|generic,PJ,2030,7.819940035602158
canoe,reference,new brunswick,final energy|medium duty trucking|generic,PJ,2035,3.522865732466924
canoe,reference,new brunswick,final energy|medium duty trucking|hydrogen,PJ,2025,7.9456800890361565
canoe,reference,new brunswick,final energy|medium duty trucking|hydrogen,PJ,2030,7.16812803551465
canoe,reference,new brunswick,final energy|medium duty trucking|hydrogen,PJ,2035,6.774180402448503
canoe,reference,new brunswick,final energy|medium duty trucking|hydrogen,PJ,2040,4.1648118772866125
canoe,reference,new brunswick,final energy|medium duty trucking|hydrogen,PJ,2045,1.0562106776476161
canoe,reference,new brunswick,final energy|medium duty trucking|hydrogen,PJ,2050,0.8788099347394325
canoe,reference,new brunswick,final energy|motorcycle|electricity,PJ,2025,0.025302448472762785
canoe,reference,new brunswick,final energy|motorcycle|electricity,PJ,2030,0.04933499775281961
canoe,reference,new brunswick,final energy|motorcycle|electricity,PJ,2035,0.06760328676049718
canoe,reference,new brunswick,final energy|motorcycle|electricity,PJ,2040,0.07550834748903881
canoe,reference,new brunswick,final energy|motorcycle|electricity,PJ,2045,0.07634774001248523
canoe,reference,new brunswick,final energy|motorcycle|electricity,PJ,2050,0.07716738668297264
canoe,reference,new brunswick,final energy|motorcycle|gasoline,PJ,2025,0.14157278472946472
canoe,reference,new brunswick,final energy|motorcycle|gasoline,PJ,2030,0.07314096514509914
canoe,reference,new brunswick,final energy|motorcycle|gasoline,PJ,2035,0.021137896132468983
canoe,reference,new brunswick,final energy|offroad|offroad,PJ,2025,2.85624402047021
canoe,reference,new brunswick,final energy|offroad|offroad,PJ,2030,3.01428507118136
canoe,reference,new brunswick,final energy|offroad|offroad,PJ,2035,3.14567800114297
canoe,reference,new brunswick,final energy|offroad|offroad,PJ,2040,3.2491801861936
canoe,reference,new brunswick,final energy|offroad|offroad,PJ,2045,3.332182314971
canoe,reference,new brunswick,final energy|offroad|offroad,PJ,2050,3.40862000394429
canoe,reference,new brunswick,final energy|other electrical|electricity,PJ,2025,3.09525509890595
canoe,reference,new brunswick,final energy|other electrical|electricity,PJ,2030,3.2207894954755187
canoe,reference,new brunswick,final energy|other electrical|electricity,PJ,2035,3.310155773712029
canoe,reference,new brunswick,final energy|other electrical|electricity,PJ,2040,3.3833063966233663
canoe,reference,new brunswick,final energy|other electrical|electricity,PJ,2045,3.460060498495853
canoe,reference,new brunswick,final energy|other electrical|electricity,PJ,2050,3.5527996330399993
canoe,reference,new brunswick,final energy|other end-use|other,PJ,2025,8.383616446897978
canoe,reference,new brunswick,final energy|other end-use|other,PJ,2030,9.263458264284978
canoe,reference,new brunswick,final energy|other end-use|other,PJ,2035,9.922199850194831
canoe,reference,new brunswick,final energy|other end-use|other,PJ,2040,10.310458822075434
canoe,reference,new brunswick,final energy|other end-use|other,PJ,2045,10.748221409853196
canoe,reference,new brunswick,final energy|other end-use|other,PJ,2050,11.405592691590163
canoe,reference,new brunswick,final energy|passenger rail|diesel,PJ,2025,0.4545556685489186
canoe,reference,new brunswick,final energy|passenger rail|diesel,PJ,2030,0.4545515647727605
canoe,reference,new brunswick,final energy|passenger rail|diesel,PJ,2035,0.4253149344580732
canoe,reference,new brunswick,final energy|passenger rail|diesel,PJ,2040,0.4010197151408877
canoe,reference,new brunswick,final energy|passenger rail|diesel,PJ,2045,0.37515859680108316
canoe,reference,new brunswick,final energy|passenger rail|diesel,PJ,2050,0.36445299320621716
canoe,reference,new brunswick,final energy|passenger truck|diesel,PJ,2025,0.22048381858553606
canoe,reference,new brunswick,final energy|passenger truck|diesel,PJ,2030,0.11503532771677638
canoe,reference,new brunswick,final energy|passenger truck|diesel,PJ,2035,0.019193961673402374
canoe,reference,new brunswick,final energy|passenger truck|gasoline,PJ,2025,7.741233700926179
canoe,reference,new brunswick,final energy|passenger truck|gasoline,PJ,2030,5.731744722976205
canoe,reference,new brunswick,final energy|passenger truck|gasoline,PJ,2035,3.23113038473855
canoe,reference,new brunswick,final energy|passenger truck|gasoline,PJ,2040,3.735251161551796
canoe,reference,new brunswick,final energy|passenger truck|gasoline,PJ,2045,4.341930055420389
canoe,reference,new brunswick,final energy|passenger truck|gasoline,PJ,2050,5.0676654862205694
canoe,reference,new brunswick,final energy|refrigerator|electricity,PJ,2025,0.6808800591252131
canoe,reference,new brunswick,final energy|refrigerator|electricity,PJ,2030,0.4776707722883525
canoe,reference,new brunswick,final energy|refrigerator|electricity,PJ,2035,0.5531792495810309
canoe,reference,new brunswick,final energy|refrigerator|electricity,PJ,2040,0.5682160104225449
canoe,reference,new brunswick,final energy|refrigerator|electricity,PJ,2045,0.5801820294270184
canoe,reference,new brunswick,final energy|refrigerator|electricity,PJ,2050,0.5966818835360126
canoe,reference,new brunswick,final energy|space cooling|electricity,PJ,2025,1.576039191369251
canoe,reference,new brunswick,final energy|space cooling|electricity,PJ,2030,1.1762481525777548
canoe,reference,new brunswick,final energy|space cooling|electricity,PJ,2035,0.48302249410943393
canoe,reference,new brunswick,final energy|space heating|electricity,PJ,2025,9.149729533413689
canoe,reference,new brunswick,final energy|space heating|electricity,PJ,2030,9.996041741822808
canoe,reference,new brunswick,final energy|space heating|electricity,PJ,2035,11.480866399580862
canoe,reference,new brunswick,final energy|space heating|electricity,PJ,2040,11.999462512088266
canoe,reference,new brunswick,final energy|space heating|electricity,PJ,2045,11.988263394131538
canoe,reference,new brunswick,final energy|space heating|electricity,PJ,2050,12.459096255373064
canoe,reference,new brunswick,final energy|space heating|natural gas,PJ,2025,7.359222683963679
canoe,reference,new brunswick,final energy|space heating|natural gas,PJ,2030,5.3777240894894005
canoe,reference,new brunswick,final energy|space heating|natural gas,PJ,2035,1.0760639176718112
canoe,reference,new brunswick,final energy|space heating|natural gas,PJ,2040,0.01278641380560729
canoe,reference,new brunswick,final energy|space heating|oil,PJ,2025,2.6579572915874343
canoe,reference,new brunswick,final energy|space heating|oil,PJ,2030,1.9584923487321622
canoe,reference,new brunswick,final energy|space heating|oil,PJ,2035,1.259028748059833
canoe,reference,new brunswick,final energy|space heating|oil,PJ,2040,0.5036090853041931
canoe,reference,new brunswick,final energy|space heating|wood,PJ,2025,3.2334859023679594
canoe,reference,new brunswick,final energy|space heating|wood,PJ,2030,2.5792302291860634
canoe,reference,new brunswick,final energy|space heating|wood,PJ,2035,1.4336770386728104
canoe,reference,new brunswick,final energy|space heating|wood,PJ,2040,0.25931457289851045
canoe,reference,new brunswick,final energy|water heating|electricity,PJ,2025,2.7849282661672397
canoe,reference,new brunswick,final energy|water heating|electricity,PJ,2030,2.2176012959174107
canoe,reference,new brunswick,final energy|water heating|electricity,PJ,2035,1.5970176352323078
canoe,reference,new brunswick,final energy|water heating|electricity,PJ,2040,1.7547305214104798
canoe,reference,new brunswick,final energy|water heating|electricity,PJ,2045,1.794061766537408
canoe,reference,new brunswick,final energy|water heating|electricity,PJ,2050,1.8418766117305012
canoe,reference,new brunswick,final energy|water heating|natural gas,PJ,2025,0.10444297400120212
canoe,reference,new brunswick,final energy|water heating|natural gas,PJ,2030,0.05221218188215317
canoe,reference,newfoundland and labrador,final energy|all|all,PJ,2025,69.85860857846855
canoe,reference,newfoundland and labrador,final energy|all|all,PJ,2030,77.7197671038496
canoe,reference,newfoundland and labrador,final energy|all|all,PJ,2035,73.04037711074932
canoe,reference,newfoundland and labrador,final energy|all|all,PJ,2040,62.612597765309424
canoe,reference,newfoundland and labrador,final energy|all|all,PJ,2045,55.50548836733971
canoe,reference,newfoundland and labrador,final energy|all|all,PJ,2050,55.861733857949865
canoe,reference,newfoundland and labrador,final energy|aviation|jet fuel,PJ,2025,19.609851516481932
canoe,reference,newfoundland and labrador,final energy|aviation|jet fuel,PJ,2030,18.57993260536184
canoe,reference,newfoundland and labrador,final energy|aviation|jet fuel,PJ,2035,17.883955902290673
canoe,reference,newfoundland and labrador,final energy|aviation|jet fuel,PJ,2040,17.26159070415428
canoe,reference,newfoundland and labrador,final energy|aviation|jet fuel,PJ,2045,17.003214664707432
canoe,reference,newfoundland and labrador,final energy|aviation|jet fuel,PJ,2050,17.10294907331757
canoe,reference,newfoundland and labrador,final energy|bus|diesel,PJ,2025,0.4127556636431265
canoe,reference,newfoundland and labrador,final energy|bus|diesel,PJ,2030,0.18891512129835905
canoe,reference,newfoundland and labrador,final energy|bus|electricity,PJ,2025,0.2872298916954004
canoe,reference,newfoundland and labrador,final energy|bus|electricity,PJ,2030,0.3061811600766618
canoe,reference,newfoundland and labrador,final energy|bus|electricity,PJ,2035,0.36384490126169194
canoe,reference,newfoundland and labrador,final energy|bus|electricity,PJ,2040,0.36658160863433037
canoe,reference,newfoundland and labrador,final energy|bus|electricity,PJ,2045,0.3569692107080429
canoe,reference,newfoundland and labrador,final energy|bus|electricity,PJ,2050,0.35691825419330964
canoe,reference,newfoundland and labrador,final energy|bus|gasoline,PJ,2025,0.11204460711023155
canoe,reference,newfoundland and labrador,final energy|bus|gasoline,PJ,2030,0.11151163652967643
canoe,reference,newfoundland and labrador,final energy|bus|gasoline,PJ,2035,0.10461491151069686
canoe,reference,newfoundland and labrador,final energy|bus|gasoline,PJ,2040,0.04911789528996576
canoe,reference,newfoundland and labrador,final energy|bus|gasoline,PJ,2045,0.04489781630006487
canoe,reference,newfoundland and labrador,final energy|bus|gasoline,PJ,2050,0.018851377919194574
canoe,reference,newfoundland and labrador,final energy|bus|hydrogen,PJ,2025,0.1475564631390545
canoe,reference,newfoundland and labrador,final energy|bus|hydrogen,PJ,2030,0.15697672998951007
canoe,reference,newfoundland and labrador,final energy|bus|hydrogen,PJ,2035,0.09597258137702551
canoe,reference,newfoundland and labrador,final energy|bus|hydrogen,PJ,2040,0.0889660687884519
canoe,reference,newfoundland and labrador,final energy|bus|hydrogen,PJ,2045,0.08052581429160022
canoe,reference,newfoundland and labrador,final energy|bus|hydrogen,PJ,2050,0.07044178269558292
canoe,reference,newfoundland and labrador,final energy|bus|natural gas,PJ,2025,0.014470156431199515
canoe,reference,newfoundland and labrador,final energy|car|diesel,PJ,2025,0.06250100597161687
canoe,reference,newfoundland and labrador,final energy|car|electricity,PJ,2025,0.02118476107615631
canoe,reference,newfoundland and labrador,final energy|car|electricity,PJ,2030,0.017524501445062752
canoe,reference,newfoundland and labrador,final energy|car|electricity,PJ,2035,3.4560231991108905
canoe,reference,newfoundland and labrador,final energy|car|electricity,PJ,2040,7.5364856373030635
canoe,reference,newfoundland and labrador,final energy|car|electricity,PJ,2045,7.698845036610488
canoe,reference,newfoundland and labrador,final energy|car|electricity,PJ,2050,7.508699694476373
canoe,reference,newfoundland and labrador,final energy|car|gasoline,PJ,2025,19.603692137916003
canoe,reference,newfoundland and labrador,final energy|car|gasoline,PJ,2030,17.068519846602648
canoe,reference,newfoundland and labrador,final energy|car|gasoline,PJ,2035,10.716336671468511
canoe,reference,newfoundland and labrador,final energy|car|gasoline,PJ,2040,0.8505471691441362
canoe,reference,newfoundland and labrador,final energy|car|gasoline,PJ,2045,0.1831533726914404
canoe,reference,newfoundland and labrador,final energy|car|gasoline,PJ,2050,0.01643795934471594
canoe,reference,newfoundland and labrador,final energy|clothes dryer|electricity,PJ,2025,0.33580635357637223
canoe,reference,newfoundland and labrador,final energy|clothes dryer|electricity,PJ,2030,0.12598116254916655
canoe,reference,newfoundland and labrador,final energy|clothes dryer|natural gas,PJ,2025,0.22849394769042305
canoe,reference,newfoundland and labrador,final energy|clothes dryer|natural gas,PJ,2030,0.391844625957406
canoe,reference,newfoundland and labrador,final energy|clothes dryer|natural gas,PJ,2035,0.5453258247982897
canoe,reference,newfoundland and labrador,final energy|clothes dryer|natural gas,PJ,2040,0.5050965824293498
canoe,reference,newfoundland and labrador,final energy|clothes dryer|natural gas,PJ,2045,0.48288655759780047
canoe,reference,newfoundland and labrador,final energy|clothes dryer|natural gas,PJ,2050,0.47675824870852845
canoe,reference,newfoundland and labrador,final energy|clothes washer|electricity,PJ,2025,0.022553303454867123
canoe,reference,newfoundland and labrador,final energy|clothes washer|electricity,PJ,2030,0.01468599611971017
canoe,reference,newfoundland and labrador,final energy|clothes washer|electricity,PJ,2035,0.011375071813885492
canoe,reference,newfoundland and labrador,final energy|clothes washer|electricity,PJ,2040,0.01058228335546154
canoe,reference,newfoundland and labrador,final energy|clothes washer|electricity,PJ,2045,0.010533932052786275
canoe,reference,newfoundland and labrador,final energy|clothes washer|electricity,PJ,2050,0.010338017411121959
canoe,reference,newfoundland and labrador,final energy|cooking|electricity,PJ,2025,0.3201223328491443
canoe,reference,newfoundland and labrador,final energy|cooking|electricity,PJ,2030,0.18119254508821817
canoe,reference,newfoundland and labrador,final energy|cooking|electricity,PJ,2035,0.011518021591512924
canoe,reference,newfoundland and labrador,final energy|cooking|natural gas,PJ,2025,0.14067514524029334
canoe,reference,newfoundland and labrador,final energy|cooking|natural gas,PJ,2030,0.3076577167681518
canoe,reference,newfoundland and labrador,final energy|cooking|natural gas,PJ,2035,0.6494462603835215
canoe,reference,newfoundland and labrador,final energy|cooking|natural gas,PJ,2040,0.716617272399586
canoe,reference,newfoundland and labrador,final energy|cooking|natural gas,PJ,2045,0.660042654633818
canoe,reference,newfoundland and labrador,final energy|cooking|natural gas,PJ,2050,0.6592113721962924
canoe,reference,newfoundland and labrador,final energy|dish washer|electricity,PJ,2025,0.022553592221083333
canoe,reference,newfoundland and labrador,final energy|dish washer|electricity,PJ,2030,0.019307620368731532
canoe,reference,newfoundland and labrador,final energy|dish washer|electricity,PJ,2035,0.022611608323086257
canoe,reference,newfoundland and labrador,final energy|dish washer|electricity,PJ,2040,0.0170309233653582
canoe,reference,newfoundland and labrador,final energy|dish washer|electricity,PJ,2045,0.013025762973498677
canoe,reference,newfoundland and labrador,final energy|dish washer|electricity,PJ,2050,0.015835146482154575
canoe,reference,newfoundland and labrador,final energy|freezer|electricity,PJ,2025,0.18450552980360865
canoe,reference,newfoundland and labrador,final energy|freezer|electricity,PJ,2030,0.12728991607691129
canoe,reference,newfoundland and labrador,final energy|freezer|electricity,PJ,2035,0.060770882451812225
canoe,reference,newfoundland and labrador,final energy|freezer|electricity,PJ,2040,0.0313524019654866
canoe,reference,newfoundland and labrador,final energy|freezer|electricity,PJ,2045,0.034735190410549996
canoe,reference,newfoundland and labrador,final energy|freezer|electricity,PJ,2050,0.03337083113284973
canoe,reference,newfoundland and labrador,final energy|freight rail|diesel,PJ,2025,3.0852353358679636
canoe,reference,newfoundland and labrador,final energy|freight rail|diesel,PJ,2030,3.0851703466547375
canoe,reference,newfoundland and labrador,final energy|freight rail|diesel,PJ,2035,3.085127012173046
canoe,reference,newfoundland and labrador,final energy|freight rail|natural gas,PJ,2025,13.340437789816397
canoe,reference,newfoundland and labrador,final energy|freight rail|natural gas,PJ,2030,13.343271649852708
canoe,reference,newfoundland and labrador,final energy|freight rail|natural gas,PJ,2035,13.346964577116573
canoe,reference,newfoundland and labrador,final energy|freight rail|natural gas,PJ,2040,16.14539369132124
canoe,reference,newfoundland and labrador,final energy|freight rail|natural gas,PJ,2045,16.145892660094937
canoe,reference,newfoundland and labrador,final energy|freight rail|natural gas,PJ,2050,16.145891868927407
canoe,reference,newfoundland and labrador,final energy|heavy trucking|diesel,PJ,2025,25.31170158638711
canoe,reference,newfoundland and labrador,final energy|heavy trucking|diesel,PJ,2030,22.338077892507716
canoe,reference,newfoundland and labrador,final energy|heavy trucking|diesel,PJ,2035,17.28707190237224
canoe,reference,newfoundland and labrador,final energy|heavy trucking|diesel,PJ,2040,7.907427848802111
canoe,reference,newfoundland and labrador,final energy|heavy trucking|diesel,PJ,2045,3.7141863764294603
canoe,reference,newfoundland and labrador,final energy|heavy trucking|diesel,PJ,2050,2.016149804536662
canoe,reference,newfoundland and labrador,final energy|heavy trucking|electricity,PJ,2030,0.2939639342080756
canoe,reference,newfoundland and labrador,final energy|heavy trucking|electricity,PJ,2035,1.3474669280403033
canoe,reference,newfoundland and labrador,final energy|heavy trucking|electricity,PJ,2040,4.053835829351213
canoe,reference,newfoundland and labrador,final energy|heavy trucking|electricity,PJ,2045,5.4134665372454345
canoe,reference,newfoundland and labrador,final energy|heavy trucking|electricity,PJ,2050,5.916547557627083
canoe,reference,newfoundland and labrador,final energy|heavy trucking|hydrogen,PJ,2050,0.010861058688983337
canoe,reference,newfoundland and labrador,final energy|light freight truck|diesel,PJ,2025,0.3915818069965913
canoe,reference,newfoundland and labrador,final energy|light freight truck|diesel,PJ,2030,0.2723396735387772
canoe,reference,newfoundland and labrador,final energy|light freight truck|diesel,PJ,2035,0.04896027662013709
canoe,reference,newfoundland and labrador,final energy|light freight truck|gasoline,PJ,2025,7.184679338397309
canoe,reference,newfoundland and labrador,final energy|light freight truck|gasoline,PJ,2030,5.43496441468901
canoe,reference,newfoundland and labrador,final energy|light freight truck|gasoline,PJ,2035,2.9763813491747038
canoe,reference,newfoundland and labrador,final energy|light freight truck|gasoline,PJ,2040,2.4391543807049096
canoe,reference,newfoundland and labrador,final energy|light freight truck|gasoline,PJ,2045,2.3492218698117564
canoe,reference,newfoundland and labrador,final energy|light freight truck|gasoline,PJ,2050,2.265474272557446
canoe,reference,newfoundland and labrador,final energy|lighting|electricity,PJ,2025,0.84978084787745
canoe,reference,newfoundland and labrador,final energy|lighting|electricity,PJ,2030,0.8221190664864814
canoe,reference,newfoundland and labrador,final energy|lighting|electricity,PJ,2035,0.7361299018011828
canoe,reference,newfoundland and labrador,final energy|lighting|electricity,PJ,2040,0.7027485974012877
canoe,reference,newfoundland and labrador,final energy|lighting|electricity,PJ,2045,0.538046186465327
canoe,reference,newfoundland and labrador,final energy|lighting|electricity,PJ,2050,0.5135862581331005
canoe,reference,newfoundland and labrador,final energy|marine freight|diesel,PJ,2025,0.018585587017582422
canoe,reference,newfoundland and labrador,final energy|marine freight|oil,PJ,2025,16.669086086999467
canoe,reference,newfoundland and labrador,final energy|marine freight|oil,PJ,2030,16.66908427248561
canoe,reference,newfoundland and labrador,final energy|marine freight|oil,PJ,2035,16.58399256260775
canoe,reference,newfoundland and labrador,final energy|marine freight|oil,PJ,2040,16.191938039508493
canoe,reference,newfoundland and labrador,final energy|marine freight|oil,PJ,2045,14.976947618717285
canoe,reference,newfoundland and labrador,final energy|marine freight|oil,PJ,2050,14.455329500242023
canoe,reference,newfoundland and labrador,final energy|medium duty trucking|electricity,PJ,2025,3.957118928977464
canoe,reference,newfoundland and labrador,final energy|medium duty trucking|electricity,PJ,2030,4.63897481224712
canoe,reference,newfoundland and labrador,final energy|medium duty trucking|electricity,PJ,2035,6.053632629126598
canoe,reference,newfoundland and labrador,final energy|medium duty trucking|electricity,PJ,2040,7.262227754056556
canoe,reference,newfoundland and labrador,final energy|medium duty trucking|electricity,PJ,2045,7.0282689597794645
canoe,reference,newfoundland and labrador,final energy|medium duty trucking|electricity,PJ,2050,6.8083227887121
canoe,reference,newfoundland and labrador,final energy|medium duty trucking|gasoline,PJ,2025,8.18577617705905
canoe,reference,newfoundland and labrador,final energy|medium duty trucking|gasoline,PJ,2030,5.962033696395773
canoe,reference,newfoundland and labrador,final energy|medium duty trucking|gasoline,PJ,2035,2.6284819977624614
canoe,reference,newfoundland and labrador,final energy|medium duty trucking|generic,PJ,2025,10.255455930857904
canoe,reference,newfoundland and labrador,final energy|medium duty trucking|generic,PJ,2030,7.59503207848491
canoe,reference,newfoundland and labrador,final energy|medium duty trucking|generic,PJ,2035,3.421545295435515
canoe,reference,newfoundland and labrador,final energy|motorcycle|electricity,PJ,2025,0.020849076047672867
canoe,reference,newfoundland and labrador,final energy|motorcycle|electricity,PJ,2030,0.03965304654275954
canoe,reference,newfoundland and labrador,final energy|motorcycle|electricity,PJ,2035,0.053906290171776755
canoe,reference,newfoundland and labrador,final energy|motorcycle|electricity,PJ,2040,0.0599492667672815
canoe,reference,newfoundland and labrador,final energy|motorcycle|electricity,PJ,2045,0.060430883823482245
canoe,reference,newfoundland and labrador,final energy|motorcycle|electricity,PJ,2050,0.060939000865570594
canoe,reference,newfoundland and labrador,final energy|motorcycle|gasoline,PJ,2025,0.11296038363270096
canoe,reference,newfoundland and labrador,final energy|motorcycle|gasoline,PJ,2030,0.058359337943592604
canoe,reference,newfoundland and labrador,final energy|motorcycle|gasoline,PJ,2035,0.016541287237843406
canoe,reference,newfoundland and labrador,final energy|offroad|offroad,PJ,2025,1.88523421532695
canoe,reference,newfoundland and labrador,final energy|offroad|offroad,PJ,2030,1.98561558036673
canoe,reference,newfoundland and labrador,final energy|offroad|offroad,PJ,2035,2.06907112322984
canoe,reference,newfoundland and labrador,final energy|offroad|offroad,PJ,2040,2.13481157806815
canoe,reference,newfoundland and labrador,final energy|offroad|offroad,PJ,2045,2.18753121634318
canoe,reference,newfoundland and labrador,final energy|offroad|offroad,PJ,2050,2.23608138343029
canoe,reference,newfoundland and labrador,final energy|other electrical|electricity,PJ,2025,1.6165417560516224
canoe,reference,newfoundland and labrador,final energy|other electrical|electricity,PJ,2030,1.595566793505246
canoe,reference,newfoundland and labrador,final energy|other electrical|electricity,PJ,2035,1.5709740277000583
canoe,reference,newfoundland and labrador,final energy|other electrical|electricity,PJ,2040,1.53927010069819
canoe,reference,newfoundland and labrador,final energy|other electrical|electricity,PJ,2045,1.5063809801635415
canoe,reference,newfoundland and labrador,final energy|other electrical|electricity,PJ,2050,1.491853470435489
canoe,reference,newfoundland and labrador,final energy|other end-use|other,PJ,2025,5.913111546336393
canoe,reference,newfoundland and labrador,final energy|other end-use|other,PJ,2030,6.533679393433655
canoe,reference,newfoundland and labrador,final energy|other end-use|other,PJ,2035,6.998301373979624
canoe,reference,newfoundland and labrador,final energy|other end-use|other,PJ,2040,7.272147228467083
canoe,reference,newfoundland and labrador,final energy|other end-use|other,PJ,2045,7.580908850463826
canoe,reference,newfoundland and labrador,final energy|other end-use|other,PJ,2050,8.04456433147132
canoe,reference,newfoundland and labrador,final energy|passenger rail|diesel,PJ,2025,0.4532086344452673
canoe,reference,newfoundland and labrador,final energy|passenger rail|diesel,PJ,2030,0.453203766920665
canoe,reference,newfoundland and labrador,final energy|passenger rail|diesel,PJ,2035,0.4240061336691206
canoe,reference,newfoundland and labrador,final energy|passenger rail|diesel,PJ,2040,0.3997447064334351
canoe,reference,newfoundland and labrador,final energy|passenger rail|diesel,PJ,2045,0.37393927448507597
canoe,reference,newfoundland and labrador,final energy|passenger rail|diesel,PJ,2050,0.363227090996522
canoe,reference,newfoundland and labrador,final energy|passenger truck|diesel,PJ,2025,0.09374521162370204
canoe,reference,newfoundland and labrador,final energy|passenger truck|diesel,PJ,2030,0.04891145024503849
canoe,reference,newfoundland and labrador,final energy|passenger truck|gasoline,PJ,2025,3.175693512063708
canoe,reference,newfoundland and labrador,final energy|passenger truck|gasoline,PJ,2030,2.386872064573624
canoe,reference,newfoundland and labrador,final energy|passenger truck|gasoline,PJ,2035,1.372704940587829
canoe,reference,newfoundland and labrador,final energy|passenger truck|gasoline,PJ,2040,1.2161038138127311
canoe,reference,newfoundland and labrador,final energy|passenger truck|gasoline,PJ,2045,1.558902087117931
canoe,reference,newfoundland and labrador,final energy|passenger truck|gasoline,PJ,2050,1.9566830792734702
canoe,reference,newfoundland and labrador,final energy|refrigerator|electricity,PJ,2025,0.33678070532483484
canoe,reference,newfoundland and labrador,final energy|refrigerator|electricity,PJ,2030,0.20702805936571156
canoe,reference,newfoundland and labrador,final energy|refrigerator|electricity,PJ,2035,0.2417338512525628
canoe,reference,newfoundland and labrador,final energy|refrigerator|electricity,PJ,2040,0.23606347737986677
canoe,reference,newfoundland and labrador,final energy|refrigerator|electricity,PJ,2045,0.23064841365423813
canoe,reference,newfoundland and labrador,final energy|refrigerator|electricity,PJ,2050,0.227823246984136
canoe,reference,newfoundland and labrador,final energy|space cooling|electricity,PJ,2025,1.2249130336902394
canoe,reference,newfoundland and labrador,final energy|space cooling|electricity,PJ,2030,0.8203833919485504
canoe,reference,newfoundland and labrador,final energy|space cooling|electricity,PJ,2035,0.3914600665149881
canoe,reference,newfoundland and labrador,final energy|space heating|electricity,PJ,2025,7.485677081432088
canoe,reference,newfoundland and labrador,final energy|space heating|electricity,PJ,2030,8.019229994951926
canoe,reference,newfoundland and labrador,final energy|space heating|electricity,PJ,2035,6.875520431789552
canoe,reference,newfoundland and labrador,final energy|space heating|electricity,PJ,2040,5.625512652187508
canoe,reference,newfoundland and labrador,final energy|space heating|electricity,PJ,2045,4.642614651088124
canoe,reference,newfoundland and labrador,final energy|space heating|electricity,PJ,2050,4.912477998737718
canoe,reference,newfoundland and labrador,final energy|space heating|oil,PJ,2025,7.0711665276178035
canoe,reference,newfoundland and labrador,final energy|space heating|oil,PJ,2030,1.4385292037942958
canoe,reference,newfoundland and labrador,final energy|space heating|oil,PJ,2035,0.9247660264314168
canoe,reference,newfoundland and labrador,final energy|space heating|oil,PJ,2040,0.3699018036971434
canoe,reference,newfoundland and labrador,final energy|space heating|wood,PJ,2025,6.782042460815403
canoe,reference,newfoundland and labrador,final energy|space heating|wood,PJ,2030,9.204389868103219
canoe,reference,newfoundland and labrador,final energy|space heating|wood,PJ,2035,12.094418804351925
canoe,reference,newfoundland and labrador,final energy|space heating|wood,PJ,2040,14.68607244728956
canoe,reference,newfoundland and labrador,final energy|space heating|wood,PJ,2045,16.372158646253578
canoe,reference,newfoundland and labrador,final energy|space heating|wood,PJ,2050,16.21924147019263
canoe,reference,newfoundland and labrador,final energy|water heating|electricity,PJ,2025,1.5897170587462137
canoe,reference,newfoundland and labrador,final energy|water heating|electricity,PJ,2030,1.1911773889450714
canoe,reference,newfoundland and labrador,final energy|water heating|electricity,PJ,2035,0.8094400494726852
canoe,reference,newfoundland and labrador,final energy|water heating|electricity,PJ,2040,0.843324839406006
canoe,reference,newfoundland and labrador,final energy|water heating|electricity,PJ,2045,0.8249988882916934
canoe,reference,newfoundland and labrador,final energy|water heating|electricity,PJ,2050,0.8168357794240599
canoe,reference,newfoundland and labrador,final energy|water heating|oil,PJ,2025,0.18049617453944372
canoe,reference,newfoundland and labrador,final energy|water heating|oil,PJ,2030,0.09355069517907492
canoe,reference,nova scotia,final energy|all|all,PJ,2025,35.58333956188313
canoe,reference,nova scotia,final energy|all|all,PJ,2030,37.94593960295327
canoe,reference,nova scotia,final energy|all|all,PJ,2035,39.2883793265149
canoe,reference,nova scotia,final energy|all|all,PJ,2040,40.41616583113417
canoe,reference,nova scotia,final energy|all|all,PJ,2045,41.32576100409001
canoe,reference,nova scotia,final energy|all|all,PJ,2050,42.06968766255265
canoe,reference,nova scotia,final energy|aviation|jet fuel,PJ,2025,23.734197676851533
canoe,reference,nova scotia,final energy|aviation|jet fuel,PJ,2030,22.629115653175614
canoe,reference,nova scotia,final energy|aviation|jet fuel,PJ,2035,21.905212405867527
canoe,reference,nova scotia,final energy|aviation|jet fuel,PJ,2040,21.244950457019655
canoe,reference,nova scotia,final energy|aviation|jet fuel,PJ,2045,21.01017405721494
canoe,reference,nova scotia,final energy|aviation|jet fuel,PJ,2050,21.20753167770932
canoe,reference,nova scotia,final energy|bus|diesel,PJ,2025,0.5655859680159554
canoe,reference,nova scotia,final energy|bus|diesel,PJ,2030,0.26032087717327407
canoe,reference,nova scotia,final energy|bus|electricity,PJ,2025,0.17648561451712502
canoe,reference,nova scotia,final energy|bus|electricity,PJ,2030,0.1924976311775011
canoe,reference,nova scotia,final energy|bus|electricity,PJ,2035,0.36322882337901735
canoe,reference,nova scotia,final energy|bus|electricity,PJ,2040,0.4644974006737588
canoe,reference,nova scotia,final energy|bus|electricity,PJ,2045,0.3493939332944275
canoe,reference,nova scotia,final energy|bus|electricity,PJ,2050,0.36684839707552036
canoe,reference,nova scotia,final energy|bus|gasoline,PJ,2025,0.15342380843071574
canoe,reference,nova scotia,final energy|bus|gasoline,PJ,2030,0.15524361902418096
canoe,reference,nova scotia,final energy|bus|gasoline,PJ,2035,0.1470775770393852
canoe,reference,nova scotia,final energy|bus|gasoline,PJ,2040,0.14253943825057974
canoe,reference,nova scotia,final energy|bus|gasoline,PJ,2045,0.11342635378566454
canoe,reference,nova scotia,final energy|bus|gasoline,PJ,2050,0.10811626206738541
canoe,reference,nova scotia,final energy|bus|hydrogen,PJ,2025,0.5866915957509301
canoe,reference,nova scotia,final energy|bus|hydrogen,PJ,2030,0.635796074206897
canoe,reference,nova scotia,final energy|bus|hydrogen,PJ,2035,0.3940618550849975
canoe,reference,nova scotia,final energy|bus|hydrogen,PJ,2040,0.17640958092416167
canoe,reference,nova scotia,final energy|bus|hydrogen,PJ,2045,0.3735188179893678
canoe,reference,nova scotia,final energy|bus|hydrogen,PJ,2050,0.31386222308727524
canoe,reference,nova scotia,final energy|bus|natural gas,PJ,2025,0.022561561899311945
canoe,reference,nova scotia,final energy|car|diesel,PJ,2025,0.021478562740219913
canoe,reference,nova scotia,final energy|car|electricity,PJ,2050,0.5340297140847774
canoe,reference,nova scotia,final energy|car|gasoline,PJ,2025,3.118150312288977
canoe,reference,nova scotia,final energy|car|gasoline,PJ,2030,2.9039718300832513
canoe,reference,nova scotia,final energy|car|gasoline,PJ,2035,2.644271257193889
canoe,reference,nova scotia,final energy|car|gasoline,PJ,2040,2.8219124965206355
canoe,reference,nova scotia,final energy|car|gasoline,PJ,2045,1.7854977500761027
canoe,reference,nova scotia,final energy|car|gasoline,PJ,2050,0.734654901784654
canoe,reference,nova scotia,final energy|car|hydrogen,PJ,2045,0.9460438664032784
canoe,reference,nova scotia,final energy|car|hydrogen,PJ,2050,0.9460137052507622
canoe,reference,nova scotia,final energy|clothes dryer|electricity,PJ,2025,0.602677128207217
canoe,reference,nova scotia,final energy|clothes dryer|electricity,PJ,2030,0.2720912494624301
canoe,reference,nova scotia,final energy|clothes dryer|natural gas,PJ,2025,0.49177778919658693
canoe,reference,nova scotia,final energy|clothes dryer|natural gas,PJ,2030,0.7979383916510747
canoe,reference,nova scotia,final energy|clothes dryer|natural gas,PJ,2035,1.0915685038508371
canoe,reference,nova scotia,final energy|clothes dryer|natural gas,PJ,2040,1.1858859319189703
canoe,reference,nova scotia,final energy|clothes dryer|natural gas,PJ,2045,1.1830028340594068
canoe,reference,nova scotia,final energy|clothes dryer|natural gas,PJ,2050,1.2159811538854914
canoe,reference,nova scotia,final energy|clothes washer|electricity,PJ,2025,0.038383496864469215
canoe,reference,nova scotia,final energy|clothes washer|electricity,PJ,2030,0.02762914210832451
canoe,reference,nova scotia,final energy|clothes washer|electricity,PJ,2035,0.022183465007235878
canoe,reference,nova scotia,final energy|clothes washer|electricity,PJ,2040,0.02209089361298048
canoe,reference,nova scotia,final energy|clothes washer|electricity,PJ,2045,0.02225168657838581
canoe,reference,nova scotia,final energy|clothes washer|electricity,PJ,2050,0.023606306538205894
canoe,reference,nova scotia,final energy|cooking|electricity,PJ,2025,0.6016363708534405
canoe,reference,nova scotia,final energy|cooking|electricity,PJ,2030,0.35893770705354733
canoe,reference,nova scotia,final energy|cooking|electricity,PJ,2035,0.0609358200333319
canoe,reference,nova scotia,final energy|cooking|natural gas,PJ,2025,0.4418817000391513
canoe,reference,nova scotia,final energy|cooking|natural gas,PJ,2030,0.9497278317595629
canoe,reference,nova scotia,final energy|cooking|natural gas,PJ,2035,1.521988640774634
canoe,reference,nova scotia,final energy|cooking|natural gas,PJ,2040,1.8188492839464805
canoe,reference,nova scotia,final energy|cooking|natural gas,PJ,2045,1.820779475586647
canoe,reference,nova scotia,final energy|cooking|natural gas,PJ,2050,1.867709508416792
canoe,reference,nova scotia,final energy|dish washer|electricity,PJ,2025,0.05307384729367752
canoe,reference,nova scotia,final energy|dish washer|electricity,PJ,2030,0.05044950010628128
canoe,reference,nova scotia,final energy|dish washer|electricity,PJ,2035,0.04980479997797007
canoe,reference,nova scotia,final energy|dish washer|electricity,PJ,2040,0.04889707910369032
canoe,reference,nova scotia,final energy|dish washer|electricity,PJ,2045,0.04816993888308676
canoe,reference,nova scotia,final energy|dish washer|electricity,PJ,2050,0.0496182974921675
canoe,reference,nova scotia,final energy|freezer|electricity,PJ,2025,0.21711063619644894
canoe,reference,nova scotia,final energy|freezer|electricity,PJ,2030,0.17874883592353236
canoe,reference,nova scotia,final energy|freezer|electricity,PJ,2035,0.1264223509935209
canoe,reference,nova scotia,final energy|freezer|electricity,PJ,2040,0.10175490194531522
canoe,reference,nova scotia,final energy|freezer|electricity,PJ,2045,0.11230720109380217
canoe,reference,nova scotia,final energy|freezer|electricity,PJ,2050,0.12023859735588634
canoe,reference,nova scotia,final energy|freight rail|diesel,PJ,2025,3.102229431393375
canoe,reference,nova scotia,final energy|freight rail|diesel,PJ,2030,3.1020427150041554
canoe,reference,nova scotia,final energy|freight rail|diesel,PJ,2035,3.1018566761561095
canoe,reference,nova scotia,final energy|freight rail|natural gas,PJ,2025,13.405147647751825
canoe,reference,nova scotia,final energy|freight rail|natural gas,PJ,2030,13.414365612365362
canoe,reference,nova scotia,final energy|freight rail|natural gas,PJ,2035,13.421722644205936
canoe,reference,nova scotia,final energy|freight rail|natural gas,PJ,2040,16.238236835328312
canoe,reference,nova scotia,final energy|freight rail|natural gas,PJ,2045,16.241748195808253
canoe,reference,nova scotia,final energy|freight rail|natural gas,PJ,2050,16.24417097999334
canoe,reference,nova scotia,final energy|heavy trucking|diesel,PJ,2025,29.472737451430266
canoe,reference,nova scotia,final energy|heavy trucking|diesel,PJ,2030,25.927780793162338
canoe,reference,nova scotia,final energy|heavy trucking|diesel,PJ,2035,20.28344492874963
canoe,reference,nova scotia,final energy|heavy trucking|diesel,PJ,2040,12.247147010717011
canoe,reference,nova scotia,final energy|heavy trucking|diesel,PJ,2045,8.200059439317272
canoe,reference,nova scotia,final energy|heavy trucking|diesel,PJ,2050,7.177606264817036
canoe,reference,nova scotia,final energy|heavy trucking|electricity,PJ,2035,0.7623512542233192
canoe,reference,nova scotia,final energy|heavy trucking|electricity,PJ,2040,1.1474340852034937
canoe,reference,nova scotia,final energy|heavy trucking|electricity,PJ,2045,1.414695955037466
canoe,reference,nova scotia,final energy|heavy trucking|electricity,PJ,2050,1.475659543599747
canoe,reference,nova scotia,final energy|heavy trucking|hydrogen,PJ,2030,0.9200313382968038
canoe,reference,nova scotia,final energy|heavy trucking|hydrogen,PJ,2035,1.5635056312441171
canoe,reference,nova scotia,final energy|heavy trucking|hydrogen,PJ,2040,4.435908042619814
canoe,reference,nova scotia,final energy|heavy trucking|hydrogen,PJ,2045,6.672724627491913
canoe,reference,nova scotia,final energy|heavy trucking|hydrogen,PJ,2050,6.830379396448887
canoe,reference,nova scotia,final energy|light freight truck|diesel,PJ,2025,0.5245016652601032
canoe,reference,nova scotia,final energy|light freight truck|diesel,PJ,2030,0.36352165262901526
canoe,reference,nova scotia,final energy|light freight truck|diesel,PJ,2035,0.06704817848217051
canoe,reference,nova scotia,final energy|light freight truck|gasoline,PJ,2025,9.522592624427176
canoe,reference,nova scotia,final energy|light freight truck|gasoline,PJ,2030,7.226947162190202
canoe,reference,nova scotia,final energy|light freight truck|gasoline,PJ,2035,3.973388274467865
canoe,reference,nova scotia,final energy|light freight truck|gasoline,PJ,2040,3.27488078457064
canoe,reference,nova scotia,final energy|light freight truck|gasoline,PJ,2045,3.544520052564928
canoe,reference,nova scotia,final energy|light freight truck|gasoline,PJ,2050,4.117881538860079
canoe,reference,nova scotia,final energy|lighting|electricity,PJ,2025,1.9961024544024073
canoe,reference,nova scotia,final energy|lighting|electricity,PJ,2030,2.035318789851656
canoe,reference,nova scotia,final energy|lighting|electricity,PJ,2035,1.7947707123218066
canoe,reference,nova scotia,final energy|lighting|electricity,PJ,2040,1.788758643774276
canoe,reference,nova scotia,final energy|lighting|electricity,PJ,2045,1.4880887963860618
canoe,reference,nova scotia,final energy|lighting|electricity,PJ,2050,1.477520494280957
canoe,reference,nova scotia,final energy|marine freight|diesel,PJ,2025,0.03666422342504391
canoe,reference,nova scotia,final energy|marine freight|oil,PJ,2025,16.36146806675644
canoe,reference,nova scotia,final energy|marine freight|oil,PJ,2030,16.361466270830714
canoe,reference,nova scotia,final energy|marine freight|oil,PJ,2035,16.265434059740258
canoe,reference,nova scotia,final energy|marine freight|oil,PJ,2040,15.871532787823073
canoe,reference,nova scotia,final energy|marine freight|oil,PJ,2045,14.672828924342772
canoe,reference,nova scotia,final energy|marine freight|oil,PJ,2050,14.155007288424137
canoe,reference,nova scotia,final energy|medium duty trucking|electricity,PJ,2030,1.0990987636810958
canoe,reference,nova scotia,final energy|medium duty trucking|electricity,PJ,2035,2.8343450279972457
canoe,reference,nova scotia,final energy|medium duty trucking|electricity,PJ,2040,5.465348370911259
canoe,reference,nova scotia,final energy|medium duty trucking|electricity,PJ,2045,7.1962044314614815
canoe,reference,nova scotia,final energy|medium duty trucking|electricity,PJ,2050,7.062331115335218
canoe,reference,nova scotia,final energy|medium duty trucking|gasoline,PJ,2025,8.59886158849494
canoe,reference,nova scotia,final energy|medium duty trucking|gasoline,PJ,2030,6.262904924007134
canoe,reference,nova scotia,final energy|medium duty trucking|gasoline,PJ,2035,2.761125357898773
canoe,reference,nova scotia,final energy|medium duty trucking|generic,PJ,2025,10.773044161911727
canoe,reference,nova scotia,final energy|medium duty trucking|generic,PJ,2030,7.978305737160056
canoe,reference,nova scotia,final energy|medium duty trucking|generic,PJ,2035,3.5942090831677516
canoe,reference,nova scotia,final energy|medium duty trucking|hydrogen,PJ,2025,8.070718297618148
canoe,reference,nova scotia,final energy|medium duty trucking|hydrogen,PJ,2030,7.280866749232126
canoe,reference,nova scotia,final energy|medium duty trucking|hydrogen,PJ,2035,6.880700355181191
canoe,reference,nova scotia,final energy|medium duty trucking|hydrogen,PJ,2040,4.230307470802113
canoe,reference,nova scotia,final energy|medium duty trucking|hydrogen,PJ,2045,0.40349781701122844
canoe,reference,nova scotia,final energy|medium duty trucking|hydrogen,PJ,2050,0.2294410570105888
canoe,reference,nova scotia,final energy|motorcycle|electricity,PJ,2025,0.0284382885376497
canoe,reference,nova scotia,final energy|motorcycle|electricity,PJ,2030,0.05615044315698377
canoe,reference,nova scotia,final energy|motorcycle|electricity,PJ,2035,0.07722447897580352
canoe,reference,nova scotia,final energy|motorcycle|electricity,PJ,2040,0.0864343542735982
canoe,reference,nova scotia,final energy|motorcycle|electricity,PJ,2045,0.08755071069589686
canoe,reference,nova scotia,final energy|motorcycle|electricity,PJ,2050,0.08859420445512127
canoe,reference,nova scotia,final energy|motorcycle|gasoline,PJ,2025,0.1617163264168531
canoe,reference,nova scotia,final energy|motorcycle|gasoline,PJ,2030,0.08354920055799168
canoe,reference,nova scotia,final energy|motorcycle|gasoline,PJ,2035,0.02414548502874501
canoe,reference,nova scotia,final energy|offroad|offroad,PJ,2025,3.5399640177966
canoe,reference,nova scotia,final energy|offroad|offroad,PJ,2030,3.73860515168611
canoe,reference,nova scotia,final energy|offroad|offroad,PJ,2035,3.90375237776294
canoe,reference,nova scotia,final energy|offroad|offroad,PJ,2040,4.03384383965753
canoe,reference,nova scotia,final energy|offroad|offroad,PJ,2045,4.13816886987641
canoe,reference,nova scotia,final energy|offroad|offroad,PJ,2050,4.23424307748517
canoe,reference,nova scotia,final energy|other electrical|electricity,PJ,2025,2.8905992661566517
canoe,reference,nova scotia,final energy|other electrical|electricity,PJ,2030,3.011277964191694
canoe,reference,nova scotia,final energy|other electrical|electricity,PJ,2035,3.095080756295544
canoe,reference,nova scotia,final energy|other electrical|electricity,PJ,2040,3.162283634308535
canoe,reference,nova scotia,final energy|other electrical|electricity,PJ,2045,3.232431658369905
canoe,reference,nova scotia,final energy|other electrical|electricity,PJ,2050,3.317964054425802
canoe,reference,nova scotia,final energy|other end-use|other,PJ,2025,10.345448985540498
canoe,reference,nova scotia,final energy|other end-use|other,PJ,2030,11.431180745190646
canoe,reference,nova scotia,final energy|other end-use|other,PJ,2035,12.244073070937018
canoe,reference,nova scotia,final energy|other end-use|other,PJ,2040,12.723187712239033
canoe,reference,nova scotia,final energy|other end-use|other,PJ,2045,13.263390206988031
canoe,reference,nova scotia,final energy|other end-use|other,PJ,2050,14.074591566549936
canoe,reference,nova scotia,final energy|passenger rail|diesel,PJ,2025,0.45550418597440756
canoe,reference,nova scotia,final energy|passenger rail|diesel,PJ,2030,0.45550043800163276
canoe,reference,nova scotia,final energy|passenger rail|diesel,PJ,2035,0.42623349108757097
canoe,reference,nova scotia,final energy|passenger rail|diesel,PJ,2040,0.40191257688611143
canoe,reference,nova scotia,final energy|passenger rail|diesel,PJ,2045,0.37601756270496756
canoe,reference,nova scotia,final energy|passenger rail|diesel,PJ,2050,0.36530799075134224
canoe,reference,nova scotia,final energy|passenger truck|diesel,PJ,2025,0.3097246144722767
canoe,reference,nova scotia,final energy|passenger truck|diesel,PJ,2030,0.16159536865578017
canoe,reference,nova scotia,final energy|passenger truck|diesel,PJ,2035,0.02749304899858828
canoe,reference,nova scotia,final energy|passenger truck|gasoline,PJ,2025,10.956668258517666
canoe,reference,nova scotia,final energy|passenger truck|gasoline,PJ,2030,8.087716176297338
canoe,reference,nova scotia,final energy|passenger truck|gasoline,PJ,2035,4.540223823882341
canoe,reference,nova scotia,final energy|passenger truck|gasoline,PJ,2040,5.257051730465218
canoe,reference,nova scotia,final energy|passenger truck|gasoline,PJ,2045,6.060995721165443
canoe,reference,nova scotia,final energy|passenger truck|gasoline,PJ,2050,7.028354115524242
canoe,reference,nova scotia,final energy|refrigerator|electricity,PJ,2025,0.620694305876401
canoe,reference,nova scotia,final energy|refrigerator|electricity,PJ,2030,0.4365566472177345
canoe,reference,nova scotia,final energy|refrigerator|electricity,PJ,2035,0.5000860695932163
canoe,reference,nova scotia,final energy|refrigerator|electricity,PJ,2040,0.5109443397894011
canoe,reference,nova scotia,final energy|refrigerator|electricity,PJ,2045,0.5222784704324308
canoe,reference,nova scotia,final energy|refrigerator|electricity,PJ,2050,0.5360983230096149
canoe,reference,nova scotia,final energy|space cooling|electricity,PJ,2025,1.547446314128702
canoe,reference,nova scotia,final energy|space cooling|electricity,PJ,2030,0.9613810431661748
canoe,reference,nova scotia,final energy|space cooling|electricity,PJ,2035,0.4526867898239251
canoe,reference,nova scotia,final energy|space heating|electricity,PJ,2025,8.15873789308582
canoe,reference,nova scotia,final energy|space heating|electricity,PJ,2030,10.488811775166775
canoe,reference,nova scotia,final energy|space heating|electricity,PJ,2035,12.387292914321714
canoe,reference,nova scotia,final energy|space heating|electricity,PJ,2040,14.158141658111399
canoe,reference,nova scotia,final energy|space heating|electricity,PJ,2045,14.696252053237219
canoe,reference,nova scotia,final energy|space heating|electricity,PJ,2050,15.278202270912855
canoe,reference,nova scotia,final energy|space heating|natural gas,PJ,2025,8.361067274811825
canoe,reference,nova scotia,final energy|space heating|natural gas,PJ,2030,6.48329439892742
canoe,reference,nova scotia,final energy|space heating|natural gas,PJ,2035,3.3913353651767237
canoe,reference,nova scotia,final energy|space heating|natural gas,PJ,2040,0.7014408391450526
canoe,reference,nova scotia,final energy|space heating|natural gas,PJ,2045,0.7497825570526787
canoe,reference,nova scotia,final energy|space heating|natural gas,PJ,2050,0.794382759417741
canoe,reference,nova scotia,final energy|space heating|oil,PJ,2025,9.36670437401904
canoe,reference,nova scotia,final energy|space heating|oil,PJ,2030,6.0648148324630125
canoe,reference,nova scotia,final energy|space heating|oil,PJ,2035,3.898807499315974
canoe,reference,nova scotia,final energy|space heating|oil,PJ,2040,1.5595213784933406
canoe,reference,nova scotia,final energy|space heating|wood,PJ,2025,4.741549016295628
canoe,reference,nova scotia,final energy|space heating|wood,PJ,2030,4.058369609719946
canoe,reference,nova scotia,final energy|space heating|wood,PJ,2035,2.336285774641445
canoe,reference,nova scotia,final energy|space heating|wood,PJ,2040,0.5521413236516228
canoe,reference,nova scotia,final energy|water heating|electricity,PJ,2025,2.2234706907214092
canoe,reference,nova scotia,final energy|water heating|electricity,PJ,2030,1.9977623327114724
canoe,reference,nova scotia,final energy|water heating|electricity,PJ,2035,1.8181533572707314
canoe,reference,nova scotia,final energy|water heating|electricity,PJ,2040,2.0345388286096218
canoe,reference,nova scotia,final energy|water heating|electricity,PJ,2045,2.0793089747518096
canoe,reference,nova scotia,final energy|water heating|electricity,PJ,2050,2.1343524293442258
canoe,reference,nova scotia,final energy|water heating|oil,PJ,2025,1.9521759804670706
canoe,reference,nova scotia,final energy|water heating|oil,PJ,2030,1.0648114865503098
canoe,reference,nova scotia,final energy|water heating|oil,PJ,2035,0.07096585347748169
canoe,reference,ontario,final energy|all|all,PJ,2025,1019.6600000447894
canoe,reference,ontario,final energy|all|all,PJ,2030,1053.8778281032112
canoe,reference,ontario,final energy|all|all,PJ,2035,1069.0091627403992
canoe,reference,ontario,final energy|all|all,PJ,2040,1100.000862595065
canoe,reference,ontario,final energy|all|all,PJ,2045,1132.044805414611
canoe,reference,ontario,final energy|all|all,PJ,2050,1168.7696141882755
canoe,reference,ontario,final energy|aviation|jet fuel,PJ,2025,120.59089395959441
canoe,reference,ontario,final energy|aviation|jet fuel,PJ,2030,122.85621754199923
canoe,reference,ontario,final energy|aviation|jet fuel,PJ,2035,125.07858582218677
canoe,reference,ontario,final energy|aviation|jet fuel,PJ,2040,128.13641821389814
canoe,reference,ontario,final energy|aviation|jet fuel,PJ,2045,133.84283823771608
canoe,reference,ontario,final energy|aviation|jet fuel,PJ,2050,143.31835642031638
canoe,reference,ontario,final energy|bus|diesel,PJ,2025,5.190892957469154
canoe,reference,ontario,final energy|bus|diesel,PJ,2030,2.396819720929231
canoe,reference,ontario,final energy|bus|electricity,PJ,2025,0.6126284485228237
canoe,reference,ontario,final energy|bus|electricity,PJ,2030,1.1303650807275332
canoe,reference,ontario,final energy|bus|electricity,PJ,2035,3.095923583638602
canoe,reference,ontario,final energy|bus|electricity,PJ,2040,3.954778113937769
canoe,reference,ontario,final energy|bus|electricity,PJ,2045,3.034999741513969
canoe,reference,ontario,final energy|bus|electricity,PJ,2050,3.69889251081745
canoe,reference,ontario,final energy|bus|gasoline,PJ,2025,1.3548486021463453
canoe,reference,ontario,final energy|bus|gasoline,PJ,2030,1.4992816873550416
canoe,reference,ontario,final energy|bus|gasoline,PJ,2035,1.4749868829175392
canoe,reference,ontario,final energy|bus|gasoline,PJ,2040,1.5017869501224528
canoe,reference,ontario,final energy|bus|gasoline,PJ,2045,1.5186674273809424
canoe,reference,ontario,final energy|bus|gasoline,PJ,2050,1.538995993474519
canoe,reference,ontario,final energy|bus|hydrogen,PJ,2025,5.944789010047944
canoe,reference,ontario,final energy|bus|hydrogen,PJ,2030,6.59787662050495
canoe,reference,ontario,final energy|bus|hydrogen,PJ,2035,4.146977072542087
canoe,reference,ontario,final energy|bus|hydrogen,PJ,2040,2.7778269692360147
canoe,reference,ontario,final energy|bus|hydrogen,PJ,2045,4.683736712954578
canoe,reference,ontario,final energy|bus|hydrogen,PJ,2050,3.7392433477115086
canoe,reference,ontario,final energy|bus|natural gas,PJ,2025,0.2133357804362634
canoe,reference,ontario,final energy|bus|natural gas,PJ,2030,0.09248300356571329
canoe,reference,ontario,final energy|car|diesel,PJ,2025,1.2507297075511168
canoe,reference,ontario,final energy|car|diesel,PJ,2030,0.11844636844052313
canoe,reference,ontario,final energy|car|electricity,PJ,2025,0.42306959751222795
canoe,reference,ontario,final energy|car|electricity,PJ,2030,0.349745220008904
canoe,reference,ontario,final energy|car|electricity,PJ,2050,28.390864014738046
canoe,reference,ontario,final energy|car|gasoline,PJ,2025,210.56932342286152
canoe,reference,ontario,final energy|car|gasoline,PJ,2030,179.2655270678304
canoe,reference,ontario,final energy|car|gasoline,PJ,2035,149.75418578769035
canoe,reference,ontario,final energy|car|gasoline,PJ,2040,151.92781974837155
canoe,reference,ontario,final energy|car|gasoline,PJ,2045,153.73215676627726
canoe,reference,ontario,final energy|car|gasoline,PJ,2050,95.27687516244814
canoe,reference,ontario,final energy|clothes dryer|electricity,PJ,2025,7.894690278284727
canoe,reference,ontario,final energy|clothes dryer|electricity,PJ,2030,3.947343362869267
canoe,reference,ontario,final energy|clothes dryer|natural gas,PJ,2025,7.0922662216707355
canoe,reference,ontario,final energy|clothes dryer|natural gas,PJ,2030,11.371166683989655
canoe,reference,ontario,final energy|clothes dryer|natural gas,PJ,2035,16.099433569311774
canoe,reference,ontario,final energy|clothes dryer|natural gas,PJ,2040,16.764953991353316
canoe,reference,ontario,final energy|clothes dryer|natural gas,PJ,2045,17.504998939778723
canoe,reference,ontario,final energy|clothes dryer|natural gas,PJ,2050,18.234911414782033
canoe,reference,ontario,final energy|clothes washer|electricity,PJ,2025,0.3878426226228387
canoe,reference,ontario,final energy|clothes washer|electricity,PJ,2030,0.28144392645967115
canoe,reference,ontario,final energy|clothes washer|electricity,PJ,2035,0.22455813821685905
canoe,reference,ontario,final energy|clothes washer|electricity,PJ,2040,0.23329504271604493
canoe,reference,ontario,final energy|clothes washer|electricity,PJ,2045,0.24312214340723634
canoe,reference,ontario,final energy|clothes washer|electricity,PJ,2050,0.2532885427635554
canoe,reference,ontario,final energy|cooking|electricity,PJ,2025,7.5892391519366385
canoe,reference,ontario,final energy|cooking|electricity,PJ,2030,4.670300296115614
canoe,reference,ontario,final energy|cooking|electricity,PJ,2035,1.283939982568396
canoe,reference,ontario,final energy|cooking|natural gas,PJ,2025,9.42467760008748
canoe,reference,ontario,final energy|cooking|natural gas,PJ,2030,15.541103345570905
canoe,reference,ontario,final energy|cooking|natural gas,PJ,2035,23.104636522573617
canoe,reference,ontario,final energy|cooking|natural gas,PJ,2040,26.749505177684345
canoe,reference,ontario,final energy|cooking|natural gas,PJ,2045,27.910138420478418
canoe,reference,ontario,final energy|cooking|natural gas,PJ,2050,29.075687746141767
canoe,reference,ontario,final energy|dish washer|electricity,PJ,2025,0.684461877762441
canoe,reference,ontario,final energy|dish washer|electricity,PJ,2030,0.6561802371456847
canoe,reference,ontario,final energy|dish washer|electricity,PJ,2035,0.6346088454430939
canoe,reference,ontario,final energy|dish washer|electricity,PJ,2040,0.663130426482885
canoe,reference,ontario,final energy|dish washer|electricity,PJ,2045,0.6923806934434993
canoe,reference,ontario,final energy|dish washer|electricity,PJ,2050,0.7211717835019101
canoe,reference,ontario,final energy|freezer|electricity,PJ,2025,2.5199279529491774
canoe,reference,ontario,final energy|freezer|electricity,PJ,2030,2.3227390559244654
canoe,reference,ontario,final energy|freezer|electricity,PJ,2035,2.1651119251151245
canoe,reference,ontario,final energy|freezer|electricity,PJ,2040,1.946312917830164
canoe,reference,ontario,final energy|freezer|electricity,PJ,2045,1.998682437057968
canoe,reference,ontario,final energy|freezer|electricity,PJ,2050,2.082397155874341
canoe,reference,ontario,final energy|freight rail|diesel,PJ,2025,5.016065833943885
canoe,reference,ontario,final energy|freight rail|diesel,PJ,2030,5.01606910737543
canoe,reference,ontario,final energy|freight rail|diesel,PJ,2035,5.01605231791154
canoe,reference,ontario,final energy|freight rail|natural gas,PJ,2025,16.891450785584503
canoe,reference,ontario,final energy|freight rail|natural gas,PJ,2030,19.286575009973923
canoe,reference,ontario,final energy|freight rail|natural gas,PJ,2035,21.03761233170985
canoe,reference,ontario,final energy|freight rail|natural gas,PJ,2040,27.283550821379475
canoe,reference,ontario,final energy|freight rail|natural gas,PJ,2045,28.902749283823976
canoe,reference,ontario,final energy|freight rail|natural gas,PJ,2050,30.68651088370477
canoe,reference,ontario,final energy|heavy trucking|diesel,PJ,2025,148.4179915489841
canoe,reference,ontario,final energy|heavy trucking|diesel,PJ,2030,124.44544574309265
canoe,reference,ontario,final energy|heavy trucking|diesel,PJ,2035,86.2565819868691
canoe,reference,ontario,final energy|heavy trucking|diesel,PJ,2040,36.32165991393379
canoe,reference,ontario,final energy|heavy trucking|diesel,PJ,2045,23.73425861745001
canoe,reference,ontario,final energy|heavy trucking|diesel,PJ,2050,21.462959037286783
canoe,reference,ontario,final energy|heavy trucking|electricity,PJ,2035,10.064527771617936
canoe,reference,ontario,final energy|heavy trucking|electricity,PJ,2040,22.301166288249032
canoe,reference,ontario,final energy|heavy trucking|electricity,PJ,2045,27.495559056567892
canoe,reference,ontario,final energy|heavy trucking|electricity,PJ,2050,35.272875567313385
canoe,reference,ontario,final energy|heavy trucking|hydrogen,PJ,2030,21.190670006734322
canoe,reference,ontario,final energy|heavy trucking|hydrogen,PJ,2035,24.325102528429113
canoe,reference,ontario,final energy|heavy trucking|hydrogen,PJ,2040,29.663618484286516
canoe,reference,ontario,final energy|heavy trucking|hydrogen,PJ,2045,31.899803526557136
canoe,reference,ontario,final energy|heavy trucking|hydrogen,PJ,2050,21.246704100302736
canoe,reference,ontario,final energy|light freight truck|diesel,PJ,2025,4.848800996464536
canoe,reference,ontario,final energy|light freight truck|diesel,PJ,2030,3.358129589381326
canoe,reference,ontario,final energy|light freight truck|diesel,PJ,2035,0.631564522464184
canoe,reference,ontario,final energy|light freight truck|gasoline,PJ,2025,82.92278272235569
canoe,reference,ontario,final energy|light freight truck|gasoline,PJ,2030,64.48899741695523
canoe,reference,ontario,final energy|light freight truck|gasoline,PJ,2035,36.17749153826746
canoe,reference,ontario,final energy|light freight truck|gasoline,PJ,2040,31.327104694900587
canoe,reference,ontario,final energy|light freight truck|gasoline,PJ,2045,38.95472736911985
canoe,reference,ontario,final energy|light freight truck|gasoline,PJ,2050,40.79227737201256
canoe,reference,ontario,final energy|lighting|electricity,PJ,2025,18.3372985303528
canoe,reference,ontario,final energy|lighting|electricity,PJ,2030,18.32821778955907
canoe,reference,ontario,final energy|lighting|electricity,PJ,2035,16.342689601758096
canoe,reference,ontario,final energy|lighting|electricity,PJ,2040,16.61289075177941
canoe,reference,ontario,final energy|lighting|electricity,PJ,2045,14.05497321774846
canoe,reference,ontario,final energy|lighting|electricity,PJ,2050,14.168297896753712
canoe,reference,ontario,final energy|marine freight|oil,PJ,2025,9.060958375337012
canoe,reference,ontario,final energy|marine freight|oil,PJ,2030,9.988661725820815
canoe,reference,ontario,final energy|marine freight|oil,PJ,2035,10.609845417299548
canoe,reference,ontario,final energy|marine freight|oil,PJ,2040,10.995778964854704
canoe,reference,ontario,final energy|marine freight|oil,PJ,2045,10.794227406351654
canoe,reference,ontario,final energy|marine freight|oil,PJ,2050,11.101044737528541
canoe,reference,ontario,final energy|medium duty trucking|electricity,PJ,2030,3.757141351172943
canoe,reference,ontario,final energy|medium duty trucking|electricity,PJ,2035,9.169013447373326
canoe,reference,ontario,final energy|medium duty trucking|electricity,PJ,2040,15.5216139333375
canoe,reference,ontario,final energy|medium duty trucking|electricity,PJ,2045,19.26192499247415
canoe,reference,ontario,final energy|medium duty trucking|electricity,PJ,2050,20.428150726198524
canoe,reference,ontario,final energy|medium duty trucking|gasoline,PJ,2025,20.708883694772243
canoe,reference,ontario,final energy|medium duty trucking|gasoline,PJ,2030,15.083122602808174
canoe,reference,ontario,final energy|medium duty trucking|gasoline,PJ,2035,6.649692188913705
canoe,reference,ontario,final energy|medium duty trucking|generic,PJ,2025,24.649511589531567
canoe,reference,ontario,final energy|medium duty trucking|generic,PJ,2030,19.214378745351166
canoe,reference,ontario,final energy|medium duty trucking|generic,PJ,2035,8.656032947475238
canoe,reference,ontario,final energy|medium duty trucking|hydrogen,PJ,2025,12.04652041797259
canoe,reference,ontario,final energy|medium duty trucking|hydrogen,PJ,2030,12.045788166454349
canoe,reference,ontario,final energy|medium duty trucking|hydrogen,PJ,2035,11.383717368655077
canoe,reference,ontario,final energy|medium duty trucking|hydrogen,PJ,2040,7.415026651232841
canoe,reference,ontario,final energy|medium duty trucking|hydrogen,PJ,2045,1.2793468885585293
canoe,reference,ontario,final energy|medium duty trucking|hydrogen,PJ,2050,0.4046282783403048
canoe,reference,ontario,final energy|motorcycle|electricity,PJ,2025,0.17273007110925231
canoe,reference,ontario,final energy|motorcycle|electricity,PJ,2030,0.4868716271223318
canoe,reference,ontario,final energy|motorcycle|electricity,PJ,2035,0.7238399283123009
canoe,reference,ontario,final energy|motorcycle|electricity,PJ,2040,0.8521070002265851
canoe,reference,ontario,final energy|motorcycle|electricity,PJ,2045,0.9054068915891399
canoe,reference,ontario,final energy|motorcycle|electricity,PJ,2050,0.9661708893252791
canoe,reference,ontario,final energy|motorcycle|gasoline,PJ,2025,1.543104620845454
canoe,reference,ontario,final energy|motorcycle|gasoline,PJ,2030,0.7972534284673403
canoe,reference,ontario,final energy|motorcycle|gasoline,PJ,2035,0.23037825974571
canoe,reference,ontario,final energy|offroad|offroad,PJ,2025,50.400877397
canoe,reference,ontario,final energy|offroad|offroad,PJ,2030,56.101838994
canoe,reference,ontario,final energy|offroad|offroad,PJ,2035,60.430672112
canoe,reference,ontario,final energy|offroad|offroad,PJ,2040,64.784277971
canoe,reference,ontario,final energy|offroad|offroad,PJ,2045,69.073896742
canoe,reference,ontario,final energy|offroad|offroad,PJ,2050,73.964040159
canoe,reference,ontario,final energy|other electrical|electricity,PJ,2025,28.94052031150664
canoe,reference,ontario,final energy|other electrical|electricity,PJ,2030,29.520414790763077
canoe,reference,ontario,final energy|other electrical|electricity,PJ,2035,30.761542311060023
canoe,reference,ontario,final energy|other electrical|electricity,PJ,2040,32.049882751437416
canoe,reference,ontario,final energy|other electrical|electricity,PJ,2045,33.40582350920275
canoe,reference,ontario,final energy|other electrical|electricity,PJ,2050,34.80502489335999
canoe,reference,ontario,final energy|other end-use|other,PJ,2025,165.26267538303867
canoe,reference,ontario,final energy|other end-use|other,PJ,2030,182.60662397327408
canoe,reference,ontario,final energy|other end-use|other,PJ,2035,195.592117472778
canoe,reference,ontario,final energy|other end-use|other,PJ,2040,203.24570191821127
canoe,reference,ontario,final energy|other end-use|other,PJ,2045,211.8751301484977
canoe,reference,ontario,final energy|other end-use|other,PJ,2050,224.83361142301095
canoe,reference,ontario,final energy|passenger rail|diesel,PJ,2025,0.6263184938235623
canoe,reference,ontario,final energy|passenger rail|diesel,PJ,2030,0.6820616246065342
canoe,reference,ontario,final energy|passenger rail|diesel,PJ,2035,0.6763552836419137
canoe,reference,ontario,final energy|passenger rail|diesel,PJ,2040,0.6785317809304909
canoe,reference,ontario,final energy|passenger rail|diesel,PJ,2045,0.677192839605063
canoe,reference,ontario,final energy|passenger rail|diesel,PJ,2050,0.7056615109925892
canoe,reference,ontario,final energy|passenger truck|diesel,PJ,2025,7.523325394470214
canoe,reference,ontario,final energy|passenger truck|diesel,PJ,2030,3.9251802979998205
canoe,reference,ontario,final energy|passenger truck|diesel,PJ,2035,0.6678263865483134
canoe,reference,ontario,final energy|passenger truck|electricity,PJ,2025,0.06458490356435025
canoe,reference,ontario,final energy|passenger truck|electricity,PJ,2030,0.06982558038435772
canoe,reference,ontario,final energy|passenger truck|electricity,PJ,2035,0.013963443038135704
canoe,reference,ontario,final energy|passenger truck|gasoline,PJ,2025,261.3145545948693
canoe,reference,ontario,final energy|passenger truck|gasoline,PJ,2030,193.91289171418177
canoe,reference,ontario,final energy|passenger truck|gasoline,PJ,2035,142.29155186899092
canoe,reference,ontario,final energy|passenger truck|gasoline,PJ,2040,158.44609297903898
canoe,reference,ontario,final energy|passenger truck|gasoline,PJ,2045,182.1332194450027
canoe,reference,ontario,final energy|passenger truck|gasoline,PJ,2050,189.3361868109739
canoe,reference,ontario,final energy|refrigerator|electricity,PJ,2025,7.230183631854986
canoe,reference,ontario,final energy|refrigerator|electricity,PJ,2030,5.759694819704021
canoe,reference,ontario,final energy|refrigerator|electricity,PJ,2035,5.789457562855926
canoe,reference,ontario,final energy|refrigerator|electricity,PJ,2040,6.0319289003023036
canoe,reference,ontario,final energy|refrigerator|electricity,PJ,2045,6.287122914810694
canoe,reference,ontario,final energy|refrigerator|electricity,PJ,2050,6.550458769481255
canoe,reference,ontario,final energy|space cooling|electricity,PJ,2025,34.81215256643839
canoe,reference,ontario,final energy|space cooling|electricity,PJ,2030,23.416045199973635
canoe,reference,ontario,final energy|space cooling|electricity,PJ,2035,12.488092287966392
canoe,reference,ontario,final energy|space cooling|electricity,PJ,2040,0.6234878569058036
canoe,reference,ontario,final energy|space heating|electricity,PJ,2025,43.868240158490146
canoe,reference,ontario,final energy|space heating|electricity,PJ,2030,57.72510306679262
canoe,reference,ontario,final energy|space heating|electricity,PJ,2035,70.31364076418824
canoe,reference,ontario,final energy|space heating|electricity,PJ,2040,82.39095173484819
canoe,reference,ontario,final energy|space heating|electricity,PJ,2045,79.66644165193244
canoe,reference,ontario,final energy|space heating|electricity,PJ,2050,83.98685754772615
canoe,reference,ontario,final energy|space heating|natural gas,PJ,2025,578.8443697230682
canoe,reference,ontario,final energy|space heating|natural gas,PJ,2030,580.4098251950693
canoe,reference,ontario,final energy|space heating|natural gas,PJ,2035,588.6936602783677
canoe,reference,ontario,final energy|space heating|natural gas,PJ,2040,588.3326605254153
canoe,reference,ontario,final energy|space heating|natural gas,PJ,2045,621.5340555651312
canoe,reference,ontario,final energy|space heating|natural gas,PJ,2050,652.8654576704436
canoe,reference,ontario,final energy|space heating|oil,PJ,2025,3.4875030652260763
canoe,reference,ontario,final energy|space heating|oil,PJ,2030,2.5697243976285535
canoe,reference,ontario,final energy|space heating|oil,PJ,2035,1.6519661280835836
canoe,reference,ontario,final energy|space heating|oil,PJ,2040,0.6607738580980703
canoe,reference,ontario,final energy|space heating|other,PJ,2025,7.462241094215678
canoe,reference,ontario,final energy|space heating|other,PJ,2030,5.26746468866507
canoe,reference,ontario,final energy|space heating|other,PJ,2035,3.0726886086936185
canoe,reference,ontario,final energy|space heating|other,PJ,2040,0.35116626665341266
canoe,reference,ontario,final energy|space heating|wood,PJ,2025,15.297944863102229
canoe,reference,ontario,final energy|space heating|wood,PJ,2030,12.213110069335839
canoe,reference,ontario,final energy|space heating|wood,PJ,2035,6.791713580960478
canoe,reference,ontario,final energy|space heating|wood,PJ,2040,1.2332826734165228
canoe,reference,ontario,final energy|water heating|electricity,PJ,2025,6.250446657980859
canoe,reference,ontario,final energy|water heating|electricity,PJ,2030,3.2402397872521496
canoe,reference,ontario,final energy|water heating|electricity,PJ,2035,13.379753970076534
canoe,reference,ontario,final energy|water heating|electricity,PJ,2040,24.61066286191904
canoe,reference,ontario,final energy|water heating|electricity,PJ,2045,30.570327797394956
canoe,reference,ontario,final energy|water heating|electricity,PJ,2050,31.85540322742154
canoe,reference,ontario,final energy|water heating|lpg,PJ,2025,0.16154718066803356
canoe,reference,ontario,final energy|water heating|lpg,PJ,2030,0.07677139852306017
canoe,reference,ontario,final energy|water heating|natural gas,PJ,2025,93.20790090448831
canoe,reference,ontario,final energy|water heating|natural gas,PJ,2030,92.4156177469142
canoe,reference,ontario,final energy|water heating|natural gas,PJ,2035,51.68882904551608
canoe,reference,ontario,final energy|water heating|natural gas,PJ,2040,16.389098169250907
canoe,reference,ontario,final energy|water heating|natural gas,PJ,2045,0.03764717959047317
canoe,reference,ontario,final energy|water heating|natural gas,PJ,2050,0.02211175271921317
canoe,reference,ontario,final energy|water heating|oil,PJ,2025,0.24452804662123437
canoe,reference,ontario,final energy|water heating|oil,PJ,2030,0.1333751471090922
canoe,reference,prince edward island,final energy|all|all,PJ,2025,8.706975915450194
canoe,reference,prince edward island,final energy|all|all,PJ,2030,9.55896803157911
canoe,reference,prince edward island,final energy|all|all,PJ,2035,9.968051915627813
canoe,reference,prince edward island,final energy|all|all,PJ,2040,10.392118427178643
canoe,reference,prince edward island,final energy|all|all,PJ,2045,11.021060140999998
canoe,reference,prince edward island,final energy|all|all,PJ,2050,11.851314244395008
canoe,reference,prince edward island,final energy|aviation|jet fuel,PJ,2025,16.78022988362001
canoe,reference,prince edward island,final energy|aviation|jet fuel,PJ,2030,15.803270233436265
canoe,reference,prince edward island,final energy|aviation|jet fuel,PJ,2035,15.12581021287894
canoe,reference,prince edward island,final energy|aviation|jet fuel,PJ,2040,14.529437974385978
canoe,reference,prince edward island,final energy|aviation|jet fuel,PJ,2045,14.254875488608853
canoe,reference,prince edward island,final energy|aviation|jet fuel,PJ,2050,14.287650203389349
canoe,reference,prince edward island,final energy|bus|diesel,PJ,2025,0.3079302582553739
canoe,reference,prince edward island,final energy|bus|diesel,PJ,2030,0.14062863823752672
canoe,reference,prince edward island,final energy|bus|electricity,PJ,2025,0.2110900108285252
canoe,reference,prince edward island,final energy|bus|electricity,PJ,2030,0.2173445605948874
canoe,reference,prince edward island,final energy|bus|electricity,PJ,2035,0.2594088818263663
canoe,reference,prince edward island,final energy|bus|electricity,PJ,2040,0.1812424412876216
canoe,reference,prince edward island,final energy|bus|electricity,PJ,2045,0.13561697767464723
canoe,reference,prince edward island,final energy|bus|electricity,PJ,2050,0.1659901642460888
canoe,reference,prince edward island,final energy|bus|gasoline,PJ,2025,0.08294957750551893
canoe,reference,prince edward island,final energy|bus|gasoline,PJ,2030,0.08164852646087248
canoe,reference,prince edward island,final energy|bus|gasoline,PJ,2035,0.07552918701579361
canoe,reference,prince edward island,final energy|bus|gasoline,PJ,2040,0.07219236612161913
canoe,reference,prince edward island,final energy|bus|gasoline,PJ,2045,0.06871342671591919
canoe,reference,prince edward island,final energy|bus|gasoline,PJ,2050,0.06534048521574072
canoe,reference,prince edward island,final energy|bus|hydrogen,PJ,2025,0.12088911801950772
canoe,reference,prince edward island,final energy|bus|hydrogen,PJ,2030,0.13459710705390535
canoe,reference,prince edward island,final energy|bus|hydrogen,PJ,2035,0.08448728487724391
canoe,reference,prince edward island,final energy|bus|hydrogen,PJ,2040,0.20370419749427265
canoe,reference,prince edward island,final energy|bus|hydrogen,PJ,2045,0.2660674928845929
canoe,reference,prince edward island,final energy|bus|hydrogen,PJ,2050,0.19313286591557205
canoe,reference,prince edward island,final energy|bus|natural gas,PJ,2025,0.0104104848769679
canoe,reference,prince edward island,final energy|car|diesel,PJ,2025,0.06249944804626768
canoe,reference,prince edward island,final energy|car|electricity,PJ,2025,0.02118467211352927
canoe,reference,prince edward island,final energy|car|electricity,PJ,2030,0.01752448255705918
canoe,reference,prince edward island,final energy|car|electricity,PJ,2035,0.013249840334144367
canoe,reference,prince edward island,final energy|car|electricity,PJ,2040,0.42826307191274854
canoe,reference,prince edward island,final energy|car|electricity,PJ,2045,0.5972363072529278
canoe,reference,prince edward island,final energy|car|electricity,PJ,2050,3.7441715207909256
canoe,reference,prince edward island,final energy|car|gasoline,PJ,2025,19.603721403650486
canoe,reference,prince edward island,final energy|car|gasoline,PJ,2030,17.49587446727973
canoe,reference,prince edward island,final energy|car|gasoline,PJ,2035,18.977951992464295
canoe,reference,prince edward island,final energy|car|gasoline,PJ,2040,17.04287004043179
canoe,reference,prince edward island,final energy|car|gasoline,PJ,2045,14.11918320287361
canoe,reference,prince edward island,final energy|car|gasoline,PJ,2050,6.550909372262592
canoe,reference,prince edward island,final energy|car|hydrogen,PJ,2045,1.374397230885345
canoe,reference,prince edward island,final energy|car|hydrogen,PJ,2050,1.3739207280382517
canoe,reference,prince edward island,final energy|clothes dryer|electricity,PJ,2025,0.023219119260539642
canoe,reference,prince edward island,final energy|clothes dryer|natural gas,PJ,2025,0.011134711632733706
canoe,reference,prince edward island,final energy|clothes dryer|natural gas,PJ,2030,0.067877847553159
canoe,reference,prince edward island,final energy|clothes dryer|natural gas,PJ,2035,0.13879056534207393
canoe,reference,prince edward island,final energy|clothes dryer|natural gas,PJ,2040,0.07824566671617122
canoe,reference,prince edward island,final energy|clothes dryer|natural gas,PJ,2045,0.06820916682484987
canoe,reference,prince edward island,final energy|clothes dryer|natural gas,PJ,2050,0.12800728806713235
canoe,reference,prince edward island,final energy|cooking|electricity,PJ,2025,0.05536073727471002
canoe,reference,prince edward island,final energy|cooking|electricity,PJ,2030,0.015972890753727566
canoe,reference,prince edward island,final energy|cooking|natural gas,PJ,2030,0.03420179953739626
canoe,reference,prince edward island,final energy|cooking|natural gas,PJ,2035,0.1908824467591795
canoe,reference,prince edward island,final energy|cooking|natural gas,PJ,2040,0.15678041024868286
canoe,reference,prince edward island,final energy|cooking|natural gas,PJ,2045,0.17039729170256104
canoe,reference,prince edward island,final energy|cooking|natural gas,PJ,2050,0.21962345508149275
canoe,reference,prince edward island,final energy|freight rail|diesel,PJ,2025,3.0735784669168638
canoe,reference,prince edward island,final energy|freight rail|diesel,PJ,2030,3.073568884162861
canoe,reference,prince edward island,final energy|freight rail|diesel,PJ,2035,3.0734037567567745
canoe,reference,prince edward island,final energy|freight rail|natural gas,PJ,2025,13.296225156983489
canoe,reference,prince edward island,final energy|freight rail|natural gas,PJ,2030,13.296225777995963
canoe,reference,prince edward island,final energy|freight rail|natural gas,PJ,2035,13.29622517150971
canoe,reference,prince edward island,final energy|freight rail|natural gas,PJ,2040,16.082034099091125
canoe,reference,prince edward island,final energy|freight rail|natural gas,PJ,2045,16.081977709955275
canoe,reference,prince edward island,final energy|freight rail|natural gas,PJ,2050,16.082005379441366
canoe,reference,prince edward island,final energy|heavy trucking|diesel,PJ,2025,22.457545537467503
canoe,reference,prince edward island,final energy|heavy trucking|diesel,PJ,2030,19.87574110651447
canoe,reference,prince edward island,final energy|heavy trucking|diesel,PJ,2035,15.765238576231974
canoe,reference,prince edward island,final energy|heavy trucking|diesel,PJ,2040,9.826875342473452
canoe,reference,prince edward island,final energy|heavy trucking|diesel,PJ,2045,6.580060653791832
canoe,reference,prince edward island,final energy|heavy trucking|diesel,PJ,2050,5.449139522483993
canoe,reference,prince edward island,final energy|heavy trucking|electricity,PJ,2035,0.4701652167251789
canoe,reference,prince edward island,final energy|heavy trucking|electricity,PJ,2040,0.5797340797623638
canoe,reference,prince edward island,final energy|heavy trucking|electricity,PJ,2045,0.7148443601890118
canoe,reference,prince edward island,final energy|heavy trucking|electricity,PJ,2050,0.7734448427615556
canoe,reference,prince edward island,final energy|heavy trucking|hydrogen,PJ,2030,0.3639273249880169
canoe,reference,prince edward island,final energy|heavy trucking|hydrogen,PJ,2035,0.8123223374322862
canoe,reference,prince edward island,final energy|heavy trucking|hydrogen,PJ,2040,3.1598243978188685
canoe,reference,prince edward island,final energy|heavy trucking|hydrogen,PJ,2045,5.071179751588001
canoe,reference,prince edward island,final energy|heavy trucking|hydrogen,PJ,2050,5.4536980149036065
canoe,reference,prince edward island,final energy|light freight truck|diesel,PJ,2025,0.30032083304608204
canoe,reference,prince edward island,final energy|light freight truck|diesel,PJ,2030,0.20979894369349575
canoe,reference,prince edward island,final energy|light freight truck|diesel,PJ,2035,0.03662988622893238
canoe,reference,prince edward island,final energy|light freight truck|gasoline,PJ,2025,5.581130880531999
canoe,reference,prince edward island,final energy|light freight truck|gasoline,PJ,2030,4.205855914407593
canoe,reference,prince edward island,final energy|light freight truck|gasoline,PJ,2035,2.29253868246405
canoe,reference,prince edward island,final energy|light freight truck|gasoline,PJ,2040,1.8658808750186384
canoe,reference,prince edward island,final energy|light freight truck|gasoline,PJ,2045,1.7874338784125656
canoe,reference,prince edward island,final energy|light freight truck|gasoline,PJ,2050,2.119772769205109
canoe,reference,prince edward island,final energy|lighting|electricity,PJ,2025,0.09317325944376013
canoe,reference,prince edward island,final energy|lighting|electricity,PJ,2030,0.09650906770629708
canoe,reference,prince edward island,final energy|lighting|electricity,PJ,2035,0.08492544634054944
canoe,reference,prince edward island,final energy|lighting|electricity,PJ,2040,0.08772631590288828
canoe,reference,prince edward island,final energy|lighting|electricity,PJ,2045,0.0751892739034436
canoe,reference,prince edward island,final energy|lighting|electricity,PJ,2050,0.07526917218133672
canoe,reference,prince edward island,final energy|marine freight|oil,PJ,2025,16.8800784240259
canoe,reference,prince edward island,final energy|marine freight|oil,PJ,2030,16.880076700182887
canoe,reference,prince edward island,final energy|marine freight|oil,PJ,2035,16.80248946117757
canoe,reference,prince edward island,final energy|marine freight|oil,PJ,2040,16.411700973622075
canoe,reference,prince edward island,final energy|marine freight|oil,PJ,2045,15.185538713013614
canoe,reference,prince edward island,final energy|marine freight|oil,PJ,2050,14.661318149451631
canoe,reference,prince edward island,final energy|medium duty trucking|electricity,PJ,2030,0.7825845213835334
canoe,reference,prince edward island,final energy|medium duty trucking|electricity,PJ,2035,2.3648464060780086
canoe,reference,prince edward island,final energy|medium duty trucking|electricity,PJ,2040,4.788471880804354
canoe,reference,prince edward island,final energy|medium duty trucking|electricity,PJ,2045,6.466857343409938
canoe,reference,prince edward island,final energy|medium duty trucking|electricity,PJ,2050,6.431739237934417
canoe,reference,prince edward island,final energy|medium duty trucking|gasoline,PJ,2025,7.902444023033848
canoe,reference,prince edward island,final energy|medium duty trucking|gasoline,PJ,2030,5.755674581626119
canoe,reference,prince edward island,final energy|medium duty trucking|gasoline,PJ,2035,2.537503457944908
canoe,reference,prince edward island,final energy|medium duty trucking|generic,PJ,2025,9.90053676752562
canoe,reference,prince edward island,final energy|medium duty trucking|generic,PJ,2030,7.332147470730657
canoe,reference,prince edward island,final energy|medium duty trucking|generic,PJ,2035,3.3031164093396157
canoe,reference,prince edward island,final energy|medium duty trucking|hydrogen,PJ,2025,7.560089285661904
canoe,reference,prince edward island,final energy|medium duty trucking|hydrogen,PJ,2030,7.185571433137298
canoe,reference,prince edward island,final energy|medium duty trucking|hydrogen,PJ,2035,6.790727582733328
canoe,reference,prince edward island,final energy|medium duty trucking|hydrogen,PJ,2040,4.304087485771301
canoe,reference,prince edward island,final energy|medium duty trucking|hydrogen,PJ,2045,0.587875524384593
canoe,reference,prince edward island,final energy|medium duty trucking|hydrogen,PJ,2050,0.2335792511649605
canoe,reference,prince edward island,final energy|motorcycle|electricity,PJ,2025,0.01564363005317504
canoe,reference,prince edward island,final energy|motorcycle|electricity,PJ,2030,0.02833793787420626
canoe,reference,prince edward island,final energy|motorcycle|electricity,PJ,2035,0.03790807321665476
canoe,reference,prince edward island,final energy|motorcycle|electricity,PJ,2040,0.04180865280360186
canoe,reference,prince edward island,final energy|motorcycle|electricity,PJ,2045,0.0418743396837498
canoe,reference,prince edward island,final energy|motorcycle|electricity,PJ,2050,0.04198779203664506
canoe,reference,prince edward island,final energy|motorcycle|gasoline,PJ,2025,0.07951929191580275
canoe,reference,prince edward island,final energy|motorcycle|gasoline,PJ,2030,0.04108193205367528
canoe,reference,prince edward island,final energy|motorcycle|gasoline,PJ,2035,0.011023528985563186
canoe,reference,prince edward island,final energy|offroad|offroad,PJ,2025,0.750269058796395
canoe,reference,prince edward island,final energy|offroad|offroad,PJ,2030,0.783254879463441
canoe,reference,prince edward island,final energy|offroad|offroad,PJ,2035,0.810678790210878
canoe,reference,prince edward island,final energy|offroad|offroad,PJ,2040,0.832281433905796
canoe,reference,prince edward island,final energy|offroad|offroad,PJ,2045,0.849605371837727
canoe,reference,prince edward island,final energy|offroad|offroad,PJ,2050,0.865559200756017
canoe,reference,prince edward island,final energy|other electrical|electricity,PJ,2025,0.21146745248032597
canoe,reference,prince edward island,final energy|other electrical|electricity,PJ,2030,0.2262352598489878
canoe,reference,prince edward island,final energy|other electrical|electricity,PJ,2035,0.23720495701580518
canoe,reference,prince edward island,final energy|other electrical|electricity,PJ,2040,0.24734897805178693
canoe,reference,prince edward island,final energy|other electrical|electricity,PJ,2045,0.2576109528207452
canoe,reference,prince edward island,final energy|other electrical|electricity,PJ,2050,0.26824448184857946
canoe,reference,prince edward island,final energy|other end-use|other,PJ,2025,1.9861970948733016
canoe,reference,prince edward island,final energy|other end-use|other,PJ,2030,2.194644042883276
canoe,reference,prince edward island,final energy|other end-use|other,PJ,2035,2.3507092245973675
canoe,reference,prince edward island,final energy|other end-use|other,PJ,2040,2.4426932564161286
canoe,reference,prince edward island,final energy|other end-use|other,PJ,2045,2.5464053937253355
canoe,reference,prince edward island,final energy|other end-use|other,PJ,2050,2.7021459310351283
canoe,reference,prince edward island,final energy|passenger rail|diesel,PJ,2025,0.45163435429854276
canoe,reference,prince edward island,final energy|passenger rail|diesel,PJ,2030,0.45162449324234893
canoe,reference,prince edward island,final energy|passenger rail|diesel,PJ,2035,0.4224791525776837
canoe,reference,prince edward island,final energy|passenger rail|diesel,PJ,2040,0.3982642295052718
canoe,reference,prince edward island,final energy|passenger rail|diesel,PJ,2045,0.37251467161199536
canoe,reference,prince edward island,final energy|passenger rail|diesel,PJ,2050,0.3618207987445661
canoe,reference,prince edward island,final energy|passenger truck|diesel,PJ,2025,0.7341389978608209
canoe,reference,prince edward island,final energy|passenger truck|diesel,PJ,2030,0.3830269349383896
canoe,reference,prince edward island,final energy|passenger truck|diesel,PJ,2035,0.06516721950485714
canoe,reference,prince edward island,final energy|passenger truck|gasoline,PJ,2025,26.96588398715234
canoe,reference,prince edward island,final energy|passenger truck|gasoline,PJ,2030,19.949710459560936
canoe,reference,prince edward island,final energy|passenger truck|gasoline,PJ,2035,13.189974278427785
canoe,reference,prince edward island,final energy|passenger truck|gasoline,PJ,2040,14.52097539083131
canoe,reference,prince edward island,final energy|passenger truck|gasoline,PJ,2045,15.594987591193195
canoe,reference,prince edward island,final energy|passenger truck|gasoline,PJ,2050,18.3528455127533
canoe,reference,prince edward island,final energy|refrigerator|electricity,PJ,2030,0.01794376478736699
canoe,reference,prince edward island,final energy|refrigerator|electricity,PJ,2035,0.010625034400627507
canoe,reference,prince edward island,final energy|refrigerator|electricity,PJ,2040,0.012691175742181432
canoe,reference,prince edward island,final energy|refrigerator|electricity,PJ,2045,0.015365845350836327
canoe,reference,prince edward island,final energy|refrigerator|electricity,PJ,2050,0.017045240916074025
canoe,reference,prince edward island,final energy|space cooling|electricity,PJ,2025,0.2857525279394429
canoe,reference,prince edward island,final energy|space cooling|electricity,PJ,2030,0.2824119207714412
canoe,reference,prince edward island,final energy|space cooling|electricity,PJ,2035,0.1255001904269054
canoe,reference,prince edward island,final energy|space heating|electricity,PJ,2025,0.6744172588295018
canoe,reference,prince edward island,final energy|space heating|electricity,PJ,2030,0.6923029432944623
canoe,reference,prince edward island,final energy|space heating|electricity,PJ,2035,0.7842352234641488
canoe,reference,prince edward island,final energy|space heating|electricity,PJ,2040,0.8781457185847388
canoe,reference,prince edward island,final energy|space heating|electricity,PJ,2045,0.8811607641976745
canoe,reference,prince edward island,final energy|space heating|electricity,PJ,2050,0.9372484620136129
canoe,reference,prince edward island,final energy|space heating|oil,PJ,2025,1.3827152088688688
canoe,reference,prince edward island,final energy|space heating|oil,PJ,2030,0.9062217978400694
canoe,reference,prince edward island,final energy|space heating|oil,PJ,2035,0.5825592919319484
canoe,reference,prince edward island,final energy|space heating|oil,PJ,2040,0.2329891003851692
canoe,reference,prince edward island,final energy|space heating|wood,PJ,2025,1.9267728887565543
canoe,reference,prince edward island,final energy|space heating|wood,PJ,2030,2.7404877924583655
canoe,reference,prince edward island,final energy|space heating|wood,PJ,2035,3.5037623113425282
canoe,reference,prince edward island,final energy|space heating|wood,PJ,2040,4.144905387537746
canoe,reference,prince edward island,final energy|space heating|wood,PJ,2045,4.62776666987171
canoe,reference,prince edward island,final energy|space heating|wood,PJ,2050,4.818778434374276
canoe,reference,prince edward island,final energy|water heating|electricity,PJ,2025,0.40331984374818325
canoe,reference,prince edward island,final energy|water heating|electricity,PJ,2030,0.25121078014066567
canoe,reference,prince edward island,final energy|water heating|electricity,PJ,2035,0.27216131019419093
canoe,reference,prince edward island,final energy|water heating|electricity,PJ,2040,0.28574891981450684
canoe,reference,prince edward island,final energy|water heating|electricity,PJ,2045,0.29755952425141907
canoe,reference,prince edward island,final energy|water heating|electricity,PJ,2050,0.30981745328165744
canoe,reference,prince edward island,final energy|water heating|oil,PJ,2025,0.3840648772413618
canoe,reference,prince edward island,final energy|water heating|oil,PJ,2030,0.20948880230860759
canoe,reference,prince edward island,final energy|water heating|oil,PJ,2035,0.012812953847561507
canoe,reference,quebec,final energy|all|all,PJ,2025,771.2700000796098
canoe,reference,quebec,final energy|all|all,PJ,2030,791.678823390341
canoe,reference,quebec,final energy|all|all,PJ,2035,816.5426900484953
canoe,reference,quebec,final energy|all|all,PJ,2040,835.8460838518891
canoe,reference,quebec,final energy|all|all,PJ,2045,853.6229055398694
canoe,reference,quebec,final energy|all|all,PJ,2050,876.0732663414383
canoe,reference,quebec,final energy|aviation|jet fuel,PJ,2025,110.6667102859044
canoe,reference,quebec,final energy|aviation|jet fuel,PJ,2030,116.34426816133977
canoe,reference,quebec,final energy|aviation|jet fuel,PJ,2035,115.85556554072072
canoe,reference,quebec,final energy|aviation|jet fuel,PJ,2040,115.29571529609537
canoe,reference,quebec,final energy|aviation|jet fuel,PJ,2045,121.19724087328233
canoe,reference,quebec,final energy|aviation|jet fuel,PJ,2050,129.77750384706337
canoe,reference,quebec,final energy|bus|diesel,PJ,2025,1.8859380883708934
canoe,reference,quebec,final energy|bus|diesel,PJ,2030,0.8531292833283648
canoe,reference,quebec,final energy|bus|electricity,PJ,2025,1.0919019239210137
canoe,reference,quebec,final energy|bus|electricity,PJ,2030,1.2488052455294345
canoe,reference,quebec,final energy|bus|electricity,PJ,2035,2.2309487857909818
canoe,reference,quebec,final energy|bus|electricity,PJ,2040,1.9729394592103526
canoe,reference,quebec,final energy|bus|electricity,PJ,2045,1.41709635366034
canoe,reference,quebec,final energy|bus|electricity,PJ,2050,2.0719480436400732
canoe,reference,quebec,final energy|bus|gasoline,PJ,2025,0.7192030123487694
canoe,reference,quebec,final energy|bus|gasoline,PJ,2030,0.7845197518545948
canoe,reference,quebec,final energy|bus|gasoline,PJ,2035,0.7823215094375287
canoe,reference,quebec,final energy|bus|gasoline,PJ,2040,0.7965268382887959
canoe,reference,quebec,final energy|bus|gasoline,PJ,2045,0.8054439803683927
canoe,reference,quebec,final energy|bus|gasoline,PJ,2050,0.8162352065416089
canoe,reference,quebec,final energy|bus|hydrogen,PJ,2025,3.2675262965424676
canoe,reference,quebec,final energy|bus|hydrogen,PJ,2030,3.5771373683626075
canoe,reference,quebec,final energy|bus|hydrogen,PJ,2035,2.2305448991623837
canoe,reference,quebec,final energy|bus|hydrogen,PJ,2040,2.839792000571023
canoe,reference,quebec,final energy|bus|hydrogen,PJ,2045,4.005357517076705
canoe,reference,quebec,final energy|bus|hydrogen,PJ,2050,2.97781294224019
canoe,reference,quebec,final energy|bus|natural gas,PJ,2025,0.2652507799656899
canoe,reference,quebec,final energy|bus|natural gas,PJ,2030,0.11546426040349685
canoe,reference,quebec,final energy|car|diesel,PJ,2025,0.5444048853984009
canoe,reference,quebec,final energy|car|diesel,PJ,2030,0.05156590762687373
canoe,reference,quebec,final energy|car|electricity,PJ,2025,0.18417871282247542
canoe,reference,quebec,final energy|car|electricity,PJ,2030,0.15226439765090882
canoe,reference,quebec,final energy|car|electricity,PJ,2035,0.026126140577052218
canoe,reference,quebec,final energy|car|electricity,PJ,2040,20.197384802035195
canoe,reference,quebec,final energy|car|electricity,PJ,2045,29.926140213795584
canoe,reference,quebec,final energy|car|electricity,PJ,2050,41.857142299884366
canoe,reference,quebec,final energy|car|gasoline,PJ,2025,112.82439802180627
canoe,reference,quebec,final energy|car|gasoline,PJ,2030,99.5346733691885
canoe,reference,quebec,final energy|car|gasoline,PJ,2035,87.55510556390061
canoe,reference,quebec,final energy|car|gasoline,PJ,2040,43.89825525745047
canoe,reference,quebec,final energy|car|gasoline,PJ,2045,24.325203983855015
canoe,reference,quebec,final energy|car|gasoline,PJ,2050,1.1784759647553935
canoe,reference,quebec,final energy|clothes dryer|electricity,PJ,2025,5.622391139107679
canoe,reference,quebec,final energy|clothes dryer|electricity,PJ,2030,2.8111945242026675
canoe,reference,quebec,final energy|clothes dryer|natural gas,PJ,2025,4.359502263330153
canoe,reference,quebec,final energy|clothes dryer|natural gas,PJ,2030,7.197494706275916
canoe,reference,quebec,final energy|clothes dryer|natural gas,PJ,2035,10.203763089568055
canoe,reference,quebec,final energy|clothes dryer|natural gas,PJ,2040,10.341532629264881
canoe,reference,quebec,final energy|clothes dryer|natural gas,PJ,2045,10.554018411990418
canoe,reference,quebec,final energy|clothes dryer|natural gas,PJ,2050,10.773239873863208
canoe,reference,quebec,final energy|clothes washer|electricity,PJ,2025,0.47720059004042237
canoe,reference,quebec,final energy|clothes washer|electricity,PJ,2030,0.33891171824198596
canoe,reference,quebec,final energy|clothes washer|electricity,PJ,2035,0.2592755128429298
canoe,reference,quebec,final energy|clothes washer|electricity,PJ,2040,0.26224847318775
canoe,reference,quebec,final energy|clothes washer|electricity,PJ,2045,0.2664565744998128
canoe,reference,quebec,final energy|clothes washer|electricity,PJ,2050,0.2719386317989236
canoe,reference,quebec,final energy|cooking|electricity,PJ,2025,5.522418348971225
canoe,reference,quebec,final energy|cooking|electricity,PJ,2030,3.398410757456798
canoe,reference,quebec,final energy|cooking|electricity,PJ,2035,0.9317957511667134
canoe,reference,quebec,final energy|cooking|natural gas,PJ,2025,4.196477070652981
canoe,reference,quebec,final energy|cooking|natural gas,PJ,2030,8.35689333500628
canoe,reference,quebec,final energy|cooking|natural gas,PJ,2035,13.445459194855566
canoe,reference,quebec,final energy|cooking|natural gas,PJ,2040,15.569636675820371
canoe,reference,quebec,final energy|cooking|natural gas,PJ,2045,15.86078455579012
canoe,reference,quebec,final energy|cooking|natural gas,PJ,2050,16.20925088154
canoe,reference,quebec,final energy|dish washer|electricity,PJ,2025,0.7142842703250689
canoe,reference,quebec,final energy|dish washer|electricity,PJ,2030,0.6674196200207263
canoe,reference,quebec,final energy|dish washer|electricity,PJ,2035,0.6204424149814449
canoe,reference,quebec,final energy|dish washer|electricity,PJ,2040,0.6393178378391484
canoe,reference,quebec,final energy|dish washer|electricity,PJ,2045,0.6525632813502238
canoe,reference,quebec,final energy|dish washer|electricity,PJ,2050,0.6655046684444776
canoe,reference,quebec,final energy|freezer|electricity,PJ,2025,2.871579877298326
canoe,reference,quebec,final energy|freezer|electricity,PJ,2030,2.602914319570294
canoe,reference,quebec,final energy|freezer|electricity,PJ,2035,2.366982380278126
canoe,reference,quebec,final energy|freezer|electricity,PJ,2040,2.0308101446063724
canoe,reference,quebec,final energy|freezer|electricity,PJ,2045,2.0559099108919203
canoe,reference,quebec,final energy|freezer|electricity,PJ,2050,2.100412737623201
canoe,reference,quebec,final energy|freight rail|diesel,PJ,2025,0.854115193376315
canoe,reference,quebec,final energy|freight rail|diesel,PJ,2030,0.8541151867016253
canoe,reference,quebec,final energy|freight rail|diesel,PJ,2035,0.8541118246290578
canoe,reference,quebec,final energy|freight rail|natural gas,PJ,2025,8.158401829027376
canoe,reference,quebec,final energy|freight rail|natural gas,PJ,2030,9.142337063854791
canoe,reference,quebec,final energy|freight rail|natural gas,PJ,2035,9.861647507767957
canoe,reference,quebec,final energy|freight rail|natural gas,PJ,2040,11.33417091169892
canoe,reference,quebec,final energy|freight rail|natural gas,PJ,2045,11.999328094868874
canoe,reference,quebec,final energy|freight rail|natural gas,PJ,2050,12.732095188854917
canoe,reference,quebec,final energy|heavy trucking|diesel,PJ,2025,89.07760839279386
canoe,reference,quebec,final energy|heavy trucking|diesel,PJ,2030,84.93103753256888
canoe,reference,quebec,final energy|heavy trucking|diesel,PJ,2035,78.34834777108681
canoe,reference,quebec,final energy|heavy trucking|diesel,PJ,2040,53.03403013773424
canoe,reference,quebec,final energy|heavy trucking|diesel,PJ,2045,26.527698419827153
canoe,reference,quebec,final energy|heavy trucking|diesel,PJ,2050,18.716645921666935
canoe,reference,quebec,final energy|heavy trucking|electricity,PJ,2040,8.175996803758276
canoe,reference,quebec,final energy|heavy trucking|electricity,PJ,2045,16.302169647284572
canoe,reference,quebec,final energy|heavy trucking|electricity,PJ,2050,20.135660366331162
canoe,reference,quebec,final energy|heavy trucking|hydrogen,PJ,2030,0.7008191268200988
canoe,reference,quebec,final energy|heavy trucking|hydrogen,PJ,2035,2.769647749338226
canoe,reference,quebec,final energy|heavy trucking|hydrogen,PJ,2040,5.937662576351997
canoe,reference,quebec,final energy|heavy trucking|hydrogen,PJ,2045,11.605964119033958
canoe,reference,quebec,final energy|heavy trucking|hydrogen,PJ,2050,12.366575405556341
canoe,reference,quebec,final energy|light freight truck|diesel,PJ,2025,1.234197411510011
canoe,reference,quebec,final energy|light freight truck|diesel,PJ,2030,0.854973510792366
canoe,reference,quebec,final energy|light freight truck|diesel,PJ,2035,0.16079405951472375
canoe,reference,quebec,final energy|light freight truck|gasoline,PJ,2025,29.00757076029507
canoe,reference,quebec,final energy|light freight truck|gasoline,PJ,2030,24.433041770886337
canoe,reference,quebec,final energy|light freight truck|gasoline,PJ,2035,16.821141931343625
canoe,reference,quebec,final energy|light freight truck|gasoline,PJ,2040,15.741736793692922
canoe,reference,quebec,final energy|light freight truck|gasoline,PJ,2045,16.013142873187597
canoe,reference,quebec,final energy|light freight truck|gasoline,PJ,2050,16.3938059358046
canoe,reference,quebec,final energy|lighting|electricity,PJ,2025,17.32176590809746
canoe,reference,quebec,final energy|lighting|electricity,PJ,2030,16.97976931899419
canoe,reference,quebec,final energy|lighting|electricity,PJ,2035,14.893853317773145
canoe,reference,quebec,final energy|lighting|electricity,PJ,2040,14.637431897156784
canoe,reference,quebec,final energy|lighting|electricity,PJ,2045,12.121576763371028
canoe,reference,quebec,final energy|lighting|electricity,PJ,2050,11.96763183992531
canoe,reference,quebec,final energy|marine freight|oil,PJ,2025,9.400940019269699
canoe,reference,quebec,final energy|marine freight|oil,PJ,2030,10.36170084250623
canoe,reference,quebec,final energy|marine freight|oil,PJ,2035,10.702423900110277
canoe,reference,quebec,final energy|marine freight|oil,PJ,2040,10.80801629727
canoe,reference,quebec,final energy|marine freight|oil,PJ,2045,11.296143463950381
canoe,reference,quebec,final energy|marine freight|oil,PJ,2050,11.34415983595407
canoe,reference,quebec,final energy|medium duty trucking|electricity,PJ,2030,1.5024842256726023
canoe,reference,quebec,final energy|medium duty trucking|electricity,PJ,2035,3.4874753165069663
canoe,reference,quebec,final energy|medium duty trucking|electricity,PJ,2040,7.447374227752684
canoe,reference,quebec,final energy|medium duty trucking|electricity,PJ,2045,11.309498891387602
canoe,reference,quebec,final energy|medium duty trucking|electricity,PJ,2050,11.991093520829832
canoe,reference,quebec,final energy|medium duty trucking|gasoline,PJ,2025,6.809374037982234
canoe,reference,quebec,final energy|medium duty trucking|gasoline,PJ,2030,4.959546749037929
canoe,reference,quebec,final energy|medium duty trucking|gasoline,PJ,2035,2.1865149671148125
canoe,reference,quebec,final energy|medium duty trucking|generic,PJ,2025,8.53109571214092
canoe,reference,quebec,final energy|medium duty trucking|generic,PJ,2030,6.317960708081691
canoe,reference,quebec,final energy|medium duty trucking|generic,PJ,2035,2.8462276546710243
canoe,reference,quebec,final energy|medium duty trucking|hydrogen,PJ,2025,14.13195034430236
canoe,reference,quebec,final energy|medium duty trucking|hydrogen,PJ,2030,13.123778079790338
canoe,reference,quebec,final energy|medium duty trucking|hydrogen,PJ,2035,12.40246503637141
canoe,reference,quebec,final energy|medium duty trucking|hydrogen,PJ,2040,7.757509646264731
canoe,reference,quebec,final energy|medium duty trucking|hydrogen,PJ,2045,0.9213771521181113
canoe,reference,quebec,final energy|medium duty trucking|hydrogen,PJ,2050,0.4193592470277268
canoe,reference,quebec,final energy|motorcycle|electricity,PJ,2025,0.14550619158588246
canoe,reference,quebec,final energy|motorcycle|electricity,PJ,2030,0.4101344101911275
canoe,reference,quebec,final energy|motorcycle|electricity,PJ,2035,0.6097427178278739
canoe,reference,quebec,final energy|motorcycle|electricity,PJ,2040,0.7177715440018542
canoe,reference,quebec,final energy|motorcycle|electricity,PJ,2045,0.7626742153539607
canoe,reference,quebec,final energy|motorcycle|electricity,PJ,2050,0.8138927588737527
canoe,reference,quebec,final energy|motorcycle|gasoline,PJ,2025,1.2998946516229
canoe,reference,quebec,final energy|motorcycle|gasoline,PJ,2030,0.6715968480371668
canoe,reference,quebec,final energy|motorcycle|gasoline,PJ,2035,0.19406839704170864
canoe,reference,quebec,final energy|offroad|offroad,PJ,2025,27.732436205
canoe,reference,quebec,final energy|offroad|offroad,PJ,2030,30.869317187
canoe,reference,quebec,final energy|offroad|offroad,PJ,2035,33.251202076
canoe,reference,quebec,final energy|offroad|offroad,PJ,2040,35.646717849
canoe,reference,quebec,final energy|offroad|offroad,PJ,2045,38.007025547
canoe,reference,quebec,final energy|offroad|offroad,PJ,2050,40.697764227
canoe,reference,quebec,final energy|other electrical|electricity,PJ,2025,31.656767569974207
canoe,reference,quebec,final energy|other electrical|electricity,PJ,2030,31.645201539438897
canoe,reference,quebec,final energy|other electrical|electricity,PJ,2035,32.16218121611495
canoe,reference,quebec,final energy|other electrical|electricity,PJ,2040,32.65692520777268
canoe,reference,quebec,final energy|other electrical|electricity,PJ,2045,33.19648800204547
canoe,reference,quebec,final energy|other electrical|electricity,PJ,2050,33.915068906670484
canoe,reference,quebec,final energy|other end-use|other,PJ,2025,107.94192208241687
canoe,reference,quebec,final energy|other end-use|other,PJ,2030,119.27018566637176
canoe,reference,quebec,final energy|other end-use|other,PJ,2035,127.75170833491403
canoe,reference,quebec,final energy|other end-use|other,PJ,2040,132.75067506436676
canoe,reference,quebec,final energy|other end-use|other,PJ,2045,138.3870177381765
canoe,reference,quebec,final energy|other end-use|other,PJ,2050,146.85089727297145
canoe,reference,quebec,final energy|passenger rail|diesel,PJ,2025,0.22924723008864958
canoe,reference,quebec,final energy|passenger rail|diesel,PJ,2030,0.25214425832536747
canoe,reference,quebec,final energy|passenger rail|diesel,PJ,2035,0.26055647884193095
canoe,reference,quebec,final energy|passenger rail|diesel,PJ,2040,0.25944726944586366
canoe,reference,quebec,final energy|passenger rail|diesel,PJ,2045,0.2791170270399289
canoe,reference,quebec,final energy|passenger rail|diesel,PJ,2050,0.2953619158155144
canoe,reference,quebec,final energy|passenger truck|diesel,PJ,2025,1.6259954035697555
canoe,reference,quebec,final energy|passenger truck|diesel,PJ,2030,0.8483392813825706
canoe,reference,quebec,final energy|passenger truck|diesel,PJ,2035,0.14433501742418672
canoe,reference,quebec,final energy|passenger truck|electricity,PJ,2025,0.01645526014609475
canoe,reference,quebec,final energy|passenger truck|electricity,PJ,2030,0.016681096526232727
canoe,reference,quebec,final energy|passenger truck|gasoline,PJ,2025,76.73845727551495
canoe,reference,quebec,final energy|passenger truck|gasoline,PJ,2030,62.47668605183745
canoe,reference,quebec,final energy|passenger truck|gasoline,PJ,2035,43.014373825587114
canoe,reference,quebec,final energy|passenger truck|gasoline,PJ,2040,61.63808055089363
canoe,reference,quebec,final energy|passenger truck|gasoline,PJ,2045,70.24127514136512
canoe,reference,quebec,final energy|passenger truck|gasoline,PJ,2050,78.44191896598069
canoe,reference,quebec,final energy|refrigerator|electricity,PJ,2025,7.852994628186016
canoe,reference,quebec,final energy|refrigerator|electricity,PJ,2030,6.109767023343336
canoe,reference,quebec,final energy|refrigerator|electricity,PJ,2035,5.981255658205905
canoe,reference,quebec,final energy|refrigerator|electricity,PJ,2040,6.073264041579586
canoe,reference,quebec,final energy|refrigerator|electricity,PJ,2045,6.173607454065072
canoe,reference,quebec,final energy|refrigerator|electricity,PJ,2050,6.307243169652469
canoe,reference,quebec,final energy|space cooling|electricity,PJ,2025,15.510205942627891
canoe,reference,quebec,final energy|space cooling|electricity,PJ,2030,9.438902349848977
canoe,reference,quebec,final energy|space cooling|electricity,PJ,2035,4.706765853059262
canoe,reference,quebec,final energy|space cooling|electricity,PJ,2040,0.20064868459246457
canoe,reference,quebec,final energy|space heating|electricity,PJ,2025,101.42205918669563
canoe,reference,quebec,final energy|space heating|electricity,PJ,2030,88.93079661621073
canoe,reference,quebec,final energy|space heating|electricity,PJ,2035,73.83782339734033
canoe,reference,quebec,final energy|space heating|electricity,PJ,2040,59.40128731545951
canoe,reference,quebec,final energy|space heating|electricity,PJ,2045,53.519192830256586
canoe,reference,quebec,final energy|space heating|electricity,PJ,2050,64.63181447835595
canoe,reference,quebec,final energy|space heating|natural gas,PJ,2025,171.23769628997522
canoe,reference,quebec,final energy|space heating|natural gas,PJ,2030,187.6862880744223
canoe,reference,quebec,final energy|space heating|natural gas,PJ,2035,209.92612736371757
canoe,reference,quebec,final energy|space heating|natural gas,PJ,2040,226.75624714181433
canoe,reference,quebec,final energy|space heating|natural gas,PJ,2045,213.9606079297529
canoe,reference,quebec,final energy|space heating|natural gas,PJ,2050,184.90376680077372
canoe,reference,quebec,final energy|space heating|oil,PJ,2025,9.287632952492073
canoe,reference,quebec,final energy|space heating|oil,PJ,2030,6.843474759268733
canoe,reference,quebec,final energy|space heating|oil,PJ,2035,4.399384582049106
canoe,reference,quebec,final energy|space heating|oil,PJ,2040,1.7597123704758997
canoe,reference,quebec,final energy|space heating|other,PJ,2025,0.9660816533467861
canoe,reference,quebec,final energy|space heating|other,PJ,2030,0.6819403524082287
canoe,reference,quebec,final energy|space heating|other,PJ,2035,0.39779929548390836
canoe,reference,quebec,final energy|space heating|other,PJ,2040,0.04546439765159627
canoe,reference,quebec,final energy|space heating|wood,PJ,2025,29.823471618979916
canoe,reference,quebec,final energy|space heating|wood,PJ,2030,21.437133973739915
canoe,reference,quebec,final energy|space heating|wood,PJ,2035,11.247388423384782
canoe,reference,quebec,final energy|space heating|wood,PJ,2040,0.9518754391512825
canoe,reference,quebec,final energy|water heating|electricity,PJ,2025,30.440305371663836
canoe,reference,quebec,final energy|water heating|electricity,PJ,2030,23.700779173706273
canoe,reference,quebec,final energy|water heating|electricity,PJ,2035,16.85864155027329
canoe,reference,quebec,final energy|water heating|electricity,PJ,2040,18.381471646609914
canoe,reference,quebec,final energy|water heating|electricity,PJ,2045,18.68429783369256
canoe,reference,quebec,final energy|water heating|electricity,PJ,2050,19.08843846892468
canoe,reference,quebec,final energy|water heating|natural gas,PJ,2025,2.9408216328318773
canoe,reference,quebec,final energy|water heating|natural gas,PJ,2030,1.471277028476415
canoe,reference,quebec,final energy|water heating|oil,PJ,2025,0.12056776368077089
canoe,reference,quebec,final energy|water heating|oil,PJ,2030,0.062494434757803405
canoe,reference,saskatchewan,final energy|all|all,PJ,2025,493.1600000809476
canoe,reference,saskatchewan,final energy|all|all,PJ,2030,503.96040685850204
canoe,reference,saskatchewan,final energy|all|all,PJ,2035,507.5824955783271
canoe,reference,saskatchewan,final energy|all|all,PJ,2040,515.8121678989578
canoe,reference,saskatchewan,final energy|all|all,PJ,2045,525.661119251358
canoe,reference,saskatchewan,final energy|all|all,PJ,2050,534.6178739950723
canoe,reference,saskatchewan,final energy|aviation|jet fuel,PJ,2025,3.057596821576152
canoe,reference,saskatchewan,final energy|aviation|jet fuel,PJ,2030,3.385354888882021
canoe,reference,saskatchewan,final energy|aviation|jet fuel,PJ,2035,3.619714517800049
canoe,reference,saskatchewan,final energy|aviation|jet fuel,PJ,2040,3.852107128336332
canoe,reference,saskatchewan,final energy|aviation|jet fuel,PJ,2045,4.099736161507857
canoe,reference,saskatchewan,final energy|aviation|jet fuel,PJ,2050,4.39153661900345
canoe,reference,saskatchewan,final energy|bus|diesel,PJ,2025,0.12544134726435202
canoe,reference,saskatchewan,final energy|bus|diesel,PJ,2030,0.056951240140102395
canoe,reference,saskatchewan,final energy|bus|electricity,PJ,2025,0.047088424794513806
canoe,reference,saskatchewan,final energy|bus|electricity,PJ,2030,0.049178361578289566
canoe,reference,saskatchewan,final energy|bus|electricity,PJ,2035,0.029766892727719926
canoe,reference,saskatchewan,final energy|bus|electricity,PJ,2040,0.027778526644718277
canoe,reference,saskatchewan,final energy|bus|electricity,PJ,2045,0.052536224918386644
canoe,reference,saskatchewan,final energy|bus|electricity,PJ,2050,0.3324308661140403
canoe,reference,saskatchewan,final energy|bus|gasoline,PJ,2025,0.18066517569613902
canoe,reference,saskatchewan,final energy|bus|gasoline,PJ,2030,0.1918487107403204
canoe,reference,saskatchewan,final energy|bus|gasoline,PJ,2035,0.19333071309618768
canoe,reference,saskatchewan,final energy|bus|gasoline,PJ,2040,0.1968324165179525
canoe,reference,saskatchewan,final energy|bus|gasoline,PJ,2045,0.19902106335031208
canoe,reference,saskatchewan,final energy|bus|gasoline,PJ,2050,0.20169109574417576
canoe,reference,saskatchewan,final energy|bus|hydrogen,PJ,2025,0.9676659934678472
canoe,reference,saskatchewan,final energy|bus|hydrogen,PJ,2030,0.9703463712674005
canoe,reference,saskatchewan,final energy|bus|hydrogen,PJ,2035,1.049226845469968
canoe,reference,saskatchewan,final energy|bus|hydrogen,PJ,2040,1.0770410510940778
canoe,reference,saskatchewan,final energy|bus|hydrogen,PJ,2045,1.058121279822011
canoe,reference,saskatchewan,final energy|bus|hydrogen,PJ,2050,0.5714037645861344
canoe,reference,saskatchewan,final energy|car|electricity,PJ,2050,1.8049717450675502
canoe,reference,saskatchewan,final energy|car|gasoline,PJ,2025,10.243612840591517
canoe,reference,saskatchewan,final energy|car|gasoline,PJ,2030,10.24030829129366
canoe,reference,saskatchewan,final energy|car|gasoline,PJ,2035,10.525832161910527
canoe,reference,saskatchewan,final energy|car|gasoline,PJ,2040,10.678501424068594
canoe,reference,saskatchewan,final energy|car|gasoline,PJ,2045,10.805187510915426
canoe,reference,saskatchewan,final energy|car|gasoline,PJ,2050,7.108457952694545
canoe,reference,saskatchewan,final energy|clothes dryer|electricity,PJ,2025,0.6829324612861513
canoe,reference,saskatchewan,final energy|clothes dryer|electricity,PJ,2030,0.31189705941915635
canoe,reference,saskatchewan,final energy|clothes dryer|natural gas,PJ,2025,0.9943484566633678
canoe,reference,saskatchewan,final energy|clothes dryer|natural gas,PJ,2030,1.3042794514149356
canoe,reference,saskatchewan,final energy|clothes dryer|natural gas,PJ,2035,1.7242535346887906
canoe,reference,saskatchewan,final energy|clothes dryer|natural gas,PJ,2040,1.9063178683897326
canoe,reference,saskatchewan,final energy|clothes dryer|natural gas,PJ,2045,1.9447675161439797
canoe,reference,saskatchewan,final energy|clothes dryer|natural gas,PJ,2050,2.0190691688690254
canoe,reference,saskatchewan,final energy|clothes washer|electricity,PJ,2025,0.03996581926663653
canoe,reference,saskatchewan,final energy|clothes washer|electricity,PJ,2030,0.02830779922393058
canoe,reference,saskatchewan,final energy|clothes washer|electricity,PJ,2035,0.02297063919086578
canoe,reference,saskatchewan,final energy|clothes washer|electricity,PJ,2040,0.023289241334305117
canoe,reference,saskatchewan,final energy|clothes washer|electricity,PJ,2045,0.024052000030351045
canoe,reference,saskatchewan,final energy|clothes washer|electricity,PJ,2050,0.025855386494568856
canoe,reference,saskatchewan,final energy|cooking|electricity,PJ,2025,0.6478442871382792
canoe,reference,saskatchewan,final energy|cooking|electricity,PJ,2030,0.39028190351737757
canoe,reference,saskatchewan,final energy|cooking|electricity,PJ,2035,0.06818859269824129
canoe,reference,saskatchewan,final energy|cooking|natural gas,PJ,2025,0.45721801024689346
canoe,reference,saskatchewan,final energy|cooking|natural gas,PJ,2030,0.9760530075229689
canoe,reference,saskatchewan,final energy|cooking|natural gas,PJ,2035,1.6076600714924458
canoe,reference,saskatchewan,final energy|cooking|natural gas,PJ,2040,1.9619365628741765
canoe,reference,saskatchewan,final energy|cooking|natural gas,PJ,2045,2.00494634047169
canoe,reference,saskatchewan,final energy|cooking|natural gas,PJ,2050,2.0881251550916073
canoe,reference,saskatchewan,final energy|dish washer|electricity,PJ,2025,0.06759256566393014
canoe,reference,saskatchewan,final energy|dish washer|electricity,PJ,2030,0.063506051695108
canoe,reference,saskatchewan,final energy|dish washer|electricity,PJ,2035,0.06146333893911266
canoe,reference,saskatchewan,final energy|dish washer|electricity,PJ,2040,0.06348360017260679
canoe,reference,saskatchewan,final energy|dish washer|electricity,PJ,2045,0.06524357473248077
canoe,reference,saskatchewan,final energy|dish washer|electricity,PJ,2050,0.06768699813950901
canoe,reference,saskatchewan,final energy|freezer|electricity,PJ,2025,0.3598114515841058
canoe,reference,saskatchewan,final energy|freezer|electricity,PJ,2030,0.3094717391613658
canoe,reference,saskatchewan,final energy|freezer|electricity,PJ,2035,0.26411459226937567
canoe,reference,saskatchewan,final energy|freezer|electricity,PJ,2040,0.2189361474073399
canoe,reference,saskatchewan,final energy|freezer|electricity,PJ,2045,0.2606845884785948
canoe,reference,saskatchewan,final energy|freezer|electricity,PJ,2050,0.27576659238687545
canoe,reference,saskatchewan,final energy|freight rail|diesel,PJ,2025,7.871209052200508
canoe,reference,saskatchewan,final energy|freight rail|diesel,PJ,2030,7.869105509283257
canoe,reference,saskatchewan,final energy|freight rail|diesel,PJ,2035,7.870605273701622
canoe,reference,saskatchewan,final energy|freight rail|natural gas,PJ,2025,11.230646885409994
canoe,reference,saskatchewan,final energy|freight rail|natural gas,PJ,2030,13.326525990796414
canoe,reference,saskatchewan,final energy|freight rail|natural gas,PJ,2035,14.855342266452704
canoe,reference,saskatchewan,final energy|freight rail|natural gas,PJ,2040,23.473204924137423
canoe,reference,saskatchewan,final energy|freight rail|natural gas,PJ,2045,24.887936018922247
canoe,reference,saskatchewan,final energy|freight rail|natural gas,PJ,2050,26.446435706685044
canoe,reference,saskatchewan,final energy|heavy trucking|diesel,PJ,2025,32.287829199350256
canoe,reference,saskatchewan,final energy|heavy trucking|diesel,PJ,2030,31.22695964743481
canoe,reference,saskatchewan,final energy|heavy trucking|diesel,PJ,2035,29.705957592639866
canoe,reference,saskatchewan,final energy|heavy trucking|diesel,PJ,2040,28.044399952772213
canoe,reference,saskatchewan,final energy|heavy trucking|diesel,PJ,2045,16.650563659012107
canoe,reference,saskatchewan,final energy|heavy trucking|diesel,PJ,2050,15.047545379756189
canoe,reference,saskatchewan,final energy|heavy trucking|electricity,PJ,2045,2.335428516696259
canoe,reference,saskatchewan,final energy|heavy trucking|electricity,PJ,2050,2.884617539999803
canoe,reference,saskatchewan,final energy|heavy trucking|hydrogen,PJ,2040,0.41716503004852934
canoe,reference,saskatchewan,final energy|heavy trucking|hydrogen,PJ,2045,5.839913612871348
canoe,reference,saskatchewan,final energy|heavy trucking|hydrogen,PJ,2050,6.708768518166606
canoe,reference,saskatchewan,final energy|light freight truck|diesel,PJ,2025,0.15059738834809783
canoe,reference,saskatchewan,final energy|light freight truck|diesel,PJ,2030,0.1081243570070942
canoe,reference,saskatchewan,final energy|light freight truck|diesel,PJ,2035,0.012659307785227551
canoe,reference,saskatchewan,final energy|light freight truck|gasoline,PJ,2025,7.353264493528571
canoe,reference,saskatchewan,final energy|light freight truck|gasoline,PJ,2030,6.830245478295069
canoe,reference,saskatchewan,final energy|light freight truck|gasoline,PJ,2035,5.67720680137365
canoe,reference,saskatchewan,final energy|light freight truck|gasoline,PJ,2040,5.612677667214344
canoe,reference,saskatchewan,final energy|light freight truck|gasoline,PJ,2045,5.709455178914964
canoe,reference,saskatchewan,final energy|light freight truck|gasoline,PJ,2050,5.845202343509131
canoe,reference,saskatchewan,final energy|lighting|electricity,PJ,2025,1.6998847955277667
canoe,reference,saskatchewan,final energy|lighting|electricity,PJ,2030,1.7029213035716317
canoe,reference,saskatchewan,final energy|lighting|electricity,PJ,2035,1.5173374772127943
canoe,reference,saskatchewan,final energy|lighting|electricity,PJ,2040,1.5433030997408579
canoe,reference,saskatchewan,final energy|lighting|electricity,PJ,2045,1.3078446305175402
canoe,reference,saskatchewan,final energy|lighting|electricity,PJ,2050,1.3185949030725002
canoe,reference,saskatchewan,final energy|marine freight|oil,PJ,2025,0.15787200214437463
canoe,reference,saskatchewan,final energy|marine freight|oil,PJ,2030,0.1578632584506588
canoe,reference,saskatchewan,final energy|marine freight|oil,PJ,2035,0.1578527943205529
canoe,reference,saskatchewan,final energy|marine freight|oil,PJ,2040,0.1578385076800506
canoe,reference,saskatchewan,final energy|marine freight|oil,PJ,2045,0.15782379869218147
canoe,reference,saskatchewan,final energy|marine freight|oil,PJ,2050,0.11601373932874355
canoe,reference,saskatchewan,final energy|medium duty trucking|electricity,PJ,2030,0.014174768789857005
canoe,reference,saskatchewan,final energy|medium duty trucking|electricity,PJ,2035,0.7278740325553169
canoe,reference,saskatchewan,final energy|medium duty trucking|electricity,PJ,2040,1.5210917427656858
canoe,reference,saskatchewan,final energy|medium duty trucking|electricity,PJ,2045,4.4893146654174645
canoe,reference,saskatchewan,final energy|medium duty trucking|electricity,PJ,2050,5.129038466854571
canoe,reference,saskatchewan,final energy|medium duty trucking|gasoline,PJ,2025,1.8781354299502269
canoe,reference,saskatchewan,final energy|medium duty trucking|gasoline,PJ,2030,1.3679313024452817
canoe,reference,saskatchewan,final energy|medium duty trucking|gasoline,PJ,2035,0.6030787865302415
canoe,reference,saskatchewan,final energy|medium duty trucking|generic,PJ,2025,2.3530018772613994
canoe,reference,saskatchewan,final energy|medium duty trucking|generic,PJ,2030,1.7425971068781885
canoe,reference,saskatchewan,final energy|medium duty trucking|generic,PJ,2035,0.7850373652043671
canoe,reference,saskatchewan,final energy|medium duty trucking|hydrogen,PJ,2025,10.55849821201094
canoe,reference,saskatchewan,final energy|medium duty trucking|hydrogen,PJ,2030,10.560019517837052
canoe,reference,saskatchewan,final energy|medium duty trucking|hydrogen,PJ,2035,9.979803605076476
canoe,reference,saskatchewan,final energy|medium duty trucking|hydrogen,PJ,2040,9.464502079497656
canoe,reference,saskatchewan,final energy|medium duty trucking|hydrogen,PJ,2045,4.05690489721515
canoe,reference,saskatchewan,final energy|medium duty trucking|hydrogen,PJ,2050,3.264624311233481
canoe,reference,saskatchewan,final energy|motorcycle|electricity,PJ,2030,0.01984824521265904
canoe,reference,saskatchewan,final energy|motorcycle|electricity,PJ,2035,0.029460334061108723
canoe,reference,saskatchewan,final energy|motorcycle|electricity,PJ,2040,0.03464320946443705
canoe,reference,saskatchewan,final energy|motorcycle|electricity,PJ,2045,0.03679103972976963
canoe,reference,saskatchewan,final energy|motorcycle|electricity,PJ,2050,0.03927081803512067
canoe,reference,saskatchewan,final energy|motorcycle|gasoline,PJ,2025,0.06298951464510498
canoe,reference,saskatchewan,final energy|motorcycle|gasoline,PJ,2030,0.03254158779180633
canoe,reference,saskatchewan,final energy|offroad|offroad,PJ,2025,4.379377661
canoe,reference,saskatchewan,final energy|offroad|offroad,PJ,2030,4.874739352
canoe,reference,saskatchewan,final energy|offroad|offroad,PJ,2035,5.250875563
canoe,reference,saskatchewan,final energy|offroad|offroad,PJ,2040,5.6291643
canoe,reference,saskatchewan,final energy|offroad|offroad,PJ,2045,6.001893141
canoe,reference,saskatchewan,final energy|offroad|offroad,PJ,2050,6.42680211
canoe,reference,saskatchewan,final energy|other electrical|electricity,PJ,2025,2.906085804183555
canoe,reference,saskatchewan,final energy|other electrical|electricity,PJ,2030,2.9718108677062864
canoe,reference,saskatchewan,final energy|other electrical|electricity,PJ,2035,3.0912222799952973
canoe,reference,saskatchewan,final energy|other electrical|electricity,PJ,2040,3.2217849525758893
canoe,reference,saskatchewan,final energy|other electrical|electricity,PJ,2045,3.3609433882979083
canoe,reference,saskatchewan,final energy|other electrical|electricity,PJ,2050,3.502824590074455
canoe,reference,saskatchewan,final energy|other end-use|other,PJ,2025,19.868418494673694
canoe,reference,saskatchewan,final energy|other end-use|other,PJ,2030,21.95356463031631
canoe,reference,saskatchewan,final energy|other end-use|other,PJ,2035,23.514723062551692
canoe,reference,saskatchewan,final energy|other end-use|other,PJ,2040,24.434861977123564
canoe,reference,saskatchewan,final energy|other end-use|other,PJ,2045,25.472320018098003
canoe,reference,saskatchewan,final energy|other end-use|other,PJ,2050,27.030230952437428
canoe,reference,saskatchewan,final energy|passenger rail|diesel,PJ,2025,0.5306574559259367
canoe,reference,saskatchewan,final energy|passenger rail|diesel,PJ,2030,0.6038192874204379
canoe,reference,saskatchewan,final energy|passenger rail|diesel,PJ,2035,0.6330574480716822
canoe,reference,saskatchewan,final energy|passenger rail|diesel,PJ,2040,0.5928257391598121
canoe,reference,saskatchewan,final energy|passenger rail|diesel,PJ,2045,0.5958687654502708
canoe,reference,saskatchewan,final energy|passenger rail|diesel,PJ,2050,0.6138872931779094
canoe,reference,saskatchewan,final energy|passenger truck|diesel,PJ,2025,0.08067333113303972
canoe,reference,saskatchewan,final energy|passenger truck|diesel,PJ,2030,0.04209143345217843
canoe,reference,saskatchewan,final energy|passenger truck|gasoline,PJ,2025,11.898581463541234
canoe,reference,saskatchewan,final energy|passenger truck|gasoline,PJ,2030,11.312620124603116
canoe,reference,saskatchewan,final energy|passenger truck|gasoline,PJ,2035,9.928930509214922
canoe,reference,saskatchewan,final energy|passenger truck|gasoline,PJ,2040,16.741876676367244
canoe,reference,saskatchewan,final energy|passenger truck|gasoline,PJ,2045,17.69457745990059
canoe,reference,saskatchewan,final energy|passenger truck|gasoline,PJ,2050,18.126956221624514
canoe,reference,saskatchewan,final energy|refrigerator|electricity,PJ,2025,0.7122023150397886
canoe,reference,saskatchewan,final energy|refrigerator|electricity,PJ,2030,0.49740693560174465
canoe,reference,saskatchewan,final energy|refrigerator|electricity,PJ,2035,0.5692667154451595
canoe,reference,saskatchewan,final energy|refrigerator|electricity,PJ,2040,0.593310597459302
canoe,reference,saskatchewan,final energy|refrigerator|electricity,PJ,2045,0.6189374396772225
canoe,reference,saskatchewan,final energy|refrigerator|electricity,PJ,2050,0.6450656952353669
canoe,reference,saskatchewan,final energy|space cooling|electricity,PJ,2025,1.2445627068566667
canoe,reference,saskatchewan,final energy|space cooling|electricity,PJ,2030,0.8400351446025243
canoe,reference,saskatchewan,final energy|space cooling|electricity,PJ,2035,0.45171578301738075
canoe,reference,saskatchewan,final energy|space cooling|electricity,PJ,2040,0.025376027589737844
canoe,reference,saskatchewan,final energy|space heating|electricity,PJ,2025,3.4944157289372195
canoe,reference,saskatchewan,final energy|space heating|electricity,PJ,2030,3.7459614820630875
canoe,reference,saskatchewan,final energy|space heating|electricity,PJ,2035,3.948654211523758
canoe,reference,saskatchewan,final energy|space heating|electricity,PJ,2040,4.067908086616615
canoe,reference,saskatchewan,final energy|space heating|electricity,PJ,2045,3.7504248842159367
canoe,reference,saskatchewan,final energy|space heating|electricity,PJ,2050,3.951640313643901
canoe,reference,saskatchewan,final energy|space heating|natural gas,PJ,2025,60.809354413908466
canoe,reference,saskatchewan,final energy|space heating|natural gas,PJ,2030,56.46913463758599
canoe,reference,saskatchewan,final energy|space heating|natural gas,PJ,2035,51.201215791084906
canoe,reference,saskatchewan,final energy|space heating|natural gas,PJ,2040,43.1847218631172
canoe,reference,saskatchewan,final energy|space heating|natural gas,PJ,2045,43.96258549524952
canoe,reference,saskatchewan,final energy|space heating|natural gas,PJ,2050,46.62160126260688
canoe,reference,saskatchewan,final energy|space heating|wood,PJ,2025,9.839697927813003
canoe,reference,saskatchewan,final energy|space heating|wood,PJ,2030,19.868320806152397
canoe,reference,saskatchewan,final energy|space heating|wood,PJ,2035,30.71505023998637
canoe,reference,saskatchewan,final energy|space heating|wood,PJ,2040,43.764088822793845
canoe,reference,saskatchewan,final energy|space heating|wood,PJ,2045,47.75929813582846
canoe,reference,saskatchewan,final energy|space heating|wood,PJ,2050,49.81198488294336
canoe,reference,saskatchewan,final energy|water heating|electricity,PJ,2025,0.40486069914756817
canoe,reference,saskatchewan,final energy|water heating|electricity,PJ,2030,0.22216773333107184
canoe,reference,saskatchewan,final energy|water heating|electricity,PJ,2035,1.5441772283142008
canoe,reference,saskatchewan,final energy|water heating|electricity,PJ,2040,2.86658199432097
canoe,reference,saskatchewan,final energy|water heating|electricity,PJ,2045,3.570447336195196
canoe,reference,saskatchewan,final energy|water heating|electricity,PJ,2050,3.7280620847686934
canoe,reference,saskatchewan,final energy|water heating|natural gas,PJ,2025,11.446228532105847
canoe,reference,saskatchewan,final energy|water heating|natural gas,PJ,2030,11.093890566467717
canoe,reference,saskatchewan,final energy|water heating|natural gas,PJ,2035,6.0974578475999905
canoe,reference,saskatchewan,final energy|water heating|natural gas,PJ,2040,1.9624685907471875
canoe,reference,saskatchewan,final energy|water heating|natural gas,PJ,2045,0.04082825009006028
canoe,reference,saskatchewan,final energy|water heating|natural gas,PJ,2050,0.018180448885116503
