Model,Scenario,Region,Variable,Unit,2025,2030,2035,2040,2045,2050
Temoa,nz,AB,Activity|agriculture|A_AGRI,?,62.1,68.61725636,66.51604555,64.52999377,64.7366488,65.89809438
Temoa,nz,AB,Activity|agriculture|E_A_ELC,?,6.768901022,7.479283976,7.250257013,7.033781357,7.056315072,7.182925638
Temoa,nz,AB,Activity|agriculture|F_A_DSL,?,35.2107,38.90598435,37.71459783,36.58850647,36.70567987,37.36421951
Temoa,nz,AB,Activity|agriculture|F_A_GSL,?,14.34509995,15.85058622,15.36520652,14.90642856,14.95416587,15.2224598
Temoa,nz,AB,Activity|agriculture|F_A_NG,?,5.775299028,6.381401808,6.185984189,6.001277385,6.020487985,6.128489426
Temoa,nz,AB,Activity|commercial,?,346.9827095,383.3976746,410.6617706,426.7310671,444.8492641,472.0567107
Temoa,nz,AB,Activity|commercial|C_OTHER,?,80.51675632,88.96681002,95.29340381,99.02226632,103.2265645,109.5399978
Temoa,nz,AB,Activity|commercial|C_SPHC_HP_AIR-NEW,?,143.9139451,159.0172973,170.3252949,176.9901446,184.504815,195.7893509
Temoa,nz,AB,Activity|commercial|E_C_ELC,?,106.1814311,119.4701046,130.2635568,137.7484401,146.0859804,157.6619681
Temoa,nz,AB,Activity|commercial|F_C_NG,?,16.37057706,15.94346273,14.77951514,12.97021612,11.03190407,9.065393968
Temoa,nz,AB,Activity|electricity,?,1280.560755,1449.859057,1567.531704,1712.988572,1791.714303,1955.493253
Temoa,nz,AB,Activity|electricity|E_BAT_2H-EXS,?,0.154019285,0.14423132,0.183487712,,,
Temoa,nz,AB,Activity|electricity|E_BAT_2H-NEW,?,,3.67285E-05,0.001530712,0.004627878,0.009345351,0.021778792
Temoa,nz,AB,Activity|electricity|E_BAT_4H-NEW,?,,1.24179E-05,0.000600554,0.005301561,0.014289808,1.977327927
Temoa,nz,AB,Activity|electricity|E_COAL-EXS,?,,,,0.000256767,0.000315882,0.002304146
Temoa,nz,AB,Activity|electricity|E_ELC_DX_to_DEM,?,403.98381,457.1252773,495.1576316,538.6387321,564.7365705,613.4230421
Temoa,nz,AB,Activity|electricity|E_ELC_TX_to_DX,?,357.6119748,410.7535208,448.7860931,492.267329,535.9993002,594.5364916
Temoa,nz,AB,Activity|electricity|E_HYD_DLY-EXS,?,6.176578612,6.176575527,6.176553718,6.176514206,6.176392771,6.176349064
Temoa,nz,AB,Activity|electricity|E_HYD_ROR-EXS,?,1.157519236,1.157440846,1.157222838,1.15708751,1.156987693,1.156859601
Temoa,nz,AB,Activity|electricity|E_INT_IN-USA,?,2.264806197,2.264719742,2.264406177,2.264160486,2.26400104,2.263774896
Temoa,nz,AB,Activity|electricity|E_NG_CC-EXS,?,1.523553719,4.071214982,5.587769822,9.386959408,5.851471602,4.668655172
Temoa,nz,AB,Activity|electricity|E_NG_CC-NEW,?,8.4379E-05,0.000368564,0.001212967,0.004405018,0.005801582,0.00650922
Temoa,nz,AB,Activity|electricity|E_NG_CCS-NEW,?,0.00411013,0.007371753,0.001588936,1.909986629,16.86280702,31.04200088
Temoa,nz,AB,Activity|electricity|E_NG_CCS_RFIT_90,?,0.001390681,0.000156205,0.000142,0.00034047,0.000607813,0.000880443
Temoa,nz,AB,Activity|electricity|E_NG_CCS_RFIT_95,?,0.003682588,0.003349466,0.000255987,0.000605452,0.001159738,0.001668714
Temoa,nz,AB,Activity|electricity|E_NG_CC_RFIT_BYPASS,?,1.518487317,4.064262102,5.587860805,9.389114804,5.853422762,4.669651294
Temoa,nz,AB,Activity|electricity|E_NG_CG-EXS,?,45.21431588,45.21431571,45.21431562,45.21431563,27.58028267,17.72969092
Temoa,nz,AB,Activity|electricity|E_SOL_PV-EXS,?,10.04318534,10.04314588,10.04304831,10.04290483,9.823684558,2.042522529
Temoa,nz,AB,Activity|electricity|E_SOL_PV-NEW-1,?,0.023045292,1.994379619,32.78003813,33.49689557,33.66741575,33.67439222
Temoa,nz,AB,Activity|electricity|E_SOL_PV-NEW-2,?,0.022624504,0.772314141,9.328784738,45.67312342,46.06110025,46.06879879
Temoa,nz,AB,Activity|electricity|E_SOL_PV-NEW-3,?,0.005165006,0.013707572,0.026586097,0.050515392,30.10196842,103.1852598
Temoa,nz,AB,Activity|electricity|E_SOL_PV-NEW-4,?,0.014723149,0.084709106,0.338525963,10.0899247,16.78024817,16.78899489
Temoa,nz,AB,Activity|electricity|E_SOL_PV-NEW-5,?,0.023979652,13.51317837,13.88412575,13.99218849,14.0373545,14.0424884
Temoa,nz,AB,Activity|electricity|E_WND_ON-EXS,?,59.75493667,58.87465238,54.56717008,45.97809172,41.22307766,23.18276328
Temoa,nz,AB,Activity|electricity|E_WND_ON-NEW-1,?,7.355530307,7.36744815,7.377319038,7.387612113,7.398114043,7.407750923
Temoa,nz,AB,Activity|electricity|E_WND_ON-NEW-10,?,26.81833572,26.8918643,26.89963093,26.90883558,26.91922226,26.92734942
Temoa,nz,AB,Activity|electricity|E_WND_ON-NEW-11,?,39.70234432,39.90961762,39.91826017,39.92957187,39.94677805,39.96142861
Temoa,nz,AB,Activity|electricity|E_WND_ON-NEW-12,?,31.18384018,31.261641,31.2702319,31.27926744,31.28833644,31.296868
Temoa,nz,AB,Activity|electricity|E_WND_ON-NEW-13,?,68.68556658,105.9780374,105.9893089,106.0014352,106.0122435,106.0198746
Temoa,nz,AB,Activity|electricity|E_WND_ON-NEW-2,?,11.23639571,11.25185404,11.26155973,11.27154058,11.28204569,11.29162102
Temoa,nz,AB,Activity|electricity|E_WND_ON-NEW-3,?,6.528301207,6.555040562,6.563635273,6.573367486,6.582861166,6.591623705
Temoa,nz,AB,Activity|electricity|E_WND_ON-NEW-4,?,14.27942169,14.29644508,14.30594197,14.31565314,14.32626242,14.33572941
Temoa,nz,AB,Activity|electricity|E_WND_ON-NEW-5,?,13.48302692,13.53686593,13.54473554,13.55303635,13.56351437,13.57191869
Temoa,nz,AB,Activity|electricity|E_WND_ON-NEW-6,?,31.27504958,31.30345502,31.31224283,31.32172014,31.33143175,31.34059764
Temoa,nz,AB,Activity|electricity|E_WND_ON-NEW-7,?,6.375134558,6.422197632,6.430777668,6.439998855,6.449257933,6.457864049
Temoa,nz,AB,Activity|electricity|E_WND_ON-NEW-8,?,21.95250921,21.96939003,21.97893501,21.98897826,21.9989793,22.00844238
Temoa,nz,AB,Activity|electricity|E_WND_ON-NEW-9,?,14.51566766,14.53302352,14.54253625,14.55217204,14.56321981,14.57295858
Temoa,nz,AB,Activity|electricity|F_E_COAL,?,,0.00055968,0.00236677,0.004867053,0.006894917,0.009112784
Temoa,nz,AB,Activity|electricity|F_E_NG,?,97.66763886,102.3026763,105.0452701,115.7171351,101.8370103,107.0310786
Temoa,nz,AB,Activity|electricity|F_E_U_ENR,?,,,,,0.00052561,0.006829835
Temoa,nz,AB,Activity|fuel|F_IMP_BIO,?,92.19327754,111.28,130.42,130.03,132.94,129.79
Temoa,nz,AB,Activity|fuel|F_IMP_CNG,?,0.250972004,0.105929446,,,,
Temoa,nz,AB,Activity|fuel|F_IMP_COAL,?,,0.00055968,0.00236677,0.004867053,0.006894917,0.009112784
Temoa,nz,AB,Activity|fuel|F_IMP_DSL,?,145.7742639,129.2090643,91.96095734,54.4638347,55.76410154,57.77187472
Temoa,nz,AB,Activity|fuel|F_IMP_ETH,?,10.97352847,11.92551342,6.512347983,1.61367312,1.036424508,0.651100289
Temoa,nz,AB,Activity|fuel|F_IMP_GSL,?,103.1309212,83.4284956,52.26851176,24.05057624,20.82723809,18.91202811
Temoa,nz,AB,Activity|fuel|F_IMP_H2,?,,95.570001,174.4800007,186.0600008,176.970001,157.3700014
Temoa,nz,AB,Activity|fuel|F_IMP_HFO,?,762.4959826,702.9978262,631.1866391,558.2700271,507.1500093,465.43
Temoa,nz,AB,Activity|fuel|F_IMP_JTF,?,45.44700825,48.99291585,50.80388464,53.26166475,56.55428694,60.55810019
Temoa,nz,AB,Activity|fuel|F_IMP_LNG,?,27.51775617,30.51930913,32.83412093,34.50131609,36.53007567,38.76496565
Temoa,nz,AB,Activity|fuel|F_IMP_LPG,?,1.208850768,0.853307378,0.497763384,0.056888022,,
Temoa,nz,AB,Activity|fuel|F_IMP_NG,?,2269.927961,2030.837492,1504.323067,1005.564522,726.9036167,632.1558516
Temoa,nz,AB,Activity|fuel|F_IMP_RDSL,?,4.606815164,3.76262833,2.26026498,0.744805343,0.794100903,0.850318967
Temoa,nz,AB,Activity|fuel|F_IMP_U_ENR,?,,,,,0.00052561,0.006829835
Temoa,nz,AB,Activity|industrial|E_I_ELC,?,183.5007454,192.8999894,184.4899847,170.3399708,176.0199424,199.209868
Temoa,nz,AB,Activity|industrial|F_I_BIO,?,92.19327754,111.28,130.42,130.03,132.94,129.79
Temoa,nz,AB,Activity|industrial|F_I_H2,?,,95.57,174.48,186.06,176.97,157.37
Temoa,nz,AB,Activity|industrial|F_I_HFO,?,762.3381177,702.84,631.17,558.27,507.15,465.43
Temoa,nz,AB,Activity|industrial|F_I_NG,?,2030.817838,1826.87,1338.97,865.06,606.52,509.9199999
Temoa,nz,AB,Activity|industrial|I_IND,?,3068.85,2929.46,2459.53,1909.76,1599.6,1461.72
Temoa,nz,AB,Activity|residential,?,371.5003652,358.9001611,349.274284,346.7495214,363.9327527,385.2325034
Temoa,nz,AB,Activity|residential|E_R_ELC,?,61.66983661,76.87792957,93.08017682,109.8278899,116.0548116,122.7289474
Temoa,nz,AB,Activity|residential|F_R_LPG,?,1.208850768,0.853307378,0.497763384,0.056888022,,
Temoa,nz,AB,Activity|residential|F_R_NG,?,117.78169,77.78629055,37.78872662,4.330111384,0.011736926,0.01055746
Temoa,nz,AB,Activity|residential|R_APP_CL_WASH-EXS,?,0.05515135,0.022023172,,,,
Temoa,nz,AB,Activity|residential|R_APP_CL_WASH-TYP-NEW,?,0.027463403,0.065981439,0.094330516,0.099425149,0.105997705,0.112472222
Temoa,nz,AB,Activity|residential|R_APP_COOK_ELEC-EXS,?,0.055614789,0.034224477,0.008998667,,,
Temoa,nz,AB,Activity|residential|R_APP_COOK_ELEC-TYP-NEW,?,0.028400519,0.057945228,0.091513567,0.107083367,0.114646237,0.121570531
Temoa,nz,AB,Activity|residential|R_APP_COOK_NG-EXS,?,0.004018099,0.001219064,,,,
Temoa,nz,AB,Activity|residential|R_APP_DRY_ELEC-EXS,?,0.04230528,0.021091219,,,,
Temoa,nz,AB,Activity|residential|R_APP_DRY_ELEC-TYP-NEW,?,0.041960054,0.07103061,0.100455953,0.106573083,0.114319127,0.120854786
Temoa,nz,AB,Activity|residential|R_APP_DRY_NG-EXS,?,0.003540549,0.000862731,,,,
Temoa,nz,AB,Activity|residential|R_APP_DS_WASH-EXS,?,0.043921431,0.023875937,0.00057288,,,
Temoa,nz,AB,Activity|residential|R_APP_DS_WASH-TYP-NEW,?,0.029602745,0.053395044,0.080316762,0.088566461,0.095092102,0.100568774
Temoa,nz,AB,Activity|residential|R_APP_FREZ-EXS,?,0.048080656,0.03393928,0.019797902,0.000510584,,
Temoa,nz,AB,Activity|residential|R_APP_FREZ-TYP-NEW,?,0.020123481,0.038748961,0.058082554,0.080847205,0.088588021,0.093815422
Temoa,nz,AB,Activity|residential|R_APP_OTH,?,1.840986611,1.962022804,2.102172592,2.243324511,2.391194415,2.532294
Temoa,nz,AB,Activity|residential|R_APP_REFR-EXS,?,0.060807912,0.006481526,,,,
Temoa,nz,AB,Activity|residential|R_APP_REFR-TYP-NEW,?,0.053467594,0.114839117,0.130488096,0.139249814,0.148428539,0.157187009
Temoa,nz,AB,Activity|residential|R_LGT_CFL-EXS,?,2.604805303,1.674655746,0.63637462,,,
Temoa,nz,AB,Activity|residential|R_LGT_LED-EXS,?,3.849735404,3.849832384,3.657360367,3.849826876,3.079795466,2.117342023
Temoa,nz,AB,Activity|residential|R_LGT_LED-TYP-NEW,?,9.532294395,11.81162499,14.59844436,16.54824189,18.95767068,21.32200437
Temoa,nz,AB,Activity|residential|R_LGT_T12-EXS,?,1.05367842,0.824733827,0.56586587,0.366534219,0.095833896,
Temoa,nz,AB,Activity|residential|R_SPC_CENT_AC-EXS,?,1.162450477,0.820510254,0.478564024,0.054731744,,
Temoa,nz,AB,Activity|residential|R_SPC_ROOM_AC-EXS,?,0.081492061,,,,,
Temoa,nz,AB,Activity|residential|R_SPHC_AIR_HP-TYP-NEW,?,49.71766813,85.74491112,123.2228515,166.048331,182.8728325,193.6643723
Temoa,nz,AB,Activity|residential|R_SPH_ELEC-EXS,?,9.087530611,6.696077841,4.304621623,1.721850702,,
Temoa,nz,AB,Activity|residential|R_SPH_HP-EXS,?,1.292127523,0.70479594,0.046984157,,,
Temoa,nz,AB,Activity|residential|R_SPH_NG-EXS,?,78.85208853,55.66030164,32.46852809,3.710693381,,
Temoa,nz,AB,Activity|residential|R_SPH_NG_FRN-TYP-NEW,?,,0.000126853,,,,
Temoa,nz,AB,Activity|residential|R_SPH_OTH-EXS,?,0.604425384,0.426653689,0.248881692,0.028444011,,
Temoa,nz,AB,Activity|residential|R_WAH_ELC-EXS,?,0.844064119,0.437386331,0.029164895,,,
Temoa,nz,AB,Activity|residential|R_WAH_ELEC-TYP-NEW,?,,9.724785919,22.80708764,37.3398926,39.800871,42.14947615
Temoa,nz,AB,Activity|residential|R_WAH_HP-TYP-NEW,?,15.19449964,15.19471517,12.15615887,0.000505524,0.000934466,0.001041054
Temoa,nz,AB,Activity|residential|R_WAH_NG-EXS,?,14.60768329,7.303841314,,,,
Temoa,nz,AB,Activity|transportation,?,1019.759924,1016.914758,941.2123399,868.0138026,905.2624429,954.2926026
Temoa,nz,AB,Activity|transportation|E_T_ELC,?,45.86287463,60.39795915,80.07364093,113.6886208,119.5194634,126.6392003
Temoa,nz,AB,Activity|transportation|F_T_CNG,?,0.250972004,0.105929446,,,,
Temoa,nz,AB,Activity|transportation|F_T_DSL,?,110.5635639,90.30307991,54.24635951,17.87532823,19.05842167,20.40765521
Temoa,nz,AB,Activity|transportation|F_T_ETH,?,10.97352847,11.92551342,6.512347983,1.61367312,1.036424508,0.651100289
Temoa,nz,AB,Activity|transportation|F_T_GSL,?,88.78582122,67.57790938,36.90330524,9.144147681,5.873072214,3.689568307
Temoa,nz,AB,Activity|transportation|F_T_HFO,?,0.157864934,0.157826168,0.016639055,,,
Temoa,nz,AB,Activity|transportation|F_T_JTF,?,45.44700825,48.99291585,50.80388464,53.26166475,56.55428694,60.55810019
Temoa,nz,AB,Activity|transportation|F_T_LNG,?,27.51775617,30.51930913,32.83412093,34.50131609,36.53007567,38.76496565
Temoa,nz,AB,Activity|transportation|F_T_NG,?,1.514917848,1.553661112,1.553571074,1.48578196,1.482246629,
Temoa,nz,AB,Activity|transportation|F_T_RDSL,?,4.606815164,3.76262833,2.26026498,0.744805343,0.794100903,0.850318967
Temoa,nz,AB,Activity|transportation|T_BLND_ETH_GSL,?,99.75934968,79.5034228,43.41565322,10.7578208,6.909496722,4.340668596
Temoa,nz,AB,Activity|transportation|T_BLND_GSL_ELC_PHEV35,?,43.62353171,47.79259946,47.7328649,16.7553995,8.520509459,2.012181723
Temoa,nz,AB,Activity|transportation|T_BLND_GSL_ELC_PHEV50,?,,0.30195797,0.33283539,0.332215992,3.03461436,6.111738281
Temoa,nz,AB,Activity|transportation|T_BLND_JTF,?,45.44700542,48.99290815,50.80387087,53.26164315,56.55425418,60.55807103
Temoa,nz,AB,Activity|transportation|T_BLND_RDSL_DSL,?,115.1703791,94.06570824,56.50662449,18.62013357,19.85252258,21.25797418
Temoa,nz,AB,Activity|transportation|T_ELC_AC_DC,?,,0.018195008,0.019092183,0.027065894,0.037663542,1.395003847
Temoa,nz,AB,Activity|transportation|T_H2_COMP_100_700,?,1.111515191,1.154515813,1.154380278,1.11142894,1.118264904,1.145355426
Temoa,nz,AB,Activity|transportation|T_H2_COMP_10_100,?,1.111515191,1.154515813,1.154375221,1.111423913,1.118258006,1.145355426
Temoa,nz,AB,Activity|transportation|T_H2_HDV_REFUEL,?,1.10586963,1.148650592,1.149879167,1.107095885,1.113946441,1.139529953
Temoa,nz,AB,Activity|transportation|T_H2_distribution,?,1.111515191,1.154515813,1.155756034,1.112795028,1.119648938,1.145355426
Temoa,nz,AB,Activity|transportation|T_HDV_AJF_JFL_EX,?,0.095134328,0.083603946,0.059246064,0.028417953,,
Temoa,nz,AB,Activity|transportation|T_HDV_AJF_JFL_N,?,0.301886094,0.358916524,0.417416358,0.482580609,0.544828138,0.583402985
Temoa,nz,AB,Activity|transportation|T_HDV_AJP_JFL_EX,?,10.34123537,8.824359729,5.570253602,1.95437476,,
Temoa,nz,AB,Activity|transportation|T_HDV_AJP_JFL_N,?,21.988677,27.16246197,33.19331762,39.60183589,44.30780308,47.44461416
Temoa,nz,AB,Activity|transportation|T_HDV_BIC_DSL_EX,?,0.105880692,0.046950692,,,,
Temoa,nz,AB,Activity|transportation|T_HDV_BIC_FCEV_N,?,0.725600087,0.884842077,1.012032766,1.084946929,1.156786063,1.238659761
Temoa,nz,AB,Activity|transportation|T_HDV_BIC_GSL_EX,?,0.012624975,0.007203287,,,,
Temoa,nz,AB,Activity|transportation|T_HDV_BS_BEV_N,?,,0.647394828,3.64756839,7.326910625,7.980349484,8.623328128
Temoa,nz,AB,Activity|transportation|T_HDV_BS_CNG_EX,?,0.293461716,0.123971559,,,,
Temoa,nz,AB,Activity|transportation|T_HDV_BS_DSL_EX,?,0.983779596,0.374322786,,,,
Temoa,nz,AB,Activity|transportation|T_HDV_BS_FCHEV_N,?,4.522487174,5.359368329,3.404205894,0.232936153,0.080069973,0.007179893
Temoa,nz,AB,Activity|transportation|T_HDV_BS_GSL_EX,?,0.081637118,0.041580149,,,,
Temoa,nz,AB,Activity|transportation|T_HDV_BT_BEV_EX,?,0.141205072,0.07080435,,,,
Temoa,nz,AB,Activity|transportation|T_HDV_BT_BEV_N,?,2.900685627,3.698750217,4.335795063,4.648154427,4.955927389,5.306792851
Temoa,nz,AB,Activity|transportation|T_HDV_BT_CNG_EX,?,0.04897945,0.018642797,,,,
Temoa,nz,AB,Activity|transportation|T_HDV_BT_DSL_EX,?,0.519592217,0.233435751,,,,
Temoa,nz,AB,Activity|transportation|T_HDV_BT_GSL_EX,?,0.005084629,0.002233574,,,,
Temoa,nz,AB,Activity|transportation|T_HDV_CHRG,?,16.38731298,21.91979111,29.0173292,37.89062995,38.69216459,39.74546089
Temoa,nz,AB,Activity|transportation|T_HDV_RF_DSL_EX,?,0.000256467,,,,,
Temoa,nz,AB,Activity|transportation|T_HDV_RF_H2_N,?,,,,2.396975553,2.396974421,2.39697204
Temoa,nz,AB,Activity|transportation|T_HDV_RF_LNG_N,?,123.9198572,137.9391995,148.5810275,156.8883991,167.4350338,179.4579265
Temoa,nz,AB,Activity|transportation|T_HDV_RICP_DSL_EX,?,0.438005524,0.486117253,0.121724347,,,
Temoa,nz,AB,Activity|transportation|T_HDV_RICP_H2_N,?,,,0.402018074,0.561254115,0.598848545,0.641354747
Temoa,nz,AB,Activity|transportation|T_HDV_T_BEV_N,?,24.70808221,41.36519278,61.65870747,85.15785231,90.79660583,97.22463066
Temoa,nz,AB,Activity|transportation|T_HDV_T_DSL_EX,?,41.54311152,32.3797774,17.77639202,,,
Temoa,nz,AB,Activity|transportation|T_HDV_WTF_HFO_EX,?,0.999892622,0.999628359,0.105337581,,,
Temoa,nz,AB,Activity|transportation|T_HDV_WTF_LNG_N,?,,,0.894255067,0.999482378,0.999474122,0.999453725
Temoa,nz,AB,Activity|transportation|T_I_H2_ELC_ALK,?,,0.007190244,0.00540009,0.007574281,0.012861616,0.047110869
Temoa,nz,AB,Activity|transportation|T_I_H2_ELC_PEM,?,,0.003386969,0.002273857,0.004875837,0.011477793,1.0907703
Temoa,nz,AB,Activity|transportation|T_I_H2_SMR_CCS,?,1.111205751,1.139613464,1.139541935,1.089811913,1.087211638,
Temoa,nz,AB,Activity|transportation|T_LDV_BEV_CHRG,?,0.117493956,0.883101037,4.813430016,31.80455389,37.13151888,41.14509162
Temoa,nz,AB,Activity|transportation|T_LDV_C_BEV150_EX,?,0.049217971,0.040743288,,,,
Temoa,nz,AB,Activity|transportation|T_LDV_C_BEV150_N,?,,0.13946677,0.981966728,3.145640342,3.40903499,3.687493636
Temoa,nz,AB,Activity|transportation|T_LDV_C_BEV200_N,?,,0.278934099,1.963934318,6.291282708,6.81807177,7.374989443
Temoa,nz,AB,Activity|transportation|T_LDV_C_BEV300_N,?,,0.418401259,2.945902679,9.436924883,10.22710856,11.06248533
Temoa,nz,AB,Activity|transportation|T_LDV_C_BEV400_N,?,,0.557868706,3.927871169,12.58256706,13.63614557,14.74998138
Temoa,nz,AB,Activity|transportation|T_LDV_C_DSL_EX,?,0.044143149,0.003085514,,,,
Temoa,nz,AB,Activity|transportation|T_LDV_C_GSL_EX,?,3.202689337,1.726246409,,,,
Temoa,nz,AB,Activity|transportation|T_LDV_C_GSL_HEV_EX,?,0.088576841,0.05216567,,,,
Temoa,nz,AB,Activity|transportation|T_LDV_C_GSL_PHEV35_EX,?,0.030574611,0.024921208,,,,
Temoa,nz,AB,Activity|transportation|T_LDV_C_GSL_PHEV35_N,?,21.72765854,24.74400492,20.32671291,0.861833021,0.367811525,0.022713462
Temoa,nz,AB,Activity|transportation|T_LDV_LTF_BEV150_N,?,,,,0.426162828,0.442287507,0.459020435
Temoa,nz,AB,Activity|transportation|T_LDV_LTF_BEV200_N,?,,,,0.852327033,0.884576534,0.91804361
Temoa,nz,AB,Activity|transportation|T_LDV_LTF_BEV300_N,?,,,,1.278491213,1.326865614,1.377066933
Temoa,nz,AB,Activity|transportation|T_LDV_LTF_BEV400_N,?,,,,1.704655433,1.769155087,1.836089495
Temoa,nz,AB,Activity|transportation|T_LDV_LTF_DSL_EX,?,0.197380728,0.161822068,0.029918519,,,
Temoa,nz,AB,Activity|transportation|T_LDV_LTF_GSL_EX,?,2.346171667,1.714403945,0.306784112,,,
Temoa,nz,AB,Activity|transportation|T_LDV_LTF_GSL_PHEV35_EX,?,0.000594112,0.001912865,,,,
Temoa,nz,AB,Activity|transportation|T_LDV_LTF_GSL_PHEV35_N,?,3.999791998,5.235564347,7.300357807,3.933589507,2.467754313,0.670821623
Temoa,nz,AB,Activity|transportation|T_LDV_LTF_GSL_PHEV50_N,?,,0.171944604,0.211386185,0.21938216,2.081133024,4.345893778
Temoa,nz,AB,Activity|transportation|T_LDV_LTP_BEV150_N,?,,,0.070910505,2.878990771,4.099861401,5.076258573
Temoa,nz,AB,Activity|transportation|T_LDV_LTP_BEV200_N,?,,,0.141823894,5.757986454,8.199728848,10.15252568
Temoa,nz,AB,Activity|transportation|T_LDV_LTP_BEV300_EX,?,0.020442903,0.020728619,0.003521337,,,
Temoa,nz,AB,Activity|transportation|T_LDV_LTP_BEV300_N,?,,,0.212737231,8.636983018,12.29959613,15.22879552
Temoa,nz,AB,Activity|transportation|T_LDV_LTP_BEV400_N,?,,,0.283650514,11.51597916,16.3994643,20.30506029
Temoa,nz,AB,Activity|transportation|T_LDV_LTP_DSL_EX,?,0.323432892,0.206318488,0.032837009,,,
Temoa,nz,AB,Activity|transportation|T_LDV_LTP_GSL_EX,?,7.740221615,5.160449123,0.887265738,,,
Temoa,nz,AB,Activity|transportation|T_LDV_LTP_GSL_HEV_EX,?,0.057281658,0.055097174,0.009904835,,,
Temoa,nz,AB,Activity|transportation|T_LDV_LTP_GSL_PHEV35_EX,?,0.011969217,0.013215186,0.000558507,,,
Temoa,nz,AB,Activity|transportation|T_LDV_LTP_GSL_PHEV35_N,?,27.72709803,34.48196447,41.37446992,17.33027514,8.175029767,1.892463578
Temoa,nz,AB,Activity|transportation|T_LDV_M_BEV_N,?,0.170012981,0.482083965,0.7191259,0.849417871,0.905620913,0.969708371
Temoa,nz,AB,Activity|transportation|T_LDV_M_GSL_EX,?,0.491066324,0.253712399,0.073313692,,,
Temoa,nz,AB,Activity|transportation|T_LDV_PHEV_CHRG,?,16.04905318,17.73321779,17.7270369,6.329827678,4.645657229,3.783329843
Temoa,nz,AB,Activity|transportation|T_MDV_CHRG,?,8.609583247,13.68775998,20.37447086,26.15746994,26.94995161,27.91741499
Temoa,nz,AB,Activity|transportation|T_MDV_T_BEV_N,?,5.01210076,9.460160527,15.4340752,20.5305455,21.88996599,23.43967084
Temoa,nz,AB,Activity|transportation|T_MDV_T_DSL_EX,?,6.561553088,5.115109879,2.304344885,,,
Temoa,nz,AB,Activity|transportation|T_MDV_T_GSL_EX,?,4.398702354,3.203754604,1.412438823,,,
Temoa,nz,AB,Activity|transportation|T_OFF,?,14.4856338,16.12413786,17.36828071,18.61954345,19.85241577,21.2578839
Temoa,nz,AB,Capacity|commercial,?,1060.694799,980.2322339,896.24442,817.0388039,741.241949,786.5779759
Temoa,nz,AB,Capacity|commercial|C_SPC_AC_ROOF-NEW,?,0.000985911,0.002092342,0.003119698,0.004222103,0.004595064,0.004757533
Temoa,nz,AB,Capacity|commercial|C_SPHC_HP_AIR-NEW,?,578.110179,638.7812758,684.2062048,710.9793505,741.1662502,786.4968493
Temoa,nz,AB,Capacity|commercial|C_SPHC_HP_GEO-NEW,?,0.000403919,0.000870456,0.001320271,0.001512611,0.001642348,0.001747274
Temoa,nz,AB,Capacity|commercial|C_SPH_ELC-EXS,?,58.59759588,23.43903835,,,,
Temoa,nz,AB,Capacity|commercial|C_SPH_ELC_BLR-NEW,?,0.004373574,0.00928862,0.014893229,0.016924773,0.01888567,0.020666895
Temoa,nz,AB,Capacity|commercial|C_SPH_ELC_RES-NEW,?,0.00434953,0.00926729,0.014882649,0.018691562,0.020068009,0.021261247
Temoa,nz,AB,Capacity|commercial|C_SPH_NG-EXS,?,423.9713567,317.9785175,211.9856783,105.9928392,,
Temoa,nz,AB,Capacity|commercial|C_SPH_NG_FRN-NEW,?,0.005554311,0.011883558,0.018320998,0.025263258,0.030507651,0.032693656
Temoa,nz,AB,Capacity|electricity,?,53.20531599,58.07516036,60.95873484,66.44367453,71.20629782,77.89655857
Temoa,nz,AB,Capacity|electricity|E_BAT_2H-EXS,?,0.37,0.37,0.256,,,
Temoa,nz,AB,Capacity|electricity|E_BAT_2H-NEW,?,0.000131619,0.000441258,0.002375039,0.004117442,0.005377075,0.007191015
Temoa,nz,AB,Capacity|electricity|E_BAT_4H-NEW,?,7.9262E-05,0.000252704,0.000855492,0.003163585,0.005081099,0.573444047
Temoa,nz,AB,Capacity|electricity|E_BIO_M-EXS,?,0.444,0.444,0.444,0.401,0.354,0.336
Temoa,nz,AB,Capacity|electricity|E_BIO_M-NEW,?,2.14065E-05,4.59084E-05,7.43745E-05,0.000105878,0.000139503,0.000175508
Temoa,nz,AB,Capacity|electricity|E_COAL-EXS,?,4.36,3.952,3.122,2.7,2.299,1.366
Temoa,nz,AB,Capacity|electricity|E_COAL_CCS_RFIT_90,?,1.75191E-05,3.64237E-05,5.67668E-05,7.77797E-05,9.84944E-05,0.000116305
Temoa,nz,AB,Capacity|electricity|E_COAL_CCS_RFIT_95,?,1.77066E-05,3.68231E-05,5.74367E-05,7.87325E-05,9.97123E-05,0.0001177
Temoa,nz,AB,Capacity|electricity|E_HYD_DLY-EXS,?,0.781,0.781,0.781,0.781,0.781,0.781
Temoa,nz,AB,Capacity|electricity|E_HYD_ROR-EXS,?,0.1464,0.1464,0.1464,0.1464,0.1464,0.1464
Temoa,nz,AB,Capacity|electricity|E_INT_IN-USA,?,0.294,0.294,0.294,0.294,0.294,0.294
Temoa,nz,AB,Capacity|electricity|E_NG_CC-EXS,?,6.1022,6.1022,6.1022,6.1022,5.452,5.452
Temoa,nz,AB,Capacity|electricity|E_NG_CC-NEW,?,0.000130583,0.00032891,0.000857106,0.001879778,0.002606778,0.003252432
Temoa,nz,AB,Capacity|electricity|E_NG_CCS-NEW,?,0.000163254,0.000339999,0.000802317,0.568518331,5.019959567,8.225235334
Temoa,nz,AB,Capacity|electricity|E_NG_CCS_RFIT_90,?,0.000101895,0.000176738,0.000257832,0.00036068,0.000481395,0.000621937
Temoa,nz,AB,Capacity|electricity|E_NG_CCS_RFIT_95,?,0.000153022,0.000243497,0.000332894,0.0004484,0.00058746,0.000754643
Temoa,nz,AB,Capacity|electricity|E_NG_CG-EXS,?,5.04905,5.04905,5.04905,5.04905,3.08705,1.99105
Temoa,nz,AB,Capacity|electricity|E_NG_CT-EXS,?,1.798,1.788,1.788,1.788,1.597,1.597
Temoa,nz,AB,Capacity|electricity|E_NG_CT-NEW,?,5.98179E-05,0.000158424,0.00069906,1.497410183,1.498356754,1.498830644
Temoa,nz,AB,Capacity|electricity|E_NUC_SMR-NEW,?,,,,,,5.64288E-05
Temoa,nz,AB,Capacity|electricity|E_SOL_PV-EXS,?,1.695,1.695,1.695,1.695,1.658,0.3448
Temoa,nz,AB,Capacity|electricity|E_SOL_PV-NEW-1,?,0.002552352,0.212906761,3.40783943,3.480969134,3.498150665,3.499026172
Temoa,nz,AB,Capacity|electricity|E_SOL_PV-NEW-2,?,0.002505281,0.08254124,0.970808701,4.67274371,4.711673321,4.712623125
Temoa,nz,AB,Capacity|electricity|E_SOL_PV-NEW-3,?,0.000643143,0.001658019,0.00319183,0.005923689,3.218709992,10.89719423
Temoa,nz,AB,Capacity|electricity|E_SOL_PV-NEW-4,?,0.001671609,0.009304801,0.036215283,1.046883965,1.727844996,1.728913751
Temoa,nz,AB,Capacity|electricity|E_SOL_PV-NEW-5,?,0.002650149,1.438864746,1.477384769,1.488496262,1.493134979,1.493829405
Temoa,nz,AB,Capacity|electricity|E_WND_ON-EXS,?,4.7115,4.6421,4.3025,3.6253,3.2504,1.828
Temoa,nz,AB,Capacity|electricity|E_WND_ON-NEW-1,?,0.619301515,0.620343954,0.621302468,0.622314621,0.623335507,0.624340923
Temoa,nz,AB,Capacity|electricity|E_WND_ON-NEW-10,?,2.585208925,2.592102322,2.593020032,2.594084958,2.595239335,2.596246135
Temoa,nz,AB,Capacity|electricity|E_WND_ON-NEW-11,?,3.843330294,3.86273317,3.8637326,3.864993328,3.866783295,3.868400548
Temoa,nz,AB,Capacity|electricity|E_WND_ON-NEW-12,?,2.938688727,2.945820713,2.946796225,2.947827997,2.948845237,2.949870076
Temoa,nz,AB,Capacity|electricity|E_WND_ON-NEW-13,?,6.812919838,10.37911283,10.3803919,10.38177028,10.38300471,10.38401077
Temoa,nz,AB,Capacity|electricity|E_WND_ON-NEW-2,?,0.969732607,0.971087288,0.972049642,0.973045993,0.974080868,0.975090075
Temoa,nz,AB,Capacity|electricity|E_WND_ON-NEW-3,?,0.599813651,0.602250073,0.603190621,0.60424002,0.605260249,0.606274261
Temoa,nz,AB,Capacity|electricity|E_WND_ON-NEW-4,?,1.231538997,1.233027457,1.233980638,1.234963991,1.236014551,1.237021598
Temoa,nz,AB,Capacity|electricity|E_WND_ON-NEW-5,?,1.288951407,1.293968471,1.294872906,1.295832649,1.296978512,1.297988123
Temoa,nz,AB,Capacity|electricity|E_WND_ON-NEW-6,?,2.810971824,2.813501115,2.814448159,2.815465706,2.816489612,2.817525269
Temoa,nz,AB,Capacity|electricity|E_WND_ON-NEW-7,?,0.600470568,0.604804479,0.605757358,0.606785693,0.607806953,0.608820239
Temoa,nz,AB,Capacity|electricity|E_WND_ON-NEW-8,?,1.893703314,1.895182959,1.896152153,1.897173282,1.898182569,1.899197311
Temoa,nz,AB,Capacity|electricity|E_WND_ON-NEW-9,?,1.2486357,1.250139278,1.251081807,1.252048466,1.253124629,1.254140564
Temoa,nz,AB,Capacity|residential,?,272.4456035,291.263733,321.3446287,334.1420225,356.2488586,377.1914244
Temoa,nz,AB,Capacity|residential|R_APP_CL_WASH-EXS,?,1.10302725,0.4412109,,,,
Temoa,nz,AB,Capacity|residential|R_APP_CL_WASH-TYP-NEW,?,0.549267486,1.319714881,1.886710838,2.013395508,2.146109547,2.272747193
Temoa,nz,AB,Capacity|residential|R_APP_COOK_ELEC-EXS,?,1.112296059,0.684489882,0.188234718,,,
Temoa,nz,AB,Capacity|residential|R_APP_COOK_ELEC-TYP-NEW,?,0.568403964,1.160211431,1.838999338,2.163398734,2.306130243,2.442320124
Temoa,nz,AB,Capacity|residential|R_APP_COOK_NG-EXS,?,0.095068235,0.047534118,,,,
Temoa,nz,AB,Capacity|residential|R_APP_COOK_NG-TYP-NEW,?,0.000242267,0.000540199,0.000741706,0.000747038,0.000667653,0.00059859
Temoa,nz,AB,Capacity|residential|R_APP_DRY_ELEC-EXS,?,0.846105882,0.423052941,,,,
Temoa,nz,AB,Capacity|residential|R_APP_DRY_ELEC-TYP-NEW,?,0.839201338,1.420614224,2.020981044,2.157008691,2.299621702,2.435676153
Temoa,nz,AB,Capacity|residential|R_APP_DRY_NG-EXS,?,0.085561176,0.042780588,,,,
Temoa,nz,AB,Capacity|residential|R_APP_DRY_NG-TYP-NEW,?,0.000894452,0.001800262,0.00214638,0.001963237,0.00166,0.001399619
Temoa,nz,AB,Capacity|residential|R_APP_DS_WASH-EXS,?,0.878428941,0.479143059,0.031942871,,,
Temoa,nz,AB,Capacity|residential|R_APP_DS_WASH-TYP-NEW,?,0.592054786,1.08801851,1.647163014,1.791850288,1.909961095,2.022664159
Temoa,nz,AB,Capacity|residential|R_APP_FREZ-EXS,?,0.9616135,0.678786,0.3959585,0.0452524,,
Temoa,nz,AB,Capacity|residential|R_APP_FREZ-TYP-NEW,?,0.402469834,0.7749795,1.161651369,1.616944423,1.771760728,1.876308926
Temoa,nz,AB,Capacity|residential|R_APP_REFR-EXS,?,1.216158417,0.138989533,,,,
Temoa,nz,AB,Capacity|residential|R_APP_REFR-TYP-NEW,?,1.069351922,2.296782432,2.60976206,2.784996458,2.968570958,3.143740389
Temoa,nz,AB,Capacity|residential|R_LGT_CFL-EXS,?,39.0558088,25.10730565,10.04292226,,,
Temoa,nz,AB,Capacity|residential|R_LGT_LED-EXS,?,57.71864168,57.71864168,57.71864168,57.71864168,46.17491335,31.74525293
Temoa,nz,AB,Capacity|residential|R_LGT_LED-TYP-NEW,?,142.9145931,177.0858494,223.3827107,248.1000134,284.2236232,319.6708741
Temoa,nz,AB,Capacity|residential|R_LGT_T12-EXS,?,15.7995264,12.36484675,8.930167098,5.495487445,1.511259047,
Temoa,nz,AB,Capacity|residential|R_SPC_CENT_AC-EXS,?,0.3635535,0.256626,0.1496985,0.0171084,,
Temoa,nz,AB,Capacity|residential|R_SPC_ROOM_AC-EXS,?,0.066019583,,,,,
Temoa,nz,AB,Capacity|residential|R_SPC_ROOM_AC-TYP-NEW,?,1.21823E-05,1.30641E-05,1.46453E-05,1.76484E-05,3.07988E-05,3.02536E-05
Temoa,nz,AB,Capacity|residential|R_SPHC_AIR_HP-TYP-NEW,?,1.141885028,1.971731749,2.836910306,3.825295553,4.213653015,4.462297874
Temoa,nz,AB,Capacity|residential|R_SPH_ELEC-EXS,?,0.2753955,0.202923,0.1304505,0.0521802,,
Temoa,nz,AB,Capacity|residential|R_SPH_ELEC_RAD-NEW,?,,,,,,1.14233E-05
Temoa,nz,AB,Capacity|residential|R_SPH_HP-EXS,?,0.030237706,0.016493294,0.001099553,,,
Temoa,nz,AB,Capacity|residential|R_SPH_NG-EXS,?,1.101002682,0.777178364,0.453354045,0.051811891,,
Temoa,nz,AB,Capacity|residential|R_SPH_OTH-EXS,?,0.013539727,0.009557455,0.005575182,0.000637164,,
Temoa,nz,AB,Capacity|residential|R_WAH_ELC-EXS,?,0.142512118,0.077733882,0.005182259,,,
Temoa,nz,AB,Capacity|residential|R_WAH_ELEC-TYP-NEW,?,0.000158624,1.641928572,3.850738341,6.30445038,6.719960882,7.116498266
Temoa,nz,AB,Capacity|residential|R_WAH_HP-TYP-NEW,?,2.565432358,2.565653838,2.052831856,0.000768411,0.000871599,0.000931052
Temoa,nz,AB,Capacity|residential|R_WAH_NG-EXS,?,0.937123529,0.468561765,,,,
Temoa,nz,AB,Capacity|residential|R_WAH_NG-TYP-NEW,?,1.54065E-05,3.00181E-05,2.98452E-05,3.24899E-05,3.21822E-05,3.9149E-05
Temoa,nz,AB,Capacity|residential|R_WAH_SOLAR-TYP-NEW,?,,1.0054E-05,1.0054E-05,2.102E-05,3.25872E-05,3.42523E-05
Temoa,nz,AB,Capacity|transportation,?,4322.511905,4430.335251,4633.202159,4944.084181,5154.702453,5492.996102
Temoa,nz,AB,Capacity|transportation|T_ELC_AC_DC,?,0.000283206,0.000742839,0.001163297,0.001673999,0.00240444,0.057240175
Temoa,nz,AB,Capacity|transportation|T_H2_COMP_100_700,?,0.035246322,0.036609847,0.036653938,0.035288915,0.035504607,0.036320233
Temoa,nz,AB,Capacity|transportation|T_H2_COMP_10_100,?,0.035246475,0.03660988,0.036654228,0.035289096,0.035504674,0.0363207
Temoa,nz,AB,Capacity|transportation|T_H2_HDV_REFUEL,?,1.105870155,1.14865298,1.149880689,1.1071366,1.113986453,1.139531538
Temoa,nz,AB,Capacity|transportation|T_H2_LDV_REFUEL,?,,,1.18023E-05,2.23445E-05,2.10991E-05,1.0557E-05
Temoa,nz,AB,Capacity|transportation|T_H2_MDV_REFUEL,?,8.66905E-05,8.66905E-05,7.13012E-05,8.30971E-05,4.90348E-05,8.33039E-05
Temoa,nz,AB,Capacity|transportation|T_HDV_AJF_JFL_EX,?,0.095668971,0.083604321,0.059246335,0.0284181,,
Temoa,nz,AB,Capacity|transportation|T_HDV_AJF_JFL_N,?,0.301886151,0.358916666,0.417416609,0.482581004,0.544828704,0.58340347
Temoa,nz,AB,Capacity|transportation|T_HDV_AJP_JFL_EX,?,10.34123927,8.824361645,5.570254736,1.954375346,,
Temoa,nz,AB,Capacity|transportation|T_HDV_AJP_JFL_N,?,21.9886773,27.16246236,33.19331834,39.60183689,44.30780459,47.4446159
Temoa,nz,AB,Capacity|transportation|T_HDV_BIC_BEV_N,?,,1.18823E-05,2.54573E-05,2.64805E-05,3.45206E-05,6.30564E-05
Temoa,nz,AB,Capacity|transportation|T_HDV_BIC_DSL_EX,?,0.157782129,0.061521134,,,,
Temoa,nz,AB,Capacity|transportation|T_HDV_BIC_DSL_HEV_N,?,1.20282E-05,1.20282E-05,,,,
Temoa,nz,AB,Capacity|transportation|T_HDV_BIC_DSL_N,?,1.2363E-05,1.2363E-05,,,,
Temoa,nz,AB,Capacity|transportation|T_HDV_BIC_FCEV_N,?,1.081251062,1.159350178,1.326006871,1.421546668,1.515671615,1.622949162
Temoa,nz,AB,Capacity|transportation|T_HDV_BIC_GSL_EX,?,0.018817597,0.010169498,,,,
Temoa,nz,AB,Capacity|transportation|T_HDV_BIC_GSL_N,?,1.20323E-05,2.37192E-05,1.16869E-05,1.00823E-05,2.10924E-05,2.27702E-05
Temoa,nz,AB,Capacity|transportation|T_HDV_BS_BEV_N,?,6.87768E-05,1.17202518,6.603400162,13.26430939,14.44726853,15.61129298
Temoa,nz,AB,Capacity|transportation|T_HDV_BS_CNG_EX,?,0.608201635,0.236213608,,,,
Temoa,nz,AB,Capacity|transportation|T_HDV_BS_CNG_N,?,1.11401E-05,1.11401E-05,,,,
Temoa,nz,AB,Capacity|transportation|T_HDV_BS_DSL_EX,?,2.038870597,0.713317168,,,,
Temoa,nz,AB,Capacity|transportation|T_HDV_BS_DSL_HEV_N,?,1.5372E-05,2.78086E-05,2.24947E-05,1.00581E-05,1.06279E-05,2.18343E-05
Temoa,nz,AB,Capacity|transportation|T_HDV_BS_DSL_PHEV_N,?,1.8329E-05,4.0013E-05,5.35643E-05,5.14772E-05,5.47165E-05,6.23613E-05
Temoa,nz,AB,Capacity|transportation|T_HDV_BS_FCEV_N,?,0.000132736,0.000157579,0.000136784,7.95187E-05,8.7088E-05,8.29767E-05
Temoa,nz,AB,Capacity|transportation|T_HDV_BS_FCHEV_N,?,9.37252989,9.702343757,6.162830236,0.421727768,0.144977719,0.014032712
Temoa,nz,AB,Capacity|transportation|T_HDV_BS_GSL_EX,?,0.169236327,0.079228527,,,,
Temoa,nz,AB,Capacity|transportation|T_HDV_BS_GSL_N,?,1.02611E-05,1.02611E-05,,,,
Temoa,nz,AB,Capacity|transportation|T_HDV_BT_BEV_EX,?,0.224922763,0.097701629,,,,
Temoa,nz,AB,Capacity|transportation|T_HDV_BT_BEV_N,?,4.619884605,5.10380697,5.982855139,6.413876198,6.838567951,7.322721821
Temoa,nz,AB,Capacity|transportation|T_HDV_BT_CNG_EX,?,0.07801738,0.027075005,,,,
Temoa,nz,AB,Capacity|transportation|T_HDV_BT_DSL_EX,?,0.87110173,0.339063968,,,,
Temoa,nz,AB,Capacity|transportation|T_HDV_BT_DSL_PHEV_N,?,,,,,,1.08494E-05
Temoa,nz,AB,Capacity|transportation|T_HDV_BT_GSL_EX,?,0.009581276,0.005210234,,,,
Temoa,nz,AB,Capacity|transportation|T_HDV_CHRG,?,16.38731512,21.91979491,29.01733206,37.89063234,38.69217188,39.74546356
Temoa,nz,AB,Capacity|transportation|T_HDV_RF_DSL_EX,?,247.0172058,247.0172058,145.9971928,100.3233419,15.48071505,
Temoa,nz,AB,Capacity|transportation|T_HDV_RF_DSL_N,?,1.09043E-05,2.29114E-05,3.74195E-05,5.13985E-05,5.13985E-05,5.13985E-05
Temoa,nz,AB,Capacity|transportation|T_HDV_RF_H2_N,?,,8.55151E-05,0.001699298,2.398677424,2.39908537,2.39977018
Temoa,nz,AB,Capacity|transportation|T_HDV_RF_LNG_N,?,123.9198599,137.9392032,148.5810347,156.8884133,167.4350766,179.4580002
Temoa,nz,AB,Capacity|transportation|T_HDV_RICP_DSL_EX,?,0.881569286,0.881569286,0.51329253,0.305700558,0.121725954,
Temoa,nz,AB,Capacity|transportation|T_HDV_RICP_H2_N,?,,0.00143004,0.403448379,0.562684633,0.600279642,0.642785981
Temoa,nz,AB,Capacity|transportation|T_HDV_T_BEV_N,?,36.68358242,56.97204152,84.92218533,117.2874266,125.0536538,133.9069398
Temoa,nz,AB,Capacity|transportation|T_HDV_T_DSL_EX,?,61.67822388,46.94366169,25.77191603,,,
Temoa,nz,AB,Capacity|transportation|T_HDV_T_FCHEV_N,?,0.000203672,0.000265546,0.000343506,0.000336986,0.000205027,0.000212008
Temoa,nz,AB,Capacity|transportation|T_HDV_WTF_HFO_EX,?,41.34476869,41.34476869,39.21310663,30.5597369,8.161665736,
Temoa,nz,AB,Capacity|transportation|T_HDV_WTF_HFO_N,?,1.81842E-05,4.25551E-05,6.97492E-05,9.49974E-05,9.49974E-05,9.49974E-05
Temoa,nz,AB,Capacity|transportation|T_HDV_WTF_LNG_N,?,8.32097E-05,0.000319458,0.894577646,0.999808831,0.9999643,1.000073879
Temoa,nz,AB,Capacity|transportation|T_HDV_WTF_MDO_EX,?,7.618054945,7.618054945,5.915243624,4.136201881,1.26014774,
Temoa,nz,AB,Capacity|transportation|T_HDV_WTF_MDO_N,?,1.02311E-05,2.44479E-05,3.97655E-05,3.97655E-05,3.97655E-05,3.97655E-05
Temoa,nz,AB,Capacity|transportation|T_I_H2_ELC_ALK,?,9.98629E-05,0.000326318,0.000476098,0.000663759,0.000833784,0.00213926
Temoa,nz,AB,Capacity|transportation|T_I_H2_ELC_PEM,?,5.57309E-05,0.000209105,0.000343407,0.000531547,0.000771491,0.044750169
Temoa,nz,AB,Capacity|transportation|T_I_H2_SMR_CCS,?,0.038037761,0.038037761,0.038037761,0.038037761,0.038037761,
Temoa,nz,AB,Capacity|transportation|T_LDV_BEV_CHRG,?,0.269959995,2.00685093,11.04539954,73.07142449,85.31020693,94.53143994
Temoa,nz,AB,Capacity|transportation|T_LDV_C_BEV150_EX,?,2.008769316,1.490410826,,,,
Temoa,nz,AB,Capacity|transportation|T_LDV_C_BEV150_N,?,8.98874E-05,5.10174652,35.92060462,115.0682634,124.7033027,134.8893941
Temoa,nz,AB,Capacity|transportation|T_LDV_C_BEV200_N,?,0.000179776,10.20349304,71.84120924,230.1365269,249.4066053,269.7787882
Temoa,nz,AB,Capacity|transportation|T_LDV_C_BEV300_N,?,0.000269643,15.30523953,107.7618138,345.2047903,374.109908,404.6681822
Temoa,nz,AB,Capacity|transportation|T_LDV_C_BEV400_N,?,0.000359516,20.40698603,143.6824184,460.2730537,498.8132107,539.5575763
Temoa,nz,AB,Capacity|transportation|T_LDV_C_CNG_N,?,7.901E-05,0.00014757,0.000181721,0.000159173,0.00015638,0.000168059
Temoa,nz,AB,Capacity|transportation|T_LDV_C_DSL_EX,?,1.800448212,0.15292017,,,,
Temoa,nz,AB,Capacity|transportation|T_LDV_C_DSL_N,?,4.98411E-05,9.83051E-05,0.000121222,0.000108393,0.000110278,0.000122577
Temoa,nz,AB,Capacity|transportation|T_LDV_C_FCEV400_N,?,2.71286E-05,0.000190706,0.000316165,0.000294519,0.000237755,0.000248305
Temoa,nz,AB,Capacity|transportation|T_LDV_C_GSL_EX,?,137.4887115,66.46991144,,,,
Temoa,nz,AB,Capacity|transportation|T_LDV_C_GSL_HEV_EX,?,3.612455658,1.908287966,,,,
Temoa,nz,AB,Capacity|transportation|T_LDV_C_GSL_HEV_N,?,0.000204446,0.000339711,0.000381945,0.000292082,0.000294386,0.00032593
Temoa,nz,AB,Capacity|transportation|T_LDV_C_GSL_N,?,3.54714E-05,8.75204E-05,0.00011389,0.000120065,0.00012168,0.000136044
Temoa,nz,AB,Capacity|transportation|T_LDV_C_GSL_PHEV35_EX,?,1.246991962,0.911636801,,,,
Temoa,nz,AB,Capacity|transportation|T_LDV_C_GSL_PHEV35_N,?,886.1070471,905.1410259,743.5555681,31.52610319,13.45471009,0.830953965
Temoa,nz,AB,Capacity|transportation|T_LDV_C_GSL_PHEV50_N,?,0.000710354,0.001340581,0.001358906,0.000800796,0.00060876,0.000762184
Temoa,nz,AB,Capacity|transportation|T_LDV_LTF_BEV150_N,?,2.91602E-05,0.000127435,0.000615475,35.96704087,37.32794342,38.74022306
Temoa,nz,AB,Capacity|transportation|T_LDV_LTF_BEV200_N,?,5.83102E-05,0.000254852,0.001230932,71.93409338,74.65588683,77.48044612
Temoa,nz,AB,Capacity|transportation|T_LDV_LTF_BEV300_N,?,8.7453E-05,0.000382262,0.001846378,107.9011401,111.9838302,116.2206692
Temoa,nz,AB,Capacity|transportation|T_LDV_LTF_BEV400_N,?,0.000116618,0.000509694,0.002461846,143.8681867,149.3117736,154.9608923
Temoa,nz,AB,Capacity|transportation|T_LDV_LTF_CNG_N,?,7.26463E-05,0.000137083,0.000204056,0.000211879,0.000207911,0.000200901
Temoa,nz,AB,Capacity|transportation|T_LDV_LTF_DSL_EX,?,19.23647828,14.37609964,2.65790176,,,
Temoa,nz,AB,Capacity|transportation|T_LDV_LTF_DSL_N,?,2.6765E-05,5.85678E-05,8.9981E-05,9.24643E-05,8.81605E-05,9.08051E-05
Temoa,nz,AB,Capacity|transportation|T_LDV_LTF_FCEV400_N,?,1.95383E-05,0.000115191,0.000230551,0.000238508,0.00023554,0.000206889
Temoa,nz,AB,Capacity|transportation|T_LDV_LTF_GSL_EX,?,228.6505991,152.3061759,27.25440716,,,
Temoa,nz,AB,Capacity|transportation|T_LDV_LTF_GSL_HEV_EX,?,0.019029532,0.005189737,0.000345958,,,
Temoa,nz,AB,Capacity|transportation|T_LDV_LTF_GSL_HEV_N,?,7.87564E-05,0.000160109,0.000253697,0.000291553,0.000302368,0.000298601
Temoa,nz,AB,Capacity|transportation|T_LDV_LTF_GSL_N,?,2.96156E-05,7.14608E-05,0.000107052,0.000112541,0.00010428,0.000111239
Temoa,nz,AB,Capacity|transportation|T_LDV_LTF_GSL_PHEV35_EX,?,0.259318109,0.259318109,0.051863622,,,
Temoa,nz,AB,Capacity|transportation|T_LDV_LTF_GSL_PHEV35_N,?,370.3121959,441.866897,616.1296761,331.9839453,208.2716098,56.61557449
Temoa,nz,AB,Capacity|transportation|T_LDV_LTF_GSL_PHEV50_N,?,0.000834447,14.51166163,17.84044612,18.51531261,175.6418613,366.7813026
Temoa,nz,AB,Capacity|transportation|T_LDV_LTP_BEV150_N,?,3.05831E-05,0.000110691,2.326496926,94.45332869,134.5073717,166.5408213
Temoa,nz,AB,Capacity|transportation|T_LDV_LTP_BEV200_N,?,6.11618E-05,0.000221374,4.652993839,188.9066696,269.0147434,333.0816426
Temoa,nz,AB,Capacity|transportation|T_LDV_LTP_BEV300_EX,?,0.737514524,0.727983897,0.145120248,,,
Temoa,nz,AB,Capacity|transportation|T_LDV_LTP_BEV300_N,?,9.17445E-05,0.000332061,6.979490756,283.3600044,403.5221151,499.622464
Temoa,nz,AB,Capacity|transportation|T_LDV_LTP_BEV400_N,?,0.000122317,0.000442737,9.305987663,377.8133392,538.0294868,666.1632853
Temoa,nz,AB,Capacity|transportation|T_LDV_LTP_CNG_N,?,7.57304E-05,0.000151707,0.000227566,0.000235493,0.000232113,0.000223362
Temoa,nz,AB,Capacity|transportation|T_LDV_LTP_DSL_EX,?,11.65801056,6.769454793,1.133819603,,,
Temoa,nz,AB,Capacity|transportation|T_LDV_LTP_DSL_N,?,2.93257E-05,6.86119E-05,0.000106528,0.000110775,0.000107818,0.000107002
Temoa,nz,AB,Capacity|transportation|T_LDV_LTP_FCEV400_N,?,1.39502E-05,9.08531E-05,0.000203639,0.000245281,0.000268537,0.000264447
Temoa,nz,AB,Capacity|transportation|T_LDV_LTP_GSL_EX,?,293.6696286,178.2133244,30.64113669,,,
Temoa,nz,AB,Capacity|transportation|T_LDV_LTP_GSL_HEV_EX,?,2.064774624,1.807668126,0.3486783,,,
Temoa,nz,AB,Capacity|transportation|T_LDV_LTP_GSL_HEV_N,?,7.61039E-05,0.000181921,0.00030151,0.000349173,0.000364574,0.000351122
Temoa,nz,AB,Capacity|transportation|T_LDV_LTP_GSL_N,?,3.11547E-05,7.83094E-05,0.00012257,0.000132241,0.000131826,0.000133682
Temoa,nz,AB,Capacity|transportation|T_LDV_LTP_GSL_PHEV35_EX,?,0.439998113,0.433607533,0.086401978,,,
Temoa,nz,AB,Capacity|transportation|T_LDV_LTP_GSL_PHEV35_N,?,999.3757387,1131.275397,1357.40297,568.5672776,268.2043778,62.08759676
Temoa,nz,AB,Capacity|transportation|T_LDV_LTP_GSL_PHEV50_N,?,0.000639088,0.003876822,0.008304201,0.008202824,0.01959345,0.016735507
Temoa,nz,AB,Capacity|transportation|T_LDV_M_BEV_N,?,28.90909806,88.6056374,132.1932947,156.160599,166.5005927,178.2880695
Temoa,nz,AB,Capacity|transportation|T_LDV_M_GSL_EX,?,83.50228781,46.62642925,13.47322576,,,
Temoa,nz,AB,Capacity|transportation|T_LDV_M_GSL_N,?,0.000109106,0.000240174,0.000398485,0.000479633,0.000522854,0.000630316
Temoa,nz,AB,Capacity|transportation|T_LDV_PHEV_CHRG,?,16.04952497,17.73369165,17.72716182,6.329879074,4.645712397,4.645661432
Temoa,nz,AB,Capacity|transportation|T_MDV_CHRG,?,8.609583921,13.68776214,20.37447362,26.15747245,26.94995783,27.91741779
Temoa,nz,AB,Capacity|transportation|T_MDV_T_BEV_N,?,195.8908034,350.524027,571.8734051,760.7111465,811.0812854,868.5019642
Temoa,nz,AB,Capacity|transportation|T_MDV_T_DSL_EX,?,269.9462451,199.5035641,89.87587556,,,
Temoa,nz,AB,Capacity|transportation|T_MDV_T_DSL_HEV_N,?,2.13173E-05,3.51033E-05,4.83157E-05,5.26045E-05,3.9552E-05,3.97811E-05
Temoa,nz,AB,Capacity|transportation|T_MDV_T_DSL_N,?,1.82603E-05,2.91402E-05,3.98733E-05,4.31308E-05,3.26916E-05,3.32335E-05
Temoa,nz,AB,Capacity|transportation|T_MDV_T_DSL_PHEV_N,?,1.94463E-05,3.97077E-05,6.16423E-05,7.58415E-05,8.07425E-05,8.55239E-05
Temoa,nz,AB,Capacity|transportation|T_MDV_T_FCEV_N,?,0.000192121,0.000217653,0.000241548,0.000210386,0.000129592,0.00014281
Temoa,nz,AB,Capacity|transportation|T_MDV_T_FCHEV_N,?,0.000824136,0.000857113,0.000908083,0.000939882,0.000623991,0.001162962
Temoa,nz,AB,Capacity|transportation|T_MDV_T_GSL_EX,?,171.9171612,124.9553738,55.08904901,,,
Temoa,nz,AB,Capacity|transportation|T_MDV_T_GSL_N,?,2.25829E-05,3.87818E-05,5.48203E-05,6.12544E-05,4.79615E-05,4.79606E-05
Temoa,nz,AB,Emissions|ch4,?,11430.23818,9526.101283,6499.161442,3820.081112,3102.091322,2892.611268
Temoa,nz,AB,Emissions|ch4|F_A_DSL,?,122.3219718,135.1593896,131.0205129,127.1084715,127.5155319,129.8032986
Temoa,nz,AB,Emissions|ch4|F_A_NG,?,5.728848904,6.330076863,6.136230967,5.953009742,5.972065832,6.07919863
Temoa,nz,AB,Emissions|ch4|F_C_NG,?,16.23891022,15.81523113,14.66064505,12.86589803,10.94317562,8.992481957
Temoa,nz,AB,Emissions|ch4|F_E_BIO_M,?,0.093238231,0.125080142,0.157332467,0.200083259,0.250935104,0.303118057
Temoa,nz,AB,Emissions|ch4|F_E_COAL,?,0.001540873,0.002746669,0.003957354,0.005694045,0.007731371,0.009923821
Temoa,nz,AB,Emissions|ch4|F_E_NG,?,1283.033325,1343.922556,1379.951269,1520.14467,1337.805229,1406.038298
Temoa,nz,AB,Emissions|ch4|F_I_HFO,?,510.7665389,470.9028,422.8839,374.0409,339.7905,311.8381
Temoa,nz,AB,Emissions|ch4|F_I_NG,?,2014.484184,1812.176676,1328.200805,858.1024132,601.6418233,505.8187669
Temoa,nz,AB,Emissions|ch4|F_R_LPG,?,1.289843769,0.910478972,0.531113531,0.060699519,,
Temoa,nz,AB,Emissions|ch4|F_R_NG,?,116.8343843,77.16066358,37.48479586,4.295284753,0.011871453,0.010678468
Temoa,nz,AB,Emissions|ch4|F_R_WOOD,?,0.044286327,0.101075273,0.166242962,0.201124674,0.218456081,0.220786116
Temoa,nz,AB,Emissions|ch4|F_T_CNG,?,0.248953462,0.105077467,4.5583E-05,4.41121E-05,4.21192E-05,4.06636E-05
Temoa,nz,AB,Emissions|ch4|F_T_DSL,?,384.0978211,313.7128996,188.4518529,62.09889027,66.20895689,70.8961942
Temoa,nz,AB,Emissions|ch4|F_T_GSL,?,6848.938249,5212.959929,2846.720966,705.3795521,453.0487906,284.6132992
Temoa,nz,AB,Emissions|ch4|F_T_HFO,?,0.105769506,0.105743532,0.011148167,1.81424E-05,,
Temoa,nz,AB,Emissions|ch4|F_T_JTF,?,97.21115064,104.795847,108.6695092,113.9267009,120.9696198,129.5337763
Temoa,nz,AB,Emissions|ch4|F_T_LNG,?,27.29643374,30.27384553,32.57003954,34.22382563,36.23626811,38.4531831
Temoa,nz,AB,Emissions|ch4|F_T_NG,?,1.502733523,1.541165179,1.541075865,1.473831972,1.470325075,0.000123646
Temoa,nz,AB,Emissions|co2,?,222273.1459,202132.544,161767.4888,121966.2719,101040.8415,91196.46338
Temoa,nz,AB,Emissions|co2e,?,201430.2482,183253.2708,146431.7797,110059.1392,90640.75888,81556.1811
Temoa,nz,AB,Emissions|co2e|E_COAL_CCS_RFIT_90,?,-0.045949088,-0.089388228,-0.133091366,-0.194862835,-0.267442754,-0.345906207
Temoa,nz,AB,Emissions|co2e|E_COAL_CCS_RFIT_95,?,-0.053643403,-0.103507514,-0.153120334,-0.223798588,-0.3066232,-0.395155027
Temoa,nz,AB,Emissions|co2e|E_NG_CCS-NEW,?,-0.480999454,-0.911435649,-0.289333958,-181.9846895,-1605.552284,-2955.437842
Temoa,nz,AB,Emissions|co2e|E_NG_CCS_RFIT_90,?,-0.280772598,-0.363204406,-0.209848292,-0.28501043,-0.404151759,-0.503759737
Temoa,nz,AB,Emissions|co2e|E_NG_CCS_RFIT_95,?,-0.465048822,-0.652099635,-0.320866311,-0.410409387,-0.586828153,-0.747533448
Temoa,nz,AB,Emissions|co2e|F_A_DSL,?,2548.458636,2815.913681,2729.684231,2648.180675,2656.661381,2704.324762
Temoa,nz,AB,Emissions|co2e|F_A_NG,?,301.2431584,332.8578532,322.6647497,313.0303289,314.0323657,319.6657874
Temoa,nz,AB,Emissions|co2e|F_C_NG,?,853.8993937,831.6208471,770.9086232,676.5344705,575.4309188,472.8565393
Temoa,nz,AB,Emissions|co2e|F_E_BIO_M,?,0.035082274,0.047063267,0.059198685,0.075284307,0.094418072,0.114052686
Temoa,nz,AB,Emissions|co2e|F_E_COAL,?,0.127649096,0.227539771,0.32783548,0.471706576,0.640482862,0.822110056
Temoa,nz,AB,Emissions|co2e|F_E_NG,?,5137.624161,5381.441667,5525.710705,6087.084282,5356.946178,5630.170464
Temoa,nz,AB,Emissions|co2e|F_I_BIO,?,4554.347911,5497.232,6442.748,6423.482,6567.236,6411.626
Temoa,nz,AB,Emissions|co2e|F_I_HFO,?,56220.06302,51832.26206,46546.82267,41170.67461,37400.73374,34324.01362
Temoa,nz,AB,Emissions|co2e|F_I_NG,?,105898.9834,95263.92383,69821.9009,45109.4002,31627.57891,26590.27738
Temoa,nz,AB,Emissions|co2e|F_R_LPG,?,73.56433181,51.92782166,30.29127476,3.461907311,,
Temoa,nz,AB,Emissions|co2e|F_R_NG,?,6143.565579,4057.38088,1971.083282,225.8612798,0.624243026,0.561511678
Temoa,nz,AB,Emissions|co2e|F_R_WOOD,?,0.016663391,0.038031078,0.062551392,0.075676155,0.082197355,0.083074066
Temoa,nz,AB,Emissions|co2e|F_T_CNG,?,13.08718071,5.523794638,0.002396243,0.002318921,0.002214157,0.002137634
Temoa,nz,AB,Emissions|co2e|F_T_DSL,?,8002.302407,6535.901414,3926.210027,1293.769638,1379.398856,1477.052861
Temoa,nz,AB,Emissions|co2e|F_T_ETH,?,712.1819974,773.9658209,422.6513841,104.7273855,67.26395059,42.25640879
Temoa,nz,AB,Emissions|co2e|F_T_GSL,?,6032.999837,4591.921443,2507.580956,621.3451733,399.0754742,250.706303
Temoa,nz,AB,Emissions|co2e|F_T_HFO,?,11.64204746,11.63918856,1.227078486,0.001996929,0.000689024,
Temoa,nz,AB,Emissions|co2e|F_T_JTF,?,3158.059976,3404.460989,3530.303113,3701.091407,3929.891909,4208.112256
Temoa,nz,AB,Emissions|co2e|F_T_LNG,?,1434.940323,1591.459239,1712.167366,1799.104889,1904.896542,2021.437067
Temoa,nz,AB,Emissions|co2e|F_T_MDO,?,0.000156116,0.000275099,0.000406798,0.000270653,8.17699E-05,0.000143546
Temoa,nz,AB,Emissions|co2e|F_T_NG,?,78.99687361,81.01717905,81.01248388,77.47755423,77.29320093,0.006499935
Temoa,nz,AB,Emissions|co2e|F_T_RDSL,?,322.4770615,263.3839831,158.2185486,52.136374,55.58706321,59.5223277
Temoa,nz,AB,Emissions|co2e|T_I_H2_SMR_CCS,?,-67.04224413,-68.75616325,-68.75184775,-65.75149223,-65.59461018,
Temoa,nz,AB,Emissions|co2|E_COAL_CCS_RFIT_90,?,-0.045949088,-0.089388228,-0.133091366,-0.194862835,-0.267442754,-0.345906207
Temoa,nz,AB,Emissions|co2|E_COAL_CCS_RFIT_95,?,-0.053643403,-0.103507514,-0.153120334,-0.223798588,-0.3066232,-0.395155027
Temoa,nz,AB,Emissions|co2|E_NG_CCS-NEW,?,-0.480999454,-0.911435649,-0.289333958,-181.9846895,-1605.552284,-2955.437842
Temoa,nz,AB,Emissions|co2|E_NG_CCS_RFIT_90,?,-0.280772598,-0.363204406,-0.209848292,-0.28501043,-0.404151759,-0.503759737
Temoa,nz,AB,Emissions|co2|E_NG_CCS_RFIT_95,?,-0.465048822,-0.652099635,-0.320866311,-0.410409387,-0.586828153,-0.747533448
Temoa,nz,AB,Emissions|co2|F_A_DSL,?,2444.678901,2701.242494,2618.524527,2540.340004,2548.475353,2594.197761
Temoa,nz,AB,Emissions|co2|F_A_NG,?,299.6033141,331.0459115,320.908295,311.3263201,312.3229022,317.9256579
Temoa,nz,AB,Emissions|co2|F_C_NG,?,849.2511154,827.093844,766.7121126,672.8516941,572.2985087,470.2825021
Temoa,nz,AB,Emissions|co2|F_E_BIO_M,?,0.028931638,0.03881212,0.048819952,0.062085438,0.077864664,0.094056931
Temoa,nz,AB,Emissions|co2|F_E_COAL,?,0.127325512,0.22696297,0.327004435,0.470510827,0.638859274,0.820026053
Temoa,nz,AB,Emissions|co2|F_E_NG,?,5066.672418,5307.122749,5449.399399,6003.020281,5282.965548,5552.416546
Temoa,nz,AB,Emissions|co2|F_IMP_CNG,?,0.890950613,0.376049535,0.000163132,0.000157868,0.000150736,0.000145526
Temoa,nz,AB,Emissions|co2|F_IMP_COAL,?,0.022202775,0.039577361,0.057022396,0.082046761,0.111403035,0.142994545
Temoa,nz,AB,Emissions|co2|F_IMP_DSL,?,2668.897015,2365.614318,1683.660187,997.1469718,1020.952808,1057.711971
Temoa,nz,AB,Emissions|co2|F_IMP_GSL,?,1546.963818,1251.427434,784.0276764,360.7586436,312.4085713,283.6804216
Temoa,nz,AB,Emissions|co2|F_IMP_HFO,?,9454.950185,8717.173044,7826.714324,6922.548336,6288.660116,5771.332
Temoa,nz,AB,Emissions|co2|F_IMP_JTF,?,681.7051237,734.8937377,762.0582696,798.9249713,848.3143041,908.3715029
Temoa,nz,AB,Emissions|co2|F_IMP_LPG,?,14.50620921,10.23968853,5.973160609,0.682656261,,
Temoa,nz,AB,Emissions|co2|F_IMP_MDO,?,2.64522E-05,4.66127E-05,6.89277E-05,4.58594E-05,1.3855E-05,2.43224E-05
Temoa,nz,AB,Emissions|co2|F_IMP_NG,?,8058.244262,7209.473098,5340.346888,3569.754053,2580.507839,2244.153273
Temoa,nz,AB,Emissions|co2|F_IMP_SPK,?,4.23714E-05,0.000115487,0.000206592,0.000324083,0.000491351,0.000437435
Temoa,nz,AB,Emissions|co2|F_I_BIO,?,4554.347911,5497.232,6442.748,6423.482,6567.236,6411.626
Temoa,nz,AB,Emissions|co2|F_I_HFO,?,56039.47503,51665.7684,46397.3067,41038.4277,37280.5965,34213.7593
Temoa,nz,AB,Emissions|co2|F_I_NG,?,105352.0782,94771.94235,69461.31233,44876.43699,31464.24129,26452.95442
Temoa,nz,AB,Emissions|co2|F_R_LPG,?,72.12003681,50.90831816,29.6965635,3.39393938,,
Temoa,nz,AB,Emissions|co2|F_R_NG,?,6110.122526,4035.294161,1960.353512,224.6317836,0.620844903,0.558455039
Temoa,nz,AB,Emissions|co2|F_R_WOOD,?,0.013741959,0.031363456,0.051584861,0.062408587,0.067786488,0.068509493
Temoa,nz,AB,Emissions|co2|F_T_CNG,?,13.01959321,5.495267525,0.002383868,0.002306946,0.002202722,0.002126594
Temoa,nz,AB,Emissions|co2|F_T_DSL,?,7676.428243,6269.742838,3766.324741,1241.084039,1323.226217,1416.903501
Temoa,nz,AB,Emissions|co2|F_T_ETH,?,712.1819974,773.9658209,422.6513841,104.7273855,67.26395059,42.25640879
Temoa,nz,AB,Emissions|co2|F_T_GSL,?,5806.592708,4419.595273,2413.476163,598.0272584,384.0989228,241.2977673
Temoa,nz,AB,Emissions|co2|F_T_HFO,?,11.60465131,11.60180159,1.223136911,0.001990514,0.00068681,
Temoa,nz,AB,Emissions|co2|F_T_JTF,?,3079.034809,3319.270049,3441.963184,3608.477787,3831.55294,4102.811288
Temoa,nz,AB,Emissions|co2|F_T_LNG,?,1427.52971,1583.240299,1703.32504,1789.813583,1895.058885,2010.997548
Temoa,nz,AB,Emissions|co2|F_T_MDO,?,0.000153842,0.000271092,0.000400873,0.000266711,8.05788E-05,0.000141455
Temoa,nz,AB,Emissions|co2|F_T_NG,?,78.58890177,80.59877352,80.59410261,77.07742876,76.89402754,0.006466367
Temoa,nz,AB,Emissions|co2|F_T_RDSL,?,322.4770615,263.3839831,158.2185486,52.136374,55.58706321,59.5223277
Temoa,nz,AB,Emissions|co2|T_I_H2_SMR_CCS,?,-67.68483133,-69.41517804,-69.41082118,-66.38170782,-66.22332209,
Temoa,nz,AB,Emissions|n2o,?,4624.882514,4185.252808,3239.902284,2326.641079,2063.684352,1993.10394
Temoa,nz,AB,Emissions|n2o|F_A_DSL,?,367.599708,406.1784766,393.7404013,381.9840075,383.2072978,390.0824517
Temoa,nz,AB,Emissions|n2o|F_A_NG,?,5.419181395,5.987910546,5.804542807,5.631225431,5.649251463,5.750593298
Temoa,nz,AB,Emissions|n2o|F_C_NG,?,15.36113129,14.96035377,13.86817775,12.17044408,10.35165262,8.506401851
Temoa,nz,AB,Emissions|n2o|F_E_BIO_M,?,0.012966906,0.017395252,0.021880674,0.027826149,0.03489826,0.042155491
Temoa,nz,AB,Emissions|n2o|F_E_COAL,?,0.001027248,0.001831113,0.002638236,0.00379603,0.005154247,0.006615881
Temoa,nz,AB,Emissions|n2o|F_E_NG,?,128.3033325,134.3922556,137.9951269,152.014467,133.7805229,140.6038298
Temoa,nz,AB,Emissions|n2o|F_I_HFO,?,609.1081561,561.56916,504.30483,446.05773,405.21285,371.87857
Temoa,nz,AB,Emissions|n2o|F_I_NG,?,1796.70211,1616.265684,1184.611529,765.3345847,536.599464,451.1356569
Temoa,nz,AB,Emissions|n2o|F_R_LPG,?,5.158166226,3.641062581,2.12395636,0.242741189,,
Temoa,nz,AB,Emissions|n2o|F_R_NG,?,110.5190121,72.9898169,35.45859068,4.063107198,0.011229753,0.010101254
Temoa,nz,AB,Emissions|n2o|F_R_WOOD,?,0.006159026,0.014056826,0.023119882,0.027970981,0.030381309,0.030705354
Temoa,nz,AB,Emissions|n2o|F_T_CNG,?,0.222039574,0.093717741,4.06551E-05,3.93433E-05,3.75658E-05,3.62675E-05
Temoa,nz,AB,Emissions|n2o|F_T_DSL,?,1154.283607,942.7641543,566.3319933,186.6184267,198.9699223,213.0559204
Temoa,nz,AB,Emissions|n2o|F_T_GSL,?,126.8749385,96.5688325,52.73482318,13.06698704,8.392620194,5.272393111
Temoa,nz,AB,Emissions|n2o|F_T_HFO,?,0.126134082,0.126103108,0.013294605,2.16354E-05,,
Temoa,nz,AB,Emissions|n2o|F_T_JTF,?,279.4991007,301.3064325,312.4438905,327.5592382,347.8088647,372.4323162
Temoa,nz,AB,Emissions|n2o|F_T_LNG,?,24.34546793,27.00099737,29.04895419,30.52395259,32.31883372,34.29608223
Temoa,nz,AB,Emissions|n2o|F_T_MDO,?,,1.42218E-05,2.10302E-05,1.39919E-05,,
Temoa,nz,AB,Emissions|n2o|F_T_NG,?,1.340275845,1.374552727,1.374473068,1.314498786,1.311371013,0.000110279
Temoa,nz,AB-BC,Activity|electricity,?,0.347019789,0.64861614,0.18245634,0.580132506,0.112605116,0.34903451
Temoa,nz,AB-BC,Activity|electricity|E_INT,?,0.347019789,0.64861614,0.18245634,0.580132506,0.112605116,0.34903451
Temoa,nz,AB-BC,Capacity|electricity,?,1.188,1.188,1.188,1.188,1.188,1.188
Temoa,nz,AB-BC,Capacity|electricity|E_INT,?,1.188,1.188,1.188,1.188,1.188,1.188
Temoa,nz,AB-SK,Activity|electricity,?,0.582112122,0.634157084,0.367678468,0.524939662,0.563191516,0.56737779
Temoa,nz,AB-SK,Activity|electricity|E_INT,?,0.582112122,0.634157084,0.367678468,0.524939662,0.563191516,0.56737779
Temoa,nz,AB-SK,Capacity|electricity,?,0.153,0.153,0.153,0.153,0.153,0.153
Temoa,nz,AB-SK,Capacity|electricity|E_INT,?,0.153,0.153,0.153,0.153,0.153,0.153
Temoa,nz,BC,Activity|agriculture|A_AGRI,?,32,35.35832861,34.27557923,33.2521708,33.35865973,33.95715048
Temoa,nz,BC,Activity|agriculture|E_A_ELC,?,3.200001134,3.53583505,3.427565366,3.325230492,3.335895155,3.395778193
Temoa,nz,BC,Activity|agriculture|F_A_DSL,?,14.624,16.15875617,15.66393971,15.19624206,15.2449075,15.51841777
Temoa,nz,BC,Activity|agriculture|F_A_GSL,?,3.648,4.030849461,3.907416032,3.790747471,3.802887209,3.871115155
Temoa,nz,BC,Activity|agriculture|F_A_NG,?,10.52799887,11.63288792,11.27665812,10.93995078,10.97496987,11.17183936
Temoa,nz,BC,Activity|commercial,?,241.9442372,267.335691,286.346382,297.5511848,310.1846875,329.1559029
Temoa,nz,BC,Activity|commercial|C_OTHER,?,55.92439863,61.79353933,66.18779177,68.77774202,71.69791491,76.0830265
Temoa,nz,BC,Activity|commercial|C_SPHC_HP_AIR-NEW,?,101.8905526,112.5836851,120.5896765,125.3083633,130.6287632,138.6181692
Temoa,nz,BC,Activity|commercial|E_C_ELC,?,74.47261503,83.5537403,90.85077693,95.81421133,101.3505124,109.1072145
Temoa,nz,BC,Activity|commercial|F_C_NG,?,9.656670967,9.4047263,8.718136793,7.650868098,6.507496996,5.347492795
Temoa,nz,BC,Activity|electricity,?,1105.752185,1200.247524,1283.634004,1397.497352,1473.118294,1606.992056
Temoa,nz,BC,Activity|electricity|E_BAT_2H-NEW,?,0.000143467,0.000377685,0.001016492,0.001889586,0.001286029,0.003111996
Temoa,nz,BC,Activity|electricity|E_BAT_4H-NEW,?,4.14732E-05,0.000141068,0.000563604,0.00113704,0.001649239,0.004687919
Temoa,nz,BC,Activity|electricity|E_BIO_G-EXS,?,,0.000141047,0.000140599,,9.44729E-05,
Temoa,nz,BC,Activity|electricity|E_ELC_DX_to_DEM,?,307.3932264,338.3234275,366.1484801,406.0045577,430.7059569,474.7809986
Temoa,nz,BC,Activity|electricity|E_ELC_TX_to_DX,?,278.5484597,309.4784682,337.3037751,380.0328809,404.7343368,448.8098909
Temoa,nz,BC,Activity|electricity|E_HYD_DLY-EXS,?,45.37977221,45.37975864,45.37973454,45.37969601,45.37966058,45.37954598
Temoa,nz,BC,Activity|electricity|E_HYD_MLY-EXS,?,144.6125902,144.4194146,140.1525935,133.1365112,131.1366284,128.5504759
Temoa,nz,BC,Activity|electricity|E_HYD_MLY-EXS-IN,?,144.6125898,144.4194143,140.1525932,133.1365109,131.1366281,128.5504756
Temoa,nz,BC,Activity|electricity|E_HYD_ROR-EXS,?,25.97169479,25.97168381,25.971494,25.97137932,25.97122324,25.97103769
Temoa,nz,BC,Activity|electricity|E_INT_IN-USA,?,11.82470465,11.82468878,11.82444989,11.8242933,11.82406571,11.82375053
Temoa,nz,BC,Activity|electricity|E_INT_OUT-USA,?,19.7142408,19.7142408,19.7142408,19.7142408,19.7142408,19.7142408
Temoa,nz,BC,Activity|electricity|E_NG_CC-EXS,?,0.000673523,0.003296962,0.000184672,0.021855325,,
Temoa,nz,BC,Activity|electricity|E_NG_CC-NEW,?,,0.000995427,,0.000162898,0.000176743,0.000372668
Temoa,nz,BC,Activity|electricity|E_NG_CCS-NEW,?,0.002092048,0.004945975,0.000633333,0.000742295,3.43433E-05,0.000132181
Temoa,nz,BC,Activity|electricity|E_NG_CC_RFIT_BYPASS,?,,0.001435073,,0.021684485,0.00013193,0.00026017
Temoa,nz,BC,Activity|electricity|E_NG_CG-EXS,?,2.872801133,2.872801228,2.87280087,,,
Temoa,nz,BC,Activity|electricity|E_SOL_PV-EXS,?,0.006783789,0.006739835,0.006745913,,,
Temoa,nz,BC,Activity|electricity|E_SOL_PV-NEW-1,?,0.002950333,0.024972501,0.075790682,7.450319637,40.0641036,65.90146801
Temoa,nz,BC,Activity|electricity|E_SOL_PV-NEW-2,?,0.0023623,0.012336724,0.027701157,0.051269203,0.07960823,0.115153981
Temoa,nz,BC,Activity|electricity|E_SOL_PV-NEW-3,?,0.004107602,9.729934894,45.38259826,61.28603094,61.32002675,61.32923266
Temoa,nz,BC,Activity|electricity|E_SOL_PV-NEW-4,?,0.003471992,0.048172404,0.153646289,35.11509955,35.21262716,35.24306555
Temoa,nz,BC,Activity|electricity|E_SOL_PV-NEW-5,?,0.003810693,0.267018373,0.568338711,0.846538428,1.323522508,26.63578323
Temoa,nz,BC,Activity|electricity|E_WND_ON-EXS,?,8.193092712,8.193093636,8.192643053,3.605213748,0.491894551,
Temoa,nz,BC,Activity|electricity|E_WND_ON-NEW-1,?,13.00061749,13.01888314,13.03619928,13.05351725,13.06997983,13.08542743
Temoa,nz,BC,Activity|electricity|E_WND_ON-NEW-10,?,7.625030454,7.642310446,7.656858104,7.671956659,7.686097298,7.699267352
Temoa,nz,BC,Activity|electricity|E_WND_ON-NEW-11,?,0.015951594,0.066606825,0.072622594,0.079259631,0.085410505,0.092501697
Temoa,nz,BC,Activity|electricity|E_WND_ON-NEW-12,?,17.92141701,17.93942148,17.95353224,17.96773686,17.98082592,17.99308957
Temoa,nz,BC,Activity|electricity|E_WND_ON-NEW-13,?,15.30771605,15.41712202,15.42894781,15.4422536,15.45378964,15.46442678
Temoa,nz,BC,Activity|electricity|E_WND_ON-NEW-2,?,10.60973995,10.62457779,10.63757597,10.65193563,10.66488561,10.67704569
Temoa,nz,BC,Activity|electricity|E_WND_ON-NEW-3,?,14.65752762,14.67357281,14.6879099,14.70320979,14.71723357,14.73050838
Temoa,nz,BC,Activity|electricity|E_WND_ON-NEW-4,?,5.558707253,5.965882359,5.977424564,5.989529682,6.000595933,6.011278759
Temoa,nz,BC,Activity|electricity|E_WND_ON-NEW-5,?,10.05538191,10.07387398,10.09134534,10.10877995,10.12539612,10.14105502
Temoa,nz,BC,Activity|electricity|E_WND_ON-NEW-6,?,7.826230159,7.843941305,7.860317141,7.876665098,7.892287472,7.906941307
Temoa,nz,BC,Activity|electricity|E_WND_ON-NEW-7,?,0.114094763,12.47970481,12.4911984,12.50260398,12.51317578,12.52349154
Temoa,nz,BC,Activity|electricity|E_WND_ON-NEW-8,?,7.699972531,7.721147537,7.732843948,7.744650523,7.755734756,7.765795079
Temoa,nz,BC,Activity|electricity|E_WND_ON-NEW-9,?,0.167148121,10.02347492,10.03552972,10.04724612,10.0586769,10.06953795
Temoa,nz,BC,Activity|electricity|F_E_NG,?,6.04304049,6.059505622,6.041534277,0.055994555,0.016308788,0.018004776
Temoa,nz,BC,Activity|fuel|F_IMP_BIO,?,199.4,231.91,240.68,236.82,228.47,226.89
Temoa,nz,BC,Activity|fuel|F_IMP_CNG,?,0.044611708,0.018441038,,,,
Temoa,nz,BC,Activity|fuel|F_IMP_DSL,?,66.15691964,62.19163256,50.33349959,39.79717058,41.36655479,43.48898548
Temoa,nz,BC,Activity|fuel|F_IMP_ETH,?,9.547176345,10.26739215,5.653156686,1.363435795,0.870350316,0.516195276
Temoa,nz,BC,Activity|fuel|F_IMP_GSL,?,80.89333588,62.21273833,35.94197059,11.51688364,8.734872333,6.796221717
Temoa,nz,BC,Activity|fuel|F_IMP_HFO,?,110.3113221,103.3713225,85.35441229,81.55001224,77.80000622,78.97000152
Temoa,nz,BC,Activity|fuel|F_IMP_JTF,?,97.76094332,103.3845163,104.0066451,108.8611987,113.4458598,121.4773585
Temoa,nz,BC,Activity|fuel|F_IMP_LNG,?,17.10169709,20.22367947,32.80418156,34.43639099,36.49684295,38.74717308
Temoa,nz,BC,Activity|fuel|F_IMP_LPG,?,0.70371153,0.469566639,0.235420592,0.026906093,,
Temoa,nz,BC,Activity|fuel|F_IMP_NG,?,331.137274,283.3401631,231.6969639,197.3798628,190.9296881,237.1959374
Temoa,nz,BC,Activity|fuel|F_IMP_OIL,?,0.323273049,0.238095382,0.15305647,0.061225253,,
Temoa,nz,BC,Activity|fuel|F_IMP_RDSL,?,2.147204985,1.918036516,1.444564995,1.025038689,1.088401971,1.165440321
Temoa,nz,BC,Activity|fuel|F_IMP_WOOD,?,0.322493029,0.215048196,0.107608403,,,
Temoa,nz,BC,Activity|industrial|E_I_ELC,?,101.9699923,114.729991,121.1699876,126.9999645,140.5299459,166.6898843
Temoa,nz,BC,Activity|industrial|F_I_BIO,?,199.4,231.91,240.68,236.82,228.47,226.89
Temoa,nz,BC,Activity|industrial|F_I_HFO,?,97.96,91.02,85.35,81.55,77.8,78.97
Temoa,nz,BC,Activity|industrial|F_I_NG,?,243.13,216.37,188.45,175.56,172.01,220.65
Temoa,nz,BC,Activity|industrial|I_IND,?,642.46,654.03,635.65,620.93,618.81,693.2
Temoa,nz,BC,Activity|residential,?,309.4315266,292.1996198,280.9040627,279.302944,286.162356,298.2573236
Temoa,nz,BC,Activity|residential|E_R_ELC,?,86.96070211,88.50277605,92.8541294,98.22342699,99.18566322,103.249489
Temoa,nz,BC,Activity|residential|F_R_LPG,?,0.70371153,0.469566639,0.235420592,0.026906093,,
Temoa,nz,BC,Activity|residential|F_R_NG,?,60.41313299,38.43426645,15.84288359,1.80615358,0.008997928,0.007523657
Temoa,nz,BC,Activity|residential|F_R_OIL,?,0.323273049,0.238095382,0.15305647,0.061225253,,
Temoa,nz,BC,Activity|residential|F_R_WOOD,?,0.322493029,0.215048196,0.107608403,,,
Temoa,nz,BC,Activity|residential|R_APP_CL_WASH-EXS,?,0.072661863,0.029055661,,,,
Temoa,nz,BC,Activity|residential|R_APP_CL_WASH-TYP-NEW,?,0.033583361,0.079581661,0.113520722,0.117182537,0.122231873,0.127717136
Temoa,nz,BC,Activity|residential|R_APP_COOK_ELEC-EXS,?,0.0732725,0.045090759,0.012032059,,,
Temoa,nz,BC,Activity|residential|R_APP_COOK_ELEC-TYP-NEW,?,0.033777841,0.067626151,0.108301943,0.12526836,0.13115404,0.136764412
Temoa,nz,BC,Activity|residential|R_APP_COOK_NG-EXS,?,0.005711114,0.002203174,,,,
Temoa,nz,BC,Activity|residential|R_APP_DRY_ELEC-EXS,?,0.055737191,0.027800284,,,,
Temoa,nz,BC,Activity|residential|R_APP_DRY_ELEC-TYP-NEW,?,0.047611755,0.080715673,0.117749303,0.124961781,0.131356343,0.136620513
Temoa,nz,BC,Activity|residential|R_APP_DRY_NG-EXS,?,0.005066672,0.001776709,,,,
Temoa,nz,BC,Activity|residential|R_APP_DRY_NG-TYP-NEW,?,0.003631295,0.003747236,0.001693117,,,
Temoa,nz,BC,Activity|residential|R_APP_DS_WASH-EXS,?,0.057866454,0.031486952,0.000923672,,,
Temoa,nz,BC,Activity|residential|R_APP_DS_WASH-TYP-NEW,?,0.036641215,0.064020898,0.096657936,0.104304279,0.109670316,0.114066526
Temoa,nz,BC,Activity|residential|R_APP_FREZ-EXS,?,0.06334623,0.044714978,0.026083725,0.001483386,,
Temoa,nz,BC,Activity|residential|R_APP_FREZ-TYP-NEW,?,0.024199246,0.044811439,0.067460197,0.094635537,0.101854316,0.106230918
Temoa,nz,BC,Activity|residential|R_APP_OTH,?,2.326954836,2.379608108,2.486393215,2.594642246,2.707283048,2.823612938
Temoa,nz,BC,Activity|residential|R_APP_REFR-EXS,?,0.080114379,0.008674757,,,,
Temoa,nz,BC,Activity|residential|R_APP_REFR-TYP-NEW,?,0.066570008,0.140847575,0.156734912,0.163558613,0.170659158,0.177992252
Temoa,nz,BC,Activity|residential|R_LGT_CFL-EXS,?,3.153201821,2.027080427,0.770296096,,,
Temoa,nz,BC,Activity|residential|R_LGT_LED-EXS,?,4.509603639,4.509610307,4.284149581,4.50960308,3.607659209,2.480257544
Temoa,nz,BC,Activity|residential|R_LGT_LED-TYP-NEW,?,11.71843023,13.61438373,16.38841516,18.16019728,20.42179408,22.7125643
Temoa,nz,BC,Activity|residential|R_LGT_T12-EXS,?,1.380344825,1.080289594,0.741205633,0.480116848,0.125452096,
Temoa,nz,BC,Activity|residential|R_SPC_CENT_AC-EXS,?,5.39214191,3.806105404,2.220239433,0.253770663,,
Temoa,nz,BC,Activity|residential|R_SPC_ROOM_AC-EXS,?,1.047403479,,,,,
Temoa,nz,BC,Activity|residential|R_SPHC_AIR_HP-TYP-NEW,?,41.42128427,63.94475474,87.77248822,113.1173457,123.8981339,129.2213053
Temoa,nz,BC,Activity|residential|R_SPH_ELEC-EXS,?,18.8463407,13.69929024,8.806838681,3.70798124,,
Temoa,nz,BC,Activity|residential|R_SPH_ELEC_RAD-NEW,?,,7.47665E-05,0.001051851,0.002431446,0.003692489,0.004968581
Temoa,nz,BC,Activity|residential|R_SPH_HP-EXS,?,3.208388752,1.750029643,0.11666722,,,
Temoa,nz,BC,Activity|residential|R_SPH_NG-ELC-EXS,?,0.964282287,0.680688233,0.377176299,0.045288021,,
Temoa,nz,BC,Activity|residential|R_SPH_NG-EXS,?,32.96914504,23.27233761,13.57540034,1.551463799,,
Temoa,nz,BC,Activity|residential|R_SPH_NG_FRN-TYP-NEW,?,,0.001011624,0.001369741,0.002121404,0.001371506,
Temoa,nz,BC,Activity|residential|R_SPH_OIL-ELC-EXS,?,0.058631221,0.040331658,0.023540168,0.006700614,,
Temoa,nz,BC,Activity|residential|R_SPH_OIL-EXS,?,0.053724532,0.039580129,0.0254442,0.010094754,,
Temoa,nz,BC,Activity|residential|R_SPH_OTH-EXS,?,0.285867186,0.201788786,0.117710296,0.013453047,,
Temoa,nz,BC,Activity|residential|R_SPH_WOOD-ELC-EXS,?,1.893153336,1.219071079,0.609546671,,,
Temoa,nz,BC,Activity|residential|R_SPH_WOOD-EXS,?,0.161227701,0.107485408,0.053742993,,,
Temoa,nz,BC,Activity|residential|R_SPH_WOOD-OIL-EXS,?,0.198313643,0.146125843,0.093938042,0.037575217,,
Temoa,nz,BC,Activity|residential|R_WAH_ELC-EXS,?,4.748427522,2.590051822,0.172672727,,,
Temoa,nz,BC,Activity|residential|R_WAH_ELEC-TYP-NEW,?,,8.640947322,21.0731161,33.95253225,35.42751078,36.95015745
Temoa,nz,BC,Activity|residential|R_WAH_HP-TYP-NEW,?,14.11624665,14.11941113,11.298404,0.008519978,0.007871697,0.008053027
Temoa,nz,BC,Activity|residential|R_WAH_LPG-EXS,?,0.076067526,0.038034044,,,,
Temoa,nz,BC,Activity|residential|R_WAH_NG-EXS,?,11.51924166,5.759621556,,,,
Temoa,nz,BC,Activity|transportation,?,1000.451911,1025.673757,989.6272676,967.5460855,1011.057212,1070.576011
Temoa,nz,BC,Activity|transportation|E_T_ELC,?,40.78990806,48.00107606,57.8460084,81.64168881,86.30388609,92.338517
Temoa,nz,BC,Activity|transportation|F_T_CNG,?,0.044611708,0.018441038,,,,
Temoa,nz,BC,Activity|transportation|F_T_DSL,?,51.53291964,46.03287638,34.66955988,24.60092853,26.12164729,27.97056771
Temoa,nz,BC,Activity|transportation|F_T_ETH,?,9.547176345,10.26739215,5.653156686,1.363435795,0.870350316,0.516195276
Temoa,nz,BC,Activity|transportation|F_T_GSL,?,77.24533588,58.18188887,32.03455456,7.726136171,4.931985124,2.925106562
Temoa,nz,BC,Activity|transportation|F_T_HFO,?,12.35132214,12.35132249,0.003512813,,,
Temoa,nz,BC,Activity|transportation|F_T_JTF,?,97.76094332,103.3845163,104.0066451,108.8611987,113.4458598,121.4773585
Temoa,nz,BC,Activity|transportation|F_T_LNG,?,17.10169709,20.22367947,32.80418156,34.43639099,36.49684295,38.74717308
Temoa,nz,BC,Activity|transportation|F_T_NG,?,1.366430664,1.438776841,1.367751097,1.366895803,1.411499641,
Temoa,nz,BC,Activity|transportation|F_T_RDSL,?,2.147204985,1.918036516,1.444564995,1.025038689,1.088401971,1.165440321
Temoa,nz,BC,Activity|transportation|T_BLND_ETH_GSL,?,86.79251222,68.44928102,37.68771124,9.089571965,5.802335439,3.441301838
Temoa,nz,BC,Activity|transportation|T_BLND_GSL_ELC_PHEV35,?,45.2382105,48.75698238,45.05646977,13.02781155,5.438389249,1.206583437
Temoa,nz,BC,Activity|transportation|T_BLND_GSL_ELC_PHEV50,?,,,1.705423716,1.702310403,4.709612268,5.334692873
Temoa,nz,BC,Activity|transportation|T_BLND_JTF,?,97.76094041,103.3845086,104.0066317,108.8611774,113.4458275,121.4773294
Temoa,nz,BC,Activity|transportation|T_BLND_RDSL_DSL,?,53.68012462,47.9509129,36.11412487,25.62596721,27.21004926,29.13600803
Temoa,nz,BC,Activity|transportation|T_ELC_AC_DC,?,,0.035087105,0.013389397,0.012594779,0.037664795,1.313345254
Temoa,nz,BC,Activity|transportation|T_H2_COMP_100_700,?,1.002731943,1.083205935,1.014790153,1.015293638,1.067533597,1.076565133
Temoa,nz,BC,Activity|transportation|T_H2_COMP_10_100,?,1.002731943,1.083205935,1.014757549,1.015271916,1.067510738,1.076561686
Temoa,nz,BC,Activity|transportation|T_H2_HDV_REFUEL,?,0.997639993,1.077710203,1.009715993,1.010235168,1.062250279,1.072740472
Temoa,nz,BC,Activity|transportation|T_H2_distribution,?,1.002731943,1.083205935,1.014900057,1.015433668,1.067687711,1.078221145
Temoa,nz,BC,Activity|transportation|T_HDV_AJF_JFL_EX,?,0.643243529,0.56165949,0.439410982,0.304682721,,
Temoa,nz,BC,Activity|transportation|T_HDV_AJF_JFL_N,?,0.217044048,0.395934865,0.592068665,0.801103848,1.178999573,1.262470897
Temoa,nz,BC,Activity|transportation|T_HDV_AJP_JFL_EX,?,48.88744574,43.7594308,32.3723905,21.92917102,,
Temoa,nz,BC,Activity|transportation|T_HDV_AJP_JFL_N,?,15.85418069,28.30527015,45.25283921,61.28840754,88.72773194,95.00928827
Temoa,nz,BC,Activity|transportation|T_HDV_BIC_DSL_EX,?,0.042517072,0.018062118,,,,
Temoa,nz,BC,Activity|transportation|T_HDV_BIC_FCEV_N,?,0.696950153,0.807347447,0.891756697,0.956003509,1.019288043,1.091422979
Temoa,nz,BC,Activity|transportation|T_HDV_BIC_GSL_EX,?,0.003184192,0.000524894,,,,
Temoa,nz,BC,Activity|transportation|T_HDV_BS_BEV_N,?,,0.034068871,2.331884936,5.511943693,6.025292916,6.520640036
Temoa,nz,BC,Activity|transportation|T_HDV_BS_CNG_EX,?,0.055385651,0.023475506,,,,
Temoa,nz,BC,Activity|transportation|T_HDV_BS_DSL_EX,?,0.377403696,0.154266874,,,,
Temoa,nz,BC,Activity|transportation|T_HDV_BS_FCHEV_N,?,3.987053313,4.724853433,3.00117406,0.205365905,0.070597571,0.006331915
Temoa,nz,BC,Activity|transportation|T_HDV_BS_GSL_EX,?,0.028074896,0.014384747,,,,
Temoa,nz,BC,Activity|transportation|T_HDV_BT_BEV_EX,?,0.111596277,0.051493657,,,,
Temoa,nz,BC,Activity|transportation|T_HDV_BT_BEV_N,?,3.069693116,3.625967119,4.054074125,4.346140036,4.633913945,4.961989131
Temoa,nz,BC,Activity|transportation|T_HDV_BT_CNG_EX,?,0.007271816,0.000588495,,,,
Temoa,nz,BC,Activity|transportation|T_HDV_BT_DSL_EX,?,0.190530979,0.082426002,,,,
Temoa,nz,BC,Activity|transportation|T_HDV_CHRG,?,11.09390503,12.1600011,12.85459363,14.91591406,15.23607347,15.65229806
Temoa,nz,BC,Activity|transportation|T_HDV_RF_H2_N,?,,,1.362113856,4.147552671,4.147549764,4.148930516
Temoa,nz,BC,Activity|transportation|T_HDV_RF_LNG_N,?,62.51297753,69.58479536,73.59232389,76.2068405,81.52588041,87.58836229
Temoa,nz,BC,Activity|transportation|T_HDV_RICP_DSL_EX,?,0.169432085,0.124363666,0.085290272,0.022344924,,
Temoa,nz,BC,Activity|transportation|T_HDV_RICP_DSL_N,?,0.050592985,0.050592919,0.050591809,0.050584528,,
Temoa,nz,BC,Activity|transportation|T_HDV_RICP_H2_N,?,,0.070050539,0.12904675,0.211085909,0.302555028,0.324241981
Temoa,nz,BC,Activity|transportation|T_HDV_T_BEV_N,?,15.68682912,20.13423439,24.98524548,30.46023213,32.47724565,34.77649881
Temoa,nz,BC,Activity|transportation|T_HDV_T_DSL_EX,?,8.010717678,6.243759606,3.427804108,,,
Temoa,nz,BC,Activity|transportation|T_HDV_WTF_HFO_EX,?,78.23250175,78.23249151,0.027908169,,,
Temoa,nz,BC,Activity|transportation|T_HDV_WTF_LNG_N,?,21.45178632,32.72730529,119.4935593,128.1321228,136.6162992,146.288208
Temoa,nz,BC,Activity|transportation|T_I_H2_ELC_ALK,?,,0.018166483,,,0.012927059,0.05737346
Temoa,nz,BC,Activity|transportation|T_I_H2_ELC_PEM,?,,0.006320462,,,0.009683677,1.014118952
Temoa,nz,BC,Activity|transportation|T_I_H2_SMR_CCS,?,1.00228901,1.055341023,1.003237812,1.002605414,1.035316196,
Temoa,nz,BC,Activity|transportation|T_LDV_BEV_CHRG,?,0.098498923,1.466325573,6.339720816,33.99145365,38.56514143,42.97037393
Temoa,nz,BC,Activity|transportation|T_LDV_C_BEV150_EX,?,0.09080208,0.075140934,,,,
Temoa,nz,BC,Activity|transportation|T_LDV_C_BEV150_N,?,,0.291754982,1.456964013,4.127526842,4.468381115,4.830219014
Temoa,nz,BC,Activity|transportation|T_LDV_C_BEV200_N,?,,0.583510457,2.913929093,8.255055628,8.936764237,9.660440347
Temoa,nz,BC,Activity|transportation|T_LDV_C_BEV300_N,?,,0.875265922,4.370894659,12.38258432,13.4051479,14.49066189
Temoa,nz,BC,Activity|transportation|T_LDV_C_BEV400_N,?,,1.167021459,5.827860453,16.51011324,17.87353065,19.32088379
Temoa,nz,BC,Activity|transportation|T_LDV_C_DSL_EX,?,0.081414648,0.007149132,,,,
Temoa,nz,BC,Activity|transportation|T_LDV_C_GSL_EX,?,5.906551027,3.183621778,,,,
Temoa,nz,BC,Activity|transportation|T_LDV_C_GSL_HEV_EX,?,0.163359084,0.096207727,,,,
Temoa,nz,BC,Activity|transportation|T_LDV_C_GSL_PHEV35_EX,?,0.056388867,0.045961136,,,,
Temoa,nz,BC,Activity|transportation|T_LDV_C_GSL_PHEV35_N,?,26.63465194,30.33221156,24.91731496,1.056469571,0.450879327,0.027842692
Temoa,nz,BC,Activity|transportation|T_LDV_LTF_BEV150_N,?,,,,0.328603363,0.341036642,0.353943249
Temoa,nz,BC,Activity|transportation|T_LDV_LTF_BEV200_N,?,,,,0.657208335,0.682075079,0.707889938
Temoa,nz,BC,Activity|transportation|T_LDV_LTF_BEV300_N,?,,,,0.985813195,1.02311334,1.061836083
Temoa,nz,BC,Activity|transportation|T_LDV_LTF_BEV400_N,?,,,,1.314418097,1.364151874,1.415782065
Temoa,nz,BC,Activity|transportation|T_LDV_LTF_DSL_EX,?,0.107991854,0.088539232,0.016369713,,,
Temoa,nz,BC,Activity|transportation|T_LDV_LTF_GSL_EX,?,1.283657902,0.938015047,0.167853302,,,
Temoa,nz,BC,Activity|transportation|T_LDV_LTF_GSL_PHEV35_N,?,3.191080382,4.074425144,4.228609676,1.482183111,0.335218354,0.100787466
Temoa,nz,BC,Activity|transportation|T_LDV_LTF_GSL_PHEV50_N,?,,,1.083494453,1.124484514,2.53729426,3.087453307
Temoa,nz,BC,Activity|transportation|T_LDV_LTP_BEV150_N,?,,,,2.820197496,3.82698459,4.850016193
Temoa,nz,BC,Activity|transportation|T_LDV_LTP_BEV200_N,?,,,,5.640400223,7.653975725,9.70004157
Temoa,nz,BC,Activity|transportation|T_LDV_LTP_BEV300_EX,?,0.014094768,0.013202672,0.001899328,,,
Temoa,nz,BC,Activity|transportation|T_LDV_LTP_BEV300_N,?,,,,8.460603088,11.48096735,14.55006673
Temoa,nz,BC,Activity|transportation|T_LDV_LTP_BEV400_N,?,,,,11.28080599,15.3079592,19.40009196
Temoa,nz,BC,Activity|transportation|T_LDV_LTP_DSL_EX,?,0.318954188,0.203472879,0.032381851,,,
Temoa,nz,BC,Activity|transportation|T_LDV_LTP_GSL_EX,?,7.632992093,5.088992737,0.874979634,,,
Temoa,nz,BC,Activity|transportation|T_LDV_LTP_GSL_HEV_EX,?,0.056488423,0.054334336,0.009767548,,,
Temoa,nz,BC,Activity|transportation|T_LDV_LTP_GSL_PHEV35_EX,?,0.011803438,0.013032176,0.000550775,,,
Temoa,nz,BC,Activity|transportation|T_LDV_LTP_GSL_PHEV35_N,?,27.88969951,34.6126573,42.14925704,17.97423091,8.833971446,2.048643784
Temoa,nz,BC,Activity|transportation|T_LDV_LTP_GSL_PHEV50_N,?,,,,,2.130210504,2.17077635
Temoa,nz,BC,Activity|transportation|T_LDV_M_BEV_N,?,0.104920603,0.297494533,0.443709855,0.524073972,0.558720078,0.598254194
Temoa,nz,BC,Activity|transportation|T_LDV_M_GSL_EX,?,0.303050841,0.156572629,0.045244127,,,
Temoa,nz,BC,Activity|transportation|T_LDV_PHEV_CHRG,?,16.6433646,17.93822074,17.4258193,5.640621878,4.345738583,3.100052321
Temoa,nz,BC,Activity|transportation|T_MDV_CHRG,?,8.772478623,11.49430389,15.32655709,18.81353152,19.38351918,20.07937676
Temoa,nz,BC,Activity|transportation|T_MDV_T_BEV_N,?,5.106930903,7.944174793,11.61017768,14.76641475,15.74416775,16.8587946
Temoa,nz,BC,Activity|transportation|T_MDV_T_DSL_EX,?,3.820134375,2.978015392,1.341588974,,,
Temoa,nz,BC,Activity|transportation|T_MDV_T_GSL_EX,?,2.560919125,1.865224935,0.822321532,,,
Temoa,nz,BC,Activity|transportation|T_OFF,?,19.85390319,22.0996248,23.80483785,25.51980937,27.20957511,29.13589939
Temoa,nz,BC,Capacity|commercial,?,767.8409356,631.4052903,500.2248359,374.1784002,343.8389319,364.8693403
Temoa,nz,BC,Capacity|commercial|C_SPC_AC_ROOF-NEW,?,0.000965622,0.002064709,0.003087122,0.00418718,0.00457311,0.004744052
Temoa,nz,BC,Capacity|commercial|C_SPC_ELC-EXS,?,289.6256759,199.1176522,108.6096285,7.240641898,,
Temoa,nz,BC,Capacity|commercial|C_SPHC_HP_AIR-NEW,?,268.1358843,296.2760226,317.3446858,329.7625258,343.7638595,364.788661
Temoa,nz,BC,Capacity|commercial|C_SPHC_HP_GEO-NEW,?,0.000378248,0.000810248,0.001231155,0.001419957,0.001560273,0.001673431
Temoa,nz,BC,Capacity|commercial|C_SPH_ELC-EXS,?,61.62622599,24.6504904,,,,
Temoa,nz,BC,Capacity|commercial|C_SPH_ELC_BLR-NEW,?,0.004215605,0.009001265,0.014504077,0.016663743,0.018746856,0.020625917
Temoa,nz,BC,Capacity|commercial|C_SPH_ELC_RES-NEW,?,0.004211077,0.009006901,0.014513122,0.018331812,0.019812072,0.021097396
Temoa,nz,BC,Capacity|commercial|C_SPH_NG-EXS,?,148.4378497,111.3283873,74.21892485,37.10946242,,
Temoa,nz,BC,Capacity|commercial|C_SPH_NG_FRN-NEW,?,0.005529134,0.011854732,0.018261296,0.025167312,0.030380016,0.03253848
Temoa,nz,BC,Capacity|electricity,?,38.4546498,42.17195567,48.12464243,56.19849594,60.16644328,66.46517838
Temoa,nz,BC,Capacity|electricity|E_BAT_2H-NEW,?,0.00043085,0.001726478,0.002315851,0.002381256,0.001694804,0.001980698
Temoa,nz,BC,Capacity|electricity|E_BAT_4H-NEW,?,0.000127432,0.000387086,0.000708294,0.001016109,0.001288783,0.001778305
Temoa,nz,BC,Capacity|electricity|E_BIO_G-EXS,?,0.02319,0.02319,0.02319,0.02319,0.01589,0.01463
Temoa,nz,BC,Capacity|electricity|E_BIO_M-EXS,?,1.0658,1.0658,1.0108,1.0108,1.009,0.9827
Temoa,nz,BC,Capacity|electricity|E_BIO_M-NEW,?,2.34323E-05,4.96929E-05,7.81489E-05,0.000108979,0.000142216,0.000178308
Temoa,nz,BC,Capacity|electricity|E_HYD_DLY-EXS,?,4.67849,4.67849,4.67849,4.67849,4.67849,4.67849
Temoa,nz,BC,Capacity|electricity|E_HYD_MLY-EXS,?,10.117,10.117,10.117,10.117,10.117,10.117
Temoa,nz,BC,Capacity|electricity|E_HYD_MLY-EXS-IN,?,10.117,10.117,10.117,10.117,10.117,10.117
Temoa,nz,BC,Capacity|electricity|E_HYD_ROR-EXS,?,1.80202,1.80202,1.80202,1.80202,1.80202,1.80202
Temoa,nz,BC,Capacity|electricity|E_INT_IN-USA,?,2.376,2.376,2.376,2.376,2.376,2.376
Temoa,nz,BC,Capacity|electricity|E_NG_CC-EXS,?,0.275,0.275,0.275,0.275,,
Temoa,nz,BC,Capacity|electricity|E_NG_CC-NEW,?,0.000330029,0.000875111,0.001539013,0.002350361,0.003212388,0.004201863
Temoa,nz,BC,Capacity|electricity|E_NG_CCS-NEW,?,0.000117869,0.000264952,0.000384432,0.000522153,0.000674371,0.000858165
Temoa,nz,BC,Capacity|electricity|E_NG_CCS_RFIT_90,?,5.33378E-05,0.000106489,0.000153255,0.000204447,0.000259073,0.000319973
Temoa,nz,BC,Capacity|electricity|E_NG_CCS_RFIT_95,?,6.39558E-05,0.000124532,0.000173938,0.000227776,0.000284468,0.000347579
Temoa,nz,BC,Capacity|electricity|E_NG_CG-EXS,?,0.12,0.12,0.12,,,
Temoa,nz,BC,Capacity|electricity|E_NG_CT-EXS,?,0.046,0.046,0.046,0.046,0.046,
Temoa,nz,BC,Capacity|electricity|E_NG_CT-NEW,?,0.000410695,0.875977451,2.850561066,4.962170995,5.762483351,6.606940061
Temoa,nz,BC,Capacity|electricity|E_SOL_PV-EXS,?,0.0011,0.0011,0.0011,,,
Temoa,nz,BC,Capacity|electricity|E_SOL_PV-NEW-1,?,0.000432798,0.003092583,0.009086534,0.849700851,4.501888436,7.349586282
Temoa,nz,BC,Capacity|electricity|E_SOL_PV-NEW-2,?,0.000369609,0.00162235,0.003537529,0.006384746,0.009787154,0.014041117
Temoa,nz,BC,Capacity|electricity|E_SOL_PV-NEW-3,?,0.000534101,1.112495411,5.077405463,6.812944793,6.816759168,6.817980144
Temoa,nz,BC,Capacity|electricity|E_SOL_PV-NEW-4,?,0.000479523,0.005703129,0.017720775,3.895230708,3.906031589,3.909559759
Temoa,nz,BC,Capacity|electricity|E_SOL_PV-NEW-5,?,0.000511015,0.030984509,0.064980892,0.095805781,0.147720169,2.848895732
Temoa,nz,BC,Capacity|electricity|E_WND_ON-EXS,?,0.747,0.747,0.747,0.3288,0.045,
Temoa,nz,BC,Capacity|electricity|E_WND_ON-NEW-1,?,0.708754318,0.709751646,0.710751259,0.711749258,0.712749803,0.713748228
Temoa,nz,BC,Capacity|electricity|E_WND_ON-NEW-10,?,0.477843818,0.47892593,0.479903005,0.480912214,0.481914025,0.482913805
Temoa,nz,BC,Capacity|electricity|E_WND_ON-NEW-11,?,0.00141709,0.005580384,0.006224199,0.006904807,0.007608603,0.008423405
Temoa,nz,BC,Capacity|electricity|E_WND_ON-NEW-12,?,1.151027448,1.152185816,1.15318286,1.154182673,1.155177411,1.156173652
Temoa,nz,BC,Capacity|electricity|E_WND_ON-NEW-13,?,1.106937514,1.114597177,1.115553225,1.116604713,1.117598106,1.118590407
Temoa,nz,BC,Capacity|electricity|E_WND_ON-NEW-2,?,0.709705762,0.710713491,0.711666496,0.712704506,0.713705439,0.714707606
Temoa,nz,BC,Capacity|electricity|E_WND_ON-NEW-3,?,0.911861626,0.91287208,0.913842506,0.91486474,0.915860894,0.916863448
Temoa,nz,BC,Capacity|electricity|E_WND_ON-NEW-4,?,0.412020333,0.441147526,0.442112327,0.443114899,0.444101497,0.445125633
Temoa,nz,BC,Capacity|electricity|E_WND_ON-NEW-5,?,0.539064767,0.540063193,0.541062775,0.542059217,0.543059428,0.544056771
Temoa,nz,BC,Capacity|electricity|E_WND_ON-NEW-6,?,0.447830693,0.448842853,0.44984095,0.450835755,0.451838758,0.452835751
Temoa,nz,BC,Capacity|electricity|E_WND_ON-NEW-7,?,0.008917754,0.936955698,0.937954355,0.938940198,0.939927178,0.940944156
Temoa,nz,BC,Capacity|electricity|E_WND_ON-NEW-8,?,0.594262606,0.59589125,0.596883357,0.597880703,0.598880817,0.599878006
Temoa,nz,BC,Capacity|electricity|E_WND_ON-NEW-9,?,0.012521424,0.722418849,0.723419926,0.724393306,0.725395348,0.726409525
Temoa,nz,BC,Capacity|residential,?,330.8917291,338.5599147,368.0392347,369.4192084,385.5201709,401.9826474
Temoa,nz,BC,Capacity|residential|R_APP_CL_WASH-EXS,?,1.4532375,0.581295,,,,
Temoa,nz,BC,Capacity|residential|R_APP_CL_WASH-TYP-NEW,?,0.671667122,1.59169094,2.270498879,2.369348529,2.472208823,2.578437805
Temoa,nz,BC,Capacity|residential|R_APP_COOK_ELEC-EXS,?,1.465450235,0.901815529,0.247999271,,,
Temoa,nz,BC,Capacity|residential|R_APP_COOK_ELEC-TYP-NEW,?,0.675557087,1.352523372,2.172932482,2.526750226,2.636764734,2.750168749
Temoa,nz,BC,Capacity|residential|R_APP_COOK_NG-EXS,?,0.125252353,0.062626176,,,,
Temoa,nz,BC,Capacity|residential|R_APP_COOK_NG-TYP-NEW,?,0.00057946,0.001166522,0.001225655,0.000860671,0.000578036,0.000501026
Temoa,nz,BC,Capacity|residential|R_APP_DRY_ELEC-EXS,?,1.114744118,0.557372059,,,,
Temoa,nz,BC,Capacity|residential|R_APP_DRY_ELEC-TYP-NEW,?,0.952235359,1.614315185,2.36631722,2.524654093,2.636039311,2.74950851
Temoa,nz,BC,Capacity|residential|R_APP_DRY_NG-EXS,?,0.112727059,0.056363529,,,,
Temoa,nz,BC,Capacity|residential|R_APP_DRY_NG-TYP-NEW,?,0.086813075,0.089754642,0.055499462,0.002600354,0.000930442,0.000769966
Temoa,nz,BC,Capacity|residential|R_APP_DS_WASH-EXS,?,1.157329412,0.631270588,0.042084706,,,
Temoa,nz,BC,Capacity|residential|R_APP_DS_WASH-TYP-NEW,?,0.732824448,1.301653044,1.977578977,2.107592547,2.19908931,2.293582473
Temoa,nz,BC,Capacity|residential|R_APP_FREZ-EXS,?,1.266925,0.8943,0.521675,0.05962,,
Temoa,nz,BC,Capacity|residential|R_APP_FREZ-TYP-NEW,?,0.483985112,0.896229067,1.349204253,1.892711043,2.037086641,2.12461883
Temoa,nz,BC,Capacity|residential|R_APP_REFR-EXS,?,1.60228775,0.1831186,,,,
Temoa,nz,BC,Capacity|residential|R_APP_REFR-TYP-NEW,?,1.331400256,2.816951613,3.134698387,3.271172426,3.413183334,3.559845243
Temoa,nz,BC,Capacity|residential|R_LGT_CFL-EXS,?,47.2749461,30.39103678,12.15641471,,,
Temoa,nz,BC,Capacity|residential|R_LGT_LED-EXS,?,67.6103681,67.6103681,67.6103681,67.6103681,54.08829448,37.18570246
Temoa,nz,BC,Capacity|residential|R_LGT_LED-TYP-NEW,?,175.6889561,204.1137181,255.1099173,272.2672967,306.1745952,340.5189552
Temoa,nz,BC,Capacity|residential|R_LGT_T12-EXS,?,20.69523297,16.19626928,11.69730559,7.198341904,1.979544023,
Temoa,nz,BC,Capacity|residential|R_SPC_CENT_AC-EXS,?,0.235429909,0.166185818,0.096941727,0.011079055,,
Temoa,nz,BC,Capacity|residential|R_SPC_ROOM_AC-EXS,?,0.136115833,,,,,
Temoa,nz,BC,Capacity|residential|R_SPC_ROOM_AC-TYP-NEW,?,1.34209E-05,1.74438E-05,2.97135E-05,3.52051E-05,4.05364E-05,3.91362E-05
Temoa,nz,BC,Capacity|residential|R_SPHC_AIR_HP-TYP-NEW,?,1.120409916,1.736494772,2.417538832,3.134058981,3.446168915,3.594215565
Temoa,nz,BC,Capacity|residential|R_SPH_ELEC-EXS,?,0.757738136,0.558333364,0.358928591,0.143571436,,
Temoa,nz,BC,Capacity|residential|R_SPH_ELEC_RAD-NEW,?,2.20854E-05,5.19626E-05,9.77246E-05,0.000158963,0.000215142,0.000294501
Temoa,nz,BC,Capacity|residential|R_SPH_HP-EXS,?,0.100774882,0.054968118,0.003664541,,,
Temoa,nz,BC,Capacity|residential|R_SPH_NG-ELC-EXS,?,0.016555682,0.011686364,0.006817045,0.000779091,,
Temoa,nz,BC,Capacity|residential|R_SPH_NG-EXS,?,0.737708045,0.520735091,0.303762136,0.034715673,,
Temoa,nz,BC,Capacity|residential|R_SPH_NG_FRN-TYP-NEW,?,2.024E-05,4.46445E-05,5.96488E-05,7.4252E-05,6.79668E-05,5.73929E-05
Temoa,nz,BC,Capacity|residential|R_SPH_OIL-ELC-EXS,?,0.008039455,0.005674909,0.003310364,0.000945818,,
Temoa,nz,BC,Capacity|residential|R_SPH_OIL-EXS,?,0.027767636,0.020460364,0.013153091,0.005261236,,
Temoa,nz,BC,Capacity|residential|R_SPH_OTH-EXS,?,0.017244182,0.012172364,0.007100545,0.000811491,,
Temoa,nz,BC,Capacity|residential|R_SPH_WOOD-ELC-EXS,?,0.060595909,0.040397273,0.020198636,,,
Temoa,nz,BC,Capacity|residential|R_SPH_WOOD-EXS,?,0.016028182,0.010685455,0.005342727,,,
Temoa,nz,BC,Capacity|residential|R_SPH_WOOD-OIL-EXS,?,0.029476773,0.021719727,0.013962682,0.005585073,,
Temoa,nz,BC,Capacity|residential|R_WAH_ELC-EXS,?,0.625566765,0.341218235,0.022747882,,,
Temoa,nz,BC,Capacity|residential|R_WAH_ELEC-TYP-NEW,?,6.25547E-05,1.081456511,2.637402602,4.249323846,4.433924507,4.624491195
Temoa,nz,BC,Capacity|residential|R_WAH_HP-TYP-NEW,?,1.766716634,1.767283828,1.414410719,0.001433735,0.001369671,0.001390061
Temoa,nz,BC,Capacity|residential|R_WAH_LPG-EXS,?,0.011402353,0.005701176,,,,
Temoa,nz,BC,Capacity|residential|R_WAH_NG-EXS,?,0.721511765,0.360755882,,,,
Temoa,nz,BC,Capacity|residential|R_WAH_NG-TYP-NEW,?,1.01734E-05,2.17438E-05,2.29794E-05,2.36277E-05,2.28376E-05,2.09381E-05
Temoa,nz,BC,Capacity|residential|R_WAH_SOLAR-TYP-NEW,?,,1.15371E-05,2.24945E-05,3.43216E-05,4.69688E-05,4.83266E-05
Temoa,nz,BC,Capacity|transportation,?,4075.114206,4157.763542,4485.515755,4802.231185,5062.43938,5345.172884
Temoa,nz,BC,Capacity|transportation|T_ELC_AC_DC,?,0.000387475,0.001230294,0.001586328,0.002030054,0.002729126,0.046824794
Temoa,nz,BC,Capacity|transportation|T_H2_COMP_100_700,?,0.031796811,0.034348424,0.034348424,0.032196375,0.033851634,0.034192023
Temoa,nz,BC,Capacity|transportation|T_H2_COMP_10_100,?,0.031796854,0.034348505,0.034348505,0.03219583,0.033850989,0.034192087
Temoa,nz,BC,Capacity|transportation|T_H2_HDV_REFUEL,?,0.997640672,1.077711841,1.009718101,1.010237507,1.06225292,1.072742058
Temoa,nz,BC,Capacity|transportation|T_H2_LDV_REFUEL,?,,,1.63655E-05,3.36335E-05,3.61538E-05,3.35284E-05
Temoa,nz,BC,Capacity|transportation|T_H2_MDV_REFUEL,?,7.69711E-05,7.69711E-05,8.41874E-05,9.7566E-05,6.76751E-05,5.42966E-05
Temoa,nz,BC,Capacity|transportation|T_HDV_AJF_JFL_EX,?,0.643243969,0.56165984,0.439411238,0.304682856,,
Temoa,nz,BC,Capacity|transportation|T_HDV_AJF_JFL_N,?,0.217044115,0.395935005,0.592068921,0.801104214,1.179000184,1.262471379
Temoa,nz,BC,Capacity|transportation|T_HDV_AJP_JFL_EX,?,48.88744921,43.75943237,32.37239147,21.92917143,,
Temoa,nz,BC,Capacity|transportation|T_HDV_AJP_JFL_N,?,15.85418096,28.3052706,45.25283998,61.28840868,88.72773358,95.00928989
Temoa,nz,BC,Capacity|transportation|T_HDV_BIC_BEV_N,?,,,1.21528E-05,2.68307E-05,3.52302E-05,6.994E-05
Temoa,nz,BC,Capacity|transportation|T_HDV_BIC_DSL_EX,?,0.063359652,0.024909832,,,,
Temoa,nz,BC,Capacity|transportation|T_HDV_BIC_DSL_HEV_N,?,1.53746E-05,1.53746E-05,,,,
Temoa,nz,BC,Capacity|transportation|T_HDV_BIC_DSL_N,?,1.91847E-05,1.91847E-05,1.15108E-05,,,
Temoa,nz,BC,Capacity|transportation|T_HDV_BIC_FCEV_N,?,1.038558167,1.088241825,1.168417419,1.252601356,1.335521586,1.430038231
Temoa,nz,BC,Capacity|transportation|T_HDV_BIC_GSL_EX,?,0.006405878,0.003411474,,,,
Temoa,nz,BC,Capacity|transportation|T_HDV_BIC_GSL_N,?,2.37602E-05,2.37602E-05,1.42561E-05,1.09557E-05,2.11981E-05,2.18734E-05
Temoa,nz,BC,Capacity|transportation|T_HDV_BS_BEV_N,?,8.3837E-05,0.061689308,4.221557294,9.978583945,10.90792545,11.80468508
Temoa,nz,BC,Capacity|transportation|T_HDV_BS_CNG_EX,?,0.114787292,0.044686013,,,,
Temoa,nz,BC,Capacity|transportation|T_HDV_BS_CNG_N,?,1.18113E-05,1.18113E-05,,,,
Temoa,nz,BC,Capacity|transportation|T_HDV_BS_DSL_EX,?,0.782219894,0.293971346,,,,
Temoa,nz,BC,Capacity|transportation|T_HDV_BS_DSL_HEV_N,?,1.45301E-05,2.48457E-05,2.20493E-05,2.32069E-05,2.20831E-05,2.14299E-05
Temoa,nz,BC,Capacity|transportation|T_HDV_BS_DSL_N,?,1.29359E-05,1.29359E-05,,,,
Temoa,nz,BC,Capacity|transportation|T_HDV_BS_DSL_PHEV_N,?,1.74426E-05,3.76148E-05,5.54536E-05,6.05216E-05,6.28436E-05,6.55518E-05
Temoa,nz,BC,Capacity|transportation|T_HDV_BS_FCEV_N,?,0.000138219,0.000161795,0.000155116,9.80339E-05,9.73856E-05,8.48214E-05
Temoa,nz,BC,Capacity|transportation|T_HDV_BS_FCHEV_N,?,8.262881816,8.553649523,5.433201553,0.371816814,0.127830406,0.012383876
Temoa,nz,BC,Capacity|transportation|T_HDV_BS_GSL_EX,?,0.058234092,0.027403276,,,,
Temoa,nz,BC,Capacity|transportation|T_HDV_BS_GSL_N,?,1.53461E-05,1.53461E-05,,,,1.00219E-05
Temoa,nz,BC,Capacity|transportation|T_HDV_BT_BEV_EX,?,0.177766011,0.074780215,,,,
Temoa,nz,BC,Capacity|transportation|T_HDV_BT_BEV_N,?,4.889060443,5.112197417,5.594116643,5.99713558,6.394230787,6.846936983
Temoa,nz,BC,Capacity|transportation|T_HDV_BT_CNG_EX,?,0.012482954,0.00402908,,,,
Temoa,nz,BC,Capacity|transportation|T_HDV_BT_DSL_EX,?,0.303460819,0.119723135,,,,
Temoa,nz,BC,Capacity|transportation|T_HDV_BT_DSL_PHEV_N,?,,,1.25766E-05,1.25766E-05,1.00624E-05,2.04703E-05
Temoa,nz,BC,Capacity|transportation|T_HDV_BT_FCEV_N,?,,,1.1145E-05,1.1145E-05,,
Temoa,nz,BC,Capacity|transportation|T_HDV_BT_FCHEV_N,?,1.89185E-05,1.89185E-05,3.024E-05,2.91847E-05,2.16291E-05,
Temoa,nz,BC,Capacity|transportation|T_HDV_BT_GSL_EX,?,0.002493823,0.001496294,,,,
Temoa,nz,BC,Capacity|transportation|T_HDV_CHRG,?,11.09410142,12.16000411,12.85459899,14.91591677,15.23607826,15.65230068
Temoa,nz,BC,Capacity|transportation|T_HDV_RF_DSL_EX,?,42.06820469,42.06820469,40.9922722,30.7540334,17.27131157,
Temoa,nz,BC,Capacity|transportation|T_HDV_RF_DSL_N,?,1.40623E-05,2.81787E-05,3.92184E-05,5.28789E-05,5.28789E-05,5.28789E-05
Temoa,nz,BC,Capacity|transportation|T_HDV_RF_H2_N,?,,0.00011457,1.362230634,4.147673048,4.149241354,4.152230116
Temoa,nz,BC,Capacity|transportation|T_HDV_RF_LNG_N,?,62.51297982,69.58480488,73.59233916,76.20686801,81.52598102,87.58847927
Temoa,nz,BC,Capacity|transportation|T_HDV_RICP_DSL_EX,?,0.170370825,0.170370825,0.165771683,0.120831467,0.085295219,
Temoa,nz,BC,Capacity|transportation|T_HDV_RICP_DSL_N,?,0.050593085,0.050593085,0.050593085,0.050593085,0.050593085,0.050593085
Temoa,nz,BC,Capacity|transportation|T_HDV_RICP_H2_N,?,,0.07005074,0.129047321,0.211086682,0.3025564,0.324243517
Temoa,nz,BC,Capacity|transportation|T_HDV_T_BEV_N,?,23.28991312,27.73076478,35.41853372,41.95271422,44.73073927,50.34096708
Temoa,nz,BC,Capacity|transportation|T_HDV_T_DSL_EX,?,11.89335019,9.052099307,4.969572778,,,
Temoa,nz,BC,Capacity|transportation|T_HDV_T_FCEV_N,?,1.596E-05,1.596E-05,1.596E-05,1.2768E-05,,
Temoa,nz,BC,Capacity|transportation|T_HDV_T_FCHEV_N,?,0.000205555,0.000262094,0.000341714,0.000367451,0.000240673,0.000216664
Temoa,nz,BC,Capacity|transportation|T_HDV_WTF_HFO_EX,?,78.23250871,78.23250871,40.1444905,20.47608492,10.82969444,
Temoa,nz,BC,Capacity|transportation|T_HDV_WTF_HFO_N,?,1.54407E-05,3.34684E-05,5.53354E-05,7.15815E-05,7.15815E-05,7.15815E-05
Temoa,nz,BC,Capacity|transportation|T_HDV_WTF_LNG_N,?,21.45178863,32.72731075,119.4935703,128.1321438,136.6163387,146.2882885
Temoa,nz,BC,Capacity|transportation|T_HDV_WTF_MDO_EX,?,93.75382249,93.75382249,83.99256367,75.38028209,46.78750232,
Temoa,nz,BC,Capacity|transportation|T_HDV_WTF_MDO_N,?,,1.10341E-05,1.10341E-05,1.10341E-05,1.10341E-05,1.10341E-05
Temoa,nz,BC,Capacity|transportation|T_I_H2_ELC_ALK,?,0.000142491,0.000660241,0.000783293,0.000942489,0.001060921,0.002222174
Temoa,nz,BC,Capacity|transportation|T_I_H2_ELC_PEM,?,6.39681E-05,0.000299506,0.000412331,0.000571909,0.000792098,0.036089871
Temoa,nz,BC,Capacity|transportation|T_I_H2_SMR_CCS,?,0.035215879,0.035226012,0.035226012,0.035226012,0.035226012,1.01334E-05
Temoa,nz,BC,Capacity|transportation|T_LDV_BEV_CHRG,?,0.229699176,3.358708813,14.52337892,78.09586226,88.6040731,98.72506152
Temoa,nz,BC,Capacity|transportation|T_LDV_C_BEV150_EX,?,3.704664513,2.748684009,,,,
Temoa,nz,BC,Capacity|transportation|T_LDV_C_BEV150_N,?,9.87527E-05,10.67248248,53.29611122,150.9858806,163.4544163,176.690538
Temoa,nz,BC,Capacity|transportation|T_LDV_C_BEV200_N,?,0.000197507,21.34496497,106.5922224,301.9717612,326.9088326,353.381076
Temoa,nz,BC,Capacity|transportation|T_LDV_C_BEV300_N,?,0.000296239,32.01744742,159.8883336,452.9576417,490.363249,530.071614
Temoa,nz,BC,Capacity|transportation|T_LDV_C_BEV400_N,?,0.000394977,42.68992989,213.1844448,603.9435223,653.8176653,706.762152
Temoa,nz,BC,Capacity|transportation|T_LDV_C_CNG_N,?,8.72639E-05,0.000152473,0.000180383,0.000159272,0.000158195,0.000170268
Temoa,nz,BC,Capacity|transportation|T_LDV_C_DSL_EX,?,3.320469176,0.282022392,,,,
Temoa,nz,BC,Capacity|transportation|T_LDV_C_DSL_N,?,5.40984E-05,9.92769E-05,0.000128115,0.000114075,0.000114099,0.000119082
Temoa,nz,BC,Capacity|transportation|T_LDV_C_FCEV400_N,?,2.67875E-05,0.000131445,0.000262276,0.000253209,0.000260261,0.000297509
Temoa,nz,BC,Capacity|transportation|T_LDV_C_GSL_EX,?,253.5629882,122.5868596,,,,
Temoa,nz,BC,Capacity|transportation|T_LDV_C_GSL_HEV_EX,?,6.662256424,3.519352198,,,,
Temoa,nz,BC,Capacity|transportation|T_LDV_C_GSL_HEV_N,?,0.000253211,0.000386374,0.000420545,0.000311077,0.000302426,0.000322377
Temoa,nz,BC,Capacity|transportation|T_LDV_C_GSL_N,?,4.69548E-05,9.36617E-05,0.000119496,0.00011578,0.000122065,0.000135542
Temoa,nz,BC,Capacity|transportation|T_LDV_C_GSL_PHEV35_EX,?,2.299759774,1.681282404,,,,
Temoa,nz,BC,Capacity|transportation|T_LDV_C_GSL_PHEV35_N,?,1086.226235,1109.558825,911.4807739,38.64595717,16.49334209,1.018591183
Temoa,nz,BC,Capacity|transportation|T_LDV_C_GSL_PHEV50_N,?,0.000835928,0.001391915,0.001370249,0.000744385,0.000627275,0.000762291
Temoa,nz,BC,Capacity|transportation|T_LDV_LTF_BEV150_N,?,3.21735E-05,0.000115725,0.000460458,27.73330778,28.78266695,29.87202767
Temoa,nz,BC,Capacity|transportation|T_LDV_LTF_BEV200_N,?,6.43387E-05,0.000231433,0.000920899,55.46662842,57.56533388,59.74405534
Temoa,nz,BC,Capacity|transportation|T_LDV_LTF_BEV300_N,?,9.65123E-05,0.00034715,0.001381344,83.19994262,86.34800082,89.61608301
Temoa,nz,BC,Capacity|transportation|T_LDV_LTF_BEV400_N,?,0.00012867,0.00046285,0.001841773,110.9332568,115.1306678,119.4881107
Temoa,nz,BC,Capacity|transportation|T_LDV_LTF_CNG_N,?,7.21663E-05,0.000136841,0.000204491,0.000214876,0.000205698,0.00019778
Temoa,nz,BC,Capacity|transportation|T_LDV_LTF_DSL_EX,?,10.52500287,7.865706384,1.45423831,,,
Temoa,nz,BC,Capacity|transportation|T_LDV_LTF_DSL_N,?,3.11684E-05,5.87861E-05,9.63764E-05,9.41394E-05,9.68009E-05,9.23168E-05
Temoa,nz,BC,Capacity|transportation|T_LDV_LTF_FCEV400_N,?,1.74358E-05,7.76261E-05,0.000219302,0.000399047,0.000437506,0.00043792
Temoa,nz,BC,Capacity|transportation|T_LDV_LTF_GSL_EX,?,125.1033675,83.33245387,14.9119142,,,
Temoa,nz,BC,Capacity|transportation|T_LDV_LTF_GSL_HEV_EX,?,0.009465343,0.001893069,,,,
Temoa,nz,BC,Capacity|transportation|T_LDV_LTF_GSL_HEV_N,?,8.9248E-05,0.00018919,0.000280135,0.000308473,0.000292645,0.000286466
Temoa,nz,BC,Capacity|transportation|T_LDV_LTF_GSL_N,?,3.28517E-05,6.67906E-05,0.00010428,0.000110278,0.000114289,0.000115417
Temoa,nz,BC,Capacity|transportation|T_LDV_LTF_GSL_PHEV35_EX,?,0.141882719,0.141882719,0.028376544,,,
Temoa,nz,BC,Capacity|transportation|T_LDV_LTF_GSL_PHEV35_N,?,295.4393603,343.8700244,356.8827925,125.0921573,28.29159037,8.506303176
Temoa,nz,BC,Capacity|transportation|T_LDV_LTF_GSL_PHEV50_N,?,0.000968851,0.023557779,91.44393051,94.90340271,214.1405875,260.5724779
Temoa,nz,BC,Capacity|transportation|T_LDV_LTP_BEV150_N,?,3.76636E-05,0.000128502,0.002923572,92.52445632,125.5549183,159.1183352
Temoa,nz,BC,Capacity|transportation|T_LDV_LTP_BEV200_N,?,7.53373E-05,0.000257009,0.00584715,185.0489277,251.1098366,318.2366704
Temoa,nz,BC,Capacity|transportation|T_LDV_LTP_BEV300_EX,?,0.508708253,0.502134404,0.100098188,,,
Temoa,nz,BC,Capacity|transportation|T_LDV_LTP_BEV300_N,?,0.000112991,0.000385496,0.0087707,277.5733915,376.6647549,477.3550055
Temoa,nz,BC,Capacity|transportation|T_LDV_LTP_BEV400_N,?,0.000150651,0.00051399,0.011694261,370.0978554,502.2196732,636.4733407
Temoa,nz,BC,Capacity|transportation|T_LDV_LTP_CNG_N,?,8.32412E-05,0.000162096,0.00024201,0.000246171,0.000235078,0.000220593
Temoa,nz,BC,Capacity|transportation|T_LDV_LTP_DSL_EX,?,11.49658233,6.675718297,1.118119627,,,
Temoa,nz,BC,Capacity|transportation|T_LDV_LTP_DSL_N,?,3.05607E-05,6.59509E-05,0.000103613,0.000109499,0.000110993,0.000109442
Temoa,nz,BC,Capacity|transportation|T_LDV_LTP_FCEV400_N,?,2.46727E-05,7.90119E-05,0.000310542,0.000508961,0.0005621,0.000513888
Temoa,nz,BC,Capacity|transportation|T_LDV_LTP_GSL_EX,?,289.6031915,175.7456083,30.21684953,,,
Temoa,nz,BC,Capacity|transportation|T_LDV_LTP_GSL_HEV_EX,?,2.036183734,1.782637384,0.343850159,,,
Temoa,nz,BC,Capacity|transportation|T_LDV_LTP_GSL_HEV_N,?,9.59366E-05,0.000205013,0.000325491,0.000357728,0.000359432,0.000339312
Temoa,nz,BC,Capacity|transportation|T_LDV_LTP_GSL_N,?,3.69446E-05,7.84621E-05,0.000122025,0.000129508,0.000134762,0.000135972
Temoa,nz,BC,Capacity|transportation|T_LDV_LTP_GSL_PHEV35_EX,?,0.433905468,0.427603378,0.085205571,,,
Temoa,nz,BC,Capacity|transportation|T_LDV_LTP_GSL_PHEV35_N,?,1005.23643,1135.563139,1382.821986,589.6940127,289.822773,67.21152366
Temoa,nz,BC,Capacity|transportation|T_LDV_LTP_GSL_PHEV50_N,?,0.000702585,0.004094284,0.010260016,0.010117795,69.88751531,71.21841017
Temoa,nz,BC,Capacity|transportation|T_LDV_M_BEV_N,?,17.84076633,54.68150264,81.58087183,96.3718033,102.7529205,110.0273523
Temoa,nz,BC,Capacity|transportation|T_LDV_M_GSL_EX,?,51.53208551,28.7747462,8.314783223,,,
Temoa,nz,BC,Capacity|transportation|T_LDV_M_GSL_N,?,0.000117323,0.000234915,0.000387564,0.000499711,0.000573624,0.00065694
Temoa,nz,BC,Capacity|transportation|T_LDV_PHEV_CHRG,?,16.64358321,17.93844138,17.92713768,5.640634044,4.345775875,4.345764045
Temoa,nz,BC,Capacity|transportation|T_MDV_CHRG,?,8.772479265,11.49430578,15.32655869,18.81353426,19.38356465,20.07938089
Temoa,nz,BC,Capacity|transportation|T_MDV_T_BEV_N,?,199.5971042,294.3527382,430.1878695,547.1348282,583.3631753,624.6630613
Temoa,nz,BC,Capacity|transportation|T_MDV_T_DSL_EX,?,157.1626279,116.1509188,52.32570942,,,
Temoa,nz,BC,Capacity|transportation|T_MDV_T_DSL_HEV_N,?,2.57273E-05,4.02729E-05,5.35568E-05,5.53836E-05,3.88098E-05,3.80614E-05
Temoa,nz,BC,Capacity|transportation|T_MDV_T_DSL_N,?,1.6503E-05,2.79883E-05,4.13564E-05,3.48559E-05,3.38002E-05,3.07165E-05
Temoa,nz,BC,Capacity|transportation|T_MDV_T_DSL_PHEV_N,?,2.00285E-05,4.15328E-05,6.41533E-05,7.81189E-05,8.20342E-05,8.16073E-05
Temoa,nz,BC,Capacity|transportation|T_MDV_T_FCEV_N,?,0.000173051,0.000199495,0.00024983,0.00022392,0.000129297,0.000119491
Temoa,nz,BC,Capacity|transportation|T_MDV_T_FCHEV_N,?,0.000726548,0.000761296,0.001027076,0.001119596,0.000910045,0.000806257
Temoa,nz,BC,Capacity|transportation|T_MDV_T_GSL_EX,?,100.0901228,72.74898341,32.07282881,,,
Temoa,nz,BC,Capacity|transportation|T_MDV_T_GSL_N,?,2.35494E-05,4.0976E-05,5.72543E-05,6.30581E-05,5.80544E-05,4.53431E-05
Temoa,nz,BC,Emissions|ch4,?,6989.779563,5435.726513,3294.838248,1252.848625,1045.023557,963.7444962
Temoa,nz,BC,Emissions|ch4|F_A_DSL,?,50.803776,56.13551895,54.41652654,52.7917449,52.96080864,53.91098333
Temoa,nz,BC,Emissions|ch4|F_A_NG,?,10.44332328,11.53932583,11.18596115,10.85196191,10.88669934,11.08198543
Temoa,nz,BC,Emissions|ch4|F_C_NG,?,9.579003377,9.329085074,8.648017734,7.58933297,6.455157881,5.304483472
Temoa,nz,BC,Emissions|ch4|F_E_BIO_M,?,0.085441556,0.118963981,0.14891848,0.188197774,0.232373414,0.278635507
Temoa,nz,BC,Emissions|ch4|F_E_NG,?,79.38578659,79.60208456,79.36599987,0.735585312,0.214244136,0.236523868
Temoa,nz,BC,Emissions|ch4|F_I_HFO,?,65.6332,60.9834,57.1845,54.6385,52.126,52.9099
Temoa,nz,BC,Emissions|ch4|F_I_NG,?,241.1745309,214.6297588,186.9343164,174.1479894,170.6265416,218.8753352
Temoa,nz,BC,Emissions|ch4|F_R_LPG,?,0.750860202,0.501027604,0.251193772,0.028708802,,
Temoa,nz,BC,Emissions|ch4|F_R_NG,?,59.9272365,38.12514368,15.71546094,1.791626877,0.009337112,0.008038937
Temoa,nz,BC,Emissions|ch4|F_R_OIL,?,1.123050573,0.827143359,0.531718176,0.21269653,,
Temoa,nz,BC,Emissions|ch4|F_R_WOOD,?,97.39289479,64.94455525,32.49773759,0.045035955,0.048272329,0.050001653
Temoa,nz,BC,Emissions|ch4|F_T_CNG,?,0.044252901,0.018292719,4.60461E-05,4.55859E-05,4.30623E-05,4.04384E-05
Temoa,nz,BC,Emissions|ch4|F_T_DSL,?,179.0253628,159.9182126,120.442051,85.4636257,90.74660269,97.16975223
Temoa,nz,BC,Emissions|ch4|F_T_GSL,?,5958.70521,4488.150907,2471.145538,595.9941442,380.4533324,225.6427202
Temoa,nz,BC,Emissions|ch4|F_T_HFO,?,8.275385834,8.275386072,0.002956233,,,
Temoa,nz,BC,Emissions|ch4|F_T_JTF,?,209.1106578,221.1394803,222.4702139,232.8541041,242.6606942,259.8400698
Temoa,nz,BC,Emissions|ch4|F_T_LNG,?,16.96414994,20.06102254,32.54034097,34.15942271,36.20330267,38.43553363
Temoa,nz,BC,Emissions|ch4|F_T_NG,?,1.355440605,1.42720491,1.356750418,1.355902004,1.400147098,0.000492399
Temoa,nz,BC,Emissions|co2,?,59546.41035,56650.75563,49869.61127,44715.12752,43985.86623,47425.30468
Temoa,nz,BC,Emissions|co2e,?,53793.14819,51358.71938,45471.91071,40876.84351,40165.5995,43323.87128
Temoa,nz,BC,Emissions|co2e|E_NG_CCS-NEW,?,-0.321111889,-0.71581003,-0.187326771,-0.272906762,-0.241676403,-0.266880818
Temoa,nz,BC,Emissions|co2e|E_NG_CCS_RFIT_90,?,-0.126111286,-0.236748656,-0.149011657,-0.192697455,-0.195523977,-0.225193186
Temoa,nz,BC,Emissions|co2e|E_NG_CCS_RFIT_95,?,-0.173519612,-0.323644692,-0.205153834,-0.258550253,-0.252570075,-0.285833302
Temoa,nz,BC,Emissions|co2e|F_A_DSL,?,1058.446981,1169.52863,1133.715104,1099.864368,1103.386646,1123.182606
Temoa,nz,BC,Emissions|co2e|F_A_NG,?,549.1469126,606.7786071,588.1974411,570.6345785,572.4611958,582.73003
Temoa,nz,BC,Emissions|co2e|F_C_NG,?,503.6979121,490.5563229,454.7433909,399.0739977,339.435056,278.9285216
Temoa,nz,BC,Emissions|co2e|F_E_BIO_G,?,0.033374497,0.058446628,0.050547698,0.036659097,0.048919562,0.008630724
Temoa,nz,BC,Emissions|co2e|F_E_BIO_M,?,0.032148659,0.04476197,0.056032797,0.070812217,0.087433959,0.104840761
Temoa,nz,BC,Emissions|co2e|F_E_NG,?,317.8828852,318.7490027,317.8036537,2.945489254,0.857893423,0.947107698
Temoa,nz,BC,Emissions|co2e|F_I_BIO,?,9850.36,11456.354,11889.592,11698.908,11286.418,11208.366
Temoa,nz,BC,Emissions|co2e|F_I_HFO,?,7224.245051,6712.441655,6294.296805,6014.058635,5737.507809,5823.791666
Temoa,nz,BC,Emissions|co2e|F_I_NG,?,12678.25176,11282.82538,9826.909658,9154.747994,8969.62977,11506.01017
Temoa,nz,BC,Emissions|co2e|F_R_LPG,?,42.82420117,28.57536841,14.32646527,1.637364044,,
Temoa,nz,BC,Emissions|co2e|F_R_NG,?,3151.186268,2004.755037,826.3745769,94.21008446,0.490978391,0.422715745
Temoa,nz,BC,Emissions|co2e|F_R_OIL,?,23.39766021,17.23272283,11.07782812,4.431324159,,
Temoa,nz,BC,Emissions|co2e|F_R_WOOD,?,36.64552788,24.43635663,12.22775801,0.016945449,0.018163183,0.018813867
Temoa,nz,BC,Emissions|co2e|F_T_CNG,?,2.326321181,0.961625965,0.002420587,0.002396395,0.002263731,0.002125798
Temoa,nz,BC,Emissions|co2e|F_T_DSL,?,3729.818326,3331.739539,2509.292326,1780.551047,1890.616706,2024.436744
Temoa,nz,BC,Emissions|co2e|F_T_ETH,?,619.6117448,666.3537507,366.8898689,88.48698308,56.4857355,33.5010734
Temoa,nz,BC,Emissions|co2e|F_T_GSL,?,5248.823431,3953.461501,2176.749167,524.9912387,335.1285716,198.7610992
Temoa,nz,BC,Emissions|co2e|F_T_HFO,?,910.8715582,910.8715843,0.32539249,0.00090234,0.000458697,0.000112002
Temoa,nz,BC,Emissions|co2e|F_T_JTF,?,6793.294744,7184.070317,7227.301329,7564.63864,7883.221429,8441.32097
Temoa,nz,BC,Emissions|co2e|F_T_LNG,?,891.7847296,1054.583556,1710.606148,1795.719306,1903.16359,2020.509256
Temoa,nz,BC,Emissions|co2e|F_T_MDO,?,0.000159464,0.000203312,0.000245653,0.000142145,9.26968E-05,
Temoa,nz,BC,Emissions|co2e|F_T_NG,?,71.25386408,75.02642631,71.32271936,71.27811922,73.60403002,0.025884807
Temoa,nz,BC,Emissions|co2e|F_T_RDSL,?,150.3043489,134.2625561,101.1195496,71.7527082,76.18813794,81.58082249
Temoa,nz,BC,Emissions|co2e|T_I_H2_SMR_CCS,?,-60.47098339,-63.67176412,-60.5282273,-60.49007292,-62.46360865,
Temoa,nz,BC,Emissions|co2|E_NG_CCS-NEW,?,-0.321111889,-0.71581003,-0.187326771,-0.272906762,-0.241676403,-0.266880818
Temoa,nz,BC,Emissions|co2|E_NG_CCS_RFIT_90,?,-0.126111286,-0.236748656,-0.149011657,-0.192697455,-0.195523977,-0.225193186
Temoa,nz,BC,Emissions|co2|E_NG_CCS_RFIT_95,?,-0.173519612,-0.323644692,-0.205153834,-0.258550253,-0.252570075,-0.285833302
Temoa,nz,BC,Emissions|co2|F_A_DSL,?,1015.34432,1121.902441,1087.547334,1055.075086,1058.453928,1077.443746
Temoa,nz,BC,Emissions|co2|F_A_NG,?,546.1575819,603.4755531,584.9955353,567.5282777,569.3449517,579.5578865
Temoa,nz,BC,Emissions|co2|F_C_NG,?,500.9559871,487.8859354,452.2679543,396.9016024,337.5873107,277.410149
Temoa,nz,BC,Emissions|co2|F_E_BIO_G,?,0.033374497,0.058446628,0.050547698,0.036659097,0.048919562,0.008630724
Temoa,nz,BC,Emissions|co2|F_E_BIO_M,?,0.026512345,0.036914287,0.046209109,0.058397395,0.072105009,0.086460044
Temoa,nz,BC,Emissions|co2|F_E_NG,?,313.4928512,314.3470074,313.4147138,2.904811386,0.846045722,0.934027928
Temoa,nz,BC,Emissions|co2|F_IMP_CNG,?,0.158371564,0.065465684,0.000164789,0.000163142,0.000154111,0.00014472
Temoa,nz,BC,Emissions|co2|F_IMP_DSL,?,1211.228927,1138.630771,921.5270458,728.6234682,757.3564195,796.2147803
Temoa,nz,BC,Emissions|co2|F_IMP_GSL,?,1213.400038,933.1910749,539.1295588,172.7532546,131.023085,101.9433258
Temoa,nz,BC,Emissions|co2|F_IMP_HFO,?,1367.860395,1281.804399,1058.394712,1011.220152,964.7200771,979.2280188
Temoa,nz,BC,Emissions|co2|F_IMP_JTF,?,1466.41415,1550.767744,1560.099677,1632.917981,1701.687897,1822.160377
Temoa,nz,BC,Emissions|co2|F_IMP_LPG,?,8.444538356,5.634799668,2.825047103,0.322873121,,
Temoa,nz,BC,Emissions|co2|F_IMP_MDO,?,2.70194E-05,3.44492E-05,4.16233E-05,2.4085E-05,1.57065E-05,
Temoa,nz,BC,Emissions|co2|F_IMP_NG,?,1175.537323,1005.857579,822.5242218,700.698513,677.8003928,842.0455779
Temoa,nz,BC,Emissions|co2|F_IMP_OIL,?,4.84909574,3.571430737,2.295847048,0.9183788,,
Temoa,nz,BC,Emissions|co2|F_IMP_SPK,?,4.37023E-05,0.000114642,0.0002012,0.000320658,0.000484997,0.000436029
Temoa,nz,BC,Emissions|co2|F_I_BIO,?,9850.36,11456.354,11889.592,11698.908,11286.418,11208.366
Temoa,nz,BC,Emissions|co2|F_I_HFO,?,7201.0396,6690.8802,6274.0785,5994.7405,5719.078,5805.0847
Temoa,nz,BC,Emissions|co2|F_I_NG,?,12612.77614,11224.5563,9776.159517,9107.469168,8923.30697,11446.58847
Temoa,nz,BC,Emissions|co2|F_R_LPG,?,41.98342986,28.01434568,14.04519251,1.605217532,,
Temoa,nz,BC,Emissions|co2|F_R_NG,?,3134.032502,1993.841973,821.8761323,93.69724337,0.488305706,0.420414654
Temoa,nz,BC,Emissions|co2|F_R_OIL,?,22.44484781,16.5309624,10.6267107,4.250869338,,
Temoa,nz,BC,Emissions|co2|F_R_WOOD,?,30.22082176,20.15216647,10.08398341,0.013974567,0.014978808,0.015515414
Temoa,nz,BC,Emissions|co2|F_T_CNG,?,2.314307116,0.956659739,0.002408086,0.002384019,0.00225204,0.002114819
Temoa,nz,BC,Emissions|co2|F_T_DSL,?,3577.93061,3196.062607,2407.107542,1708.042467,1813.625972,1941.996516
Temoa,nz,BC,Emissions|co2|F_T_ETH,?,619.6117448,666.3537507,366.8898689,88.48698308,56.4857355,33.5010734
Temoa,nz,BC,Emissions|co2|F_T_GSL,?,5051.844967,3805.095532,2095.059868,505.2893056,322.5518271,191.3019692
Temoa,nz,BC,Emissions|co2|F_T_HFO,?,907.9456905,907.9457166,0.324347276,0.000899441,0.000457224,0.000111643
Temoa,nz,BC,Emissions|co2|F_T_JTF,?,6623.30391,7004.300978,7046.450206,7375.346215,7685.957003,8230.091038
Temoa,nz,BC,Emissions|co2|F_T_LNG,?,887.1791921,1049.137259,1701.771885,1786.445484,1893.334882,2010.074528
Temoa,nz,BC,Emissions|co2|F_T_MDO,?,0.000157141,0.000200351,0.000242075,0.000140074,9.13465E-05,
Temoa,nz,BC,Emissions|co2|F_T_NG,?,70.88588028,74.63895946,70.95437996,70.91001015,73.223909,0.025751128
Temoa,nz,BC,Emissions|co2|F_T_RDSL,?,150.3043489,134.2625561,101.1195496,71.7527082,76.18813794,81.58082249
Temoa,nz,BC,Emissions|co2|T_I_H2_SMR_CCS,?,-61.0505863,-64.28204591,-61.10837889,-61.0698588,-63.06231049,
Temoa,nz,BC,Emissions|n2o,?,1825.411387,1738.741916,1524.763114,1368.174228,1400.961303,1513.459398
Temoa,nz,BC,Emissions|n2o|F_A_DSL,?,152.67456,168.6974144,163.5315305,158.6487671,159.1568343,162.0122815
Temoa,nz,BC,Emissions|n2o|F_A_NG,?,9.878819315,10.91557848,10.5813146,10.26536937,10.2982291,10.48295919
Temoa,nz,BC,Emissions|n2o|F_C_NG,?,9.06121941,8.824810205,8.180557316,7.179098755,6.106230428,5.017754636
Temoa,nz,BC,Emissions|n2o|F_E_BIO_M,?,0.0118826,0.01654466,0.020710517,0.0261732,0.032316832,0.038750633
Temoa,nz,BC,Emissions|n2o|F_E_NG,?,7.938578659,7.960208456,7.936599987,0.073558531,0.021424414,0.023652387
Temoa,nz,BC,Emissions|n2o|F_I_HFO,?,78.27004,72.72498,68.19465,65.15845,62.1622,63.09703
Temoa,nz,BC,Emissions|n2o|F_I_NG,?,215.1016087,191.4265416,166.7252011,155.3211797,152.180429,195.2131368
Temoa,nz,BC,Emissions|n2o|F_R_LPG,?,3.002737097,2.003640849,1.004539666,0.114808301,,
Temoa,nz,BC,Emissions|n2o|F_R_NG,?,56.68792642,36.0643251,14.86597656,1.694782181,0.008832403,0.007604399
Temoa,nz,BC,Emissions|n2o|F_R_OIL,?,3.374970635,2.485715793,1.597909545,0.639191645,,
Temoa,nz,BC,Emissions|n2o|F_R_WOOD,?,13.54470722,9.032024241,4.51955291,0.006263278,0.00671337,0.006953872
Temoa,nz,BC,Emissions|n2o|F_T_CNG,?,0.039468804,0.016315127,4.10681E-05,4.06577E-05,3.84069E-05,3.60667E-05
Temoa,nz,BC,Emissions|n2o|F_T_DSL,?,538.003681,480.5832295,361.9502051,256.8336938,272.7099977,292.0127269
Temoa,nz,BC,Emissions|n2o|F_T_GSL,?,110.383585,83.14191919,45.77737846,11.04064859,7.047806742,4.179977278
Temoa,nz,BC,Emissions|n2o|F_T_HFO,?,9.86870639,9.868706673,0.003525418,,,
Temoa,nz,BC,Emissions|n2o|F_T_JTF,?,601.2298014,635.8147751,639.6408674,669.4963723,697.6920379,747.0857547
Temoa,nz,BC,Emissions|n2o|F_T_LNG,?,15.13018778,17.89226334,29.02246627,30.46651215,32.28943211,34.28034081
Temoa,nz,BC,Emissions|n2o|F_T_MDO,?,,1.05106E-05,1.26995E-05,,,
Temoa,nz,BC,Emissions|n2o|F_T_NG,?,1.208906486,1.272912487,1.210074697,1.209318003,1.248779844,0.000439167
Temoa,nz,BC-AB,Activity|electricity,?,0.218982572,0.088118041,1.612377916,3.089361838,4.258271595,5.32919025
Temoa,nz,BC-AB,Activity|electricity|E_INT,?,0.218982572,0.088118041,1.612377916,3.089361838,4.258271595,5.32919025
Temoa,nz,BC-AB,Capacity|electricity,?,1.188,1.188,1.188,1.188,1.188,1.188
Temoa,nz,BC-AB,Capacity|electricity|E_INT,?,1.188,1.188,1.188,1.188,1.188,1.188
Temoa,nz,MB,Activity|agriculture|A_AGRI,?,26.1,28.83913683,27.9560193,27.12130194,27.208157,27.69630085
Temoa,nz,MB,Activity|agriculture|E_A_ELC,?,3.445202203,3.806772913,3.6902402,3.580060127,3.591656781,3.682993673
Temoa,nz,MB,Activity|agriculture|F_A_DSL,?,16.3386,18.05329966,17.50046808,16.97793501,17.03230628,17.33788433
Temoa,nz,MB,Activity|agriculture|F_A_GSL,?,6.21179995,6.863714565,6.653532594,6.454869861,6.475541367,6.591719602
Temoa,nz,MB,Activity|agriculture|F_A_NG,?,0.104397846,0.115349696,0.111778425,0.108436937,0.108652571,0.083703243
Temoa,nz,MB,Activity|commercial,?,82.88902164,91.59053115,98.10134584,101.9401231,106.2683089,112.7673958
Temoa,nz,MB,Activity|commercial|C_OTHER,?,15.02575224,16.60267137,17.78331792,18.47918505,19.26377631,20.4419669
Temoa,nz,MB,Activity|commercial|C_SPHC_HP_AIR-NEW,?,41.04040594,45.33406163,48.57265612,50.47335869,52.61636295,55.83404674
Temoa,nz,MB,Activity|commercial|C_SPH_ELC-EXS,?,,0.013623986,,,,
Temoa,nz,MB,Activity|commercial|E_C_ELC,?,24.6970701,27.56984322,29.82618388,31.30333625,32.95562508,35.31419728
Temoa,nz,MB,Activity|commercial|F_C_NG,?,2.125793359,2.070330952,1.919187908,1.684243114,1.432544559,1.177184838
Temoa,nz,MB,Activity|electricity,?,396.0596957,407.5895185,414.8620645,449.8410855,463.5903378,485.5431383
Temoa,nz,MB,Activity|electricity|E_BAT_2H-NEW,?,0.000538055,0.001407216,0.007371331,0.005621906,0.005457689,0.007329403
Temoa,nz,MB,Activity|electricity|E_BAT_4H-NEW,?,5.23659E-05,0.000228293,0.000714473,0.001243002,0.001839107,0.003983418
Temoa,nz,MB,Activity|electricity|E_ELC_DX_to_DEM,?,99.21579488,104.0427088,108.6428148,119.7830795,124.8282361,131.8360674
Temoa,nz,MB,Activity|electricity|E_ELC_TX_to_DX,?,98.90705646,103.7341599,108.3344336,119.4747669,124.5200798,131.5281041
Temoa,nz,MB,Activity|electricity|E_HYD_DLY-EXS,?,24.69002118,24.6815675,22.40503612,24.69027241,24.69000601,24.69007928
Temoa,nz,MB,Activity|electricity|E_HYD_MLY-EXS,?,73.28846344,73.28756677,73.27975396,73.28613836,73.28522732,73.28390132
Temoa,nz,MB,Activity|electricity|E_HYD_MLY-EXS-IN,?,73.2884631,73.28756702,73.27975422,73.28613861,73.28522757,73.28390158
Temoa,nz,MB,Activity|electricity|E_HYD_ROR-EXS,?,0.30873842,0.308548903,0.308381139,0.308312597,0.308156356,0.307963301
Temoa,nz,MB,Activity|electricity|E_SOL_PV-NEW-1,?,0.000187346,0.000691289,0.001766727,0.003673947,0.006187322,0.009617366
Temoa,nz,MB,Activity|electricity|E_SOL_PV-NEW-2,?,0.000164766,0.000643225,0.001765913,0.00358306,0.0060581,0.009426956
Temoa,nz,MB,Activity|electricity|E_SOL_PV-NEW-3,?,0.000160788,0.000594525,0.001612021,0.003280476,0.005503908,0.008406608
Temoa,nz,MB,Activity|electricity|E_SOL_PV-NEW-4,?,0.000162254,0.000601255,0.001631835,0.003364322,0.005706078,0.008693487
Temoa,nz,MB,Activity|electricity|E_SOL_PV-NEW-5,?,0.000124405,0.000542158,0.001587062,0.003363873,0.005667438,0.008784791
Temoa,nz,MB,Activity|electricity|E_WND_ON-EXS,?,3.349883391,3.348995043,3.344730837,,,
Temoa,nz,MB,Activity|electricity|E_WND_ON-NEW-1,?,0.007824264,0.01551966,0.020727499,0.026436804,0.032368006,0.03981802
Temoa,nz,MB,Activity|electricity|E_WND_ON-NEW-10,?,0.008621182,0.018329196,0.025963115,0.036191708,0.047243784,0.059939982
Temoa,nz,MB,Activity|electricity|E_WND_ON-NEW-11,?,0.003445236,0.007325868,0.011070506,0.016753917,0.022889227,0.030015969
Temoa,nz,MB,Activity|electricity|E_WND_ON-NEW-12,?,0.00907176,0.018965225,0.026980588,0.037490965,0.048626804,0.061208948
Temoa,nz,MB,Activity|electricity|E_WND_ON-NEW-13,?,0.008627104,0.018294484,0.026060651,0.037042354,0.048940301,0.061966357
Temoa,nz,MB,Activity|electricity|E_WND_ON-NEW-2,?,0.110122222,0.266975538,0.322370268,0.681300182,1.805744718,8.330194791
Temoa,nz,MB,Activity|electricity|E_WND_ON-NEW-3,?,0.144118171,0.302218984,0.354948006,0.582955101,0.912793697,1.284346609
Temoa,nz,MB,Activity|electricity|E_WND_ON-NEW-4,?,12.70922113,13.0974685,13.14655636,13.24434797,13.29195273,13.31134978
Temoa,nz,MB,Activity|electricity|E_WND_ON-NEW-5,?,0.009683135,0.020970078,0.030717563,0.044898125,0.060856046,0.079650713
Temoa,nz,MB,Activity|electricity|E_WND_ON-NEW-6,?,0.401832128,0.697467402,0.757107785,1.152896929,1.5884317,1.931573085
Temoa,nz,MB,Activity|electricity|E_WND_ON-NEW-7,?,9.561771712,10.35268458,10.42038732,22.97087298,24.56662535,25.0996682
Temoa,nz,MB,Activity|electricity|E_WND_ON-NEW-8,?,0.028830433,0.061636141,0.084939275,0.124372224,0.168420297,0.212927505
Temoa,nz,MB,Activity|electricity|E_WND_ON-NEW-9,?,0.006465991,0.013702532,0.019396368,0.026890395,0.034945806,0.044492736
Temoa,nz,MB,Activity|electricity|F_E_NG,?,0.000250376,0.002138381,0.003485132,0.005796847,0.007146607,0.009726656
Temoa,nz,MB,Activity|fuel|F_IMP_BIO,?,12.73,12.78009664,14.56791674,15.93164078,17.25259586,18.33
Temoa,nz,MB,Activity|fuel|F_IMP_CNG,?,0.014184322,0.005337851,,,,
Temoa,nz,MB,Activity|fuel|F_IMP_DSL,?,26.03189292,26.81886366,24.75494689,22.45580843,22.7230389,23.43115719
Temoa,nz,MB,Activity|fuel|F_IMP_ETH,?,1.627412926,2.039709235,1.516913652,0.281265041,0.167950885,0.148432951
Temoa,nz,MB,Activity|fuel|F_IMP_GSL,?,19.37904999,18.42206689,15.24937662,8.048705095,7.427263048,7.43283966
Temoa,nz,MB,Activity|fuel|F_IMP_H2,?,,,,,,2.630020112
Temoa,nz,MB,Activity|fuel|F_IMP_HFO,?,36.26786505,36.92687496,34.62171292,31.25677331,28.59147765,25.96
Temoa,nz,MB,Activity|fuel|F_IMP_JTF,?,11.08136567,12.24211513,13.0654295,13.98052476,14.85282711,15.9043519
Temoa,nz,MB,Activity|fuel|F_IMP_LNG,?,12.61402294,13.99608058,14.54653628,14.56028259,14.5601021,14.56004549
Temoa,nz,MB,Activity|fuel|F_IMP_NG,?,59.03692374,53.3362653,48.4094086,41.44345272,38.77920632,36.58812401
Temoa,nz,MB,Activity|fuel|F_IMP_RDSL,?,0.403887205,0.365231833,0.30226995,0.228244726,0.237113859,0.253886369
Temoa,nz,MB,Activity|industrial|E_I_ELC,?,23.42993034,24.68947801,26.12968581,27.07162369,28.68303847,30.24996142
Temoa,nz,MB,Activity|industrial|F_I_BIO,?,12.73,12.78009664,14.56791674,15.93164078,17.25259586,18.33
Temoa,nz,MB,Activity|industrial|F_I_H2,?,,,,,,2.629999999
Temoa,nz,MB,Activity|industrial|F_I_HFO,?,36.11,36.76904858,34.60508586,31.25674701,28.59147008,25.96
Temoa,nz,MB,Activity|industrial|F_I_NG,?,39.63,39.68134938,40.61724198,38.97995358,37.22285727,35.31000001
Temoa,nz,MB,Activity|industrial|I_IND,?,111.9,113.92,115.92,113.24,111.75,112.48
Temoa,nz,MB,Activity|residential,?,99.87092838,94.30820968,90.23137166,87.98546472,89.18487644,92.55525719
Temoa,nz,MB,Activity|residential|E_R_ELC,?,30.28873275,29.57900356,29.33576491,30.16976555,29.86825013,30.94704696
Temoa,nz,MB,Activity|residential|F_R_NG,?,17.17428353,11.4656137,5.756623601,0.664361411,0.006696996,0.006626378
Temoa,nz,MB,Activity|residential|R_APP_CL_WASH-EXS,?,0.016580461,0.006174894,,,,
Temoa,nz,MB,Activity|residential|R_APP_CL_WASH-TYP-NEW,?,0.006553026,0.017370988,0.024581329,0.024788584,0.025676683,0.027238985
Temoa,nz,MB,Activity|residential|R_APP_COOK_ELEC-EXS,?,0.019031889,0.011517369,0.002267285,,,
Temoa,nz,MB,Activity|residential|R_APP_COOK_ELEC-TYP-NEW,?,0.007127812,0.014850347,0.023761705,0.028152438,0.029671192,0.030856739
Temoa,nz,MB,Activity|residential|R_APP_DRY_ELEC-EXS,?,0.012242955,0.00566371,,,,
Temoa,nz,MB,Activity|residential|R_APP_DRY_ELEC-TYP-NEW,?,0.011313135,0.018553945,0.025111522,0.026347934,0.026630258,0.027709345
Temoa,nz,MB,Activity|residential|R_APP_DS_WASH-EXS,?,0.011231084,0.005712625,,,,
Temoa,nz,MB,Activity|residential|R_APP_DS_WASH-TYP-NEW,?,0.006324058,0.011867542,0.018161417,0.018670357,0.018937053,0.019445128
Temoa,nz,MB,Activity|residential|R_APP_FREZ-EXS,?,0.015598213,0.010630775,0.005896344,,,
Temoa,nz,MB,Activity|residential|R_APP_FREZ-TYP-NEW,?,0.00529782,0.008861188,0.012850338,0.018369394,0.02178071,0.022950518
Temoa,nz,MB,Activity|residential|R_APP_OTH,?,0.584606434,0.594237133,0.615187801,0.63765438,0.66171461,0.687265874
Temoa,nz,MB,Activity|residential|R_APP_REFR-EXS,?,0.021134828,0.000678601,,,,
Temoa,nz,MB,Activity|residential|R_APP_REFR-TYP-NEW,?,0.017245595,0.035104154,0.040388143,0.041863113,0.043442708,0.045120193
Temoa,nz,MB,Activity|residential|R_LGT_CFL-EXS,?,1.174882957,0.755283353,0.287015841,,,
Temoa,nz,MB,Activity|residential|R_LGT_LED-EXS,?,1.723718296,1.723719894,1.637580886,1.723715421,1.378958915,0.948031166
Temoa,nz,MB,Activity|residential|R_LGT_LED-TYP-NEW,?,4.31080618,4.962371269,5.91138813,6.499462044,7.284594517,8.096374386
Temoa,nz,MB,Activity|residential|R_LGT_T12-EXS,?,0.484049565,0.378823151,0.259924919,0.168358169,0.044592036,
Temoa,nz,MB,Activity|residential|R_SPC_CENT_AC-EXS,?,4.921983771,3.474281113,2.026596858,0.231657279,,
Temoa,nz,MB,Activity|residential|R_SPC_ROOM_AC-EXS,?,0.195452971,,,,,
Temoa,nz,MB,Activity|residential|R_SPHC_AIR_HP-TYP-NEW,?,9.086303181,17.83202605,27.12516292,37.66736752,41.72931489,43.3405409
Temoa,nz,MB,Activity|residential|R_SPHC_GEO_HP-TYP-NEW,?,,,0.000108206,0.000144101,0.000245426,0.000244256
Temoa,nz,MB,Activity|residential|R_SPH_ELEC-EXS,?,9.151371764,6.743117302,4.334874814,1.733950582,,
Temoa,nz,MB,Activity|residential|R_SPH_ELEC_RAD-NEW,?,,4.17871E-05,0.00012526,0.000664552,0.000796074,0.001345826
Temoa,nz,MB,Activity|residential|R_SPH_HP-EXS,?,0.540576253,0.29485996,0.019611887,,,
Temoa,nz,MB,Activity|residential|R_SPH_NG-EXS,?,12.31501634,8.69283706,5.070835565,0.579526369,,
Temoa,nz,MB,Activity|residential|R_SPH_WOOD-ELC-EXS,?,0.661733481,0.441156586,0.220580132,,,
Temoa,nz,MB,Activity|residential|R_WAH_ELC-EXS,?,2.137336489,1.16581111,0.077724596,,,
Temoa,nz,MB,Activity|residential|R_WAH_ELEC-TYP-NEW,?,,1.975563483,4.839709766,7.730155509,8.019891412,8.328781384
Temoa,nz,MB,Activity|residential|R_WAH_HP-TYP-NEW,?,3.184557578,3.189558678,2.559537486,0.020490013,0.023682829,0.025679153
Temoa,nz,MB,Activity|residential|R_WAH_NG-EXS,?,1.785835968,0.892918347,,,,
Temoa,nz,MB,Activity|transportation,?,248.438683,263.2197385,266.2031895,262.9891548,279.5714032,299.817445
Temoa,nz,MB,Activity|transportation|E_T_ELC,?,17.35478978,18.39758365,19.66087029,27.65825888,29.72962727,31.6418294
Temoa,nz,MB,Activity|transportation|F_T_CNG,?,0.014184322,0.005337851,,,,
Temoa,nz,MB,Activity|transportation|F_T_DSL,?,9.693292917,8.765564002,7.254478806,5.477873415,5.690732613,6.093272856
Temoa,nz,MB,Activity|transportation|F_T_ETH,?,1.627412926,2.039709235,1.516913652,0.281265041,0.167950885,0.148432951
Temoa,nz,MB,Activity|transportation|F_T_GSL,?,13.16725004,11.55835233,8.59584403,1.593835234,0.951721681,0.841120058
Temoa,nz,MB,Activity|transportation|F_T_HFO,?,0.157865045,0.15782638,0.016627055,,,
Temoa,nz,MB,Activity|transportation|F_T_JTF,?,11.08136567,12.24211513,13.0654295,13.98052476,14.85282711,15.9043519
Temoa,nz,MB,Activity|transportation|F_T_LNG,?,12.61402294,13.99608058,14.54653628,14.56028259,14.5601021,14.56004549
Temoa,nz,MB,Activity|transportation|F_T_RDSL,?,0.403887205,0.365231833,0.30226995,0.228244726,0.237113859,0.253886369
Temoa,nz,MB,Activity|transportation|T_BLND_ETH_GSL,?,14.79466296,13.59806156,10.11275768,1.875100275,1.119672566,0.989553009
Temoa,nz,MB,Activity|transportation|T_BLND_GSL_ELC_PHEV35,?,17.64925679,18.00959631,15.27968022,2.824582363,0.444709653,0.117038595
Temoa,nz,MB,Activity|transportation|T_BLND_GSL_ELC_PHEV50,?,,,0.178896409,0.178505238,1.669967272,1.823326432
Temoa,nz,MB,Activity|transportation|T_BLND_JTF,?,11.08136233,12.24210649,13.06541399,13.98049988,14.85278939,15.90431816
Temoa,nz,MB,Activity|transportation|T_BLND_RDSL_DSL,?,10.09718012,9.130795835,7.556748757,5.706118141,5.927846472,6.347159225
Temoa,nz,MB,Activity|transportation|T_ELC_AC_DC,?,0.259427387,0.386358681,0.794529911,1.482327598,2.30127516,3.108395862
Temoa,nz,MB,Activity|transportation|T_H2_COMP_100_700,?,0.20017742,0.301640536,0.630610578,1.189112099,1.868447137,2.533323273
Temoa,nz,MB,Activity|transportation|T_H2_COMP_10_100,?,0.20017742,0.30164047,0.630610479,1.189112,1.868447038,2.533323173
Temoa,nz,MB,Activity|transportation|T_H2_HDV_REFUEL,?,0.19914634,0.300093339,0.627402741,1.183094479,1.859037633,2.52058382
Temoa,nz,MB,Activity|transportation|T_H2_distribution,?,0.20017742,0.30164047,0.630610479,1.189112,1.868447038,2.533323173
Temoa,nz,MB,Activity|transportation|T_HDV_AJF_JFL_EX,?,0.008608058,0.008365636,0.008365616,0.006499574,,
Temoa,nz,MB,Activity|transportation|T_HDV_AJF_JFL_N,?,0.097593972,0.110309352,0.12117503,0.132082573,0.148315514,0.158653112
Temoa,nz,MB,Activity|transportation|T_HDV_AJP_JFL_EX,?,0.855862681,0.764876105,0.582046465,0.445091391,,
Temoa,nz,MB,Activity|transportation|T_HDV_AJP_JFL_N,?,7.627632003,8.678203059,9.58965873,10.4594076,11.62652023,12.44963408
Temoa,nz,MB,Activity|transportation|T_HDV_BIC_DSL_EX,?,0.005089626,0.000252362,,,,
Temoa,nz,MB,Activity|transportation|T_HDV_BIC_FCEV_N,?,0.171963236,0.196156811,0.214760169,0.230225922,0.245456994,0.262822912
Temoa,nz,MB,Activity|transportation|T_HDV_BS_BEV_N,?,,,0.386679099,0.960681049,1.050811928,1.137660149
Temoa,nz,MB,Activity|transportation|T_HDV_BS_DSL_EX,?,0.043069976,0.018142729,,,,
Temoa,nz,MB,Activity|transportation|T_HDV_BS_FCHEV_N,?,0.723220026,0.840437838,0.543793236,0.036869674,0.012770099,
Temoa,nz,MB,Activity|transportation|T_HDV_BS_GSL_EX,?,0.009495628,0.004364779,,,,
Temoa,nz,MB,Activity|transportation|T_HDV_BT_BEV_EX,?,0.0207008,0.009692521,,,,
Temoa,nz,MB,Activity|transportation|T_HDV_BT_BEV_N,?,0.431331651,0.518256156,0.586027833,0.628247586,0.669835679,0.717260275
Temoa,nz,MB,Activity|transportation|T_HDV_BT_CNG_EX,?,0.006670581,0.000580464,,,,
Temoa,nz,MB,Activity|transportation|T_HDV_BT_DSL_EX,?,0.028769526,0.012679978,,,,
Temoa,nz,MB,Activity|transportation|T_HDV_CHRG,?,7.228786329,7.927034846,7.768415159,8.318796799,8.494184499,8.77025541
Temoa,nz,MB,Activity|transportation|T_HDV_RF_DSL_EX,?,0.027525411,,,,,
Temoa,nz,MB,Activity|transportation|T_HDV_RF_H2_N,?,,0.000529915,2.799246378,7.707420937,12.54538891,18.05991217
Temoa,nz,MB,Activity|transportation|T_HDV_RF_LNG_N,?,56.80430876,63.2593963,65.34199646,65.34196648,65.34085445,65.34043594
Temoa,nz,MB,Activity|transportation|T_HDV_RICP_DSL_EX,?,0.151213071,0.050422855,0.050417878,0.050411614,,
Temoa,nz,MB,Activity|transportation|T_HDV_RICP_DSL_N,?,0.049670024,0.049669595,0.049668375,0.049661105,,
Temoa,nz,MB,Activity|transportation|T_HDV_RICP_H2_N,?,,0.123507195,0.140767635,0.158133039,0.275074842,0.294785902
Temoa,nz,MB,Activity|transportation|T_HDV_T_BEV_N,?,11.71875754,14.12246052,16.54229744,19.21627632,20.48869693,21.93922149
Temoa,nz,MB,Activity|transportation|T_HDV_T_DSL_EX,?,3.231173861,2.518460479,1.382627167,,,
Temoa,nz,MB,Activity|transportation|T_HDV_WTF_HFO_EX,?,0.999895254,0.999631892,0.105263619,,,
Temoa,nz,MB,Activity|transportation|T_HDV_WTF_LNG_N,?,,,0.89433253,0.999495502,0.999487976,0.999465424
Temoa,nz,MB,Activity|transportation|T_I_H2_ELC_ALK,?,0.197107386,0.287343819,0.589606596,0.847576862,0.733603458,0.685773855
Temoa,nz,MB,Activity|transportation|T_I_H2_ELC_PEM,?,0.001820224,0.011789869,0.038614327,0.33918476,1.134205015,1.847164934
Temoa,nz,MB,Activity|transportation|T_LDV_BEV_CHRG,?,0.041805296,0.076256653,1.853100838,12.30437595,13.26313925,13.89013714
Temoa,nz,MB,Activity|transportation|T_LDV_C_BEV150_EX,?,0.049218363,0.038707482,,,,
Temoa,nz,MB,Activity|transportation|T_LDV_C_BEV150_N,?,,,0.279983021,1.1575641,1.256760389,1.36093699
Temoa,nz,MB,Activity|transportation|T_LDV_C_BEV200_N,?,,,0.559967193,2.315130579,2.513522891,2.721876234
Temoa,nz,MB,Activity|transportation|T_LDV_C_BEV300_N,?,,,0.839951969,3.472696895,3.770285276,4.082815688
Temoa,nz,MB,Activity|transportation|T_LDV_C_BEV400_N,?,,,1.119935566,4.630263035,5.027048188,5.443755832
Temoa,nz,MB,Activity|transportation|T_LDV_C_DSL_EX,?,0.002809523,,,,,
Temoa,nz,MB,Activity|transportation|T_LDV_C_GSL_EX,?,0.314268773,0.160944063,,,,
Temoa,nz,MB,Activity|transportation|T_LDV_C_GSL_HEV_EX,?,0.00766559,0.003678855,,,,
Temoa,nz,MB,Activity|transportation|T_LDV_C_GSL_PHEV35_EX,?,0.000847588,0.000243315,,,,
Temoa,nz,MB,Activity|transportation|T_LDV_C_GSL_PHEV35_N,?,8.901219249,10.12284241,8.326986526,0.352819321,0.150672598,0.008892442
Temoa,nz,MB,Activity|transportation|T_LDV_LTF_BEV150_N,?,,,,0.124768552,0.129489889,0.134390127
Temoa,nz,MB,Activity|transportation|T_LDV_LTF_BEV200_N,?,,,,0.24953916,0.258981984,0.268784271
Temoa,nz,MB,Activity|transportation|T_LDV_LTF_BEV300_N,?,,,,0.374309643,0.388473975,0.40317804
Temoa,nz,MB,Activity|transportation|T_LDV_LTF_BEV400_N,?,,,,0.499080059,0.517966068,0.537571519
Temoa,nz,MB,Activity|transportation|T_LDV_LTF_DSL_EX,?,0.004882308,0.004496771,,,,
Temoa,nz,MB,Activity|transportation|T_LDV_LTF_GSL_EX,?,0.078061304,0.056331054,0.009886104,,,
Temoa,nz,MB,Activity|transportation|T_LDV_LTF_GSL_PHEV35_N,?,1.295022268,1.474378808,1.53017179,0.408568585,0.084527433,0.030254165
Temoa,nz,MB,Activity|transportation|T_LDV_LTF_GSL_PHEV50_N,?,,,0.113373175,0.117637967,0.51192079,0.651080753
Temoa,nz,MB,Activity|transportation|T_LDV_LTP_BEV150_N,?,,,0.12777358,1.307360257,1.529971488,1.68289865
Temoa,nz,MB,Activity|transportation|T_LDV_LTP_BEV200_N,?,,,0.255559212,2.61472666,3.059949156,3.365806492
Temoa,nz,MB,Activity|transportation|T_LDV_LTP_BEV300_N,?,,,0.383340209,3.922092059,4.589927248,5.048714151
Temoa,nz,MB,Activity|transportation|T_LDV_LTP_BEV400_N,?,,,0.51111974,5.229458159,6.119905934,6.731620793
Temoa,nz,MB,Activity|transportation|T_LDV_LTP_DSL_EX,?,0.031086335,0.019806859,0.001967352,,,
Temoa,nz,MB,Activity|transportation|T_LDV_LTP_GSL_EX,?,0.744094562,0.496173009,0.085311795,,,
Temoa,nz,MB,Activity|transportation|T_LDV_LTP_GSL_HEV_EX,?,0.004897133,0.004478983,,,,
Temoa,nz,MB,Activity|transportation|T_LDV_LTP_GSL_PHEV35_N,?,12.12528518,13.8439594,14.10862216,3.517731427,0.443566782,0.129708273
Temoa,nz,MB,Activity|transportation|T_LDV_LTP_GSL_PHEV50_N,?,,,,,1.947549354,1.984562956
Temoa,nz,MB,Activity|transportation|T_LDV_M_BEV_N,?,0.041760933,0.118347766,0.176445185,0.208376437,0.222123275,0.237806138
Temoa,nz,MB,Activity|transportation|T_LDV_M_GSL_EX,?,0.120617569,0.062317101,0.018007918,,,
Temoa,nz,MB,Activity|transportation|T_LDV_PHEV_CHRG,?,6.493376302,6.626159859,5.710602703,1.128056987,0.995078112,0.950889969
Temoa,nz,MB,Activity|transportation|T_MDV_CHRG,?,1.598115356,1.545678664,1.577378572,1.674841284,1.725591068,1.78754004
Temoa,nz,MB,Activity|transportation|T_MDV_T_BEV_N,?,0.930348524,1.06828244,1.194896764,1.314556672,1.401602668,1.500829817
Temoa,nz,MB,Activity|transportation|T_MDV_T_DSL_EX,?,0.055289729,0.043101049,0.019417154,,,
Temoa,nz,MB,Activity|transportation|T_MDV_T_GSL_EX,?,0.037063534,0.026995451,0.011672214,,,
Temoa,nz,MB,Activity|transportation|T_OFF,?,4.32504295,4.814258715,5.185728223,5.559323552,5.927427965,6.347065111
Temoa,nz,MB,Capacity|commercial,?,355.3993183,291.3431986,238.5522607,211.1367012,196.9679875,209.0154033
Temoa,nz,MB,Capacity|commercial|C_SPC_AC_ROOF-NEW,?,0.001048201,0.002215709,0.003293347,0.004449461,0.004837147,0.004996768
Temoa,nz,MB,Capacity|commercial|C_SPC_ELC-EXS,?,37.03486162,24.68990775,12.34495387,,,
Temoa,nz,MB,Capacity|commercial|C_SPHC_HP_AIR-NEW,?,153.579023,169.639244,181.7662577,188.8789231,196.8984,208.9410631
Temoa,nz,MB,Capacity|commercial|C_SPHC_HP_GEO-NEW,?,0.000420359,0.000898224,0.00137009,0.001562264,0.001696781,0.001797788
Temoa,nz,MB,Capacity|commercial|C_SPH_ELC-EXS,?,75.9858962,30.39435848,,,,
Temoa,nz,MB,Capacity|commercial|C_SPH_ELC_BLR-NEW,?,0.003921374,0.008508242,0.013704695,0.015678778,0.017380605,0.018915933
Temoa,nz,MB,Capacity|commercial|C_SPH_ELC_RES-NEW,?,0.003981213,0.008548095,0.013726885,0.017248502,0.018466323,0.019487332
Temoa,nz,MB,Capacity|commercial|C_SPH_NG-EXS,?,88.78521971,66.58891478,44.39260986,22.19630493,,
Temoa,nz,MB,Capacity|commercial|C_SPH_NG_FRN-NEW,?,0.00494662,0.010603303,0.016344227,0.02253415,0.027206652,0.029142407
Temoa,nz,MB,Capacity|electricity,?,13.20031053,13.49511531,13.56867558,14.17945744,14.39152484,14.88761072
Temoa,nz,MB,Capacity|electricity|E_BAT_2H-NEW,?,0.000890787,0.001745364,0.002309811,0.001887397,0.00159028,0.001714888
Temoa,nz,MB,Capacity|electricity|E_BAT_4H-NEW,?,0.000147942,0.000365428,0.00062177,0.000776358,0.000930168,0.001134581
Temoa,nz,MB,Capacity|electricity|E_BIO_M-NEW,?,2.28588E-05,4.75075E-05,7.39771E-05,0.00010253,0.000133348,0.000166463
Temoa,nz,MB,Capacity|electricity|E_HYD_DLY-EXS,?,1.433,1.433,1.433,1.433,1.433,1.433
Temoa,nz,MB,Capacity|electricity|E_HYD_MLY-EXS,?,4.648,4.648,4.648,4.648,4.648,4.648
Temoa,nz,MB,Capacity|electricity|E_HYD_MLY-EXS-IN,?,4.648,4.648,4.648,4.648,4.648,4.648
Temoa,nz,MB,Capacity|electricity|E_HYD_ROR-EXS,?,0.023,0.023,0.023,0.023,0.023,0.023
Temoa,nz,MB,Capacity|electricity|E_NG_CC-NEW,?,0.000481604,0.001056421,0.001716653,0.002399341,0.003149161,0.003963089
Temoa,nz,MB,Capacity|electricity|E_NG_CCS-NEW,?,6.67644E-05,0.000147623,0.000247113,0.000359344,0.00048772,0.000632673
Temoa,nz,MB,Capacity|electricity|E_NG_CCS_RFIT_90,?,2.73119E-05,5.83139E-05,9.37471E-05,0.000133426,0.000177862,0.000227716
Temoa,nz,MB,Capacity|electricity|E_NG_CCS_RFIT_95,?,2.74495E-05,5.86613E-05,9.43667E-05,0.000134414,0.000179275,0.000229674
Temoa,nz,MB,Capacity|electricity|E_NG_CT-EXS,?,0.28,0.28,0.28,0.28,,
Temoa,nz,MB,Capacity|electricity|E_NG_CT-NEW,?,0.652645031,0.842738036,0.889246656,1.048371463,1.341285359,1.398740553
Temoa,nz,MB,Capacity|electricity|E_SOL_PV-NEW-1,?,0.000120134,0.000280615,0.000523895,0.000844016,0.00124855,0.001767215
Temoa,nz,MB,Capacity|electricity|E_SOL_PV-NEW-2,?,0.000120317,0.000280736,0.000523422,0.000842447,0.001244863,0.001760242
Temoa,nz,MB,Capacity|electricity|E_SOL_PV-NEW-3,?,0.000117395,0.000273262,0.00050591,0.000804705,0.001178892,0.001654635
Temoa,nz,MB,Capacity|electricity|E_SOL_PV-NEW-4,?,0.000117765,0.000274302,0.000508644,0.000810652,0.001189377,0.001671382
Temoa,nz,MB,Capacity|electricity|E_SOL_PV-NEW-5,?,0.000118618,0.000276047,0.000512091,0.000817939,0.001200903,0.001686977
Temoa,nz,MB,Capacity|electricity|E_WND_ON-EXS,?,0.25845,0.25845,0.25845,,,
Temoa,nz,MB,Capacity|electricity|E_WND_ON-NEW-1,?,0.000726188,0.001481817,0.002111969,0.00268172,0.003372481,0.004248786
Temoa,nz,MB,Capacity|electricity|E_WND_ON-NEW-10,?,0.00072877,0.00158236,0.002397216,0.003267149,0.004311787,0.005568998
Temoa,nz,MB,Capacity|electricity|E_WND_ON-NEW-11,?,0.000426165,0.00093175,0.001478993,0.002113269,0.002864882,0.003761361
Temoa,nz,MB,Capacity|electricity|E_WND_ON-NEW-12,?,0.000730074,0.001575063,0.002378315,0.003238736,0.004260293,0.005467993
Temoa,nz,MB,Capacity|electricity|E_WND_ON-NEW-13,?,0.000674656,0.001450991,0.002209958,0.003059136,0.004063346,0.005227614
Temoa,nz,MB,Capacity|electricity|E_WND_ON-NEW-2,?,0.006400481,0.015258103,0.018720795,0.038505634,0.100474575,0.457219217
Temoa,nz,MB,Capacity|electricity|E_WND_ON-NEW-3,?,0.008055005,0.016658629,0.019859799,0.031975779,0.049715422,0.069743053
Temoa,nz,MB,Capacity|electricity|E_WND_ON-NEW-4,?,0.70006967,0.720835586,0.72399845,0.728991988,0.73178331,0.73321554
Temoa,nz,MB,Capacity|electricity|E_WND_ON-NEW-5,?,0.000771663,0.001700282,0.002617006,0.003716279,0.005063263,0.006697156
Temoa,nz,MB,Capacity|electricity|E_WND_ON-NEW-6,?,0.021805842,0.037376949,0.040941299,0.061367528,0.084126848,0.102211506
Temoa,nz,MB,Capacity|electricity|E_WND_ON-NEW-7,?,0.512259622,0.553250986,0.557322854,1.200091998,1.28182408,1.309385256
Temoa,nz,MB,Capacity|electricity|E_WND_ON-NEW-8,?,0.001660886,0.003552384,0.005065323,0.007255147,0.009845315,0.012569104
Temoa,nz,MB,Capacity|electricity|E_WND_ON-NEW-9,?,0.000647535,0.001408099,0.002145549,0.002909041,0.003823485,0.004945053
Temoa,nz,MB,Capacity|residential,?,119.9821701,121.8263839,132.3914611,130.4892372,135.4178389,140.6200838
Temoa,nz,MB,Capacity|residential|R_APP_CL_WASH-EXS,?,0.3338445,0.1335378,,,,
Temoa,nz,MB,Capacity|residential|R_APP_CL_WASH-TYP-NEW,?,0.141277907,0.349411605,0.499976325,0.518235535,0.537789858,0.55855596
Temoa,nz,MB,Capacity|residential|R_APP_COOK_ELEC-EXS,?,0.383928235,0.236263529,0.064972471,,,
Temoa,nz,MB,Capacity|residential|R_APP_COOK_ELEC-TYP-NEW,?,0.152353362,0.314627407,0.511205913,0.597203483,0.619787364,0.643767581
Temoa,nz,MB,Capacity|residential|R_APP_COOK_NG-EXS,?,0.012178824,0.006089412,,,,
Temoa,nz,MB,Capacity|residential|R_APP_COOK_NG-TYP-NEW,?,0.000169688,0.000376421,0.000518833,0.00055358,0.000526105,0.000500459
Temoa,nz,MB,Capacity|residential|R_APP_DRY_ELEC-EXS,?,0.24966,0.12483,,,,
Temoa,nz,MB,Capacity|residential|R_APP_DRY_ELEC-TYP-NEW,?,0.23129205,0.373199552,0.524877092,0.54402591,0.564603049,0.586443091
Temoa,nz,MB,Capacity|residential|R_APP_DRY_NG-EXS,?,0.018267647,0.009133824,,,,
Temoa,nz,MB,Capacity|residential|R_APP_DRY_NG-TYP-NEW,?,0.00023914,0.000523718,0.000708457,0.000754053,0.000732834,0.000722661
Temoa,nz,MB,Capacity|residential|R_APP_DS_WASH-EXS,?,0.231088,0.126048,0.0084032,,,
Temoa,nz,MB,Capacity|residential|R_APP_DS_WASH-TYP-NEW,?,0.137931112,0.249050539,0.379919984,0.402504314,0.417691931,0.433820494
Temoa,nz,MB,Capacity|residential|R_APP_FREZ-EXS,?,0.311964682,0.220210364,0.128456045,0.014680691,,
Temoa,nz,MB,Capacity|residential|R_APP_FREZ-TYP-NEW,?,0.116018448,0.214823342,0.321915488,0.45213848,0.484432765,0.503138552
Temoa,nz,MB,Capacity|residential|R_APP_REFR-EXS,?,0.42269675,0.0483082,,,,
Temoa,nz,MB,Capacity|residential|R_APP_REFR-TYP-NEW,?,0.344912014,0.731946039,0.80776304,0.837262456,0.868854418,0.902404138
Temoa,nz,MB,Capacity|residential|R_LGT_CFL-EXS,?,17.61450473,11.32361018,4.529444073,,,
Temoa,nz,MB,Capacity|residential|R_LGT_LED-EXS,?,25.84289459,25.84289459,25.84289459,25.84289459,20.67431567,14.21359203
Temoa,nz,MB,Capacity|residential|R_LGT_LED-TYP-NEW,?,64.62986947,74.39840199,93.27516432,97.44381508,109.2153842,121.3858498
Temoa,nz,MB,Capacity|residential|R_LGT_T12-EXS,?,7.257173833,5.679527347,4.101880862,2.524234377,0.694164454,
Temoa,nz,MB,Capacity|residential|R_SPC_CENT_AC-EXS,?,0.313583545,0.221353091,0.129122636,0.014756873,,
Temoa,nz,MB,Capacity|residential|R_SPC_ROOM_AC-EXS,?,0.033789167,,,,,
Temoa,nz,MB,Capacity|residential|R_SPC_ROOM_AC-TYP-NEW,?,1.34018E-05,1.42602E-05,1.62312E-05,1.9494E-05,3.42791E-05,3.3458E-05
Temoa,nz,MB,Capacity|residential|R_SPHC_AIR_HP-TYP-NEW,?,0.11332191,0.235508937,0.36808939,0.516127611,0.577644009,0.59993773
Temoa,nz,MB,Capacity|residential|R_SPHC_GEO_HP-TYP-NEW,?,,,,1.11865E-05,2.4088E-05,3.818E-05
Temoa,nz,MB,Capacity|residential|R_SPH_ELEC-EXS,?,0.184616091,0.136032909,0.087449727,0.034979891,,
Temoa,nz,MB,Capacity|residential|R_SPH_ELEC_RAD-NEW,?,,1.15975E-05,2.45812E-05,4.03646E-05,5.78447E-05,6.81801E-05
Temoa,nz,MB,Capacity|residential|R_SPH_HP-EXS,?,0.009469706,0.005165294,0.000344353,,,
Temoa,nz,MB,Capacity|residential|R_SPH_NG-EXS,?,0.231549273,0.163446545,0.095343818,0.010896436,,
Temoa,nz,MB,Capacity|residential|R_SPH_WOOD-ELC-EXS,?,0.013030227,0.008686818,0.004343409,,,
Temoa,nz,MB,Capacity|residential|R_WAH_ELC-EXS,?,0.213005294,0.116184706,0.007745647,,,
Temoa,nz,MB,Capacity|residential|R_WAH_ELEC-TYP-NEW,?,8.42932E-05,0.187041069,0.458210446,0.731869669,0.759300906,0.788545987
Temoa,nz,MB,Capacity|residential|R_WAH_HP-TYP-NEW,?,0.301505079,0.30212031,0.242595857,0.002139187,0.00239737,0.002566294
Temoa,nz,MB,Capacity|residential|R_WAH_NG-EXS,?,0.135923529,0.067961765,,,,
Temoa,nz,MB,Capacity|residential|R_WAH_NG-TYP-NEW,?,,1.27068E-05,2.75444E-05,3.01245E-05,2.91457E-05,2.78106E-05
Temoa,nz,MB,Capacity|residential|R_WAH_SOLAR-TYP-NEW,?,1.3588E-05,3.00486E-05,4.67327E-05,6.38061E-05,6.8624E-05,7.14774E-05
Temoa,nz,MB,Capacity|transportation,?,1234.396993,1259.447357,1340.775519,1426.598976,1483.846394,1568.900962
Temoa,nz,MB,Capacity|transportation|T_ELC_AC_DC,?,0.008387184,0.012735736,0.026948202,0.050377559,0.078425414,0.106056421
Temoa,nz,MB,Capacity|transportation|T_H2_COMP_100_700,?,0.006347931,0.009565682,0.019998963,0.037707983,0.059249654,0.080332467
Temoa,nz,MB,Capacity|transportation|T_H2_COMP_10_100,?,0.00634799,0.009565814,0.019999211,0.03770829,0.059249586,0.080332673
Temoa,nz,MB,Capacity|transportation|T_H2_HDV_REFUEL,?,0.199147045,0.300094927,0.627404708,1.183096939,1.859040398,2.520585478
Temoa,nz,MB,Capacity|transportation|T_H2_LDV_REFUEL,?,,,1.84493E-05,4.66678E-05,5.01183E-05,5.27624E-05
Temoa,nz,MB,Capacity|transportation|T_H2_MDV_REFUEL,?,2.78911E-05,2.78911E-05,2.45311E-05,2.45311E-05,1.21122E-05,2.3049E-05
Temoa,nz,MB,Capacity|transportation|T_HDV_AJF_JFL_EX,?,0.010951472,0.010511474,0.008751482,0.007001185,,
Temoa,nz,MB,Capacity|transportation|T_HDV_AJF_JFL_N,?,0.097594029,0.110309496,0.121388923,0.132511083,0.148744211,0.159277928
Temoa,nz,MB,Capacity|transportation|T_HDV_AJP_JFL_EX,?,0.855867293,0.764878718,0.582048003,0.445092063,,
Temoa,nz,MB,Capacity|transportation|T_HDV_AJP_JFL_N,?,7.627632266,8.678203517,9.589659433,10.45940866,11.626522,12.44963573
Temoa,nz,MB,Capacity|transportation|T_HDV_AJP_SPK_N,?,,,,,1.01837E-05,1.01837E-05
Temoa,nz,MB,Capacity|transportation|T_HDV_BIC_BEV_N,?,,,2.08348E-05,3.76064E-05,5.14925E-05,7.36821E-05
Temoa,nz,MB,Capacity|transportation|T_HDV_BIC_DSL_EX,?,0.008526506,0.003157716,,,,
Temoa,nz,MB,Capacity|transportation|T_HDV_BIC_DSL_HEV_N,?,1.28995E-05,1.28995E-05,,,,
Temoa,nz,MB,Capacity|transportation|T_HDV_BIC_DSL_N,?,1.51703E-05,1.51703E-05,,,,
Temoa,nz,MB,Capacity|transportation|T_HDV_BIC_FCEV_N,?,0.256250763,0.268322665,0.281398744,0.301667039,0.321626828,0.344384385
Temoa,nz,MB,Capacity|transportation|T_HDV_BIC_GSL_EX,?,0.002176676,0.001306006,,,,
Temoa,nz,MB,Capacity|transportation|T_HDV_BIC_GSL_N,?,1.47231E-05,1.47231E-05,1.0071E-05,2.06981E-05,1.06272E-05,1.03556E-05
Temoa,nz,MB,Capacity|transportation|T_HDV_BS_BEV_N,?,0.00012779,0.00012779,0.700045505,1.739199639,1.902381271,2.059614559
Temoa,nz,MB,Capacity|transportation|T_HDV_BS_CNG_N,?,1.45401E-05,1.45401E-05,,,,
Temoa,nz,MB,Capacity|transportation|T_HDV_BS_DSL_EX,?,0.089281518,0.034571869,,,,
Temoa,nz,MB,Capacity|transportation|T_HDV_BS_DSL_HEV_N,?,1.88849E-05,1.88849E-05,2.26941E-05,2.37813E-05,2.35421E-05,2.27122E-05
Temoa,nz,MB,Capacity|transportation|T_HDV_BS_DSL_N,?,1.30646E-05,1.30646E-05,,,,
Temoa,nz,MB,Capacity|transportation|T_HDV_BS_DSL_PHEV_N,?,2.65502E-05,2.65502E-05,4.11323E-05,5.11201E-05,6.60461E-05,6.88651E-05
Temoa,nz,MB,Capacity|transportation|T_HDV_BS_FCEV_N,?,0.000199457,0.000199457,0.000148682,7.5053E-05,0.000102346,0.00010419
Temoa,nz,MB,Capacity|transportation|T_HDV_BS_FCHEV_N,?,1.498822257,1.550542906,0.984486005,0.066784053,0.023161925,0.002265982
Temoa,nz,MB,Capacity|transportation|T_HDV_BS_GSL_EX,?,0.0201039,0.009833124,,,,
Temoa,nz,MB,Capacity|transportation|T_HDV_BS_GSL_N,?,1.59297E-05,1.59297E-05,1.04256E-05,2.25565E-05,2.22846E-05,2.0796E-05
Temoa,nz,MB,Capacity|transportation|T_HDV_BT_BEV_EX,?,0.033014551,0.014340814,,,,
Temoa,nz,MB,Capacity|transportation|T_HDV_BT_BEV_N,?,0.686976559,0.71886988,0.808659294,0.866920323,0.924311119,0.989755641
Temoa,nz,MB,Capacity|transportation|T_HDV_BT_CNG_EX,?,0.011451526,0.003974116,,,,
Temoa,nz,MB,Capacity|transportation|T_HDV_BT_DSL_EX,?,0.045825768,0.018417264,,,,
Temoa,nz,MB,Capacity|transportation|T_HDV_BT_DSL_PHEV_N,?,1.16386E-05,1.16386E-05,1.00214E-05,2.08614E-05,1.08399E-05,1.05415E-05
Temoa,nz,MB,Capacity|transportation|T_HDV_BT_FCEV_N,?,1.19189E-05,1.19189E-05,,,,
Temoa,nz,MB,Capacity|transportation|T_HDV_BT_FCHEV_N,?,2.38294E-05,2.38294E-05,1.42976E-05,1.11276E-05,2.19287E-05,1.08011E-05
Temoa,nz,MB,Capacity|transportation|T_HDV_BT_GSL_EX,?,0.001213707,0.000728224,,,,
Temoa,nz,MB,Capacity|transportation|T_HDV_CHRG,?,7.228788364,7.927036891,7.899079921,8.318798792,8.494186548,8.770257872
Temoa,nz,MB,Capacity|transportation|T_HDV_RF_DSL_EX,?,38.44740657,38.44740657,31.42115099,18.8598879,10.08565691,
Temoa,nz,MB,Capacity|transportation|T_HDV_RF_DSL_N,?,1.84031E-05,3.07779E-05,4.23631E-05,5.65619E-05,5.65619E-05,5.65619E-05
Temoa,nz,MB,Capacity|transportation|T_HDV_RF_H2_N,?,,0.002501619,2.801220636,7.709399031,12.54737162,18.06190113
Temoa,nz,MB,Capacity|transportation|T_HDV_RF_LNG_N,?,56.8043111,63.25940011,65.34203422,65.34313692,65.343401,65.3435776
Temoa,nz,MB,Capacity|transportation|T_HDV_RICP_DSL_EX,?,0.151213996,0.151213996,0.123867559,0.071377308,0.050424223,
Temoa,nz,MB,Capacity|transportation|T_HDV_RICP_DSL_N,?,0.049670103,0.049670103,0.049670103,0.049670103,0.049670103,0.049670103
Temoa,nz,MB,Capacity|transportation|T_HDV_RICP_H2_N,?,,0.123507397,0.140768114,0.15813378,0.2750763,0.29478753
Temoa,nz,MB,Capacity|transportation|T_HDV_T_BEV_N,?,17.39859878,19.45078462,22.78364392,26.46648038,28.21898162,31.80713527
Temoa,nz,MB,Capacity|transportation|T_HDV_T_DSL_EX,?,4.797259873,3.651222917,2.004509385,,,
Temoa,nz,MB,Capacity|transportation|T_HDV_T_FCEV_N,?,1.39491E-05,1.39491E-05,1.39491E-05,1.11593E-05,,
Temoa,nz,MB,Capacity|transportation|T_HDV_T_FCHEV_N,?,0.000175405,0.000216627,0.000250527,0.00026381,0.00023741,0.000243961
Temoa,nz,MB,Capacity|transportation|T_HDV_WTF_HFO_EX,?,41.34476869,41.34476869,39.21310663,30.5597369,8.161665736,
Temoa,nz,MB,Capacity|transportation|T_HDV_WTF_HFO_N,?,1.57028E-05,4.00637E-05,6.72831E-05,9.25874E-05,9.25874E-05,9.25874E-05
Temoa,nz,MB,Capacity|transportation|T_HDV_WTF_LNG_N,?,8.3192E-05,0.000319682,0.894655219,0.999822382,0.999981178,1.000084345
Temoa,nz,MB,Capacity|transportation|T_HDV_WTF_MDO_EX,?,7.618054945,7.618054945,5.915243624,4.136201881,1.26014774,
Temoa,nz,MB,Capacity|transportation|T_HDV_WTF_MDO_N,?,,1.21807E-05,2.74632E-05,2.74632E-05,2.74632E-05,2.74632E-05
Temoa,nz,MB,Capacity|transportation|T_I_H2_ELC_ALK,?,0.006338288,0.009423433,0.019913618,0.028749328,0.025032933,0.023527813
Temoa,nz,MB,Capacity|transportation|T_I_H2_ELC_PEM,?,0.000108139,0.000494587,0.001423557,0.011600618,0.038481838,0.062765793
Temoa,nz,MB,Capacity|transportation|T_LDV_BEV_CHRG,?,0.099091897,0.178281354,4.236385307,28.26942779,30.47205935,31.91138041
Temoa,nz,MB,Capacity|transportation|T_LDV_C_BEV150_EX,?,2.008769316,1.490410826,,,,
Temoa,nz,MB,Capacity|transportation|T_LDV_C_BEV150_N,?,0.000334403,0.000345833,10.24189979,42.34400825,45.97264658,49.78346256
Temoa,nz,MB,Capacity|transportation|T_LDV_C_BEV200_N,?,0.000668802,0.000691662,20.48379957,84.68803477,91.94529314,99.56692511
Temoa,nz,MB,Capacity|transportation|T_LDV_C_BEV300_N,?,0.001003182,0.001037468,30.72569934,127.0320522,137.9179397,149.3503877
Temoa,nz,MB,Capacity|transportation|T_LDV_C_BEV400_N,?,0.001337568,0.00138328,40.96759911,169.3760695,183.8905863,199.1338502
Temoa,nz,MB,Capacity|transportation|T_LDV_C_CNG_N,?,9.6119E-05,0.000117783,0.000154151,0.000138233,0.000167822,0.000173395
Temoa,nz,MB,Capacity|transportation|T_LDV_C_DSL_EX,?,0.167862067,0.014257281,,,,
Temoa,nz,MB,Capacity|transportation|T_LDV_C_DSL_N,?,6.42877E-05,8.35778E-05,0.000113814,0.000104942,0.000125983,0.000129878
Temoa,nz,MB,Capacity|transportation|T_LDV_C_FCEV400_N,?,5.99222E-05,8.78437E-05,0.00025611,0.000276201,0.000444297,0.000608803
Temoa,nz,MB,Capacity|transportation|T_LDV_C_GSL_EX,?,12.81855217,6.19722171,,,,
Temoa,nz,MB,Capacity|transportation|T_LDV_C_GSL_HEV_EX,?,0.336801842,0.177916344,,,,
Temoa,nz,MB,Capacity|transportation|T_LDV_C_GSL_HEV_N,?,0.00022855,0.000253584,0.000334813,0.00026421,0.000331239,0.000317336
Temoa,nz,MB,Capacity|transportation|T_LDV_C_GSL_N,?,4.31225E-05,6.26584E-05,0.000110261,0.000118225,0.000144273,0.000142149
Temoa,nz,MB,Capacity|transportation|T_LDV_C_GSL_PHEV35_EX,?,0.11626141,0.084995079,,,,
Temoa,nz,MB,Capacity|transportation|T_LDV_C_GSL_PHEV35_N,?,363.0134885,370.8002986,304.6030077,12.90628215,5.511720348,0.340392849
Temoa,nz,MB,Capacity|transportation|T_LDV_C_GSL_PHEV50_N,?,0.001633878,0.001682171,0.001555167,0.000444082,0.000697567,0.000781251
Temoa,nz,MB,Capacity|transportation|T_LDV_LTF_BEV150_N,?,4.40924E-05,8.50175E-05,0.000615696,10.53024754,10.92873106,11.34240396
Temoa,nz,MB,Capacity|transportation|T_LDV_LTF_BEV200_N,?,8.81831E-05,0.000170025,0.001231382,21.0605127,21.85747847,22.68480791
Temoa,nz,MB,Capacity|transportation|T_LDV_LTF_BEV300_N,?,0.000132251,0.00025501,0.001847041,31.59076904,32.7862177,34.02721186
Temoa,nz,MB,Capacity|transportation|T_LDV_LTF_BEV400_N,?,0.000176348,0.000340025,0.002462729,42.12102538,43.71495693,45.36961582
Temoa,nz,MB,Capacity|transportation|T_LDV_LTF_CNG_N,?,8.06689E-05,0.000122615,0.000193113,0.000196555,0.000195804,0.000198502
Temoa,nz,MB,Capacity|transportation|T_LDV_LTF_DSL_EX,?,0.632065508,0.472364878,0.087332411,,,
Temoa,nz,MB,Capacity|transportation|T_LDV_LTF_DSL_N,?,3.30127E-05,6.32412E-05,9.77436E-05,9.62172E-05,9.7905E-05,9.62792E-05
Temoa,nz,MB,Capacity|transportation|T_LDV_LTF_FCEV400_N,?,2.76872E-05,7.85776E-05,0.000253606,0.000444029,0.000515864,0.000598882
Temoa,nz,MB,Capacity|transportation|T_LDV_LTF_GSL_EX,?,7.512921801,5.004423316,0.895515824,,,
Temoa,nz,MB,Capacity|transportation|T_LDV_LTF_GSL_HEV_N,?,9.37991E-05,0.000144387,0.000238007,0.000262565,0.000284515,0.000283672
Temoa,nz,MB,Capacity|transportation|T_LDV_LTF_GSL_N,?,3.43229E-05,6.83358E-05,0.00010774,0.000111596,0.000116675,0.000117312
Temoa,nz,MB,Capacity|transportation|T_LDV_LTF_GSL_PHEV35_EX,?,0.008520584,0.008520584,0.001704117,,,
Temoa,nz,MB,Capacity|transportation|T_LDV_LTF_GSL_PHEV35_N,?,119.896873,124.4334497,129.1422442,34.48212175,7.133987205,2.553496943
Temoa,nz,MB,Capacity|transportation|T_LDV_LTF_GSL_PHEV50_N,?,0.002932492,0.003124838,9.568432853,9.92839633,43.20477816,54.94950675
Temoa,nz,MB,Capacity|transportation|T_LDV_LTP_BEV150_N,?,3.70168E-05,0.000198489,4.192188953,42.8916918,50.19510301,55.21236064
Temoa,nz,MB,Capacity|transportation|T_LDV_LTP_BEV200_N,?,7.40439E-05,0.000396985,8.384377906,85.7833984,100.390206,110.4247213
Temoa,nz,MB,Capacity|transportation|T_LDV_LTP_BEV300_EX,?,0.040881875,0.040881875,0.008176375,,,
Temoa,nz,MB,Capacity|transportation|T_LDV_LTP_BEV300_N,?,0.000111051,0.000595461,12.57656684,128.6750976,150.585309,165.6370819
Temoa,nz,MB,Capacity|transportation|T_LDV_LTP_BEV400_N,?,0.000148065,0.000793945,16.76875578,171.5667968,200.780412,220.8494426
Temoa,nz,MB,Capacity|transportation|T_LDV_LTP_CNG_N,?,8.40441E-05,0.000153051,0.000231125,0.000234309,0.000232665,0.000223197
Temoa,nz,MB,Capacity|transportation|T_LDV_LTP_DSL_EX,?,1.120907516,0.650877156,0.109015763,,,
Temoa,nz,MB,Capacity|transportation|T_LDV_LTP_DSL_N,?,3.15715E-05,6.7432E-05,0.000108256,0.000112537,0.000115548,0.000113308
Temoa,nz,MB,Capacity|transportation|T_LDV_LTP_FCEV400_N,?,2.43945E-05,0.000180854,0.000415296,0.000911277,0.00088054,0.000849487
Temoa,nz,MB,Capacity|transportation|T_LDV_LTP_GSL_EX,?,28.23607787,17.13505523,2.946118486,,,
Temoa,nz,MB,Capacity|transportation|T_LDV_LTP_GSL_HEV_EX,?,0.198526274,0.173805709,0.033525114,,,
Temoa,nz,MB,Capacity|transportation|T_LDV_LTP_GSL_HEV_N,?,8.54615E-05,0.000179306,0.000292993,0.000330563,0.000345509,0.000333591
Temoa,nz,MB,Capacity|transportation|T_LDV_LTP_GSL_N,?,3.61955E-05,8.03283E-05,0.000127115,0.000133926,0.000138518,0.000139165
Temoa,nz,MB,Capacity|transportation|T_LDV_LTP_GSL_PHEV35_EX,?,0.041537373,0.041537373,0.008307475,,,
Temoa,nz,MB,Capacity|transportation|T_LDV_LTP_GSL_PHEV35_N,?,437.035132,454.1891048,462.8721515,115.4089226,14.55255205,4.255590413
Temoa,nz,MB,Capacity|transportation|T_LDV_LTP_GSL_PHEV50_N,?,0.000841138,0.025044319,0.02849095,0.028528905,63.89482083,65.10917746
Temoa,nz,MB,Capacity|transportation|T_LDV_M_BEV_N,?,7.101072375,21.76458174,32.47116429,38.35821411,40.89806284,43.79343922
Temoa,nz,MB,Capacity|transportation|T_LDV_M_GSL_EX,?,20.51113535,11.45311136,3.309504018,,,
Temoa,nz,MB,Capacity|transportation|T_LDV_M_GSL_N,?,0.000130609,0.000287,0.000449598,0.00055089,0.000589942,0.000673189
Temoa,nz,MB,Capacity|transportation|T_LDV_PHEV_CHRG,?,6.493376415,6.626161648,6.626172882,1.12806867,0.995283437,0.995272203
Temoa,nz,MB,Capacity|transportation|T_MDV_CHRG,?,1.598115579,1.598115579,1.598115579,1.674842225,1.725593291,1.787543512
Temoa,nz,MB,Capacity|transportation|T_MDV_T_BEV_N,?,36.36134562,39.58270721,44.27411374,48.70784192,51.93313472,55.60977206
Temoa,nz,MB,Capacity|transportation|T_MDV_T_DSL_EX,?,2.274646181,1.681075504,0.75732047,,,
Temoa,nz,MB,Capacity|transportation|T_MDV_T_DSL_HEV_N,?,2.29676E-05,3.48553E-05,4.72909E-05,5.10734E-05,3.90343E-05,3.98481E-05
Temoa,nz,MB,Capacity|transportation|T_MDV_T_DSL_N,?,1.59788E-05,2.62838E-05,3.68624E-05,3.18063E-05,3.30049E-05,3.36196E-05
Temoa,nz,MB,Capacity|transportation|T_MDV_T_DSL_PHEV_N,?,2.22839E-05,4.09871E-05,6.29082E-05,7.64646E-05,8.04042E-05,8.56154E-05
Temoa,nz,MB,Capacity|transportation|T_MDV_T_FCEV_N,?,0.00013404,0.000159269,0.000177729,0.000164854,0.000133037,0.000151316
Temoa,nz,MB,Capacity|transportation|T_MDV_T_FCHEV_N,?,0.000194649,0.00023614,0.000266209,0.000257663,0.000179906,0.000203956
Temoa,nz,MB,Capacity|transportation|T_MDV_T_GSL_EX,?,1.448624388,1.052910603,0.464196473,,,
Temoa,nz,MB,Capacity|transportation|T_MDV_T_GSL_N,?,2.14803E-05,3.55212E-05,5.03644E-05,5.72505E-05,4.65133E-05,4.72524E-05
Temoa,nz,MB,Emissions|ch4,?,1225.328661,1102.642374,862.8818002,307.6336256,256.5194755,248.824658
Temoa,nz,MB,Emissions|ch4|F_A_DSL,?,56.7602964,62.717163,60.79662612,58.98134624,59.17023203,60.23181017
Temoa,nz,MB,Emissions|ch4|F_A_NG,?,0.103558185,0.11442195,0.110879403,0.10756479,0.10777869,0.083030026
Temoa,nz,MB,Emissions|ch4|F_C_NG,?,2.108695826,2.053679497,1.903752081,1.670696923,1.421022753,1.167716864
Temoa,nz,MB,Emissions|ch4|F_E_BIO_M,?,0.0264681,0.041248477,0.065137287,0.092876691,0.124440715,0.159427934
Temoa,nz,MB,Emissions|ch4|F_E_NG,?,0.029848736,0.045120147,0.057506276,0.082026811,0.101126242,0.130288903
Temoa,nz,MB,Emissions|ch4|F_I_HFO,?,24.1937,24.63526255,23.18540753,20.9420205,19.15628495,17.3932
Temoa,nz,MB,Emissions|ch4|F_I_NG,?,39.31126007,39.36219645,40.29056177,38.66644191,36.92347774,35.02600539
Temoa,nz,MB,Emissions|ch4|F_R_NG,?,17.03615257,11.37339698,5.710323682,0.659018022,0.007155659,0.007080205
Temoa,nz,MB,Emissions|ch4|F_R_WOOD,?,0.026887971,0.05574132,0.088264419,0.105261526,0.109065683,0.111497954
Temoa,nz,MB,Emissions|ch4|F_T_CNG,?,0.014070239,0.005950637,4.23865E-05,4.2337E-05,4.32098E-05,4.1132E-05
Temoa,nz,MB,Emissions|ch4|F_T_DSL,?,33.67449959,30.45156934,25.20205937,19.03013224,19.7696051,21.1680299
Temoa,nz,MB,Emissions|ch4|F_T_GSL,?,1015.721668,891.6112986,663.0834085,122.9484499,73.41581048,64.88400128
Temoa,nz,MB,Emissions|ch4|F_T_HFO,?,0.10576958,0.105743675,0.011140127,1.76215E-05,,
Temoa,nz,MB,Emissions|ch4|F_T_JTF,?,23.70304116,26.18588427,27.9469537,29.90434246,31.77019719,34.01940872
Temoa,nz,MB,Emissions|ch4|F_T_LNG,?,12.51256968,13.88351157,14.42954002,14.44317576,14.44299673,14.44294057
Temoa,nz,MB,Emissions|ch4|F_T_NG,?,0.000175428,0.000185409,0.000197572,0.000211876,0.000238331,0.000178946
Temoa,nz,MB,Emissions|co2,?,12158.64581,12042.54786,11295.32341,9910.841532,9636.948915,9484.478508
Temoa,nz,MB,Emissions|co2e,?,10723.53522,10601.21236,9959.096995,8751.662428,8510.929715,8372.466337
Temoa,nz,MB,Emissions|co2e|E_NG_CCS-NEW,?,-0.031341756,-0.040857241,-0.050628625,-0.075932529,-0.101539042,-0.131364187
Temoa,nz,MB,Emissions|co2e|E_NG_CCS_RFIT_90,?,-0.019373336,-0.03808618,-0.052102932,-0.076639011,-0.103057707,-0.133178401
Temoa,nz,MB,Emissions|co2e|E_NG_CCS_RFIT_95,?,-0.022665156,-0.045799148,-0.061637983,-0.091272301,-0.122922175,-0.159462376
Temoa,nz,MB,Emissions|co2e|F_A_DSL,?,1182.545257,1306.650746,1266.638239,1228.818658,1232.753909,1254.870851
Temoa,nz,MB,Emissions|co2e|F_A_NG,?,5.445456038,6.016711263,5.830431559,5.656137505,5.667385106,4.366012747
Temoa,nz,MB,Emissions|co2e|F_C_NG,?,110.8826924,107.9897391,100.1060247,87.85115936,74.72240753,61.40268702
Temoa,nz,MB,Emissions|co2e|F_E_BIO_M,?,0.009959017,0.015520354,0.024508875,0.034946239,0.046822673,0.059987136
Temoa,nz,MB,Emissions|co2e|F_E_NG,?,0.119522685,0.180673684,0.230271206,0.328458286,0.404937747,0.521713194
Temoa,nz,MB,Emissions|co2e|F_I_BIO,?,628.862,631.3367738,719.6550869,787.0230545,852.2782357,905.5020002
Temoa,nz,MB,Emissions|co2e|F_I_HFO,?,2663.00009,2711.602871,2552.017357,2305.08779,2108.531913,1914.469187
Temoa,nz,MB,Emissions|co2e|F_I_NG,?,2066.54513,2069.222794,2118.025829,2032.647823,1941.022317,1841.274503
Temoa,nz,MB,Emissions|co2e|F_R_NG,?,895.8212188,598.0534807,300.2690367,34.65350087,0.376269886,0.372302258
Temoa,nz,MB,Emissions|co2e|F_R_WOOD,?,0.010117,0.020973502,0.033210803,0.039606218,0.041037588,0.041952766
Temoa,nz,MB,Emissions|co2e|F_T_CNG,?,0.739655375,0.312817737,0.002228207,0.002225606,0.002271488,0.002162262
Temoa,nz,MB,Emissions|co2e|F_T_DSL,?,701.5752612,634.4286619,525.0602563,396.4741915,411.8803851,441.0151981
Temoa,nz,MB,Emissions|co2e|F_T_ETH,?,105.6190989,132.3771293,98.44769604,18.25410118,10.90001243,9.633298547
Temoa,nz,MB,Emissions|co2e|F_T_GSL,?,894.7151272,785.3904684,584.0879199,108.3011631,64.66952345,57.15413906
Temoa,nz,MB,Emissions|co2e|F_T_HFO,?,11.64205564,11.6392042,1.226193568,0.001939601,0.000558098,
Temoa,nz,MB,Emissions|co2e|F_T_JTF,?,770.0312681,850.6904041,907.9015663,971.4904759,1032.105756,1105.174996
Temoa,nz,MB,Emissions|co2e|F_T_LNG,?,657.7705696,729.8393175,758.5433691,759.2601834,759.2507718,759.2478197
Temoa,nz,MB,Emissions|co2e|F_T_MDO,?,0.000149926,0.000258061,0.00038635,0.000187157,,7.93815E-05
Temoa,nz,MB,Emissions|co2e|F_T_NG,?,0.009222057,0.009746719,0.010386108,0.011138075,0.012528772,0.009406995
Temoa,nz,MB,Emissions|co2e|F_T_RDSL,?,28.27210434,25.56622834,21.15889652,15.97713079,16.59797012,17.77204583
Temoa,nz,MB,Emissions|co2e|T_I_H2_SMR_CCS,?,-0.007357461,-0.007413071,-0.007528366,-0.007598629,-0.007778537,
Temoa,nz,MB,Emissions|co2|E_NG_CCS-NEW,?,-0.031341756,-0.040857241,-0.050628625,-0.075932529,-0.101539042,-0.131364187
Temoa,nz,MB,Emissions|co2|E_NG_CCS_RFIT_90,?,-0.019373336,-0.03808618,-0.052102932,-0.076639011,-0.103057707,-0.133178401
Temoa,nz,MB,Emissions|co2|E_NG_CCS_RFIT_95,?,-0.022665156,-0.045799148,-0.061637983,-0.091272301,-0.122922175,-0.159462376
Temoa,nz,MB,Emissions|co2|F_A_DSL,?,1134.388998,1253.440595,1215.057499,1178.778028,1182.553025,1203.769309
Temoa,nz,MB,Emissions|co2|F_A_NG,?,5.415813207,5.983958753,5.798693079,5.62534781,5.636534184,4.342245963
Temoa,nz,MB,Emissions|co2|F_C_NG,?,110.2790925,107.4018872,99.56108852,87.37293365,74.31564936,61.06843596
Temoa,nz,MB,Emissions|co2|F_E_BIO_M,?,0.008212999,0.01279932,0.020211971,0.028819453,0.038613707,0.049470171
Temoa,nz,MB,Emissions|co2|F_E_NG,?,0.11787205,0.17817854,0.227091109,0.323922203,0.399345465,0.514508218
Temoa,nz,MB,Emissions|co2|F_IMP_CNG,?,0.050354345,0.021296042,0.000151692,0.000151515,0.000154639,0.000147203
Temoa,nz,MB,Emissions|co2|F_IMP_DSL,?,476.6029299,491.0111238,453.2240608,411.1304593,416.023028,428.9875578
Temoa,nz,MB,Emissions|co2|F_IMP_GSL,?,290.6857498,276.3310034,228.7406494,120.7305764,111.4089457,111.4925949
Temoa,nz,MB,Emissions|co2|F_IMP_HFO,?,449.7215266,457.8932495,429.3092402,387.583989,354.5343228,321.904
Temoa,nz,MB,Emissions|co2|F_IMP_JTF,?,166.220485,183.631727,195.9814425,209.7078714,222.7924066,238.5652785
Temoa,nz,MB,Emissions|co2|F_IMP_MDO,?,2.54034E-05,4.37257E-05,6.5463E-05,3.17119E-05,,1.34504E-05
Temoa,nz,MB,Emissions|co2|F_IMP_NG,?,209.5810793,189.3437418,171.8534005,147.1242571,137.6661824,129.8878402
Temoa,nz,MB,Emissions|co2|F_IMP_SPK,?,5.01171E-05,0.000129644,0.0002326,0.000373177,0.000565743,0.000506104
Temoa,nz,MB,Emissions|co2|F_I_BIO,?,628.862,631.3367738,719.6550869,787.0230545,852.2782357,905.5020002
Temoa,nz,MB,Emissions|co2|F_I_HFO,?,2654.4461,2702.892761,2543.819862,2297.683473,2101.758966,1908.3196
Temoa,nz,MB,Emissions|co2|F_I_NG,?,2055.872654,2058.536489,2107.087486,2022.150407,1930.998092,1831.765416
Temoa,nz,MB,Emissions|co2|F_R_NG,?,890.9447352,594.7979227,298.6344951,34.46486141,0.374221627,0.370275597
Temoa,nz,MB,Emissions|co2|F_R_WOOD,?,0.008343284,0.017296421,0.027388274,0.032662442,0.033842865,0.034597594
Temoa,nz,MB,Emissions|co2|F_T_CNG,?,0.735835495,0.311202219,0.0022167,0.002214112,0.002259757,0.002151095
Temoa,nz,MB,Emissions|co2|F_T_DSL,?,673.0053272,608.5931087,503.6784635,380.3287512,395.1075653,423.0559344
Temoa,nz,MB,Emissions|co2|F_T_ETH,?,105.6190989,132.3771293,98.44769604,18.25410118,10.90001243,9.633298547
Temoa,nz,MB,Emissions|co2|F_T_GSL,?,861.1381525,755.9162423,562.1681996,104.2368243,62.24259795,55.0092518
Temoa,nz,MB,Emissions|co2|F_T_HFO,?,11.60465946,11.60181718,1.222254835,0.00193337,0.000556305,
Temoa,nz,MB,Emissions|co2|F_T_JTF,?,750.762524,829.4033002,885.1828487,947.1805523,1006.279037,1077.519841
Temoa,nz,MB,Emissions|co2|F_T_LNG,?,654.373576,726.0701317,754.6259439,755.3390564,755.3296933,755.3267564
Temoa,nz,MB,Emissions|co2|F_T_MDO,?,0.000147742,0.000254302,0.000380722,0.000184431,,7.82252E-05
Temoa,nz,MB,Emissions|co2|F_T_NG,?,0.00917443,0.009696383,0.01033247,0.011080553,0.012464068,0.009358414
Temoa,nz,MB,Emissions|co2|F_T_RDSL,?,28.27210434,25.56622834,21.15889652,15.97713079,16.59797012,17.77204583
Temoa,nz,MB,Emissions|co2|T_I_H2_SMR_CCS,?,-0.00742798,-0.007484124,-0.007600524,-0.00767146,-0.007853093,
Temoa,nz,MB,Emissions|n2o,?,452.169702,461.6218307,434.8793704,397.380177,400.0871203,409.7387376
Temoa,nz,MB,Emissions|n2o|F_A_DSL,?,170.574984,188.4764484,182.7048868,177.2496415,177.8172776,181.0075124
Temoa,nz,MB,Emissions|n2o|F_A_NG,?,0.097960446,0.10823698,0.104885921,0.101750477,0.101952815,0.078541917
Temoa,nz,MB,Emissions|n2o|F_C_NG,?,1.994712268,1.942669795,1.800846563,1.580388982,1.344210713,1.104597033
Temoa,nz,MB,Emissions|n2o|F_E_BIO_M,?,0.003680994,0.005736543,0.009058828,0.012916626,0.017306325,0.022172097
Temoa,nz,MB,Emissions|n2o|F_E_NG,?,0.002984874,0.004512015,0.005750628,0.008202681,0.010112624,0.01302889
Temoa,nz,MB,Emissions|n2o|F_I_HFO,?,28.85189,29.37846982,27.6494636,24.97414086,22.84458459,20.74204
Temoa,nz,MB,Emissions|n2o|F_I_NG,?,35.06139412,35.10682386,35.93482536,34.48628602,32.93175042,31.23941021
Temoa,nz,MB,Emissions|n2o|F_R_NG,?,16.11527946,10.75861876,5.401657536,0.623395426,0.006768867,0.006697491
Temoa,nz,MB,Emissions|n2o|F_R_WOOD,?,0.003739387,0.007752104,0.012275184,0.01463902,0.015168075,0.015506338
Temoa,nz,MB,Emissions|n2o|F_T_CNG,?,0.012549132,0.005307325,3.78042E-05,3.776E-05,3.85385E-05,3.66853E-05
Temoa,nz,MB,Emissions|n2o|F_T_DSL,?,101.197978,91.51248818,75.73675874,57.18899845,59.41124848,63.61376862
Temoa,nz,MB,Emissions|n2o|F_T_GSL,?,18.8160003,16.51688548,12.28346112,2.277590549,1.360010282,1.201960563
Temoa,nz,MB,Emissions|n2o|F_T_HFO,?,0.126134171,0.126103278,0.013285017,2.10143E-05,,
Temoa,nz,MB,Emissions|n2o|F_T_JTF,?,68.15039886,75.28900806,80.35239143,85.98022726,91.34488672,97.81176419
Temoa,nz,MB,Emissions|n2o|F_T_LNG,?,11.15985944,12.3825914,12.86958975,12.88175135,12.88159167,12.88154159
Temoa,nz,MB,Emissions|n2o|F_T_MDO,?,,1.3341E-05,1.99731E-05,,,
Temoa,nz,MB,Emissions|n2o|F_T_NG,?,0.000156463,0.000165365,0.000176213,0.000188971,0.000212566,0.000159601
Temoa,nz,MB-ON,Activity|electricity,?,2.93267234,3.102421742,3.047907443,3.004007065,0.742355075,0.522032458
Temoa,nz,MB-ON,Activity|electricity|E_INT,?,2.93267234,3.102421742,3.047907443,3.004007065,0.742355075,0.522032458
Temoa,nz,MB-ON,Capacity|electricity,?,0.1,0.1,0.1,0.1,0.1,0.1
Temoa,nz,MB-ON,Capacity|electricity|E_INT,?,0.1,0.1,0.1,0.1,0.1,0.1
Temoa,nz,MB-SK,Activity|electricity,?,11.32236905,8.036702093,1.742043135,2.229053396,2.780547464,3.212253849
Temoa,nz,MB-SK,Activity|electricity|E_INT,?,11.32236905,8.036702093,1.742043135,2.229053396,2.780547464,3.212253849
Temoa,nz,MB-SK,Capacity|electricity,?,0.415,0.415,0.415,0.415,0.415,0.415
Temoa,nz,MB-SK,Capacity|electricity|E_INT,?,0.415,0.415,0.415,0.415,0.415,0.415
Temoa,nz,NB,Activity|agriculture|A_AGRI,?,1.661076067,1.835402289,1.779198339,1.726074647,1.731602369,1.762669217
Temoa,nz,NB,Activity|agriculture|E_A_ELC,?,0.471742128,0.521241663,0.505261474,0.490127805,0.491446114,0.500278312
Temoa,nz,NB,Activity|agriculture|F_A_DSL,?,1.003289895,1.108583799,1.074635797,1.042549087,1.045887831,1.064652207
Temoa,nz,NB,Activity|agriculture|F_A_GSL,?,0.186044044,0.205576827,0.199301068,0.193397755,0.194268424,0.197738698
Temoa,nz,NB,Activity|commercial,?,32.6640536,36.09183322,38.65819181,40.1370359,41.8411002,44.39934594
Temoa,nz,NB,Activity|commercial|C_OTHER,?,8.383616447,9.263458264,9.92219985,10.31045882,10.74822141,11.40559269
Temoa,nz,NB,Activity|commercial|C_SPC_ELC-EXS,?,0.877601642,0.969570682,1.038515697,,,
Temoa,nz,NB,Activity|commercial|C_SPHC_HP_AIR-NEW,?,11.61505198,12.83392753,13.74637612,15.36313651,16.01534879,16.99406519
Temoa,nz,NB,Activity|commercial|E_C_ELC,?,10.43705431,11.70938768,12.73164663,13.39327076,14.16728948,15.25170275
Temoa,nz,NB,Activity|commercial|F_C_NG,?,1.350729229,1.31548906,1.219453519,1.070169801,0.910240523,0.747985309
Temoa,nz,NB,Activity|electricity,?,276.041051,277.7297796,289.5147622,300.0898153,296.8532094,298.3865356
Temoa,nz,NB,Activity|electricity|E_BAT_2H-NEW,?,,2.59426E-05,0.000101041,0.000335051,0.001243613,0.002275863
Temoa,nz,NB,Activity|electricity|E_BAT_4H-NEW,?,,,9.87245E-05,0.000371475,0.001200095,0.002192649
Temoa,nz,NB,Activity|electricity|E_ELC_DX_to_DEM,?,60.4922245,61.17073024,65.55458581,71.73248929,73.00211017,75.24615715
Temoa,nz,NB,Activity|electricity|E_ELC_TX_to_DX,?,59.33684979,60.01549303,64.39943924,70.57754346,71.84731996,74.67871624
Temoa,nz,NB,Activity|electricity|E_HYD_DLY-EXS,?,9.542399941,9.542192302,9.542204174,9.542212666,9.542218727,9.542109983
Temoa,nz,NB,Activity|electricity|E_HYD_ROR-EXS,?,0.568159909,0.568022054,0.567931457,0.567730816,0.567575194,0.567440908
Temoa,nz,NB,Activity|electricity|E_INT_IN-USA,?,0.210275837,0.2101525,0.210100152,0.210024928,0.209924088,0.209720714
Temoa,nz,NB,Activity|electricity|E_INT_OUT-USA,?,13.9290012,13.9290012,13.9290012,13.9290012,13.9290012,13.9290012
Temoa,nz,NB,Activity|electricity|E_NG_CC-EXS,?,,0.000620115,0.000286643,0.000367354,,
Temoa,nz,NB,Activity|electricity|E_NG_CG-EXS,?,0.587214801,0.586477449,0.586412604,0.58556405,0.585103948,
Temoa,nz,NB,Activity|electricity|E_NUC_CANDU-EXS,?,20.81372829,20.81322589,20.51401336,18.44210247,15.88984361,14.37112251
Temoa,nz,NB,Activity|electricity|E_SOL_PV-NEW-1,?,0.000765534,0.002964708,0.025969965,0.077171288,0.141318679,0.203790816
Temoa,nz,NB,Activity|electricity|E_SOL_PV-NEW-2,?,0.000703395,0.002786208,0.021913409,0.071355415,0.190332972,0.561766833
Temoa,nz,NB,Activity|electricity|E_SOL_PV-NEW-3,?,0.000705055,0.002753479,0.018874741,0.045786062,0.079627126,0.113101881
Temoa,nz,NB,Activity|electricity|E_SOL_PV-NEW-4,?,0.001001075,0.003412883,0.047433038,1.348511,4.715385805,7.300265208
Temoa,nz,NB,Activity|electricity|E_SOL_PV-NEW-5,?,0.000758343,0.002846471,0.019393976,0.047381898,0.083483411,0.118376713
Temoa,nz,NB,Activity|electricity|E_WND_ON-EXS,?,3.425436604,3.425096884,3.424825511,0.889877647,0.889407097,0.286935589
Temoa,nz,NB,Activity|electricity|E_WND_ON-NEW-1,?,14.75224778,14.77777803,14.79456147,14.80772099,14.82080247,14.83278274
Temoa,nz,NB,Activity|electricity|E_WND_ON-NEW-10,?,0.003586262,0.008089173,0.013764617,0.019631349,0.026969375,0.034787786
Temoa,nz,NB,Activity|electricity|E_WND_ON-NEW-11,?,0.003135774,0.007128854,0.012003012,0.017045106,0.023351582,0.029945829
Temoa,nz,NB,Activity|electricity|E_WND_ON-NEW-12,?,0.004065622,0.008283776,0.013417018,0.0187361,0.025613797,0.033173226
Temoa,nz,NB,Activity|electricity|E_WND_ON-NEW-13,?,0.00483347,0.010238469,0.016932147,0.023808715,0.032300056,0.04109908
Temoa,nz,NB,Activity|electricity|E_WND_ON-NEW-2,?,0.084194906,0.176925995,3.783510218,7.529457723,7.625664025,7.65201938
Temoa,nz,NB,Activity|electricity|E_WND_ON-NEW-3,?,0.046135646,0.099963836,0.300164145,3.805734367,4.354218463,6.035733075
Temoa,nz,NB,Activity|electricity|E_WND_ON-NEW-4,?,0.145770844,0.186759852,0.273377291,0.39593962,0.480347236,0.53633543
Temoa,nz,NB,Activity|electricity|E_WND_ON-NEW-5,?,27.12545163,27.17721233,27.30881213,27.55715909,27.68977463,27.77106481
Temoa,nz,NB,Activity|electricity|E_WND_ON-NEW-6,?,0.011287463,0.023289262,0.03916025,0.056806455,0.076931926,0.097282312
Temoa,nz,NB,Activity|electricity|E_WND_ON-NEW-7,?,0.008740438,0.017485626,0.028522821,0.040208265,0.053864854,0.067860217
Temoa,nz,NB,Activity|electricity|E_WND_ON-NEW-8,?,0.006662529,0.015076971,0.025881413,0.037669534,0.052344927,0.06819163
Temoa,nz,NB,Activity|electricity|E_WND_ON-NEW-9,?,0.006693251,0.014912424,0.025354702,0.036789687,0.050610592,0.064890446
Temoa,nz,NB,Activity|electricity|F_E_COAL,?,,0.000505705,0.002171265,,,
Temoa,nz,NB,Activity|electricity|F_E_NG,?,1.239522064,1.2423662,1.242165937,1.242900163,1.242787343,0.013112332
Temoa,nz,NB,Activity|electricity|F_E_U_NAT,?,63.68949905,63.68796171,62.7723787,56.43238211,48.62253247,43.97528307
Temoa,nz,NB,Activity|fuel|F_IMP_BIO,?,29.44,25.75437855,24.23084879,22.7319889,20.9,19.68000001
Temoa,nz,NB,Activity|fuel|F_IMP_CNG,?,0.022518054,0.008941439,,,,
Temoa,nz,NB,Activity|fuel|F_IMP_COAL,?,,0.000505705,0.002171265,,,
Temoa,nz,NB,Activity|fuel|F_IMP_DSL,?,33.77868365,27.11294902,15.7973637,4.236654765,4.252175237,4.337040267
Temoa,nz,NB,Activity|fuel|F_IMP_ETH,?,2.457398472,2.545537334,0.997071022,0.197092317,0.094511659,0.046894878
Temoa,nz,NB,Activity|fuel|F_IMP_GSL,?,20.06863168,14.63028839,5.849370191,1.31025422,0.72983449,0.463476342
Temoa,nz,NB,Activity|fuel|F_IMP_H2,?,,,,,3.010003762,4.400010134
Temoa,nz,NB,Activity|fuel|F_IMP_HFO,?,52.26306028,49.01713127,36.50875569,33.74137566,31.73000476,29.64000147
Temoa,nz,NB,Activity|fuel|F_IMP_JTF,?,22.03005151,20.95633271,20.24365896,19.59905048,19.3545148,19.5115352
Temoa,nz,NB,Activity|fuel|F_IMP_LNG,?,23.01447494,23.02249067,31.30409915,31.32003962,31.32100212,31.31038739
Temoa,nz,NB,Activity|fuel|F_IMP_NG,?,31.45025346,28.20795955,24.63939762,21.4806905,19.35469523,15.5177882
Temoa,nz,NB,Activity|fuel|F_IMP_OIL,?,3.358517042,2.474696706,1.590877425,0.63635638,,
Temoa,nz,NB,Activity|fuel|F_IMP_RDSL,?,1.365635748,1.083508648,0.613446996,0.133087737,0.133595309,0.136349503
Temoa,nz,NB,Activity|fuel|F_IMP_U_NAT,?,63.68949905,63.68796171,62.7723787,56.43238211,48.62253247,43.97528307
Temoa,nz,NB,Activity|fuel|F_IMP_WOOD,?,0.575385173,0.383731519,0.19209613,,,
Temoa,nz,NB,Activity|industrial|E_I_ELC,?,18.87000003,17.31932626,17.34037897,18.12410094,18.92943769,19.64952964
Temoa,nz,NB,Activity|industrial|F_I_BIO,?,29.44,25.75437855,24.23084879,22.7319889,20.9,19.68000001
Temoa,nz,NB,Activity|industrial|F_I_H2,?,,,,,3.009999999,4.399999999
Temoa,nz,NB,Activity|industrial|F_I_HFO,?,42.52,39.30194209,36.46194556,33.72674505,31.73000001,29.64000001
Temoa,nz,NB,Activity|industrial|F_I_NG,?,28.18,25.09400987,21.74640726,18.84670041,16.88,14.75
Temoa,nz,NB,Activity|industrial|I_IND,?,119.01,107.47,99.78,93.43,91.45000001,88.12000001
Temoa,nz,NB,Activity|residential,?,53.00647053,51.76022143,49.88322789,48.95699287,48.70575723,49.96615725
Temoa,nz,NB,Activity|residential|E_R_ELC,?,20.34313529,19.15300011,17.6614246,17.30794153,17.00329691,17.41243321
Temoa,nz,NB,Activity|residential|F_R_NG,?,0.36245967,0.238419165,0.113786499,0.019056893,0.00617471,0.006025334
Temoa,nz,NB,Activity|residential|F_R_OIL,?,3.358517042,2.474696706,1.590877425,0.63635638,,
Temoa,nz,NB,Activity|residential|F_R_WOOD,?,0.575385173,0.383731519,0.19209613,,,
Temoa,nz,NB,Activity|residential|R_APP_CL_WASH-EXS,?,0.011920223,0.004237726,,,,
Temoa,nz,NB,Activity|residential|R_APP_CL_WASH-TYP-NEW,?,0.004622586,0.01298894,0.017969333,0.017766052,0.017949547,0.019026754
Temoa,nz,NB,Activity|residential|R_APP_COOK_ELEC-EXS,?,0.012352751,0.007326825,0.001028041,,,
Temoa,nz,NB,Activity|residential|R_APP_COOK_ELEC-TYP-NEW,?,0.004713621,0.009648851,0.015171747,0.017449551,0.018092682,0.018883312
Temoa,nz,NB,Activity|residential|R_APP_DRY_ELEC-EXS,?,0.008589505,0.003740879,,,,
Temoa,nz,NB,Activity|residential|R_APP_DRY_ELEC-TYP-NEW,?,0.006998948,0.01232734,0.016218727,0.016627236,0.01660907,0.01720765
Temoa,nz,NB,Activity|residential|R_APP_DS_WASH-EXS,?,0.00678133,0.003043176,,,,
Temoa,nz,NB,Activity|residential|R_APP_DS_WASH-TYP-NEW,?,0.003510078,0.007427264,0.011340174,0.010990734,0.010394154,0.010906584
Temoa,nz,NB,Activity|residential|R_APP_FREZ-EXS,?,0.007810941,0.005348317,0.00192982,,,
Temoa,nz,NB,Activity|residential|R_APP_FREZ-TYP-NEW,?,0.001643009,0.002860572,0.003770186,0.005834083,0.00688403,0.007329793
Temoa,nz,NB,Activity|residential|R_APP_OTH,?,0.368031382,0.382957647,0.393583457,0.402281198,0.411407398,0.422434247
Temoa,nz,NB,Activity|residential|R_APP_REFR-EXS,?,0.012227386,,,,,
Temoa,nz,NB,Activity|residential|R_APP_REFR-TYP-NEW,?,0.009606934,0.020330696,0.023672763,0.024276546,0.024868057,0.02553459
Temoa,nz,NB,Activity|residential|R_LGT_CFL-EXS,?,0.75462091,0.485120692,0.18435082,,,
Temoa,nz,NB,Activity|residential|R_LGT_LED-EXS,?,1.121610306,1.121616927,1.065547033,1.121608375,0.897272057,0.616884648
Temoa,nz,NB,Activity|residential|R_LGT_LED-TYP-NEW,?,2.748415608,3.28306018,3.85585193,4.157550516,4.58121123,5.036631755
Temoa,nz,NB,Activity|residential|R_LGT_T12-EXS,?,0.300821236,0.235432699,0.161538872,0.10463132,0.027440401,
Temoa,nz,NB,Activity|residential|R_SPC_CENT_AC-EXS,?,0.40551587,0.286205103,0.166909463,0.019098544,,
Temoa,nz,NB,Activity|residential|R_SPC_ROOM_AC-EXS,?,0.288406258,,,,,
Temoa,nz,NB,Activity|residential|R_SPHC_AIR_HP-TYP-NEW,?,6.227031752,11.47024777,16.40421249,19.66032995,21.54134732,22.11874191
Temoa,nz,NB,Activity|residential|R_SPHC_GEO_HP-TYP-NEW,?,,,,4.04223E-05,8.22749E-05,9.77409E-05
Temoa,nz,NB,Activity|residential|R_SPH_ELEC-EXS,?,4.632457639,3.41339849,2.194326891,0.877740634,,
Temoa,nz,NB,Activity|residential|R_SPH_ELEC_RAD-NEW,?,,0.000936895,0.00131615,0.002091365,0.002328121,0.002447597
Temoa,nz,NB,Activity|residential|R_SPH_HP-EXS,?,3.752479245,2.046805667,0.136451371,,,
Temoa,nz,NB,Activity|residential|R_SPH_NG-EXS,?,0.232847727,0.164364268,0.095880038,0.010778955,,
Temoa,nz,NB,Activity|residential|R_SPH_OIL-EXS,?,1.96954852,1.45124623,0.932944763,0.373182125,,
Temoa,nz,NB,Activity|residential|R_SPH_WOOD-ELC-EXS,?,0.831540599,0.554369584,0.277185815,,,
Temoa,nz,NB,Activity|residential|R_SPH_WOOD-EXS,?,0.287646406,0.19176445,0.095882551,,,
Temoa,nz,NB,Activity|residential|R_SPH_WOOD-OIL-EXS,?,0.650094773,0.479017201,0.307939629,0.123175852,,
Temoa,nz,NB,Activity|residential|R_WAH_ELC-EXS,?,2.0263041,1.105257602,0.073689258,,,
Temoa,nz,NB,Activity|residential|R_WAH_ELEC-TYP-NEW,?,,1.094581431,2.578072168,4.028602237,4.117247973,4.226806089
Temoa,nz,NB,Activity|residential|R_WAH_HP-TYP-NEW,?,1.621628788,1.626112735,1.308259756,0.019582375,0.023151289,0.024766039
Temoa,nz,NB,Activity|residential|R_WAH_NG-EXS,?,0.057194926,0.028597773,,,,
Temoa,nz,NB,Activity|transportation,?,444.0361546,423.4616416,387.2891125,359.6942009,357.7041006,357.4108423
Temoa,nz,NB,Activity|transportation|E_T_ELC,?,10.37029274,12.46743126,17.31545469,22.41658351,22.4100776,22.43174282
Temoa,nz,NB,Activity|transportation|F_T_CNG,?,0.022518054,0.008941439,,,,
Temoa,nz,NB,Activity|transportation|F_T_DSL,?,32.77525796,26.00420756,14.7227279,3.194105679,3.206287407,3.27238806
Temoa,nz,NB,Activity|transportation|F_T_ETH,?,2.457398472,2.545537334,0.997071022,0.197092317,0.094511659,0.046894878
Temoa,nz,NB,Activity|transportation|F_T_GSL,?,19.88258764,14.42471156,5.650069123,1.116856465,0.535566066,0.265737644
Temoa,nz,NB,Activity|transportation|F_T_HFO,?,9.743060282,9.715189176,0.046810122,0.014630618,,
Temoa,nz,NB,Activity|transportation|F_T_JTF,?,22.03005151,20.95633271,20.24365896,19.59905048,19.3545148,19.5115352
Temoa,nz,NB,Activity|transportation|F_T_LNG,?,23.01447494,23.02249067,31.30409915,31.32003962,31.32100212,31.31038739
Temoa,nz,NB,Activity|transportation|F_T_NG,?,0.317542496,0.317675258,0.317584409,0.30186323,0.315016266,
Temoa,nz,NB,Activity|transportation|F_T_RDSL,?,1.365635748,1.083508648,0.613446996,0.133087737,0.133595309,0.136349503
Temoa,nz,NB,Activity|transportation|T_BLND_ETH_GSL,?,22.33998611,16.97024889,6.647140144,1.313948782,0.630077724,0.312632522
Temoa,nz,NB,Activity|transportation|T_BLND_GSL_ELC_PHEV35,?,2.868779084,3.634031112,3.283244944,1.232671304,0.238844079,0.050442097
Temoa,nz,NB,Activity|transportation|T_BLND_GSL_ELC_PHEV50,?,,0.279776516,1.06689645,1.064931314,0.954032505,0.55898088
Temoa,nz,NB,Activity|transportation|T_BLND_JTF,?,22.0300482,20.95632425,20.24364385,19.59902632,19.35447821,19.51150229
Temoa,nz,NB,Activity|transportation|T_BLND_RDSL_DSL,?,34.14089371,27.08771621,15.33617489,3.327193415,3.339882715,3.408737563
Temoa,nz,NB,Activity|transportation|T_ELC_AC_DC,?,,0.08834991,0.060643851,0.018403375,0.047813061,0.331244589
Temoa,nz,NB,Activity|transportation|T_H2_COMP_100_700,?,0.23369491,0.303118452,0.281379606,0.239222555,0.271650636,0.271534209
Temoa,nz,NB,Activity|transportation|T_H2_COMP_10_100,?,0.23369491,0.303118386,0.281395768,0.239231859,0.271657845,0.271528166
Temoa,nz,NB,Activity|transportation|T_H2_HDV_REFUEL,?,0.232362477,0.301438053,0.280061614,0.238139647,0.270460564,0.270335154
Temoa,nz,NB,Activity|transportation|T_H2_distribution,?,0.23369491,0.303118386,0.281643592,0.239512839,0.271941401,0.271809755
Temoa,nz,NB,Activity|transportation|T_HDV_AJF_JFL_EX,?,0.131791099,0.106890145,0.088410778,0.055333486,,
Temoa,nz,NB,Activity|transportation|T_HDV_AJF_JFL_N,?,0.045389674,0.073771528,0.095143679,0.130497764,0.187654312,0.189341146
Temoa,nz,NB,Activity|transportation|T_HDV_AJP_JFL_EX,?,10.48554033,8.740391365,6.852396022,3.692943351,,
Temoa,nz,NB,Activity|transportation|T_HDV_AJP_JFL_N,?,3.91169667,5.910557884,8.009484058,11.33509061,15.16127527,15.28398914
Temoa,nz,NB,Activity|transportation|T_HDV_BIC_DSL_EX,?,0.036352273,0.015334133,,,,
Temoa,nz,NB,Activity|transportation|T_HDV_BIC_FCEV_N,?,0.156384155,0.185294246,0.208175173,0.212014449,0.215077158,0.217882535
Temoa,nz,NB,Activity|transportation|T_HDV_BIC_GSL_EX,?,0.003753448,0.000568798,,,,
Temoa,nz,NB,Activity|transportation|T_HDV_BS_BEV_N,?,,0.132996647,0.77320365,1.454322853,1.502980447,1.533548102
Temoa,nz,NB,Activity|transportation|T_HDV_BS_CNG_EX,?,0.029637885,0.0125497,,,,
Temoa,nz,NB,Activity|transportation|T_HDV_BS_DSL_EX,?,0.411114438,0.173016034,,,,
Temoa,nz,NB,Activity|transportation|T_HDV_BS_FCHEV_N,?,0.941341282,1.115534112,0.708571968,0.048481216,0.016657431,
Temoa,nz,NB,Activity|transportation|T_HDV_BS_GSL_EX,?,0.040915246,0.02103279,,,,
Temoa,nz,NB,Activity|transportation|T_HDV_BT_BEV_EX,?,0.073952066,0.037528693,,,,
Temoa,nz,NB,Activity|transportation|T_HDV_BT_BEV_N,?,0.586160949,0.741922856,0.877413009,0.894013163,0.90732797,0.919598807
Temoa,nz,NB,Activity|transportation|T_HDV_BT_CNG_EX,?,0.002175967,,,,,
Temoa,nz,NB,Activity|transportation|T_HDV_BT_DSL_EX,?,0.165607579,0.074436496,,,,
Temoa,nz,NB,Activity|transportation|T_HDV_CHRG,?,3.874415597,4.749961896,6.420772143,8.545303175,8.24630219,7.978458633
Temoa,nz,NB,Activity|transportation|T_HDV_RF_H2_N,?,,,0.002345687,0.002345897,0.015872631,0.020343986
Temoa,nz,NB,Activity|transportation|T_HDV_RF_LNG_N,?,74.33560744,74.37293276,74.39869315,74.42168047,74.42590865,74.43745181
Temoa,nz,NB,Activity|transportation|T_HDV_RICP_DSL_EX,?,0.210700877,0.134094192,0.076714341,,,
Temoa,nz,NB,Activity|transportation|T_HDV_RICP_DSL_N,?,0.052054533,0.05205439,0.052053871,0.052010563,0.004468365,
Temoa,nz,NB,Activity|transportation|T_HDV_RICP_H2_N,?,,0.076718325,0.134209412,0.208899598,0.257831498,0.262342371
Temoa,nz,NB,Activity|transportation|T_HDV_T_BEV_N,?,5.904385823,9.001558294,13.73405663,19.39959416,19.53970314,19.66871893
Temoa,nz,NB,Activity|transportation|T_HDV_T_DSL_EX,?,12.83216835,10.00172286,5.490913656,,,
Temoa,nz,NB,Activity|transportation|T_HDV_WTF_HFO_EX,?,61.71193266,61.53538912,0.296453528,0.092618237,,
Temoa,nz,NB,Activity|transportation|T_HDV_WTF_LNG_N,?,43.35272922,43.35272747,104.4450049,104.533333,104.5332993,104.4479834
Temoa,nz,NB,Activity|transportation|T_I_H2_ELC_ALK,?,,0.057127334,0.034178511,0.00452005,0.020479417,0.040933674
Temoa,nz,NB,Activity|transportation|T_I_H2_ELC_PEM,?,,0.00990983,0.006640242,0.001170809,0.010235988,0.223103108
Temoa,nz,NB,Activity|transportation|T_I_H2_SMR_CCS,?,0.232915367,0.233003127,0.232930596,0.221393567,0.231004997,
Temoa,nz,NB,Activity|transportation|T_LDV_BEV_CHRG,?,0.032764305,0.115853153,1.105979315,3.115965843,4.03738572,4.557505055
Temoa,nz,NB,Activity|transportation|T_LDV_C_BEV150_EX,?,0.003222018,0.002258368,,,,
Temoa,nz,NB,Activity|transportation|T_LDV_C_BEV150_N,?,,0.013427183,0.06668518,0.098462952,0.121313124,0.142335788
Temoa,nz,NB,Activity|transportation|T_LDV_C_BEV200_N,?,,0.026855602,0.133372901,0.196928981,0.242629946,0.284675894
Temoa,nz,NB,Activity|transportation|T_LDV_C_BEV300_N,?,,0.040284014,0.200060653,0.295395132,0.363946831,0.42701611
Temoa,nz,NB,Activity|transportation|T_LDV_C_BEV400_N,?,,0.053712513,0.266748588,0.393861339,0.485263648,0.569356256
Temoa,nz,NB,Activity|transportation|T_LDV_C_DSL_EX,?,0.002444432,,,,,
Temoa,nz,NB,Activity|transportation|T_LDV_C_GSL_EX,?,0.285122331,0.153702236,,,,
Temoa,nz,NB,Activity|transportation|T_LDV_C_GSL_HEV_EX,?,0.007320163,0.00369648,,,,
Temoa,nz,NB,Activity|transportation|T_LDV_C_GSL_PHEV35_EX,?,0.000577053,0.00024447,,,,
Temoa,nz,NB,Activity|transportation|T_LDV_C_GSL_PHEV35_N,?,0.037838838,0.043094527,0.035402053,,,
Temoa,nz,NB,Activity|transportation|T_LDV_LTF_BEV150_N,?,,,,0.07737563,0.103479479,0.13432445
Temoa,nz,NB,Activity|transportation|T_LDV_LTF_BEV200_N,?,,,,0.154753038,0.20696082,0.26865217
Temoa,nz,NB,Activity|transportation|T_LDV_LTF_BEV300_N,?,,,,0.232130556,0.310442889,0.40297956
Temoa,nz,NB,Activity|transportation|T_LDV_LTF_BEV400_N,?,,,,0.309508148,0.413924355,0.537307005
Temoa,nz,NB,Activity|transportation|T_LDV_LTF_DSL_EX,?,0.066048211,0.054314443,0.009848543,,,
Temoa,nz,NB,Activity|transportation|T_LDV_LTF_GSL_EX,?,0.787461293,0.575425416,0.102969797,,,
Temoa,nz,NB,Activity|transportation|T_LDV_LTF_GSL_PHEV35_N,?,0.761288731,0.866740414,0.899559069,0.2402181,0.04972348,0.017805682
Temoa,nz,NB,Activity|transportation|T_LDV_LTF_GSL_PHEV50_N,?,,0.159269563,0.677779055,0.703413499,0.654279297,0.397459763
Temoa,nz,NB,Activity|transportation|T_LDV_LTP_BEV150_N,?,,,0.164305636,0.354050853,0.493547606,0.538255065
Temoa,nz,NB,Activity|transportation|T_LDV_LTP_BEV200_N,?,,,0.328614016,0.708107773,0.987102398,1.076519911
Temoa,nz,NB,Activity|transportation|T_LDV_LTP_BEV300_EX,?,0.011725897,0.010765172,0.000549066,,,
Temoa,nz,NB,Activity|transportation|T_LDV_LTP_BEV300_N,?,,,0.492922088,1.062164909,1.48065858,1.614786128
Temoa,nz,NB,Activity|transportation|T_LDV_LTP_BEV400_N,?,,,0.657230282,1.416222772,1.97421507,2.153048213
Temoa,nz,NB,Activity|transportation|T_LDV_LTP_DSL_EX,?,0.097129679,0.06191845,0.009675464,,,
Temoa,nz,NB,Activity|transportation|T_LDV_LTP_GSL_EX,?,2.32464828,1.54987227,0.266480597,,,
Temoa,nz,NB,Activity|transportation|T_LDV_LTP_GSL_HEV_EX,?,0.017200677,0.016546471,0.001889769,,,
Temoa,nz,NB,Activity|transportation|T_LDV_LTP_GSL_PHEV35_EX,?,0.002280812,0.002710919,,,,
Temoa,nz,NB,Activity|transportation|T_LDV_LTP_GSL_PHEV35_N,?,1.569713533,2.780376603,2.833543117,1.481721785,0.297722897,0.044869662
Temoa,nz,NB,Activity|transportation|T_LDV_M_BEV_N,?,0.049465919,0.097008486,0.13335781,0.149453863,0.151668214,0.153708295
Temoa,nz,NB,Activity|transportation|T_LDV_M_GSL_EX,?,0.089487529,0.046233536,0.013360451,,,
Temoa,nz,NB,Activity|transportation|T_LDV_PHEV_CHRG,?,1.054293528,1.475110331,1.739143941,0.983740284,0.562882409,0.296870234
Temoa,nz,NB,Activity|transportation|T_MDV_CHRG,?,4.345630989,4.767349476,6.234172823,7.485303793,7.24917643,7.027189503
Temoa,nz,NB,Activity|transportation|T_MDV_T_BEV_N,?,2.529824998,3.294906035,4.722511352,5.875083916,5.888106361,5.900079165
Temoa,nz,NB,Activity|transportation|T_MDV_T_DSL_EX,?,2.006113721,1.56388138,0.704525,,,
Temoa,nz,NB,Activity|transportation|T_MDV_T_GSL_EX,?,1.277610598,0.979508182,0.43183578,,,
Temoa,nz,NB,Activity|transportation|T_OFF,?,2.85624402,3.014285071,3.145678001,3.249180186,3.332182315,3.408620004
Temoa,nz,NB,Capacity|commercial,?,132.2652898,100.8553265,65.29186967,50.44642119,49.46609774,52.49303936
Temoa,nz,NB,Capacity|commercial|C_SPC_AC_ROOF-NEW,?,0.0010872,0.002482786,0.00398214,0.006082154,0.007427132,0.008466367
Temoa,nz,NB,Capacity|commercial|C_SPC_ELC-EXS,?,71.20458863,45.77437841,18.30975136,,,
Temoa,nz,NB,Capacity|commercial|C_SPHC_HP_AIR-NEW,?,32.60291307,36.02468249,38.58586906,47.37719763,49.38801416,52.40824284
Temoa,nz,NB,Capacity|commercial|C_SPHC_HP_GEO-NEW,?,0.000419828,0.00092633,0.001456585,0.001748328,0.00196457,0.002127641
Temoa,nz,NB,Capacity|commercial|C_SPH_ELC-EXS,?,12.60172988,7.351009095,0.840115325,,,
Temoa,nz,NB,Capacity|commercial|C_SPH_ELC_BLR-NEW,?,0.004239051,0.009045646,0.014558291,0.016687771,0.018751457,0.020754309
Temoa,nz,NB,Capacity|commercial|C_SPH_ELC_RES-NEW,?,0.004247839,0.009093473,0.014693915,0.018519117,0.01998828,0.021349359
Temoa,nz,NB,Capacity|commercial|C_SPH_NG-EXS,?,15.84062138,11.67203681,7.503452234,3.001380894,,
Temoa,nz,NB,Capacity|commercial|C_SPH_NG_FRN-NEW,?,0.00544296,0.011671416,0.017990754,0.024805294,0.029952137,0.032098847
Temoa,nz,NB,Capacity|electricity,?,6.551517677,6.573808452,6.379610058,6.470769964,6.870912166,7.249627804
Temoa,nz,NB,Capacity|electricity|E_BAT_2H-NEW,?,0.000102848,0.000245397,0.000424379,0.000566495,0.000731698,0.000980242
Temoa,nz,NB,Capacity|electricity|E_BAT_4H-NEW,?,6.63539E-05,0.000160999,0.00028099,0.000381606,0.000500143,0.000691276
Temoa,nz,NB,Capacity|electricity|E_BIO_M-EXS,?,0.1208,0.1208,0.1208,0.1208,0.1208,0.1208
Temoa,nz,NB,Capacity|electricity|E_BIO_M-NEW,?,1.93102E-05,4.09301E-05,6.53326E-05,9.3653E-05,0.00012431,0.000157129
Temoa,nz,NB,Capacity|electricity|E_COAL-EXS,?,0.466,0.466,0.466,,,
Temoa,nz,NB,Capacity|electricity|E_COAL_CCS_RFIT_90,?,1.26866E-05,2.49195E-05,3.53991E-05,,,
Temoa,nz,NB,Capacity|electricity|E_COAL_CCS_RFIT_95,?,1.27916E-05,2.51029E-05,3.56412E-05,,,
Temoa,nz,NB,Capacity|electricity|E_DSL_CT-EXS,?,0.5,0.495,,,,
Temoa,nz,NB,Capacity|electricity|E_HYD_DLY-EXS,?,0.898,0.898,0.898,0.898,0.898,0.898
Temoa,nz,NB,Capacity|electricity|E_HYD_ROR-EXS,?,0.0451,0.0451,0.0451,0.0451,0.0451,0.0451
Temoa,nz,NB,Capacity|electricity|E_INT_IN-USA,?,0.229,0.229,0.229,0.229,0.229,0.229
Temoa,nz,NB,Capacity|electricity|E_NG_CC-EXS,?,0.29,0.29,0.29,0.29,,
Temoa,nz,NB,Capacity|electricity|E_NG_CC-NEW,?,9.91233E-05,0.000230518,0.000437998,0.001038153,0.001748098,0.002472818
Temoa,nz,NB,Capacity|electricity|E_NG_CCS-NEW,?,4.93135E-05,0.000108497,0.000184814,0.000293591,0.000418779,0.000559762
Temoa,nz,NB,Capacity|electricity|E_NG_CCS_RFIT_90,?,3.96022E-05,7.83861E-05,0.000118973,0.000162409,0.00020857,0.000259646
Temoa,nz,NB,Capacity|electricity|E_NG_CCS_RFIT_95,?,4.42058E-05,8.60565E-05,0.000129004,0.000174229,0.000221679,0.000274462
Temoa,nz,NB,Capacity|electricity|E_NG_CG-EXS,?,0.098,0.098,0.098,0.098,0.098,
Temoa,nz,NB,Capacity|electricity|E_NG_CT-EXS,?,0.028,0.028,,,,
Temoa,nz,NB,Capacity|electricity|E_NG_CT-NEW,?,4.44976E-05,0.000104413,0.000211461,0.086047508,0.242587396,0.256036392
Temoa,nz,NB,Capacity|electricity|E_NUC_CANDU-EXS,?,0.66,0.66,0.66,0.66,0.66,0.66
Temoa,nz,NB,Capacity|electricity|E_SOL_PV-NEW-1,?,0.000199112,0.000570791,0.003676438,0.010459401,0.01877549,0.026784934
Temoa,nz,NB,Capacity|electricity|E_SOL_PV-NEW-2,?,0.000193484,0.000553443,0.003219897,0.009980205,0.025701853,0.073621169
Temoa,nz,NB,Capacity|electricity|E_SOL_PV-NEW-3,?,0.000190739,0.000539745,0.002742341,0.006392941,0.010865442,0.01525581
Temoa,nz,NB,Capacity|electricity|E_SOL_PV-NEW-4,?,0.000221976,0.000641139,0.006509217,0.174328726,0.600388592,0.921803751
Temoa,nz,NB,Capacity|electricity|E_SOL_PV-NEW-5,?,0.000193701,0.000546088,0.002786592,0.006548588,0.011272252,0.01580548
Temoa,nz,NB,Capacity|electricity|E_WND_ON-EXS,?,0.39745,0.39745,0.39745,0.10345,0.10345,0.0336
Temoa,nz,NB,Capacity|electricity|E_WND_ON-NEW-1,?,0.926008452,0.927632951,0.928752852,0.929759658,0.930754964,0.931694361
Temoa,nz,NB,Capacity|electricity|E_WND_ON-NEW-10,?,0.000453444,0.001012581,0.001683343,0.002459933,0.003360087,0.004327977
Temoa,nz,NB,Capacity|electricity|E_WND_ON-NEW-11,?,0.000409896,0.000913554,0.001513736,0.002207726,0.00300461,0.003853265
Temoa,nz,NB,Capacity|electricity|E_WND_ON-NEW-12,?,0.000464813,0.000963725,0.001563374,0.002260463,0.003080258,0.003984819
Temoa,nz,NB,Capacity|electricity|E_WND_ON-NEW-13,?,0.000515877,0.001097201,0.001797603,0.002601831,0.003529068,0.004503781
Temoa,nz,NB,Capacity|electricity|E_WND_ON-NEW-2,?,0.006706295,0.013870121,0.288085894,0.571893653,0.579425516,0.581704281
Temoa,nz,NB,Capacity|electricity|E_WND_ON-NEW-3,?,0.003588765,0.00766452,0.022537429,0.280136516,0.320524662,0.443302292
Temoa,nz,NB,Capacity|electricity|E_WND_ON-NEW-4,?,0.010273963,0.01313058,0.019076391,0.027532816,0.033418608,0.037412499
Temoa,nz,NB,Capacity|electricity|E_WND_ON-NEW-5,?,1.866192464,1.869707555,1.878514908,1.895095653,1.904039668,1.909623886
Temoa,nz,NB,Capacity|electricity|E_WND_ON-NEW-6,?,0.000972431,0.002010482,0.003366594,0.004971943,0.006762157,0.008592516
Temoa,nz,NB,Capacity|electricity|E_WND_ON-NEW-7,?,0.000761923,0.00153829,0.002503543,0.003613909,0.004868742,0.006160936
Temoa,nz,NB,Capacity|electricity|E_WND_ON-NEW-8,?,0.00066855,0.001496926,0.002542015,0.003774772,0.005239115,0.006824417
Temoa,nz,NB,Capacity|electricity|E_WND_ON-NEW-9,?,0.000661061,0.001463542,0.002463896,0.003643589,0.005010413,0.006439903
Temoa,nz,NB,Capacity|residential,?,76.69083392,79.68525372,86.02033581,83.64871271,85.563225,87.83473162
Temoa,nz,NB,Capacity|residential|R_APP_CL_WASH-EXS,?,0.24284325,0.0971373,,,,
Temoa,nz,NB,Capacity|residential|R_APP_CL_WASH-TYP-NEW,?,0.104076079,0.263852255,0.371005634,0.379204377,0.38780712,0.398201433
Temoa,nz,NB,Capacity|residential|R_APP_COOK_ELEC-EXS,?,0.252817882,0.155580235,0.042784565,,,
Temoa,nz,NB,Capacity|residential|R_APP_COOK_ELEC-TYP-NEW,?,0.107420176,0.219066404,0.342127055,0.393410173,0.402383018,0.413202671
Temoa,nz,NB,Capacity|residential|R_APP_COOK_NG-TYP-NEW,?,0.000179742,0.000389789,0.000529297,0.000548505,0.000517134,0.000495793
Temoa,nz,NB,Capacity|residential|R_APP_DRY_ELEC-EXS,?,0.178435882,0.089217941,,,,
Temoa,nz,NB,Capacity|residential|R_APP_DRY_ELEC-TYP-NEW,?,0.148442954,0.250575082,0.349006904,0.356706195,0.364890199,0.374744004
Temoa,nz,NB,Capacity|residential|R_APP_DRY_NG-TYP-NEW,?,0.000295581,0.000650864,0.00088276,0.000915712,0.000845037,0.000793989
Temoa,nz,NB,Capacity|residential|R_APP_DS_WASH-EXS,?,0.145555882,0.079394118,0.005292941,,,
Temoa,nz,NB,Capacity|residential|R_APP_DS_WASH-TYP-NEW,?,0.086680022,0.162260888,0.243067303,0.253848317,0.259607232,0.266565508
Temoa,nz,NB,Capacity|residential|R_APP_FREZ-EXS,?,0.165923864,0.117122727,0.068321591,0.007808182,,
Temoa,nz,NB,Capacity|residential|R_APP_FREZ-TYP-NEW,?,0.061941676,0.119984454,0.175364638,0.241263363,0.254721353,0.261548757
Temoa,nz,NB,Capacity|residential|R_APP_REFR-EXS,?,0.244547917,0.027948333,,,,
Temoa,nz,NB,Capacity|residential|R_APP_REFR-TYP-NEW,?,0.200375134,0.435019515,0.475813497,0.486328442,0.497361378,0.510692048
Temoa,nz,NB,Capacity|residential|R_LGT_CFL-EXS,?,11.3138561,7.273193205,2.909277282,,,
Temoa,nz,NB,Capacity|residential|R_LGT_LED-EXS,?,16.81586206,16.81586206,16.81586206,16.81586206,13.45268964,9.248724131
Temoa,nz,NB,Capacity|residential|R_LGT_LED-TYP-NEW,?,41.20587585,49.22131786,60.85296687,62.33310109,68.68577827,75.5124113
Temoa,nz,NB,Capacity|residential|R_LGT_T12-EXS,?,4.510228723,3.529744218,2.549259713,1.568775208,0.431413182,
Temoa,nz,NB,Capacity|residential|R_SPC_CENT_AC-EXS,?,0.044656682,0.031522364,0.018388045,0.002101491,,
Temoa,nz,NB,Capacity|residential|R_SPC_ROOM_AC-EXS,?,0.07960125,,,,,
Temoa,nz,NB,Capacity|residential|R_SPC_ROOM_AC-TYP-NEW,?,1.52247E-05,1.66242E-05,1.92156E-05,3.60867E-05,4.28055E-05,4.06282E-05
Temoa,nz,NB,Capacity|residential|R_SPHC_AIR_HP-TYP-NEW,?,0.111028855,0.206413974,0.301702399,0.36309845,0.399573003,0.410273459
Temoa,nz,NB,Capacity|residential|R_SPHC_GEO_HP-TYP-NEW,?,,,,1.15573E-05,2.45361E-05,3.83354E-05
Temoa,nz,NB,Capacity|residential|R_SPH_ELEC-EXS,?,0.1148835,0.084651,0.0544185,0.0217674,,
Temoa,nz,NB,Capacity|residential|R_SPH_ELEC_RAD-NEW,?,2.28899E-05,5.49987E-05,8.50215E-05,0.000119974,0.000133337,0.000150611
Temoa,nz,NB,Capacity|residential|R_SPH_HP-EXS,?,0.074874412,0.040840588,0.002722706,,,
Temoa,nz,NB,Capacity|residential|R_SPH_NG-EXS,?,0.011784864,0.008318727,0.004852591,0.000554582,,
Temoa,nz,NB,Capacity|residential|R_SPH_NG_FRN-TYP-NEW,?,,,,,,1.01435E-05
Temoa,nz,NB,Capacity|residential|R_SPH_OIL-EXS,?,0.026844409,0.019780091,0.012715773,0.005086309,,
Temoa,nz,NB,Capacity|residential|R_SPH_WOOD-ELC-EXS,?,0.021066818,0.014044545,0.007022273,,,
Temoa,nz,NB,Capacity|residential|R_SPH_WOOD-EXS,?,0.012129545,0.008086364,0.004043182,,,
Temoa,nz,NB,Capacity|residential|R_SPH_WOOD-OIL-EXS,?,0.011397409,0.008398091,0.005398773,0.002159509,,
Temoa,nz,NB,Capacity|residential|R_WAH_ELC-EXS,?,0.219010647,0.119460353,0.007964024,,,
Temoa,nz,NB,Capacity|residential|R_WAH_ELEC-TYP-NEW,?,9.67837E-05,0.112391654,0.264716167,0.413656279,0.422758363,0.43400783
Temoa,nz,NB,Capacity|residential|R_WAH_HP-TYP-NEW,?,0.166508607,0.167123928,0.134617273,0.002216232,0.002538038,0.002686369
Temoa,nz,NB,Capacity|residential|R_WAH_NG-EXS,?,0.01152,0.00576,,,,
Temoa,nz,NB,Capacity|residential|R_WAH_NG-TYP-NEW,?,1.83893E-05,4.03085E-05,5.72566E-05,6.38993E-05,6.61781E-05,6.62498E-05
Temoa,nz,NB,Capacity|residential|R_WAH_SOLAR-TYP-NEW,?,1.48619E-05,3.28674E-05,5.05062E-05,6.93156E-05,7.51692E-05,7.83603E-05
Temoa,nz,NB,Capacity|transportation,?,879.5530037,856.0626082,924.3011372,924.6384843,888.5842629,879.1731836
Temoa,nz,NB,Capacity|transportation|T_ELC_AC_DC,?,0.000599633,0.002860271,0.003376531,0.003906999,0.004735675,0.015845244
Temoa,nz,NB,Capacity|transportation|T_H2_COMP_100_700,?,0.007410729,0.009612269,0.009612269,0.007586585,0.008614737,0.008614737
Temoa,nz,NB,Capacity|transportation|T_H2_COMP_10_100,?,0.007410781,0.009612309,0.009612309,0.007587033,0.008615,0.008615
Temoa,nz,NB,Capacity|transportation|T_H2_HDV_REFUEL,?,0.232363102,0.301439849,0.280063624,0.238141855,0.270463401,0.270336584
Temoa,nz,NB,Capacity|transportation|T_H2_LDV_REFUEL,?,,1.14112E-05,3.10242E-05,4.04742E-05,4.24644E-05,3.88907E-05
Temoa,nz,NB,Capacity|transportation|T_H2_MDV_REFUEL,?,0.000159738,0.000171238,0.000145576,0.000134076,7.43524E-05,7.43524E-05
Temoa,nz,NB,Capacity|transportation|T_HDV_AJF_JFL_EX,?,0.131791565,0.106890513,0.088411037,0.055333622,,
Temoa,nz,NB,Capacity|transportation|T_HDV_AJF_JFL_N,?,0.045389733,0.073771667,0.095143912,0.130498151,0.187654878,0.189341676
Temoa,nz,NB,Capacity|transportation|T_HDV_AJP_JFL_EX,?,10.48554416,8.740393389,6.852397084,3.692943821,,
Temoa,nz,NB,Capacity|transportation|T_HDV_AJP_JFL_N,?,3.911696915,5.910558318,8.009484762,11.3350918,15.16127697,15.28399078
Temoa,nz,NB,Capacity|transportation|T_HDV_BIC_BEV_N,?,,,1.45062E-05,3.13638E-05,3.93171E-05,8.71196E-05
Temoa,nz,NB,Capacity|transportation|T_HDV_BIC_DSL_EX,?,0.054173194,0.021147588,,,,
Temoa,nz,NB,Capacity|transportation|T_HDV_BIC_DSL_HEV_N,?,1.51206E-05,1.51206E-05,,,,
Temoa,nz,NB,Capacity|transportation|T_HDV_BIC_DSL_N,?,1.57437E-05,1.57437E-05,,,,
Temoa,nz,NB,Capacity|transportation|T_HDV_BIC_FCEV_N,?,0.233035651,0.244439147,0.27277056,0.277806226,0.28182216,0.28550151
Temoa,nz,NB,Capacity|transportation|T_HDV_BIC_GSL_EX,?,0.007028228,0.00369712,,,,
Temoa,nz,NB,Capacity|transportation|T_HDV_BIC_GSL_N,?,1.88661E-05,1.88661E-05,1.13197E-05,1.04043E-05,2.11534E-05,2.29724E-05
Temoa,nz,NB,Capacity|transportation|T_HDV_BS_BEV_N,?,0.00019913,0.240785344,1.399799268,2.632870489,2.72096447,2.776310168
Temoa,nz,NB,Capacity|transportation|T_HDV_BS_CNG_EX,?,0.061426714,0.023893203,,,,
Temoa,nz,NB,Capacity|transportation|T_HDV_BS_CNG_N,?,1.31789E-05,1.31789E-05,,,,
Temoa,nz,NB,Capacity|transportation|T_HDV_BS_DSL_EX,?,0.852057145,0.329700793,,,,
Temoa,nz,NB,Capacity|transportation|T_HDV_BS_DSL_HEV_N,?,1.61707E-05,2.80253E-05,2.27416E-05,2.39108E-05,2.41492E-05,2.26296E-05
Temoa,nz,NB,Capacity|transportation|T_HDV_BS_DSL_PHEV_N,?,2.25049E-05,4.37114E-05,5.68155E-05,6.21089E-05,6.55376E-05,6.95644E-05
Temoa,nz,NB,Capacity|transportation|T_HDV_BS_FCEV_N,?,0.000160458,0.0001854,0.000161745,0.000100732,0.000103844,9.19328E-05
Temoa,nz,NB,Capacity|transportation|T_HDV_BS_FCHEV_N,?,1.950863383,2.019520062,1.28279169,0.087804507,0.030198839,0.002946583
Temoa,nz,NB,Capacity|transportation|T_HDV_BS_GSL_EX,?,0.084842361,0.040073556,,,,
Temoa,nz,NB,Capacity|transportation|T_HDV_BS_GSL_N,?,1.38183E-05,1.38183E-05,,1.18451E-05,2.23408E-05,2.12341E-05
Temoa,nz,NB,Capacity|transportation|T_HDV_BT_BEV_EX,?,0.1178198,0.051785482,,,,
Temoa,nz,NB,Capacity|transportation|T_HDV_BT_BEV_N,?,0.933571355,1.023764327,1.210731458,1.233643019,1.252019972,1.268956459
Temoa,nz,NB,Capacity|transportation|T_HDV_BT_CNG_EX,?,0.005575236,0.001801361,,,,
Temoa,nz,NB,Capacity|transportation|T_HDV_BT_DSL_EX,?,0.277644086,0.108118092,,,,
Temoa,nz,NB,Capacity|transportation|T_HDV_BT_DSL_PHEV_N,?,,,,1.04814E-05,2.10926E-05,2.09531E-05
Temoa,nz,NB,Capacity|transportation|T_HDV_BT_FCEV_N,?,,,,1.00574E-05,1.00574E-05,
Temoa,nz,NB,Capacity|transportation|T_HDV_BT_FCHEV_N,?,1.3536E-05,1.3536E-05,,1.43487E-05,1.43487E-05,
Temoa,nz,NB,Capacity|transportation|T_HDV_BT_GSL_EX,?,0.002929256,0.001757554,,,,
Temoa,nz,NB,Capacity|transportation|T_HDV_CHRG,?,3.874417881,4.749964321,6.42077462,8.545307378,8.2463052,7.97846144
Temoa,nz,NB,Capacity|transportation|T_HDV_RF_DSL_EX,?,56.53575702,56.53575702,42.61428291,31.96106145,14.09028582,
Temoa,nz,NB,Capacity|transportation|T_HDV_RF_DSL_N,?,2.53919E-05,3.94782E-05,5.39457E-05,7.16011E-05,7.16011E-05,7.16011E-05
Temoa,nz,NB,Capacity|transportation|T_HDV_RF_H2_N,?,,0.000181745,0.003952421,0.0040311,0.017561692,0.022852078
Temoa,nz,NB,Capacity|transportation|T_HDV_RF_LNG_N,?,74.33560969,74.37293808,74.39871011,74.42183304,74.42670835,74.43852911
Temoa,nz,NB,Capacity|transportation|T_HDV_RICP_DSL_EX,?,0.210701978,0.210701978,0.153153398,0.120012852,0.076717249,
Temoa,nz,NB,Capacity|transportation|T_HDV_RICP_DSL_N,?,0.052054623,0.052054623,0.052054623,0.052054623,0.052054623,0.052054623
Temoa,nz,NB,Capacity|transportation|T_HDV_RICP_H2_N,?,,0.0767186,0.134209887,0.208900393,0.257832836,0.263166747
Temoa,nz,NB,Capacity|transportation|T_HDV_T_BEV_N,?,8.766120667,12.39779749,18.91584433,26.71896265,26.91193816,28.51539985
Temoa,nz,NB,Capacity|transportation|T_HDV_T_DSL_EX,?,19.05166038,14.50033161,7.960634413,,,
Temoa,nz,NB,Capacity|transportation|T_HDV_T_FCHEV_N,?,8.14527E-05,0.000121582,0.000239166,0.000338205,0.00033678,0.000360626
Temoa,nz,NB,Capacity|transportation|T_HDV_WTF_HFO_EX,?,61.71193775,61.71193775,58.53018101,45.61400731,12.18224757,
Temoa,nz,NB,Capacity|transportation|T_HDV_WTF_HFO_N,?,1.39742E-05,3.12932E-05,5.52182E-05,7.39125E-05,7.39125E-05,7.39125E-05
Temoa,nz,NB,Capacity|transportation|T_HDV_WTF_LNG_N,?,43.35273143,43.35290803,104.4451889,104.53352,104.5335855,104.5336487
Temoa,nz,NB,Capacity|transportation|T_HDV_WTF_MDO_EX,?,11.37084442,11.37084442,8.829197934,6.173768559,1.880918949,
Temoa,nz,NB,Capacity|transportation|T_HDV_WTF_MDO_N,?,,1.09764E-05,2.30388E-05,2.30388E-05,2.30388E-05,2.30388E-05
Temoa,nz,NB,Capacity|transportation|T_I_H2_ELC_ALK,?,0.000143906,0.00185595,0.002024133,0.002192456,0.002317093,0.002048457
Temoa,nz,NB,Capacity|transportation|T_I_H2_ELC_PEM,?,6.89399E-05,0.000402615,0.000551317,0.000720064,0.000946648,0.010880095
Temoa,nz,NB,Capacity|transportation|T_I_H2_SMR_CCS,?,0.007776688,0.007776688,0.007776688,0.007776688,0.007776688,
Temoa,nz,NB,Capacity|transportation|T_LDV_BEV_CHRG,?,0.07631292,0.265351726,2.509559716,7.078520815,9.181181848,10.4101534
Temoa,nz,NB,Capacity|transportation|T_LDV_C_BEV150_EX,?,0.178856481,0.13270296,,,,
Temoa,nz,NB,Capacity|transportation|T_LDV_C_BEV150_N,?,0.000112336,0.491211685,2.439445276,3.601900944,4.437783857,5.206818827
Temoa,nz,NB,Capacity|transportation|T_LDV_C_BEV200_N,?,0.000224675,0.982423371,4.878890548,7.203801875,8.875567696,10.41363764
Temoa,nz,NB,Capacity|transportation|T_LDV_C_BEV300_N,?,0.000336992,1.473635031,7.318335803,10.80570281,13.31335154,15.62045646
Temoa,nz,NB,Capacity|transportation|T_LDV_C_BEV400_N,?,0.000449314,1.964846697,9.757781061,14.40760374,17.75113539,20.82727528
Temoa,nz,NB,Capacity|transportation|T_LDV_C_CNG_N,?,0.000106768,0.000167532,0.000199455,0.000163367,0.000166791,0.000176556
Temoa,nz,NB,Capacity|transportation|T_LDV_C_DSL_EX,?,0.160308019,0.013615682,,,,
Temoa,nz,NB,Capacity|transportation|T_LDV_C_DSL_N,?,6.90204E-05,0.000115165,0.000143818,0.000127979,0.000128569,0.000133175
Temoa,nz,NB,Capacity|transportation|T_LDV_C_FCEV400_N,?,8.22238E-05,0.000263109,0.000458264,0.000550877,0.000574366,0.000575683
Temoa,nz,NB,Capacity|transportation|T_LDV_C_GSL_EX,?,12.24169787,5.918337328,,,,
Temoa,nz,NB,Capacity|transportation|T_LDV_C_GSL_HEV_EX,?,0.321645248,0.169909838,,,,
Temoa,nz,NB,Capacity|transportation|T_LDV_C_GSL_HEV_N,?,0.000211345,0.000334125,0.000388119,0.000317463,0.000313567,0.000326157
Temoa,nz,NB,Capacity|transportation|T_LDV_C_GSL_N,?,5.16106E-05,9.99246E-05,0.000129985,0.000131245,0.000135025,0.000145085
Temoa,nz,NB,Capacity|transportation|T_LDV_C_GSL_PHEV35_EX,?,0.111029471,0.081170171,,,,
Temoa,nz,NB,Capacity|transportation|T_LDV_C_GSL_PHEV35_N,?,1.543168125,1.576434551,1.295075557,0.055077852,0.023571199,0.001684516
Temoa,nz,NB,Capacity|transportation|T_LDV_C_GSL_PHEV50_N,?,0.000962042,0.001454835,0.001437876,0.000744153,0.000576908,0.000685598
Temoa,nz,NB,Capacity|transportation|T_LDV_LTF_BEV150_N,?,4.10091E-05,0.000154038,0.001256403,6.530417315,8.73353903,11.33683336
Temoa,nz,NB,Capacity|transportation|T_LDV_LTF_BEV200_N,?,8.20084E-05,0.000308057,0.002512785,13.06085102,17.46707805,22.67366671
Temoa,nz,NB,Capacity|transportation|T_LDV_LTF_BEV300_N,?,0.000123,0.00046207,0.003769158,19.59127652,26.20061707,34.01050007
Temoa,nz,NB,Capacity|transportation|T_LDV_LTF_BEV400_N,?,0.000164015,0.000616105,0.005025554,26.12170202,34.93415609,45.34733343
Temoa,nz,NB,Capacity|transportation|T_LDV_LTF_CNG_N,?,8.1828E-05,0.000142731,0.000215726,0.00021576,0.000215433,0.00020609
Temoa,nz,NB,Capacity|transportation|T_LDV_LTF_DSL_EX,?,6.456564437,4.825218645,0.892102688,,,
Temoa,nz,NB,Capacity|transportation|T_LDV_LTF_DSL_N,?,3.50057E-05,7.2172E-05,0.000107002,0.000103692,0.000100891,9.93743E-05
Temoa,nz,NB,Capacity|transportation|T_LDV_LTF_FCEV400_N,?,5.17735E-05,0.000159807,0.000342389,0.000470015,0.000508517,0.000472797
Temoa,nz,NB,Capacity|transportation|T_LDV_LTF_GSL_EX,?,76.74467774,51.1203051,9.147715784,,,
Temoa,nz,NB,Capacity|transportation|T_LDV_LTF_GSL_HEV_EX,?,0.005806516,0.001161303,,,,
Temoa,nz,NB,Capacity|transportation|T_LDV_LTF_GSL_HEV_N,?,9.32933E-05,0.00017467,0.000273216,0.000292738,0.000305381,0.000298995
Temoa,nz,NB,Capacity|transportation|T_LDV_LTF_GSL_N,?,3.62692E-05,7.04168E-05,0.00011152,0.000113973,0.00012198,0.000121456
Temoa,nz,NB,Capacity|transportation|T_LDV_LTF_GSL_PHEV35_EX,?,0.087037973,0.087037973,0.017407595,,,
Temoa,nz,NB,Capacity|transportation|T_LDV_LTF_GSL_PHEV35_N,?,70.48229652,73.15047656,75.92030776,20.27381663,4.196630027,1.502879834
Temoa,nz,NB,Capacity|transportation|T_LDV_LTF_GSL_PHEV50_N,?,0.001339461,13.44192909,57.20269871,59.36620209,55.21943489,33.54461047
Temoa,nz,NB,Capacity|transportation|T_LDV_LTP_BEV150_N,?,3.92635E-05,0.000198737,5.39057849,11.61578006,16.19240387,17.65920533
Temoa,nz,NB,Capacity|transportation|T_LDV_LTP_BEV200_N,?,7.85228E-05,0.000397465,10.78115697,23.23157582,32.38480773,35.31841066
Temoa,nz,NB,Capacity|transportation|T_LDV_LTP_BEV300_EX,?,0.431638251,0.42606035,0.084933175,,,
Temoa,nz,NB,Capacity|transportation|T_LDV_LTP_BEV300_N,?,0.000117786,0.000596198,16.17173545,34.84736373,48.5772116,52.977616
Temoa,nz,NB,Capacity|transportation|T_LDV_LTP_BEV400_N,?,0.000157042,0.000794924,21.56231392,46.46315164,64.76961547,70.63682133
Temoa,nz,NB,Capacity|transportation|T_LDV_LTP_CNG_N,?,0.000100796,0.000175598,0.00025787,0.000248555,0.000239798,0.000226815
Temoa,nz,NB,Capacity|transportation|T_LDV_LTP_DSL_EX,?,3.501327868,2.033115393,0.340527584,,,
Temoa,nz,NB,Capacity|transportation|T_LDV_LTP_DSL_N,?,3.90374E-05,7.75419E-05,0.000119226,0.000117246,0.00011817,0.000115343
Temoa,nz,NB,Capacity|transportation|T_LDV_LTP_FCEV400_N,?,4.53264E-05,0.000150789,0.000326295,0.000451714,0.000497736,0.000489785
Temoa,nz,NB,Capacity|transportation|T_LDV_LTP_GSL_EX,?,88.19975327,53.52399332,9.202656431,,,
Temoa,nz,NB,Capacity|transportation|T_LDV_LTP_GSL_HEV_EX,?,0.620127499,0.542908994,0.104720874,,,
Temoa,nz,NB,Capacity|transportation|T_LDV_LTP_GSL_HEV_N,?,9.66604E-05,0.000194882,0.000319885,0.000350039,0.000360695,0.000340854
Temoa,nz,NB,Capacity|transportation|T_LDV_LTP_GSL_N,?,3.95252E-05,8.02577E-05,0.000136051,0.000138754,0.000143006,0.000147978
Temoa,nz,NB,Capacity|transportation|T_LDV_LTP_GSL_PHEV35_EX,?,0.13214756,0.130228235,0.025949681,,,
Temoa,nz,NB,Capacity|transportation|T_LDV_LTP_GSL_PHEV35_N,?,56.57764169,91.21790916,92.9622173,48.61204553,9.767744417,1.472226132
Temoa,nz,NB,Capacity|transportation|T_LDV_LTP_GSL_PHEV50_N,?,0.000770993,0.007875582,0.010404796,0.010247146,0.005209546,0.002592097
Temoa,nz,NB,Capacity|transportation|T_LDV_M_BEV_N,?,8.411231085,17.84121898,24.54925118,27.52922172,27.95000344,28.33749826
Temoa,nz,NB,Capacity|transportation|T_LDV_M_GSL_EX,?,15.217769,8.497374719,2.455411014,,,
Temoa,nz,NB,Capacity|transportation|T_LDV_M_GSL_N,?,0.000131714,0.000258671,0.000427624,0.000548476,0.000622528,0.000700278
Temoa,nz,NB,Capacity|transportation|T_LDV_PHEV_CHRG,?,1.055478675,1.476296685,1.739147689,0.983741265,0.562923256,0.296933038
Temoa,nz,NB,Capacity|transportation|T_MDV_CHRG,?,4.345631746,4.767350845,6.234176113,7.485307251,7.249179607,7.027194182
Temoa,nz,NB,Capacity|transportation|T_MDV_T_BEV_N,?,98.87459973,122.0850116,174.9815819,217.6874619,218.1699856,218.6136181
Temoa,nz,NB,Capacity|transportation|T_MDV_T_DSL_EX,?,82.5327256,60.99574715,27.47843731,,,
Temoa,nz,NB,Capacity|transportation|T_MDV_T_DSL_HEV_N,?,2.08198E-05,3.53413E-05,4.95993E-05,5.4731E-05,4.16649E-05,4.04555E-05
Temoa,nz,NB,Capacity|transportation|T_MDV_T_DSL_N,?,1.84739E-05,3.00509E-05,4.17825E-05,4.55354E-05,3.46413E-05,3.39298E-05
Temoa,nz,NB,Capacity|transportation|T_MDV_T_DSL_PHEV_N,?,2.27047E-05,4.36399E-05,6.74029E-05,8.13136E-05,8.45946E-05,8.74243E-05
Temoa,nz,NB,Capacity|transportation|T_MDV_T_FCEV_N,?,0.000162067,0.000198481,0.000234197,0.000219452,0.000140039,0.000148929
Temoa,nz,NB,Capacity|transportation|T_MDV_T_FCHEV_N,?,0.001698059,0.001790948,0.001863682,0.001842894,0.001135461,0.001119194
Temoa,nz,NB,Capacity|transportation|T_MDV_T_GSL_EX,?,52.56154565,38.20356002,16.84279536,,,
Temoa,nz,NB,Capacity|transportation|T_MDV_T_GSL_N,?,2.44897E-05,4.45754E-05,6.02676E-05,6.53817E-05,5.95312E-05,4.78814E-05
Temoa,nz,NB,Emissions|ch4,?,1987.858365,1475.101778,692.7565587,235.3866372,184.4599515,144.159078
Temoa,nz,NB,Emissions|ch4|F_A_DSL,?,3.485429094,3.851220117,3.733284757,3.621815527,3.633414324,3.698601768
Temoa,nz,NB,Emissions|ch4|F_C_NG,?,1.339865456,1.30490872,1.209645582,1.061562538,0.902919554,0.741969341
Temoa,nz,NB,Emissions|ch4|F_E_BIO_M,?,0.091897864,0.119631014,0.145341754,0.179042637,0.217367824,0.253294588
Temoa,nz,NB,Emissions|ch4|F_E_COAL,?,0.001443792,0.002481785,0.003630461,,,
Temoa,nz,NB,Emissions|ch4|F_E_DSL,?,0.000471745,0.000547718,,,,
Temoa,nz,NB,Emissions|ch4|F_E_NG,?,16.28326571,16.32062837,16.31799756,16.32764289,16.32616081,0.172253157
Temoa,nz,NB,Emissions|ch4|F_I_HFO,?,28.4884,26.3323012,24.42950353,22.59691918,21.25910001,19.85880001
Temoa,nz,NB,Emissions|ch4|F_I_NG,?,27.95335122,24.89218138,21.57150319,18.69511838,16.74423594,14.6313673
Temoa,nz,NB,Emissions|ch4|F_R_NG,?,0.359544445,0.236501585,0.112871326,0.018903621,0.006597603,0.006437997
Temoa,nz,NB,Emissions|ch4|F_R_OIL,?,11.6674882,8.597096356,5.526708176,2.210702064,,
Temoa,nz,NB,Emissions|ch4|F_R_WOOD,?,173.7663224,115.8869188,58.01303116,0.124510706,0.137022179,0.135100046
Temoa,nz,NB,Emissions|ch4|F_T_CNG,?,0.022336944,0.009278493,4.94143E-05,4.61174E-05,4.41336E-05,4.20376E-05
Temoa,nz,NB,Emissions|ch4|F_T_DSL,?,113.8612462,90.33861706,51.14675672,11.09632313,11.13864245,11.36827612
Temoa,nz,NB,Emissions|ch4|F_T_GSL,?,1533.742811,1112.72225,435.8463321,86.15430771,41.31356631,20.49900183
Temoa,nz,NB,Emissions|ch4|F_T_HFO,?,6.527850389,6.509176748,0.031362782,0.009802514,,
Temoa,nz,NB,Emissions|ch4|F_T_JTF,?,47.12228017,44.82559567,43.30118651,41.92236898,41.39930715,41.7351738
Temoa,nz,NB,Emissions|ch4|F_T_LNG,?,22.82937194,22.8373232,31.05232356,31.06813583,31.06909059,31.05856123
Temoa,nz,NB,Emissions|ch4|F_T_NG,?,0.314988536,0.315120229,0.315030111,0.299435375,0.312482624,0.000198745
Temoa,nz,NB,Emissions|co2,?,15848.78475,13988.90154,11087.04246,8985.279366,8477.690129,8034.512774
Temoa,nz,NB,Emissions|co2e,?,14026.39674,12407.7854,9971.459793,8164.112769,7705.867385,7299.921462
Temoa,nz,NB,Emissions|co2e|E_COAL_CCS_RFIT_90,?,-0.042167533,-0.080011934,-0.121248641,,,
Temoa,nz,NB,Emissions|co2e|E_COAL_CCS_RFIT_95,?,-0.048273002,-0.090917681,-0.1371302,,,
Temoa,nz,NB,Emissions|co2e|E_NG_CCS-NEW,?,-0.097844947,-0.148072492,-0.139038293,-0.146475495,-0.151195678,-0.196353318
Temoa,nz,NB,Emissions|co2e|E_NG_CCS_RFIT_90,?,-0.084051477,-0.119573946,-0.125809771,-0.138429815,-0.134953411,-0.166922965
Temoa,nz,NB,Emissions|co2e|E_NG_CCS_RFIT_95,?,-0.110325575,-0.159395298,-0.174532362,-0.18237734,-0.170893597,-0.214042651
Temoa,nz,NB,Emissions|co2e|F_A_DSL,?,72.61550599,80.23640418,77.7793363,75.45698393,75.69863352,77.05675014
Temoa,nz,NB,Emissions|co2e|F_C_NG,?,70.45486948,68.61672054,63.60744747,55.82071672,47.47870695,39.01537493
Temoa,nz,NB,Emissions|co2e|F_E_BIO_M,?,0.034577941,0.045012951,0.054687,0.06736746,0.081787883,0.095305863
Temoa,nz,NB,Emissions|co2e|F_E_COAL,?,0.119606707,0.205596225,0.300754991,,,
Temoa,nz,NB,Emissions|co2e|F_E_DSL,?,0.009828352,0.011411167,,,,
Temoa,nz,NB,Emissions|co2e|F_E_NG,?,65.2027486,65.3523591,65.34182464,65.38044723,65.37451255,0.689749802
Temoa,nz,NB,Emissions|co2e|F_I_BIO,?,1454.336,1272.2663,1197.00393,1122.960251,1032.46,972.1920003
Temoa,nz,NB,Emissions|co2e|F_I_HFO,?,3135.717635,2898.395882,2688.954979,2487.242456,2339.988725,2185.857731
Temoa,nz,NB,Emissions|co2e|F_I_NG,?,1469.473676,1308.5517,1133.987686,982.7796355,880.2241181,769.1531837
Temoa,nz,NB,Emissions|co2e|F_R_NG,?,18.90611987,12.43609067,5.935173953,0.994019307,0.346925329,0.33853265
Temoa,nz,NB,Emissions|co2e|F_R_OIL,?,243.0807045,179.1120936,115.143559,46.05781516,,
Temoa,nz,NB,Emissions|co2e|F_R_WOOD,?,65.38216802,43.60418,21.82826741,0.046849008,0.051556636,0.050833406
Temoa,nz,NB,Emissions|co2e|F_T_CNG,?,1.174225969,0.487759115,0.00259765,0.002424338,0.00232005,0.002209868
Temoa,nz,NB,Emissions|co2e|F_T_DSL,?,2372.187693,1882.116724,1065.592648,231.1810388,232.0627205,236.8469134
Temoa,nz,NB,Emissions|co2e|F_T_ETH,?,159.4851609,165.205373,64.70990931,12.7912914,6.133806647,3.043477601
Temoa,nz,NB,Emissions|co2e|F_T_GSL,?,1351.022566,980.1596841,383.9224059,75.89043812,36.39173398,18.05688272
Temoa,nz,NB,Emissions|co2e|F_T_HFO,?,718.5203656,716.4649584,3.452100753,1.078962502,0.000350812,0.000108068
Temoa,nz,NB,Emissions|co2e|F_T_JTF,?,1530.842768,1456.231293,1406.708419,1361.915322,1344.922821,1355.833987
Temoa,nz,NB,Emissions|co2e|F_T_LNG,?,1200.112317,1200.530305,1632.382883,1633.214114,1633.264305,1632.710789
Temoa,nz,NB,Emissions|co2e|F_T_MDO,?,0.00025291,0.000179324,0.000276469,0.000134809,9.85383E-05,3.87614E-05
Temoa,nz,NB,Emissions|co2e|F_T_NG,?,16.55856421,16.5654872,16.5607498,15.74095349,16.42683147,0.010447792
Temoa,nz,NB,Emissions|co2e|F_T_RDSL,?,95.59450238,75.84560538,42.9412897,9.316141562,9.351671602,9.544465176
Temoa,nz,NB,Emissions|co2e|T_I_H2_SMR_CCS,?,-14.05245507,-14.05774987,-14.05337391,-13.35731169,-13.93719694,
Temoa,nz,NB,Emissions|co2|E_COAL_CCS_RFIT_90,?,-0.042167533,-0.080011934,-0.121248641,,,
Temoa,nz,NB,Emissions|co2|E_COAL_CCS_RFIT_95,?,-0.048273002,-0.090917681,-0.1371302,,,
Temoa,nz,NB,Emissions|co2|E_NG_CCS-NEW,?,-0.097844947,-0.148072492,-0.139038293,-0.146475495,-0.151195678,-0.196353318
Temoa,nz,NB,Emissions|co2|E_NG_CCS_RFIT_90,?,-0.084051477,-0.119573946,-0.125809771,-0.138429815,-0.134953411,-0.166922965
Temoa,nz,NB,Emissions|co2|E_NG_CCS_RFIT_95,?,-0.110325575,-0.159395298,-0.174532362,-0.18237734,-0.170893597,-0.214042651
Temoa,nz,NB,Emissions|co2|F_A_DSL,?,69.65841739,76.96897316,74.61196335,72.38418309,72.6159921,73.91880275
Temoa,nz,NB,Emissions|co2|F_C_NG,?,70.07134204,68.24319923,63.2611946,55.51685162,47.22025233,38.80299122
Temoa,nz,NB,Emissions|co2|F_E_BIO_M,?,0.028515725,0.037121266,0.045099257,0.055556575,0.067448804,0.078596807
Temoa,nz,NB,Emissions|co2|F_E_COAL,?,0.119303511,0.205075051,0.299992595,,,
Temoa,nz,NB,Emissions|co2|F_E_DSL,?,0.009428117,0.010946476,,,,
Temoa,nz,NB,Emissions|co2|F_E_NG,?,64.302284,64.44982835,64.43943937,64.47752857,64.47167585,0.680224203
Temoa,nz,NB,Emissions|co2|F_IMP_CNG,?,0.079939092,0.033205722,0.000176843,0.000165044,0.000157945,0.000150444
Temoa,nz,NB,Emissions|co2|F_IMP_COAL,?,0.020803914,0.035760588,0.052312124,,,
Temoa,nz,NB,Emissions|co2|F_IMP_DSL,?,618.4344583,496.3953633,289.2248307,77.56647128,77.85062666,79.4043716
Temoa,nz,NB,Emissions|co2|F_IMP_GSL,?,301.0294753,219.4543258,87.74055287,19.6538133,10.94751735,6.952145123
Temoa,nz,NB,Emissions|co2|F_IMP_HFO,?,648.0619475,607.8124277,452.7085705,418.3930582,393.4520591,367.5360183
Temoa,nz,NB,Emissions|co2|F_IMP_JTF,?,330.4507726,314.3449907,303.6548844,293.9857573,290.3177219,292.673028
Temoa,nz,NB,Emissions|co2|F_IMP_MDO,?,4.28529E-05,3.03846E-05,4.68448E-05,2.2842E-05,1.66963E-05,
Temoa,nz,NB,Emissions|co2|F_IMP_NG,?,111.6483998,100.1382564,87.46986156,76.25645128,68.70916808,55.0881481
Temoa,nz,NB,Emissions|co2|F_IMP_OIL,?,50.37775563,37.12045059,23.86316138,9.545345699,,
Temoa,nz,NB,Emissions|co2|F_IMP_SPK,?,4.96107E-05,0.000127002,0.000226576,0.000362402,0.00054882,0.000493628
Temoa,nz,NB,Emissions|co2|F_I_BIO,?,1454.336,1272.2663,1197.00393,1122.960251,1032.46,972.1920003
Temoa,nz,NB,Emissions|co2|F_I_HFO,?,3125.6452,2889.085763,2680.317618,2479.253028,2332.472301,2178.836401
Temoa,nz,NB,Emissions|co2|F_I_NG,?,1461.884718,1301.793809,1128.131315,977.7041635,875.6782843,765.1809652
Temoa,nz,NB,Emissions|co2|F_R_NG,?,18.80320271,12.36839369,5.902865299,0.988608273,0.34503681,0.336689817
Temoa,nz,NB,Emissions|co2|F_R_OIL,?,233.1818382,171.8181923,110.4546196,44.18222346,,
Temoa,nz,NB,Emissions|co2|F_R_WOOD,?,53.9193446,35.95948067,18.00132831,0.038635425,0.04251771,0.041921276
Temoa,nz,NB,Emissions|co2|F_T_CNG,?,1.16816179,0.48524013,0.002584234,0.002411818,0.002308068,0.002198455
Temoa,nz,NB,Emissions|co2|F_T_DSL,?,2275.58616,1805.472131,1022.198998,221.7667573,222.6125346,227.201903
Temoa,nz,NB,Emissions|co2|F_T_ETH,?,159.4851609,165.205373,64.70990931,12.7912914,6.133806647,3.043477601
Temoa,nz,NB,Emissions|co2|F_T_GSL,?,1300.321232,943.3761359,369.5145206,73.04241281,35.0260207,17.3792419
Temoa,nz,NB,Emissions|co2|F_T_HFO,?,716.2123613,714.1635564,3.441012044,1.075496699,0.000349686,0.000107721
Temoa,nz,NB,Emissions|co2|F_T_JTF,?,1492.535989,1419.791541,1371.507894,1327.83567,1311.268377,1321.90651
Temoa,nz,NB,Emissions|co2|F_T_LNG,?,1193.914451,1194.33028,1623.952596,1624.779535,1624.829466,1624.278809
Temoa,nz,NB,Emissions|co2|F_T_MDO,?,0.000249226,0.000176712,0.000272442,0.000132846,9.7103E-05,3.81967E-05
Temoa,nz,NB,Emissions|co2|F_T_NG,?,16.47304908,16.47993631,16.47522338,15.65966084,16.34199666,0.010393836
Temoa,nz,NB,Emissions|co2|F_T_RDSL,?,95.59450238,75.84560538,42.9412897,9.316141562,9.351671602,9.544465176
Temoa,nz,NB,Emissions|co2|T_I_H2_SMR_CCS,?,-14.18714519,-14.19249074,-14.18807283,-13.48533899,-14.07078233,
Temoa,nz,NB,Emissions|n2o,?,666.3769616,559.6381244,401.4654801,247.3113348,235.0058839,230.8666259
Temoa,nz,NB,Emissions|n2o|F_A_DSL,?,10.4743465,11.57361486,11.21919772,10.88421247,10.91906895,11.11496904
Temoa,nz,NB,Emissions|n2o|F_C_NG,?,1.267440296,1.234373113,1.144259334,1.004180779,0.854113092,0.701862891
Temoa,nz,NB,Emissions|n2o|F_E_BIO_M,?,0.012780498,0.016637426,0.020213092,0.024899969,0.030229962,0.0352264
Temoa,nz,NB,Emissions|n2o|F_E_COAL,?,0.000962528,0.001654523,0.002420308,,,
Temoa,nz,NB,Emissions|n2o|F_E_DSL,?,0.00141768,0.001645992,,,,
Temoa,nz,NB,Emissions|n2o|F_E_NG,?,1.628326571,1.632062837,1.631799756,1.632764289,1.632616081,0.017225316
Temoa,nz,NB,Emissions|n2o|F_I_HFO,?,33.97348,31.40225173,29.13309451,26.94766929,25.35227001,23.68236001
Temoa,nz,NB,Emissions|n2o|F_I_NG,?,24.9313673,22.20113474,19.23944879,16.6740245,14.93404827,13.04959786
Temoa,nz,NB,Emissions|n2o|F_R_NG,?,0.34010961,0.223717715,0.106770173,0.017881803,0.006240976,0.006089997
Temoa,nz,NB,Emissions|n2o|F_R_OIL,?,35.06291792,25.83583361,16.60876032,6.643560607,,
Temoa,nz,NB,Emissions|n2o|F_R_WOOD,?,24.16617728,16.11672381,8.068037446,0.017316058,0.019056065,0.018788748
Temoa,nz,NB,Emissions|n2o|F_T_CNG,?,0.019922139,0.008275413,4.40722E-05,4.11318E-05,3.93624E-05,3.7493E-05
Temoa,nz,NB,Emissions|n2o|F_T_DSL,?,342.1736931,271.4839269,153.7052793,33.34646328,33.47364052,34.16373135
Temoa,nz,NB,Emissions|n2o|F_T_GSL,?,28.41221774,20.61291282,8.073948776,1.595987888,0.765323908,0.379739093
Temoa,nz,NB,Emissions|n2o|F_T_HFO,?,7.784705165,7.762436152,0.037401287,0.011689863,,
Temoa,nz,NB,Emissions|n2o|F_T_JTF,?,135.4848168,128.8814462,124.4985026,120.5341605,119.030266,119.9959415
Temoa,nz,NB,Emissions|n2o|F_T_LNG,?,20.36133173,20.36842339,27.69531561,27.70941844,27.71026998,27.70087893
Temoa,nz,NB,Emissions|n2o|F_T_MDO,?,1.30746E-05,,1.42926E-05,,,
Temoa,nz,NB,Emissions|n2o|F_T_NG,?,0.280935721,0.281053178,0.280972802,0.267063983,0.278700718,0.000177259
Temoa,nz,NB-NS,Activity|electricity,?,1.132909088,0.729181484,0.958284909,0.963546643,0.912469722,0.828206364
Temoa,nz,NB-NS,Activity|electricity|E_INT,?,1.132909088,0.729181484,0.958284909,0.963546643,0.912469722,0.828206364
Temoa,nz,NB-NS,Capacity|electricity,?,0.35,0.35,0.35,0.35,0.35,0.35
Temoa,nz,NB-NS,Capacity|electricity|E_INT,?,0.35,0.35,0.35,0.35,0.35,0.35
Temoa,nz,NB-PEI,Activity|electricity,?,2.2087132,1.924102973,1.484125862,1.569854204,1.457815664,1.672005887
Temoa,nz,NB-PEI,Activity|electricity|E_INT,?,2.2087132,1.924102973,1.484125862,1.569854204,1.457815664,1.672005887
Temoa,nz,NB-PEI,Capacity|electricity,?,0.3,0.3,0.3,0.3,0.3,0.3
Temoa,nz,NB-PEI,Capacity|electricity|E_INT,?,0.3,0.3,0.3,0.3,0.3,0.3
Temoa,nz,NB-QC,Activity|electricity,?,0.194932018,,,0.020440988,0.038164762,0.066330421
Temoa,nz,NB-QC,Activity|electricity|E_INT,?,0.194932018,,,0.020440988,0.038164762,0.066330421
Temoa,nz,NB-QC,Capacity|electricity,?,1.2,1.2,1.2,1.2,1.2,1.2
Temoa,nz,NB-QC,Capacity|electricity|E_INT,?,1.2,1.2,1.2,1.2,1.2,1.2
Temoa,nz,NLLAB,Activity|agriculture|A_AGRI,?,0.868608534,0.95976706,0.930376979,0.902597596,0.905488163,0.921733629
Temoa,nz,NLLAB,Activity|agriculture|E_A_ELC,?,0.246683666,0.272570576,0.264221308,0.256328103,0.257141701,0.261748558
Temoa,nz,NLLAB,Activity|agriculture|F_A_DSL,?,0.524639505,0.579699282,0.561947695,0.545168948,0.546914851,0.556727112
Temoa,nz,NLLAB,Activity|agriculture|F_A_GSL,?,0.097285363,0.107497202,0.104207975,0.101100545,0.101431612,0.103257959
Temoa,nz,NLLAB,Activity|commercial,?,28.45046741,31.43590265,33.61708811,34.8877524,36.36885333,38.59262979
Temoa,nz,NLLAB,Activity|commercial|C_OTHER,?,5.913111546,6.533679393,6.998301374,7.272147228,7.58090885,8.044564331
Temoa,nz,NLLAB,Activity|commercial|C_SPC_ELC-EXS,?,2.632408359,2.908559848,1.377952401,,,
Temoa,nz,NLLAB,Activity|commercial|C_SPHC_HP_AIR-NEW,?,10.3740112,11.46247856,14.01479931,15.99482207,16.67376482,17.69297006
Temoa,nz,NLLAB,Activity|commercial|E_C_ELC,?,9.530936307,10.53118485,11.22603502,11.6207831,12.11417966,12.8550954
Temoa,nz,NLLAB,Activity|electricity,?,336.6348715,359.561413,312.8349419,339.4370992,336.8752745,334.9384936
Temoa,nz,NLLAB,Activity|electricity|E_BAT_2H-NEW,?,2.53981E-05,,,,3.05232E-05,0.000413127
Temoa,nz,NLLAB,Activity|electricity|E_ELC_DX_to_DEM,?,57.8125536,63.7470981,71.01356215,77.26906068,76.63764376,76.10214432
Temoa,nz,NLLAB,Activity|electricity|E_ELC_TX_to_DX,?,57.76179291,63.69617378,70.96288427,77.2185304,76.58730174,76.05200626
Temoa,nz,NLLAB,Activity|electricity|E_HYD_DLY-EXS,?,0.024889415,10.98750013,0.011553226,0.013375139,0.015484833,0.017876503
Temoa,nz,NLLAB,Activity|electricity|E_HYD_MLY-EXS,?,110.1587731,110.2000905,85.06336554,92.43000052,91.77202269,91.32726064
Temoa,nz,NLLAB,Activity|electricity|E_HYD_MLY-EXS-IN,?,110.1587728,110.2000907,85.06336573,92.43000071,91.77202289,91.32726083
Temoa,nz,NLLAB,Activity|electricity|E_HYD_ROR-EXS,?,0.050760692,0.050924321,0.050677878,0.05053028,0.050342016,0.050138058
Temoa,nz,NLLAB,Activity|electricity|E_SOL_PV-NEW-1,?,,,,,3.07646E-05,0.000208094
Temoa,nz,NLLAB,Activity|electricity|E_SOL_PV-NEW-2,?,,,,,6.60706E-05,0.000304647
Temoa,nz,NLLAB,Activity|electricity|E_SOL_PV-NEW-3,?,,,,9.25547E-05,0.000249277,0.000587056
Temoa,nz,NLLAB,Activity|electricity|E_SOL_PV-NEW-4,?,,,,,,0.000132239
Temoa,nz,NLLAB,Activity|electricity|E_SOL_PV-NEW-5,?,,,,6.84699E-05,0.00020463,0.000532566
Temoa,nz,NLLAB,Activity|electricity|E_WND_ON-EXS,?,0.662957649,0.668018495,0.656888575,,,
Temoa,nz,NLLAB,Activity|electricity|E_WND_ON-NEW-1,?,0.00046928,0.001277792,0.001491511,0.002161056,0.003339246,0.004896164
Temoa,nz,NLLAB,Activity|electricity|E_WND_ON-NEW-10,?,0.00019293,0.000590424,0.000400782,0.001134924,0.001776908,0.003049897
Temoa,nz,NLLAB,Activity|electricity|E_WND_ON-NEW-11,?,0.000292937,0.000745002,0.000691936,0.001479914,0.002464344,0.003818678
Temoa,nz,NLLAB,Activity|electricity|E_WND_ON-NEW-12,?,0.000107984,0.000379051,0.00028954,0.000977075,0.001814142,0.002948135
Temoa,nz,NLLAB,Activity|electricity|E_WND_ON-NEW-13,?,0.000179829,0.00051276,0.000359047,0.0010468,0.001902846,0.003094775
Temoa,nz,NLLAB,Activity|electricity|E_WND_ON-NEW-2,?,0.000410637,0.000977407,0.001106016,0.001975936,0.002999309,0.004424447
Temoa,nz,NLLAB,Activity|electricity|E_WND_ON-NEW-3,?,0.000444075,0.001008436,0.001136851,0.002005052,0.003009251,0.004302006
Temoa,nz,NLLAB,Activity|electricity|E_WND_ON-NEW-4,?,0.00035802,0.000790102,0.000878692,0.001636295,0.002528196,0.003698574
Temoa,nz,NLLAB,Activity|electricity|E_WND_ON-NEW-5,?,0.000461808,0.001129484,0.001125612,0.002132952,0.003469183,0.005169958
Temoa,nz,NLLAB,Activity|electricity|E_WND_ON-NEW-6,?,0.000451482,0.001027317,0.001022129,0.002048369,0.003157163,0.004823039
Temoa,nz,NLLAB,Activity|electricity|E_WND_ON-NEW-7,?,0.00027513,0.000750074,0.000594351,0.001346648,0.002385345,0.003852082
Temoa,nz,NLLAB,Activity|electricity|E_WND_ON-NEW-8,?,0.000252257,0.000731515,0.000592154,0.001331186,0.002263319,0.003453492
Temoa,nz,NLLAB,Activity|electricity|E_WND_ON-NEW-9,?,0.00044965,0.001095621,0.000941692,0.001998853,0.002949156,0.004209266
Temoa,nz,NLLAB,Activity|electricity|F_E_NG,?,,0.00050191,0.002014186,0.004165373,0.005816953,0.007888794
Temoa,nz,NLLAB,Activity|fuel|F_IMP_BIO,?,5.5,6.68,7.78,8.23,9.01,9.28
Temoa,nz,NLLAB,Activity|fuel|F_IMP_CNG,?,0.018856901,0.007278809,,,,
Temoa,nz,NLLAB,Activity|fuel|F_IMP_DSL,?,33.044907,23.74086183,13.26245383,2.594944764,2.647257249,2.703679685
Temoa,nz,NLLAB,Activity|fuel|F_IMP_ETH,?,3.045999736,3.143810754,1.255269006,0.097905047,0.043808001,0.023318469
Temoa,nz,NLLAB,Activity|fuel|F_IMP_GSL,?,24.74231803,17.92257415,7.217569031,0.656090506,0.349902894,0.235649046
Temoa,nz,NLLAB,Activity|fuel|F_IMP_HFO,?,34.85472589,30.57701383,17.17532337,14.9392965,14.41000619,12.97000159
Temoa,nz,NLLAB,Activity|fuel|F_IMP_JTF,?,19.6098494,18.58067289,17.88395071,17.26158029,17.00319589,17.10293014
Temoa,nz,NLLAB,Activity|fuel|F_IMP_LNG,?,19.90145794,19.9014944,28.29943346,28.31114947,28.31119295,28.30295788
Temoa,nz,NLLAB,Activity|fuel|F_IMP_NG,?,20.71231167,24.12463655,16.67652298,8.718580244,6.92006716,4.102408137
Temoa,nz,NLLAB,Activity|fuel|F_IMP_OIL,?,2.026322179,1.460305713,0.884964889,0.351623558,,
Temoa,nz,NLLAB,Activity|fuel|F_IMP_RDSL,?,1.355005519,0.965041748,0.529180506,0.085399309,0.087505452,0.089446692
Temoa,nz,NLLAB,Activity|industrial|E_I_ELC,?,18.43999502,18.81000006,18.45000006,17.74998499,17.52998759,17.23999672
Temoa,nz,NLLAB,Activity|industrial|F_I_BIO,?,5.5,6.68,7.78,8.23,9.01,9.28
Temoa,nz,NLLAB,Activity|industrial|F_I_HFO,?,25,20.74,17.14,14.93,14.41,12.97
Temoa,nz,NLLAB,Activity|industrial|F_I_NG,?,20.71,24.12,16.67,8.71,6.91,4.09
Temoa,nz,NLLAB,Activity|industrial|I_IND,?,69.65,70.35,60.04,49.62,47.86,43.58
Temoa,nz,NLLAB,Activity|residential,?,36.18991246,35.14239934,34.07156291,33.25135898,32.30658906,31.97494163
Temoa,nz,NLLAB,Activity|residential|E_R_ELC,?,16.66063667,16.4148276,16.18834543,16.24696592,16.01082934,15.83605716
Temoa,nz,NLLAB,Activity|residential|F_R_NG,?,,0.000244849,0.002011925,0.002234537,0.002314513,0.002349909
Temoa,nz,NLLAB,Activity|residential|F_R_OIL,?,2.026154566,1.460137878,0.884781663,0.351420179,,
Temoa,nz,NLLAB,Activity|residential|R_APP_CL_WASH-EXS,?,0.00764295,0.002304226,,,,
Temoa,nz,NLLAB,Activity|residential|R_APP_CL_WASH-TYP-NEW,?,0.001959387,0.007187598,0.00948502,0.008722632,0.008464015,0.008499459
Temoa,nz,NLLAB,Activity|residential|R_APP_COOK_ELEC-EXS,?,0.008059733,0.004561893,0.000289988,,,
Temoa,nz,NLLAB,Activity|residential|R_APP_COOK_ELEC-TYP-NEW,?,0.001821865,0.004045176,0.006724041,0.0080744,0.0079691,0.007904693
Temoa,nz,NLLAB,Activity|residential|R_APP_DRY_ELEC-EXS,?,0.005597647,0.002100017,,,,
Temoa,nz,NLLAB,Activity|residential|R_APP_DRY_ELEC-TYP-NEW,?,0.003941462,0.007163602,0.009644612,0.008403581,0.007796137,0.007953537
Temoa,nz,NLLAB,Activity|residential|R_APP_DS_WASH-EXS,?,0.003391144,0.001213354,,,,
Temoa,nz,NLLAB,Activity|residential|R_APP_DS_WASH-TYP-NEW,?,0.001121935,0.003046056,0.005335041,0.003943504,0.00312052,0.003701762
Temoa,nz,NLLAB,Activity|residential|R_APP_FREZ-EXS,?,0.007158337,0.004690007,0.00166738,,,
Temoa,nz,NLLAB,Activity|residential|R_APP_FREZ-TYP-NEW,?,0.000719521,0.001115842,0.001359142,0.002284914,0.002461048,0.002080181
Temoa,nz,NLLAB,Activity|residential|R_APP_OTH,?,0.23701654,0.233941201,0.230335422,0.225687009,0.220864822,0.218734806
Temoa,nz,NLLAB,Activity|residential|R_APP_REFR-EXS,?,0.007391505,,,,,
Temoa,nz,NLLAB,Activity|residential|R_APP_REFR-TYP-NEW,?,0.0053068,0.010532557,0.012324396,0.011965018,0.011720879,0.011576966
Temoa,nz,NLLAB,Activity|residential|R_LGT_CFL-EXS,?,0.347533707,0.223416036,0.084937235,,,
Temoa,nz,NLLAB,Activity|residential|R_LGT_LED-EXS,?,0.520990438,0.520995854,0.520964149,0.520966111,0.416770748,0.286536341
Temoa,nz,NLLAB,Activity|residential|R_LGT_LED-TYP-NEW,?,1.260206757,1.383619321,1.520841606,1.58749781,1.680067877,1.802925549
Temoa,nz,NLLAB,Activity|residential|R_LGT_T12-EXS,?,0.135441902,0.105999779,0.072826133,0.046706094,0.012661813,
Temoa,nz,NLLAB,Activity|residential|R_SPC_CENT_AC-EXS,?,0.145696092,0.102987431,0.05988822,0.006936373,,
Temoa,nz,NLLAB,Activity|residential|R_SPC_ROOM_AC-EXS,?,0.022488504,,,,,
Temoa,nz,NLLAB,Activity|residential|R_SPHC_AIR_HP-TYP-NEW,?,0.183403101,0.264086541,0.314782267,0.377370659,0.379219801,0.375347289
Temoa,nz,NLLAB,Activity|residential|R_SPHC_GEO_HP-TYP-NEW,?,,,,0.000540712,,
Temoa,nz,NLLAB,Activity|residential|R_SPH_ELEC-EXS,?,6.144829874,4.52776503,2.910699308,1.164272422,,
Temoa,nz,NLLAB,Activity|residential|R_SPH_ELEC_RAD-NEW,?,3.42498262,5.837632395,8.268172559,10.46267751,11.64340411,11.5308762
Temoa,nz,NLLAB,Activity|residential|R_SPH_HP-EXS,?,0.717279253,0.391242522,0.026082265,,,
Temoa,nz,NLLAB,Activity|residential|R_SPH_OIL-EXS,?,1.446650437,1.065952897,0.685265398,0.27410774,,
Temoa,nz,NLLAB,Activity|residential|R_SPH_WOOD-ELC-EXS,?,0.820292767,0.546857651,0.273424952,,,
Temoa,nz,NLLAB,Activity|residential|R_WAH_ELC-EXS,?,1.202864941,0.65608512,0.043728848,,,
Temoa,nz,NLLAB,Activity|residential|R_WAH_ELEC-TYP-NEW,?,0.019798572,0.577902252,1.347816953,1.937923422,1.895242738,1.876277346
Temoa,nz,NLLAB,Activity|residential|R_WAH_HP-TYP-NEW,?,0.732224606,0.733121646,0.58781472,0.002658421,0.003681594,0.004120435
Temoa,nz,NLLAB,Activity|residential|R_WAH_OIL-EXS,?,0.087308818,0.047623014,0.002014237,,,
Temoa,nz,NLLAB,Activity|transportation,?,465.5783808,451.9035924,418.0861255,385.1111605,382.4367704,380.9773873
Temoa,nz,NLLAB,Activity|transportation|E_T_ELC,?,12.93429692,17.71851501,24.88496033,31.39498349,30.725493,29.90924314
Temoa,nz,NLLAB,Activity|transportation|F_T_CNG,?,0.018856901,0.007278809,,,,
Temoa,nz,NLLAB,Activity|transportation|F_T_DSL,?,32.52013245,23.16100196,12.70033216,2.049583425,2.100130842,2.146720596
Temoa,nz,NLLAB,Activity|transportation|F_T_ETH,?,3.045999736,3.143810754,1.255269006,0.097905047,0.043808001,0.023318469
Temoa,nz,NLLAB,Activity|transportation|F_T_GSL,?,24.64490696,17.81492761,7.113191033,0.554795265,0.24824534,0.132137989
Temoa,nz,NLLAB,Activity|transportation|F_T_HFO,?,9.854725894,9.837013829,0.035323368,0.008886737,,
Temoa,nz,NLLAB,Activity|transportation|F_T_JTF,?,19.6098494,18.58067289,17.88395071,17.26158029,17.00319589,17.10293014
Temoa,nz,NLLAB,Activity|transportation|F_T_LNG,?,19.90145794,19.9014944,28.29943346,28.31114947,28.31119295,28.30295788
Temoa,nz,NLLAB,Activity|transportation|F_T_RDSL,?,1.355005519,0.965041748,0.529180506,0.085399309,0.087505452,0.089446692
Temoa,nz,NLLAB,Activity|transportation|T_BLND_ETH_GSL,?,27.69090669,20.95873836,8.368460039,0.652700312,0.292053342,0.155456458
Temoa,nz,NLLAB,Activity|transportation|T_BLND_GSL_ELC_PHEV35,?,9.603429666,9.528010147,7.331829431,0.654996033,0.171745597,0.031659859
Temoa,nz,NLLAB,Activity|transportation|T_BLND_GSL_ELC_PHEV50,?,,0.52275314,0.481210972,0.475216965,0.365299656,0.269319984
Temoa,nz,NLLAB,Activity|transportation|T_BLND_JTF,?,19.60984609,18.58066434,17.88393544,17.26155592,17.00315899,17.10289675
Temoa,nz,NLLAB,Activity|transportation|T_BLND_RDSL_DSL,?,33.87513797,24.12604371,13.22951266,2.134982734,2.187636294,2.236167288
Temoa,nz,NLLAB,Activity|transportation|T_ELC_AC_DC,?,0.263381112,2.800384082,2.803675914,2.741976962,2.725694888,2.657846542
Temoa,nz,NLLAB,Activity|transportation|T_H2_COMP_100_700,?,0.203059668,2.230773343,2.230747586,2.184101953,2.17857072,2.178149267
Temoa,nz,NLLAB,Activity|transportation|T_H2_COMP_10_100,?,0.203059668,2.230773277,2.230743663,2.184097343,2.178566062,2.178114079
Temoa,nz,NLLAB,Activity|transportation|T_H2_HDV_REFUEL,?,0.201739783,2.219327026,2.222463679,2.176128634,2.170756695,2.167906627
Temoa,nz,NLLAB,Activity|transportation|T_H2_distribution,?,0.203059668,2.230773277,2.233940857,2.187307174,2.181768526,2.178896035
Temoa,nz,NLLAB,Activity|transportation|T_HDV_AJF_JFL_EX,?,0.11476209,0.092849074,0.076987008,0.048183721,,
Temoa,nz,NLLAB,Activity|transportation|T_HDV_AJF_JFL_N,?,0.041015605,0.064909051,0.082836783,0.113084508,0.162423852,0.163495853
Temoa,nz,NLLAB,Activity|transportation|T_HDV_AJP_JFL_EX,?,9.266794502,7.724486745,6.055934981,3.263708744,,
Temoa,nz,NLLAB,Activity|transportation|T_HDV_AJP_JFL_N,?,3.571603491,5.275057728,7.077582491,9.975340669,13.32367559,13.40161936
Temoa,nz,NLLAB,Activity|transportation|T_HDV_BIC_DSL_EX,?,0.029370354,0.012150312,,,,
Temoa,nz,NLLAB,Activity|transportation|T_HDV_BIC_FCEV_N,?,0.128198164,0.15053899,0.168175315,0.170603419,0.172541942,0.174328055
Temoa,nz,NLLAB,Activity|transportation|T_HDV_BIC_GSL_EX,?,0.002371277,,,,,
Temoa,nz,NLLAB,Activity|transportation|T_HDV_BS_BEV_N,?,,0.083234673,0.636371677,1.233758321,1.27260482,1.295770004
Temoa,nz,NLLAB,Activity|transportation|T_HDV_BS_CNG_EX,?,0.025269546,0.010492138,,,,
Temoa,nz,NLLAB,Activity|transportation|T_HDV_BS_DSL_EX,?,0.333033459,0.147521268,,,,
Temoa,nz,NLLAB,Activity|transportation|T_HDV_BS_FCHEV_N,?,0.832867427,0.986989647,0.62692058,0.042894745,0.014742653,
Temoa,nz,NLLAB,Activity|transportation|T_HDV_BS_GSL_EX,?,0.0348605,0.017933542,,,,
Temoa,nz,NLLAB,Activity|transportation|T_HDV_BT_BEV_EX,?,0.05934602,0.030140217,,,,
Temoa,nz,NLLAB,Activity|transportation|T_HDV_BT_BEV_N,?,0.478490287,0.599316476,0.704589491,0.715136168,0.72358891,0.731375249
Temoa,nz,NLLAB,Activity|transportation|T_HDV_BT_CNG_EX,?,0.000595097,,,,,
Temoa,nz,NLLAB,Activity|transportation|T_HDV_BT_DSL_EX,?,0.133003023,0.05978199,,,,
Temoa,nz,NLLAB,Activity|transportation|T_HDV_CHRG,?,3.554053887,4.290008048,5.768381169,7.671280903,7.386543572,7.139096601
Temoa,nz,NLLAB,Activity|transportation|T_HDV_RF_DSL_EX,?,14.05864344,,,,,
Temoa,nz,NLLAB,Activity|transportation|T_HDV_RF_H2_N,?,,14.08158625,14.10020519,14.1151158,14.12645924,14.13755568
Temoa,nz,NLLAB,Activity|transportation|T_HDV_RF_LNG_N,?,60.0624702,60.06246969,60.06245159,60.06214942,60.06231092,60.06180498
Temoa,nz,NLLAB,Activity|transportation|T_HDV_RICP_DSL_EX,?,0.210022315,0.076468898,,,,
Temoa,nz,NLLAB,Activity|transportation|T_HDV_RICP_DSL_N,?,0.051968297,0.051967906,0.051965954,,,
Temoa,nz,NLLAB,Activity|transportation|T_HDV_RICP_H2_N,?,,0.133626974,0.210140306,0.262128488,0.262128251,0.262128028
Temoa,nz,NLLAB,Activity|transportation|T_HDV_T_BEV_N,?,5.477468683,8.209874889,12.43532914,17.51830334,17.6073893,17.68931004
Temoa,nz,NLLAB,Activity|transportation|T_HDV_T_DSL_EX,?,11.61989646,9.056848036,4.972180684,,,
Temoa,nz,NLLAB,Activity|transportation|T_HDV_WTF_HFO_EX,?,62.41921376,62.30701738,0.223698686,0.058829199,,
Temoa,nz,NLLAB,Activity|transportation|T_HDV_WTF_LNG_N,?,43.72904946,43.72904768,105.719208,105.8107052,105.8106705,105.756486
Temoa,nz,NLLAB,Activity|transportation|T_I_H2_ELC_ALK,?,0.199185804,2.211898767,2.210046706,2.15131767,2.066925919,0.122080355
Temoa,nz,NLLAB,Activity|transportation|T_I_H2_ELC_PEM,?,0.002487356,0.017604082,0.020274957,0.032187198,0.113387103,2.055641142
Temoa,nz,NLLAB,Activity|transportation|T_LDV_BEV_CHRG,?,0.045934659,0.481217975,4.864707912,10.13276526,10.29728391,10.19125919
Temoa,nz,NLLAB,Activity|transportation|T_LDV_C_BEV150_EX,?,0.049218341,0.040743288,,,,
Temoa,nz,NLLAB,Activity|transportation|T_LDV_C_BEV150_N,?,,0.095914046,0.916234184,1.954043745,1.980383242,1.998781921
Temoa,nz,NLLAB,Activity|transportation|T_LDV_C_BEV200_N,?,,0.191824956,1.832469246,3.908089895,3.960767751,3.997565555
Temoa,nz,NLLAB,Activity|transportation|T_LDV_C_BEV300_N,?,,0.28774334,2.748705301,5.862135896,5.941153203,5.996350049
Temoa,nz,NLLAB,Activity|transportation|T_LDV_C_BEV400_N,?,,0.383658413,3.664940604,7.816181772,7.921538662,7.995134877
Temoa,nz,NLLAB,Activity|transportation|T_LDV_C_DSL_EX,?,0.044143231,0.002715625,,,,
Temoa,nz,NLLAB,Activity|transportation|T_LDV_C_GSL_EX,?,3.202793409,1.726246004,,,,
Temoa,nz,NLLAB,Activity|transportation|T_LDV_C_GSL_HEV_EX,?,0.088576887,0.052163812,,,,
Temoa,nz,NLLAB,Activity|transportation|T_LDV_C_GSL_PHEV35_EX,?,0.030574636,0.024921171,,,,
Temoa,nz,NLLAB,Activity|transportation|T_LDV_C_GSL_PHEV35_N,?,11.58450626,13.19272677,10.83756519,0.459501603,0.19610571,0.011876795
Temoa,nz,NLLAB,Activity|transportation|T_LDV_LTF_BEV150_N,?,,,0.042141136,0.109211599,0.119296828,0.125425977
Temoa,nz,NLLAB,Activity|transportation|T_LDV_LTF_BEV200_N,?,,,0.084283207,0.218425234,0.238595914,0.250856138
Temoa,nz,NLLAB,Activity|transportation|T_LDV_LTF_BEV300_N,?,,,0.126425433,0.32763885,0.357895478,0.376285939
Temoa,nz,NLLAB,Activity|transportation|T_LDV_LTF_BEV400_N,?,,,0.168567216,0.436852445,0.477194809,0.501715383
Temoa,nz,NLLAB,Activity|transportation|T_LDV_LTF_DSL_EX,?,0.054756486,0.045395686,0.007792058,,,
Temoa,nz,NLLAB,Activity|transportation|T_LDV_LTF_GSL_EX,?,0.658136145,0.480937262,0.086061589,,,
Temoa,nz,NLLAB,Activity|transportation|T_LDV_LTF_GSL_PHEV35_N,?,0.651118331,0.741299682,0.769350231,0.205423712,0.042499155,0.015210927
Temoa,nz,NLLAB,Activity|transportation|T_LDV_LTF_GSL_PHEV50_N,?,,0.122904932,0.127560905,0.132358491,0.208025583,0.186535934
Temoa,nz,NLLAB,Activity|transportation|T_LDV_LTP_BEV150_N,?,,,0.077446261,0.149745545,0.217922455,0.242874487
Temoa,nz,NLLAB,Activity|transportation|T_LDV_LTP_BEV200_N,?,,,0.154896059,0.29949831,0.435853599,0.485761865
Temoa,nz,NLLAB,Activity|transportation|T_LDV_LTP_BEV300_EX,?,0.009797239,0.00856713,,,,
Temoa,nz,NLLAB,Activity|transportation|T_LDV_LTP_BEV300_N,?,,,0.232345523,0.449251116,0.653785463,0.728648155
Temoa,nz,NLLAB,Activity|transportation|T_LDV_LTP_BEV400_N,?,,,0.309795093,0.599003607,0.871716584,0.971534149
Temoa,nz,NLLAB,Activity|transportation|T_LDV_LTP_DSL_EX,?,0.041290335,0.026339087,0.00310878,,,
Temoa,nz,NLLAB,Activity|transportation|T_LDV_LTP_GSL_EX,?,0.988287116,0.659003556,0.11330766,,,
Temoa,nz,NLLAB,Activity|transportation|T_LDV_LTP_GSL_HEV_EX,?,0.006787406,0.006530779,,,,
Temoa,nz,NLLAB,Activity|transportation|T_LDV_LTP_GSL_PHEV35_N,?,0.509449175,0.570551225,0.581460185,0.136263485,0.015940496,0.004350079
Temoa,nz,NLLAB,Activity|transportation|T_LDV_LTP_GSL_PHEV50_N,?,,0.537543493,0.547821556,0.558266233,0.130710345,0.015280733
Temoa,nz,NLLAB,Activity|transportation|T_LDV_M_BEV_N,?,0.040759778,0.077950196,0.106315541,0.118656005,0.120028071,0.121292766
Temoa,nz,NLLAB,Activity|transportation|T_LDV_M_GSL_EX,?,0.071403629,0.036890293,0.010454947,,,
Temoa,nz,NLLAB,Activity|transportation|T_LDV_PHEV_CHRG,?,3.532774106,3.765251431,2.937036277,0.477577446,0.245058899,0.145822344
Temoa,nz,NLLAB,Activity|transportation|T_MDV_CHRG,?,4.246533032,4.639993747,6.054634961,7.262878226,7.028447672,6.808455264
Temoa,nz,NLLAB,Activity|transportation|T_MDV_T_BEV_N,?,2.472134775,3.206885323,4.586507742,5.700505899,5.708820527,5.716428284
Temoa,nz,NLLAB,Activity|transportation|T_MDV_T_DSL_EX,?,1.94841616,1.518902851,0.684262297,,,
Temoa,nz,NLLAB,Activity|transportation|T_MDV_T_GSL_EX,?,1.240862905,0.951336622,0.419415797,,,
Temoa,nz,NLLAB,Activity|transportation|T_OFF,?,1.885234215,1.98561558,2.069071123,2.134811578,2.187531216,2.236081383
Temoa,nz,NLLAB,Capacity|commercial,?,109.4675615,82.21083465,65.77933127,58.38594414,57.65252791,61.17944882
Temoa,nz,NLLAB,Capacity|commercial|C_SPC_AC_ROOF-NEW,?,0.001364613,0.003243803,0.005564047,0.008061901,0.009648283,0.010801336
Temoa,nz,NLLAB,Capacity|commercial|C_SPC_ELC-EXS,?,66.39398694,42.68184875,17.0727395,,,
Temoa,nz,NLLAB,Capacity|commercial|C_SPHC_HP_AIR-NEW,?,23.6361376,26.11662865,42.02634446,55.25296039,57.59799043,61.12032221
Temoa,nz,NLLAB,Capacity|commercial|C_SPHC_HP_GEO-NEW,?,0.000409718,0.000924035,0.00149623,0.001808985,0.002026214,0.002176229
Temoa,nz,NLLAB,Capacity|commercial|C_SPH_ELC-EXS,?,7.090438837,4.136089322,0.472695922,,,
Temoa,nz,NLLAB,Capacity|commercial|C_SPH_ELC_BLR-NEW,?,0.004697805,0.010129756,0.016315893,0.018688091,0.0208451,0.022819987
Temoa,nz,NLLAB,Capacity|commercial|C_SPH_ELC_RES-NEW,?,0.004705027,0.010104631,0.01626474,0.020469528,0.022017884,0.02332906
Temoa,nz,NLLAB,Capacity|commercial|C_SPH_OIL-EXS,?,12.33582095,9.251865714,6.167910476,3.083955238,,
Temoa,nz,NLLAB,Capacity|electricity,?,15.42885045,15.43237571,15.41151027,15.36205053,15.36237715,15.36052983
Temoa,nz,NLLAB,Capacity|electricity|E_BAT_2H-NEW,?,0.000166422,0.000296942,0.000457405,0.000491416,0.000607107,0.000723139
Temoa,nz,NLLAB,Capacity|electricity|E_BAT_4H-NEW,?,8.74591E-05,0.000173513,0.000280649,0.000328769,0.00040515,0.000490302
Temoa,nz,NLLAB,Capacity|electricity|E_BIO_M-EXS,?,0.0153,0.0153,0.0153,0.0153,0.0153,0.0153
Temoa,nz,NLLAB,Capacity|electricity|E_BIO_M-NEW,?,1.88813E-05,3.8023E-05,5.89318E-05,8.1753E-05,0.000106598,0.000133801
Temoa,nz,NLLAB,Capacity|electricity|E_DSL_CT-EXS,?,0.0442,0.0442,0.0442,0.0442,0.0392,0.0392
Temoa,nz,NLLAB,Capacity|electricity|E_GSL_CT-EXS,?,0.2765,0.2765,0.2515,0.2515,0.2515,0.2435
Temoa,nz,NLLAB,Capacity|electricity|E_HYD_DLY-EXS,?,0.56277,0.56277,0.56277,0.56277,0.56277,0.56277
Temoa,nz,NLLAB,Capacity|electricity|E_HYD_MLY-EXS,?,6.98935,6.98935,6.98935,6.98935,6.98935,6.98935
Temoa,nz,NLLAB,Capacity|electricity|E_HYD_MLY-EXS-IN,?,6.98935,6.98935,6.98935,6.98935,6.98935,6.98935
Temoa,nz,NLLAB,Capacity|electricity|E_HYD_ROR-EXS,?,0.004,0.004,0.004,0.004,0.004,0.004
Temoa,nz,NLLAB,Capacity|electricity|E_NG_CC-NEW,?,9.38986E-05,0.000176658,0.000269877,0.000373786,0.000489392,0.000619486
Temoa,nz,NLLAB,Capacity|electricity|E_NG_CCS-NEW,?,4.16109E-05,8.36696E-05,0.000133346,0.000189488,0.00025295,0.000325501
Temoa,nz,NLLAB,Capacity|electricity|E_NG_CCS_RFIT_90,?,2.59239E-05,5.5497E-05,8.93906E-05,0.000127368,0.000169756,0.000217564
Temoa,nz,NLLAB,Capacity|electricity|E_NG_CCS_RFIT_95,?,2.58368E-05,5.53788E-05,8.9273E-05,0.000127293,0.000169699,0.0002176
Temoa,nz,NLLAB,Capacity|electricity|E_NG_CT-NEW,?,3.95798E-05,7.12244E-05,0.000106477,0.000145775,0.000189567,0.000239118
Temoa,nz,NLLAB,Capacity|electricity|E_OIL_ST-EXS,?,0.49,0.49,0.49,0.49,0.49,0.49
Temoa,nz,NLLAB,Capacity|electricity|E_SOL_PV-NEW-1,?,8.85643E-05,0.000204109,0.000359557,0.00054264,0.000758634,0.00101479
Temoa,nz,NLLAB,Capacity|electricity|E_SOL_PV-NEW-2,?,7.95237E-05,0.000184347,0.000328687,0.000501449,0.000709097,0.000960477
Temoa,nz,NLLAB,Capacity|electricity|E_SOL_PV-NEW-3,?,8.42422E-05,0.000194921,0.000345748,0.000525399,0.000739115,0.000995221
Temoa,nz,NLLAB,Capacity|electricity|E_SOL_PV-NEW-4,?,8.25553E-05,0.00019142,0.000340744,0.000518658,0.000731134,0.000986185
Temoa,nz,NLLAB,Capacity|electricity|E_SOL_PV-NEW-5,?,8.81375E-05,0.000203073,0.000357951,0.000540606,0.000756155,0.001011959
Temoa,nz,NLLAB,Capacity|electricity|E_WND_ON-EXS,?,0.054,0.054,0.054,,,
Temoa,nz,NLLAB,Capacity|electricity|E_WND_ON-NEW-1,?,0.000200946,0.000409509,0.000643358,0.000910931,0.001217752,0.001572017
Temoa,nz,NLLAB,Capacity|electricity|E_WND_ON-NEW-10,?,0.000178204,0.000357155,0.000561662,0.000797877,0.001067606,0.001379984
Temoa,nz,NLLAB,Capacity|electricity|E_WND_ON-NEW-11,?,0.000189264,0.000381987,0.000600748,0.000851671,0.001139703,0.001472104
Temoa,nz,NLLAB,Capacity|electricity|E_WND_ON-NEW-12,?,0.000183324,0.000367171,0.000578196,0.000822724,0.001103726,0.001428148
Temoa,nz,NLLAB,Capacity|electricity|E_WND_ON-NEW-13,?,0.000182382,0.000366516,0.000577171,0.000820374,0.001099591,0.00142113
Temoa,nz,NLLAB,Capacity|electricity|E_WND_ON-NEW-2,?,0.000188982,0.00039088,0.000616812,0.000874923,0.001170305,0.001510598
Temoa,nz,NLLAB,Capacity|electricity|E_WND_ON-NEW-3,?,0.000193473,0.000393064,0.000616833,0.000872158,0.001163573,0.001497204
Temoa,nz,NLLAB,Capacity|electricity|E_WND_ON-NEW-4,?,0.000190606,0.000387202,0.000608362,0.000860793,0.001148641,0.001476773
Temoa,nz,NLLAB,Capacity|electricity|E_WND_ON-NEW-5,?,0.000190784,0.000387867,0.000607246,0.000857127,0.001141901,0.001466866
Temoa,nz,NLLAB,Capacity|electricity|E_WND_ON-NEW-6,?,0.000196839,0.000399019,0.000626352,0.000886562,0.001185164,0.001529408
Temoa,nz,NLLAB,Capacity|electricity|E_WND_ON-NEW-7,?,0.000191417,0.000389063,0.000610688,0.000863785,0.001153679,0.001487119
Temoa,nz,NLLAB,Capacity|electricity|E_WND_ON-NEW-8,?,0.000187189,0.00037841,0.000594878,0.000842766,0.001126908,0.001454347
Temoa,nz,NLLAB,Capacity|electricity|E_WND_ON-NEW-9,?,0.0001844,0.000369089,0.000579933,0.000824438,0.001104245,0.001428985
Temoa,nz,NLLAB,Capacity|residential,?,35.78671602,35.3079052,34.88385927,34.06031982,33.32561681,33.00363994
Temoa,nz,NLLAB,Capacity|residential|R_APP_CL_WASH-EXS,?,0.15995775,0.0639831,,,,
Temoa,nz,NLLAB,Capacity|residential|R_APP_CL_WASH-TYP-NEW,?,0.059474263,0.152601623,0.213246451,0.208943087,0.204478693,0.202506757
Temoa,nz,NLLAB,Capacity|residential|R_APP_COOK_ELEC-EXS,?,0.169961235,0.104591529,0.028762671,,,
Temoa,nz,NLLAB,Capacity|residential|R_APP_COOK_ELEC-TYP-NEW,?,0.057513194,0.119791685,0.192046656,0.216312543,0.211685151,0.209641399
Temoa,nz,NLLAB,Capacity|residential|R_APP_COOK_NG-TYP-NEW,?,0.000124123,0.000269578,0.000372885,0.000405637,0.000402288,0.000403152
Temoa,nz,NLLAB,Capacity|residential|R_APP_DRY_ELEC-EXS,?,0.122815882,0.061407941,,,,
Temoa,nz,NLLAB,Capacity|residential|R_APP_DRY_ELEC-TYP-NEW,?,0.093494082,0.151924286,0.209912185,0.205616814,0.201208578,0.199256225
Temoa,nz,NLLAB,Capacity|residential|R_APP_DRY_NG-TYP-NEW,?,0.000140107,0.000309605,0.000436248,0.000486773,0.000491435,0.000498975
Temoa,nz,NLLAB,Capacity|residential|R_APP_DS_WASH-EXS,?,0.084254176,0.045956824,0.003063788,,,
Temoa,nz,NLLAB,Capacity|residential|R_APP_DS_WASH-TYP-NEW,?,0.04511488,0.081734212,0.122659287,0.123185489,0.120553537,0.119391013
Temoa,nz,NLLAB,Capacity|residential|R_APP_FREZ-EXS,?,0.152661545,0.107761091,0.062860636,0.007184073,,
Temoa,nz,NLLAB,Capacity|residential|R_APP_FREZ-TYP-NEW,?,0.048411089,0.090702708,0.132544323,0.18427757,0.187370253,0.185563407
Temoa,nz,NLLAB,Capacity|residential|R_APP_REFR-EXS,?,0.157151167,0.017960133,,,,
Temoa,nz,NLLAB,Capacity|residential|R_APP_REFR-TYP-NEW,?,0.117065183,0.252698299,0.266486572,0.261108614,0.25552963,0.253065353
Temoa,nz,NLLAB,Capacity|residential|R_LGT_CFL-EXS,?,5.210461228,3.349582218,1.339832887,,,
Temoa,nz,NLLAB,Capacity|residential|R_LGT_LED-EXS,?,7.811047042,7.811047042,7.811047042,7.811047042,6.248837633,4.296075873
Temoa,nz,NLLAB,Capacity|residential|R_LGT_LED-TYP-NEW,?,18.89386769,20.75538385,22.81327618,23.81255474,25.19016192,27.03149924
Temoa,nz,NLLAB,Capacity|residential|R_LGT_T12-EXS,?,2.030667521,1.58921806,1.147768599,0.706319138,0.194237763,
Temoa,nz,NLLAB,Capacity|residential|R_SPC_CENT_AC-EXS,?,0.023993955,0.016936909,0.009879864,0.001129127,,
Temoa,nz,NLLAB,Capacity|residential|R_SPC_ROOM_AC-EXS,?,0.011209167,,,,,
Temoa,nz,NLLAB,Capacity|residential|R_SPC_ROOM_AC-TYP-NEW,?,1.38899E-05,1.35387E-05,1.61836E-05,2.12413E-05,3.64426E-05,3.3413E-05
Temoa,nz,NLLAB,Capacity|residential|R_SPHC_AIR_HP-TYP-NEW,?,0.001006544,0.001454413,0.001745023,0.002073965,0.002091508,0.002070791
Temoa,nz,NLLAB,Capacity|residential|R_SPHC_GEO_HP-TYP-NEW,?,,,,1.04437E-05,2.25991E-05,3.56567E-05
Temoa,nz,NLLAB,Capacity|residential|R_SPH_ELEC-EXS,?,0.139128364,0.102515636,0.065902909,0.026361164,,
Temoa,nz,NLLAB,Capacity|residential|R_SPH_ELEC_RAD-NEW,?,0.07754694,0.132172961,0.187204114,0.236891029,0.263624917,0.261076766
Temoa,nz,NLLAB,Capacity|residential|R_SPH_HP-EXS,?,0.015673706,0.008549294,0.000569953,,,
Temoa,nz,NLLAB,Capacity|residential|R_SPH_OIL-EXS,?,0.032484818,0.023936182,0.015387545,0.006155018,,
Temoa,nz,NLLAB,Capacity|residential|R_SPH_WOOD-ELC-EXS,?,0.010539545,0.007026364,0.003513182,,,
Temoa,nz,NLLAB,Capacity|residential|R_WAH_ELC-EXS,?,0.154781647,0.084426353,0.005628424,,,
Temoa,nz,NLLAB,Capacity|residential|R_WAH_ELEC-TYP-NEW,?,0.002547843,0.074363249,0.173433824,0.249366945,0.243874998,0.241434625
Temoa,nz,NLLAB,Capacity|residential|R_WAH_HP-TYP-NEW,?,0.094220754,0.094444591,0.075876562,0.000807252,0.000942032,0.001016902
Temoa,nz,NLLAB,Capacity|residential|R_WAH_OIL-EXS,?,0.009373294,0.005112706,0.000340847,,,
Temoa,nz,NLLAB,Capacity|residential|R_WAH_SOLAR-TYP-NEW,?,1.33925E-05,2.92177E-05,4.44344E-05,6.21102E-05,6.74381E-05,7.03905E-05
Temoa,nz,NLLAB,Capacity|transportation,?,1341.733681,1311.208496,1513.614886,1503.890557,1453.859883,1431.944516
Temoa,nz,NLLAB,Capacity|transportation|T_ELC_AC_DC,?,0.008594411,0.088840285,0.089717473,0.090657521,0.091800619,0.085276196
Temoa,nz,NLLAB,Capacity|transportation|T_H2_COMP_100_700,?,0.006439298,0.070737967,0.070840014,0.069360371,0.069185198,0.069106833
Temoa,nz,NLLAB,Capacity|transportation|T_H2_COMP_10_100,?,0.006439291,0.070738099,0.070840323,0.069360435,0.069185359,0.069107932
Temoa,nz,NLLAB,Capacity|transportation|T_H2_HDV_REFUEL,?,0.201740633,2.2193289,2.222465525,2.176131254,2.170759132,2.167908282
Temoa,nz,NLLAB,Capacity|transportation|T_H2_LDV_REFUEL,?,,1.11384E-05,2.79847E-05,3.29302E-05,3.67573E-05,3.80355E-05
Temoa,nz,NLLAB,Capacity|transportation|T_H2_MDV_REFUEL,?,0.00030237,0.000324092,0.000282403,0.000260681,6.59726E-05,6.59726E-05
Temoa,nz,NLLAB,Capacity|transportation|T_HDV_AJF_JFL_EX,?,0.114762558,0.093078962,0.07698727,0.048183858,,
Temoa,nz,NLLAB,Capacity|transportation|T_HDV_AJF_JFL_N,?,0.04101567,0.064909189,0.082837039,0.113084885,0.162424417,0.163496341
Temoa,nz,NLLAB,Capacity|transportation|T_HDV_AJP_JFL_EX,?,9.266798406,7.724488812,6.055936072,3.263709221,,
Temoa,nz,NLLAB,Capacity|transportation|T_HDV_AJP_JFL_N,?,3.571603736,5.275058186,7.07758323,9.97534178,13.32367729,13.401621
Temoa,nz,NLLAB,Capacity|transportation|T_HDV_BIC_BEV_N,?,,,1.40823E-05,3.23485E-05,4.03167E-05,6.87823E-05
Temoa,nz,NLLAB,Capacity|transportation|T_HDV_BIC_DSL_EX,?,0.043769128,0.017086164,,,,
Temoa,nz,NLLAB,Capacity|transportation|T_HDV_BIC_DSL_N,?,1.10871E-05,1.10871E-05,,,,
Temoa,nz,NLLAB,Capacity|transportation|T_HDV_BIC_FCEV_N,?,0.191034395,0.200298994,0.220362761,0.22354895,0.226092148,0.228436867
Temoa,nz,NLLAB,Capacity|transportation|T_HDV_BIC_GSL_EX,?,0.005678456,0.002987082,,,,
Temoa,nz,NLLAB,Capacity|transportation|T_HDV_BIC_GSL_N,?,1.22045E-05,1.22045E-05,,1.01627E-05,1.01627E-05,
Temoa,nz,NLLAB,Capacity|transportation|T_HDV_BS_BEV_N,?,5.9315E-05,0.150699393,1.152086342,2.233571996,2.303904433,2.34584919
Temoa,nz,NLLAB,Capacity|transportation|T_HDV_BS_CNG_EX,?,0.052375156,0.020372419,,,,
Temoa,nz,NLLAB,Capacity|transportation|T_HDV_BS_DSL_EX,?,0.726501552,0.281117477,,,,
Temoa,nz,NLLAB,Capacity|transportation|T_HDV_BS_DSL_HEV_N,?,1.39676E-05,2.53698E-05,2.17198E-05,2.18371E-05,2.25566E-05,2.2495E-05
Temoa,nz,NLLAB,Capacity|transportation|T_HDV_BS_DSL_N,?,1.03301E-05,1.03301E-05,,,,
Temoa,nz,NLLAB,Capacity|transportation|T_HDV_BS_DSL_PHEV_N,?,2.02547E-05,4.16488E-05,5.6401E-05,6.19146E-05,6.46217E-05,6.84005E-05
Temoa,nz,NLLAB,Capacity|transportation|T_HDV_BS_FCEV_N,?,0.000151876,0.000187891,0.000166996,0.000113724,0.000114499,0.000108498
Temoa,nz,NLLAB,Capacity|transportation|T_HDV_BS_FCHEV_N,?,1.726059261,1.786810019,1.134975051,0.077691538,0.026725209,0.002620189
Temoa,nz,NLLAB,Capacity|transportation|T_HDV_BS_GSL_EX,?,0.072340376,0.034168491,,,,
Temoa,nz,NLLAB,Capacity|transportation|T_HDV_BS_GSL_N,?,1.23238E-05,1.23238E-05,,1.05477E-05,2.08736E-05,2.09045E-05
Temoa,nz,NLLAB,Capacity|transportation|T_HDV_BT_BEV_EX,?,0.094624257,0.041590323,,,,
Temoa,nz,NLLAB,Capacity|transportation|T_HDV_BT_BEV_N,?,0.762085697,0.826986638,0.972258712,0.986817025,0.998484937,1.009233709
Temoa,nz,NLLAB,Capacity|transportation|T_HDV_BT_CNG_EX,?,0.004477629,0.001446722,,,,
Temoa,nz,NLLAB,Capacity|transportation|T_HDV_BT_DSL_EX,?,0.222983406,0.086832534,,,,
Temoa,nz,NLLAB,Capacity|transportation|T_HDV_BT_DSL_PHEV_N,?,,,,,,1.04859E-05
Temoa,nz,NLLAB,Capacity|transportation|T_HDV_BT_FCEV_N,?,1.25263E-05,1.25263E-05,,,,
Temoa,nz,NLLAB,Capacity|transportation|T_HDV_BT_FCHEV_N,?,2.0932E-05,2.0932E-05,1.25592E-05,1.49553E-05,2.57315E-05,2.36103E-05
Temoa,nz,NLLAB,Capacity|transportation|T_HDV_BT_GSL_EX,?,0.002352562,0.001411537,,,,
Temoa,nz,NLLAB,Capacity|transportation|T_HDV_CHRG,?,3.554056154,4.290011233,5.768384224,7.671283363,7.386547567,7.139099242
Temoa,nz,NLLAB,Capacity|transportation|T_HDV_RF_DSL_EX,?,56.35360128,56.35360128,42.47698073,31.8580846,14.04488557,
Temoa,nz,NLLAB,Capacity|transportation|T_HDV_RF_DSL_N,?,2.84616E-05,4.01395E-05,4.01395E-05,5.22419E-05,5.22419E-05,5.22419E-05
Temoa,nz,NLLAB,Capacity|transportation|T_HDV_RF_H2_N,?,,14.08158841,14.10021043,14.1151245,14.1266981,14.13801799
Temoa,nz,NLLAB,Capacity|transportation|T_HDV_RF_LNG_N,?,60.06247162,60.06252982,60.06256697,60.06260936,60.0626538,60.06269379
Temoa,nz,NLLAB,Capacity|transportation|T_HDV_RICP_DSL_EX,?,0.210023131,0.210023131,0.152659663,0.119625986,0.076470068,
Temoa,nz,NLLAB,Capacity|transportation|T_HDV_RICP_DSL_N,?,0.051968372,0.051968372,0.051968372,0.051968372,0.051968372,0.051968372
Temoa,nz,NLLAB,Capacity|transportation|T_HDV_RICP_H2_N,?,,0.133627184,0.210140788,0.26212927,0.26221323,0.262259715
Temoa,nz,NLLAB,Capacity|transportation|T_HDV_T_BEV_N,?,8.132285561,11.3074171,17.12711555,24.12787292,24.25057422,25.64568493
Temoa,nz,NLLAB,Capacity|transportation|T_HDV_T_DSL_EX,?,17.25182708,13.13046788,7.208584053,,,
Temoa,nz,NLLAB,Capacity|transportation|T_HDV_T_FCEV_N,?,1.31224E-05,1.31224E-05,1.31224E-05,1.0498E-05,,
Temoa,nz,NLLAB,Capacity|transportation|T_HDV_T_FCHEV_N,?,0.000265857,0.000348085,0.000442339,0.000665444,0.000532567,0.00059688
Temoa,nz,NLLAB,Capacity|transportation|T_HDV_WTF_HFO_EX,?,62.41921887,62.41921887,59.20099602,46.1367893,12.32186903,
Temoa,nz,NLLAB,Capacity|transportation|T_HDV_WTF_HFO_N,?,1.61884E-05,3.35325E-05,5.34119E-05,7.81446E-05,7.81446E-05,7.81446E-05
Temoa,nz,NLLAB,Capacity|transportation|T_HDV_WTF_LNG_N,?,43.72905165,43.72922774,105.7193913,105.8108916,105.8109573,105.8110197
Temoa,nz,NLLAB,Capacity|transportation|T_HDV_WTF_MDO_EX,?,11.50116606,11.50116606,8.930390174,6.244526464,1.902476604,
Temoa,nz,NLLAB,Capacity|transportation|T_HDV_WTF_MDO_N,?,,,1.20631E-05,1.20631E-05,1.20631E-05,1.20631E-05
Temoa,nz,NLLAB,Capacity|transportation|T_I_H2_ELC_ALK,?,0.006410765,0.070155844,0.070473406,0.070947341,0.06595629,0.004078784
Temoa,nz,NLLAB,Capacity|transportation|T_I_H2_ELC_PEM,?,0.000135988,0.00061423,0.000869508,0.001346453,0.00379188,0.065587603
Temoa,nz,NLLAB,Capacity|transportation|T_LDV_BEV_CHRG,?,0.108333847,1.095402225,11.03428195,22.98232907,23.3557021,23.11552436
Temoa,nz,NLLAB,Capacity|transportation|T_LDV_C_BEV150_EX,?,2.008769316,1.490410826,,,,
Temoa,nz,NLLAB,Capacity|transportation|T_LDV_C_BEV150_N,?,0.000199735,3.508585737,33.5160958,71.479416,72.44291863,73.11596297
Temoa,nz,NLLAB,Capacity|transportation|T_LDV_C_BEV200_N,?,0.000399465,7.017171467,67.03219159,142.958832,144.8858373,146.2319259
Temoa,nz,NLLAB,Capacity|transportation|T_LDV_C_BEV300_N,?,0.000599177,10.52575718,100.5482874,214.438248,217.3287559,219.3478889
Temoa,nz,NLLAB,Capacity|transportation|T_LDV_C_BEV400_N,?,0.000798895,14.03434289,134.0643831,285.917664,289.7716745,292.4638518
Temoa,nz,NLLAB,Capacity|transportation|T_LDV_C_CNG_N,?,9.10974E-05,0.000143575,0.000167897,0.000143378,0.000149737,0.000164106
Temoa,nz,NLLAB,Capacity|transportation|T_LDV_C_DSL_EX,?,1.800448212,0.15292017,,,,
Temoa,nz,NLLAB,Capacity|transportation|T_LDV_C_DSL_N,?,5.87568E-05,9.91665E-05,0.00012114,0.000111512,0.000116364,0.000125993
Temoa,nz,NLLAB,Capacity|transportation|T_LDV_C_FCEV400_N,?,3.59671E-05,0.000192384,0.000361702,0.000349497,0.000329158,0.000334598
Temoa,nz,NLLAB,Capacity|transportation|T_LDV_C_GSL_EX,?,137.4887115,66.46991144,,,,
Temoa,nz,NLLAB,Capacity|transportation|T_LDV_C_GSL_HEV_EX,?,3.612455658,1.908287966,,,,
Temoa,nz,NLLAB,Capacity|transportation|T_LDV_C_GSL_HEV_N,?,0.000189807,0.000282365,0.000326096,0.000256813,0.000266491,0.000283793
Temoa,nz,NLLAB,Capacity|transportation|T_LDV_C_GSL_N,?,3.82581E-05,7.90038E-05,0.000116014,0.000122589,0.000132906,0.000137853
Temoa,nz,NLLAB,Capacity|transportation|T_LDV_C_GSL_PHEV35_EX,?,1.246991962,0.911636801,,,,
Temoa,nz,NLLAB,Capacity|transportation|T_LDV_C_GSL_PHEV35_N,?,472.4444971,482.5928002,396.4405181,16.80874465,7.173679434,0.443107644
Temoa,nz,NLLAB,Capacity|transportation|T_LDV_C_GSL_PHEV50_N,?,0.001736059,0.002005448,0.001806406,0.000500092,0.000537444,0.000639895
Temoa,nz,NLLAB,Capacity|transportation|T_LDV_LTF_BEV150_N,?,4.1162E-05,0.000184617,3.556664497,9.217291348,10.06850152,10.58587316
Temoa,nz,NLLAB,Capacity|transportation|T_LDV_LTF_BEV200_N,?,8.23143E-05,0.000369216,7.113328974,18.43459914,20.13700302,21.17174631
Temoa,nz,NLLAB,Capacity|transportation|T_LDV_LTF_BEV300_N,?,0.000123459,0.000553808,10.66999344,27.65189871,30.20550453,31.75761946
Temoa,nz,NLLAB,Capacity|transportation|T_LDV_LTF_BEV400_N,?,0.000164627,0.000738423,14.22665793,36.86919827,40.27400603,42.34349262
Temoa,nz,NLLAB,Capacity|transportation|T_LDV_LTF_CNG_N,?,7.4288E-05,0.000129021,0.000192859,0.00019074,0.000190396,0.000184846
Temoa,nz,NLLAB,Capacity|transportation|T_LDV_LTF_DSL_EX,?,5.396360796,4.032890873,0.745614448,,,
Temoa,nz,NLLAB,Capacity|transportation|T_LDV_LTF_DSL_N,?,2.87875E-05,5.74207E-05,9.09013E-05,9.22115E-05,9.56204E-05,9.40644E-05
Temoa,nz,NLLAB,Capacity|transportation|T_LDV_LTF_FCEV400_N,?,2.5831E-05,0.000125163,0.000318624,0.000425452,0.000522035,0.00060388
Temoa,nz,NLLAB,Capacity|transportation|T_LDV_LTF_GSL_EX,?,64.14276481,42.72606104,7.645609033,,,
Temoa,nz,NLLAB,Capacity|transportation|T_LDV_LTF_GSL_HEV_EX,?,0.004853073,0.000970615,,,,
Temoa,nz,NLLAB,Capacity|transportation|T_LDV_LTF_GSL_HEV_N,?,8.0417E-05,0.000147362,0.000231146,0.000244583,0.000256935,0.000254311
Temoa,nz,NLLAB,Capacity|transportation|T_LDV_LTF_GSL_N,?,3.34841E-05,7.29919E-05,0.000109591,0.000111131,0.000111306,0.000113482
Temoa,nz,NLLAB,Capacity|transportation|T_LDV_LTF_GSL_PHEV35_EX,?,0.072745888,0.072745888,0.014549178,,,
Temoa,nz,NLLAB,Capacity|transportation|T_LDV_LTF_GSL_PHEV35_N,?,60.28240577,62.56363256,64.93104989,17.33727014,3.586919736,1.283891432
Temoa,nz,NLLAB,Capacity|transportation|T_LDV_LTF_GSL_PHEV50_N,?,0.003012316,10.37285686,10.76583855,11.17076999,17.55688063,15.7432351
Temoa,nz,NLLAB,Capacity|transportation|T_LDV_LTP_BEV150_N,?,4.36783E-05,0.000269069,2.540930362,4.913002285,7.149796055,7.968498381
Temoa,nz,NLLAB,Capacity|transportation|T_LDV_LTP_BEV200_N,?,8.73526E-05,0.000538129,5.08186071,9.826022031,14.2995921,15.93699676
Temoa,nz,NLLAB,Capacity|transportation|T_LDV_LTP_BEV300_EX,?,0.360760873,0.356098887,0.070986678,,,
Temoa,nz,NLLAB,Capacity|transportation|T_LDV_LTP_BEV300_N,?,0.000131031,0.000807194,7.622791063,14.73903304,21.44938816,23.90549515
Temoa,nz,NLLAB,Capacity|transportation|T_LDV_LTP_BEV400_N,?,0.000174701,0.001076251,10.16372141,19.65204406,28.59918421,31.87399353
Temoa,nz,NLLAB,Capacity|transportation|T_LDV_LTP_CNG_N,?,8.79473E-05,0.000153506,0.000221832,0.000215412,0.000210564,0.000205955
Temoa,nz,NLLAB,Capacity|transportation|T_LDV_LTP_DSL_EX,?,1.488758602,0.864477171,0.144791744,,,
Temoa,nz,NLLAB,Capacity|transportation|T_LDV_LTP_DSL_N,?,3.50494E-05,6.97202E-05,0.000106615,0.000106859,0.000109789,0.000110244
Temoa,nz,NLLAB,Capacity|transportation|T_LDV_LTP_FCEV400_N,?,4.09435E-05,0.000169412,0.000310392,0.00037073,0.000453319,0.00046971
Temoa,nz,NLLAB,Capacity|transportation|T_LDV_LTP_GSL_EX,?,37.50239046,22.75831541,3.912954713,,,
Temoa,nz,NLLAB,Capacity|transportation|T_LDV_LTP_GSL_HEV_EX,?,0.263677192,0.230844013,0.044527144,,,
Temoa,nz,NLLAB,Capacity|transportation|T_LDV_LTP_GSL_HEV_N,?,8.74927E-05,0.000175973,0.000271348,0.000291181,0.000297078,0.000292258
Temoa,nz,NLLAB,Capacity|transportation|T_LDV_LTP_GSL_N,?,3.72601E-05,7.81442E-05,0.000120632,0.000125414,0.000130789,0.000133784
Temoa,nz,NLLAB,Capacity|transportation|T_LDV_LTP_GSL_PHEV35_EX,?,0.056188913,0.055372821,0.01103376,,,
Temoa,nz,NLLAB,Capacity|transportation|T_LDV_LTP_GSL_PHEV35_N,?,18.36223011,18.71852903,19.07646527,4.470600032,0.523102084,0.168904484
Temoa,nz,NLLAB,Capacity|transportation|T_LDV_LTP_GSL_PHEV50_N,?,0.001141876,17.6356185,17.97285669,18.31555592,4.288438677,0.501477308
Temoa,nz,NLLAB,Capacity|transportation|T_LDV_M_BEV_N,?,6.930835821,14.34260601,19.58671284,21.87904436,22.14631114,22.39241754
Temoa,nz,NLLAB,Capacity|transportation|T_LDV_M_GSL_EX,?,12.14278294,6.780348476,1.959257154,,,
Temoa,nz,NLLAB,Capacity|transportation|T_LDV_M_GSL_N,?,0.000114011,0.000243226,0.000416736,0.000538746,0.000584724,0.000652582
Temoa,nz,NLLAB,Capacity|transportation|T_LDV_PHEV_CHRG,?,3.53324583,3.765725945,3.759157471,0.477590151,0.245110036,0.245097713
Temoa,nz,NLLAB,Capacity|transportation|T_MDV_CHRG,?,4.24653377,4.639995482,6.054637828,7.26288153,7.028451116,6.808458737
Temoa,nz,NLLAB,Capacity|transportation|T_MDV_T_BEV_N,?,96.6198596,118.8236115,169.9422883,211.2188839,211.5269706,211.8088667
Temoa,nz,NLLAB,Capacity|transportation|T_MDV_T_DSL_EX,?,80.15901576,59.24145992,26.68813554,,,
Temoa,nz,NLLAB,Capacity|transportation|T_MDV_T_DSL_HEV_N,?,1.8041E-05,3.1346E-05,4.46659E-05,5.01765E-05,3.8992E-05,3.87397E-05
Temoa,nz,NLLAB,Capacity|transportation|T_MDV_T_DSL_N,?,1.6557E-05,2.73304E-05,3.8399E-05,3.24648E-05,3.25451E-05,3.26874E-05
Temoa,nz,NLLAB,Capacity|transportation|T_MDV_T_DSL_PHEV_N,?,2.09951E-05,4.5962E-05,6.76848E-05,8.10419E-05,8.13686E-05,8.32873E-05
Temoa,nz,NLLAB,Capacity|transportation|T_MDV_T_FCEV_N,?,0.000316856,0.00036897,0.00042096,0.000377057,0.000190551,0.000176926
Temoa,nz,NLLAB,Capacity|transportation|T_MDV_T_FCHEV_N,?,0.003205069,0.003338991,0.003656103,0.002808986,0.000893917,0.000777934
Temoa,nz,NLLAB,Capacity|transportation|T_MDV_T_GSL_EX,?,51.04982808,37.10479138,16.35838169,,,
Temoa,nz,NLLAB,Capacity|transportation|T_MDV_T_GSL_N,?,1.88828E-05,3.41262E-05,4.96977E-05,5.69845E-05,4.5744E-05,4.54817E-05
Temoa,nz,NLLAB,Emissions|ch4,?,2128.707314,1565.947708,692.5874961,137.1410355,109.8424089,97.60291539
Temoa,nz,NLLAB,Emissions|ch4|F_A_DSL,?,1.822597641,2.013875304,1.952206294,1.893916926,1.899982191,1.934069987
Temoa,nz,NLLAB,Emissions|ch4|F_E_BIO_M,?,0.088438567,0.10793531,0.136498868,0.170769096,0.206607491,0.250867976
Temoa,nz,NLLAB,Emissions|ch4|F_E_DSL,?,0.000469153,0.00055789,0.000604416,0.000668365,0.000734946,0.000805889
Temoa,nz,NLLAB,Emissions|ch4|F_E_GSL,?,0.009697232,0.011520274,0.013115518,0.015018807,0.017429168,0.019523962
Temoa,nz,NLLAB,Emissions|ch4|F_E_NG,?,0.016398806,0.031083419,0.042499611,0.064700758,0.082311308,0.111628365
Temoa,nz,NLLAB,Emissions|ch4|F_E_OIL,?,0.000111758,0.000112018,0.000122325,0.000135765,0.000152584,0.000166787
Temoa,nz,NLLAB,Emissions|ch4|F_I_HFO,?,16.75,13.8958,11.4838,10.0031,9.6547,8.6899
Temoa,nz,NLLAB,Emissions|ch4|F_I_NG,?,20.54343164,23.92600537,16.53592494,8.639946385,6.854423596,4.057104559
Temoa,nz,NLLAB,Emissions|ch4|F_R_NG,?,0.001015778,0.002204135,0.003205552,0.003560235,0.003687658,0.003744054
Temoa,nz,NLLAB,Emissions|ch4|F_R_OIL,?,7.038860963,5.072518987,3.073731497,1.220833702,,
Temoa,nz,NLLAB,Emissions|ch4|F_R_WOOD,?,0.044958924,0.097145964,0.163916237,0.198924161,0.223431789,0.225610231
Temoa,nz,NLLAB,Emissions|ch4|F_T_CNG,?,0.018705236,0.007777319,4.35382E-05,4.14838E-05,3.99179E-05,3.88045E-05
Temoa,nz,NLLAB,Emissions|ch4|F_T_DSL,?,112.9749401,80.4613208,44.12095391,7.120252818,7.295854546,7.457707351
Temoa,nz,NLLAB,Emissions|ch4|F_T_GSL,?,1901.108123,1374.243516,548.7115563,42.79690677,19.14964555,10.19312448
Temoa,nz,NLLAB,Emissions|ch4|F_T_HFO,?,6.602666349,6.590799265,0.023666657,0.006228655,,
Temoa,nz,NLLAB,Emissions|ch4|F_T_JTF,?,41.94546787,39.74405932,38.25377057,36.92252025,36.369836,36.58316758
Temoa,nz,NLLAB,Emissions|ch4|F_T_LNG,?,19.74139261,19.74142877,28.07182409,28.08344587,28.083489,28.07532017
Temoa,nz,NLLAB,Emissions|ch4|F_T_NG,?,3.90226E-05,4.80061E-05,5.58143E-05,6.54317E-05,8.31893E-05,0.000135205
Temoa,nz,NLLAB,Emissions|co2,?,12416.10623,10776.19765,7662.459843,5386.06765,5204.944185,4940.595996
Temoa,nz,NLLAB,Emissions|co2e,?,10829.15528,9478.392834,6864.808185,4901.972523,4743.860933,4505.501678
Temoa,nz,NLLAB,Emissions|co2e|E_NG_CCS-NEW,?,-0.018037867,-0.029662467,-0.039243493,-0.061380174,-0.077527392,-0.106794197
Temoa,nz,NLLAB,Emissions|co2e|E_NG_CCS_RFIT_90,?,-0.013400781,-0.030522984,-0.043179108,-0.066520997,-0.085416161,-0.116066873
Temoa,nz,NLLAB,Emissions|co2e|E_NG_CCS_RFIT_95,?,-0.015155766,-0.035854712,-0.050152928,-0.077857991,-0.100024621,-0.13655519
Temoa,nz,NLLAB,Emissions|co2e|F_A_DSL,?,37.97203912,41.95712214,40.67230863,39.45790667,39.58427054,40.29445642
Temoa,nz,NLLAB,Emissions|co2e|F_C_OIL,?,5.85413E-05,4.65929E-05,4.71251E-05,5.39102E-05,,
Temoa,nz,NLLAB,Emissions|co2e|F_E_BIO_M,?,0.033276329,0.040612269,0.051359733,0.064254417,0.077739147,0.094392814
Temoa,nz,NLLAB,Emissions|co2e|F_E_DSL,?,0.00977435,0.0116231,0.01259241,0.013924731,0.015311881,0.016789917
Temoa,nz,NLLAB,Emissions|co2e|F_E_GSL,?,0.008541966,0.010147822,0.011553019,0.013229563,0.015352769,0.017198003
Temoa,nz,NLLAB,Emissions|co2e|F_E_NG,?,0.065665406,0.1244667,0.170180324,0.259079923,0.32959749,0.446991183
Temoa,nz,NLLAB,Emissions|co2e|F_E_OIL,?,0.012301246,0.012329851,0.013464355,0.01494363,0.016794939,0.018358217
Temoa,nz,NLLAB,Emissions|co2e|F_I_BIO,?,271.7,329.992,384.332,406.562,445.094,458.432
Temoa,nz,NLLAB,Emissions|co2e|F_I_HFO,?,1843.672175,1529.510436,1264.021643,1101.041023,1062.692642,956.4971244
Temoa,nz,NLLAB,Emissions|co2e|F_I_NG,?,1079.943216,1257.761003,869.2734624,454.1914732,360.3287118,213.2770523
Temoa,nz,NLLAB,Emissions|co2e|F_R_NG,?,0.053413204,0.11590123,0.168559259,0.187209781,0.193910133,0.196875634
Temoa,nz,NLLAB,Emissions|co2e|F_R_OIL,?,146.6477833,105.6809715,64.03818925,25.43487606,,
Temoa,nz,NLLAB,Emissions|co2e|F_R_WOOD,?,0.016916465,0.036552617,0.061675927,0.07484818,0.08406954,0.084889211
Temoa,nz,NLLAB,Emissions|co2e|F_T_CNG,?,0.983311531,0.408844219,0.002288751,0.002180751,0.002098438,0.002039903
Temoa,nz,NLLAB,Emissions|co2e|F_T_DSL,?,2353.722374,1676.332918,919.216919,148.343503,152.0019932,155.3740381
Temoa,nz,NLLAB,Emissions|co2e|F_T_ETH,?,197.6853829,204.033318,81.46695848,6.35403754,2.84313928,1.513368617
Temoa,nz,NLLAB,Emissions|co2e|F_T_GSL,?,1674.62234,1210.52499,483.3415939,37.69835881,16.86828006,8.97878125
Temoa,nz,NLLAB,Emissions|co2e|F_T_HFO,?,726.7553569,725.4491472,2.604988431,0.68558793,0.000456743,0.000117198
Temoa,nz,NLLAB,Emissions|co2e|F_T_JTF,?,1362.665727,1291.149443,1242.735025,1199.487226,1181.532393,1188.46281
Temoa,nz,NLLAB,Emissions|co2e|F_T_LNG,?,1037.780999,1037.7829,1475.70165,1476.312593,1476.31486,1475.885435
Temoa,nz,NLLAB,Emissions|co2e|F_T_MDO,?,0.000253136,0.000173317,0.000269686,0.000126291,9.22766E-05,
Temoa,nz,NLLAB,Emissions|co2e|F_T_NG,?,0.00205137,0.002523622,0.002934088,0.003439664,0.004373162,0.007107543
Temoa,nz,NLLAB,Emissions|co2e|F_T_RDSL,?,94.85038631,67.55292238,37.04263545,5.977951656,6.125381623,6.261268405
Temoa,nz,NLLAB,Emissions|co2e|T_I_H2_SMR_CCS,?,-0.001469343,-0.001518792,-0.001538042,-0.001545202,-0.001566569,
Temoa,nz,NLLAB,Emissions|co2|E_NG_CCS-NEW,?,-0.018037867,-0.029662467,-0.039243493,-0.061380174,-0.077527392,-0.106794197
Temoa,nz,NLLAB,Emissions|co2|E_NG_CCS_RFIT_90,?,-0.013400781,-0.030522984,-0.043179108,-0.066520997,-0.085416161,-0.116066873
Temoa,nz,NLLAB,Emissions|co2|E_NG_CCS_RFIT_95,?,-0.015155766,-0.035854712,-0.050152928,-0.077857991,-0.100024621,-0.13655519
Temoa,nz,NLLAB,Emissions|co2|F_A_DSL,?,36.42572084,40.24852112,39.01602849,37.85108007,37.97229808,38.65356338
Temoa,nz,NLLAB,Emissions|co2|F_C_OIL,?,5.61573E-05,4.46956E-05,4.52061E-05,5.17149E-05,,
Temoa,nz,NLLAB,Emissions|co2|F_E_BIO_M,?,0.027442312,0.033492112,0.042355328,0.052989311,0.064109894,0.077843835
Temoa,nz,NLLAB,Emissions|co2|F_E_DSL,?,0.009376313,0.011149778,0.012079615,0.01335768,0.014688342,0.016106189
Temoa,nz,NLLAB,Emissions|co2|F_E_GSL,?,0.008221402,0.009766994,0.011119456,0.012733082,0.014776608,0.016552594
Temoa,nz,NLLAB,Emissions|co2|F_E_NG,?,0.064758552,0.122747787,0.167830095,0.255501971,0.325045674,0.440818134
Temoa,nz,NLLAB,Emissions|co2|F_E_OIL,?,0.012261732,0.012290246,0.013421105,0.014895628,0.01674099,0.018299248
Temoa,nz,NLLAB,Emissions|co2|F_IMP_CNG,?,0.066941997,0.027833344,0.000155814,0.000148461,0.000142858,0.000138873
Temoa,nz,NLLAB,Emissions|co2|F_IMP_DSL,?,605.0001645,434.6577617,242.8146265,47.50934868,48.46710783,49.50011372
Temoa,nz,NLLAB,Emissions|co2|F_IMP_GSL,?,371.1347704,268.8386123,108.2635355,9.841357591,5.248543413,3.534735692
Temoa,nz,NLLAB,Emissions|co2|F_IMP_HFO,?,432.1986011,379.1549715,212.9740098,185.2472766,178.6840768,160.8280197
Temoa,nz,NLLAB,Emissions|co2|F_IMP_JTF,?,294.147741,278.7100934,268.2592606,258.9237044,255.0479383,256.5439521
Temoa,nz,NLLAB,Emissions|co2|F_IMP_MDO,?,4.28913E-05,2.93667E-05,4.56954E-05,2.13987E-05,1.56353E-05,
Temoa,nz,NLLAB,Emissions|co2|F_IMP_NG,?,73.52870643,85.64245974,59.20165659,30.95095987,24.56623842,14.56354889
Temoa,nz,NLLAB,Emissions|co2|F_IMP_OIL,?,30.39483268,21.90458569,13.27447334,5.27435337,0.003416064,0.003734032
Temoa,nz,NLLAB,Emissions|co2|F_IMP_SPK,?,4.9653E-05,0.000128264,0.000229049,0.000365627,0.000553393,0.000500892
Temoa,nz,NLLAB,Emissions|co2|F_I_BIO,?,271.7,329.992,384.332,406.562,445.094,458.432
Temoa,nz,NLLAB,Emissions|co2|F_I_HFO,?,1837.75,1524.5974,1259.9614,1097.5043,1059.2791,953.4247
Temoa,nz,NLLAB,Emissions|co2|F_I_NG,?,1074.365952,1251.265415,864.7841823,451.8458445,358.4678284,212.1756032
Temoa,nz,NLLAB,Emissions|co2|F_R_NG,?,0.053122444,0.115270311,0.167641691,0.186190688,0.192854566,0.195803924
Temoa,nz,NLLAB,Emissions|co2|F_R_OIL,?,140.6759115,101.3773728,61.43039086,24.39910303,,
Temoa,nz,NLLAB,Emissions|co2|F_R_WOOD,?,0.013950665,0.0301442,0.050862883,0.061725772,0.06933044,0.070006406
Temoa,nz,NLLAB,Emissions|co2|F_T_CNG,?,0.978233312,0.406732781,0.002276931,0.002169489,0.002087601,0.002029369
Temoa,nz,NLLAB,Emissions|co2|F_T_DSL,?,2257.872796,1608.068366,881.7840616,142.3025772,145.8120844,149.046811
Temoa,nz,NLLAB,Emissions|co2|F_T_ETH,?,197.6853829,204.033318,81.46695848,6.35403754,2.84313928,1.513368617
Temoa,nz,NLLAB,Emissions|co2|F_T_GSL,?,1611.776915,1165.096266,465.2026936,36.28361036,16.23524526,8.641824489
Temoa,nz,NLLAB,Emissions|co2|F_T_HFO,?,724.4209004,723.1188865,2.596620784,0.68338571,0.000455276,0.000116821
Temoa,nz,NLLAB,Emissions|co2|F_T_JTF,?,1328.567297,1258.840589,1211.637661,1169.472065,1151.966521,1158.723517
Temoa,nz,NLLAB,Emissions|co2|F_T_LNG,?,1032.421478,1032.423369,1468.080529,1468.688317,1468.690572,1468.263365
Temoa,nz,NLLAB,Emissions|co2|F_T_MDO,?,0.000249449,0.000170792,0.000265757,0.000124452,9.09324E-05,
Temoa,nz,NLLAB,Emissions|co2|F_T_NG,?,0.002040776,0.002510589,0.002918935,0.0034219,0.004350578,0.007070837
Temoa,nz,NLLAB,Emissions|co2|F_T_RDSL,?,94.85038631,67.55292238,37.04263545,5.977951656,6.125381623,6.261268405
Temoa,nz,NLLAB,Emissions|co2|T_I_H2_SMR_CCS,?,-0.001483427,-0.001533349,-0.001552784,-0.001560013,-0.001581584,
Temoa,nz,NLLAB,Emissions|n2o,?,585.7768593,466.2458122,321.4061117,182.4631526,175.3083348,172.701626
Temoa,nz,NLLAB,Emissions|n2o|F_A_DSL,?,5.477236433,6.052060499,5.86673394,5.691563819,5.709791041,5.812231049
Temoa,nz,NLLAB,Emissions|n2o|F_E_BIO_M,?,0.012299403,0.015010871,0.018983286,0.023749344,0.028733492,0.034888924
Temoa,nz,NLLAB,Emissions|n2o|F_E_DSL,?,0.001409891,0.001676562,0.001816379,0.002008558,0.002208646,0.002421844
Temoa,nz,NLLAB,Emissions|n2o|F_E_GSL,?,0.000179639,0.00021341,0.000242962,0.00027822,0.000322871,0.000361677
Temoa,nz,NLLAB,Emissions|n2o|F_E_NG,?,0.001639881,0.003108342,0.004249961,0.006470076,0.008231131,0.011162836
Temoa,nz,NLLAB,Emissions|n2o|F_E_OIL,?,0.000133276,0.000133586,0.000145878,0.000161905,0.000181962,0.000198899
Temoa,nz,NLLAB,Emissions|n2o|F_I_HFO,?,19.975,16.57126,13.69486,11.92907,11.51359,10.36303
Temoa,nz,NLLAB,Emissions|n2o|F_I_NG,?,18.32252011,21.3394102,14.74825738,7.705898126,6.113404828,3.618498661
Temoa,nz,NLLAB,Emissions|n2o|F_R_NG,?,0.000960871,0.002084993,0.003032279,0.00336779,0.003488325,0.003541673
Temoa,nz,NLLAB,Emissions|n2o|F_R_OIL,?,21.15305367,15.24383944,9.237120561,3.66882667,,
Temoa,nz,NLLAB,Emissions|n2o|F_R_WOOD,?,0.006252566,0.013510366,0.022796298,0.027664949,0.031073295,0.031376257
Temoa,nz,NLLAB,Emissions|n2o|F_T_CNG,?,0.016683049,0.006936528,3.88314E-05,3.6999E-05,3.56025E-05,3.46094E-05
Temoa,nz,NLLAB,Emissions|n2o|F_T_DSL,?,339.5101828,241.8008604,132.5914677,21.39765095,21.92536599,22.41176302
Temoa,nz,NLLAB,Emissions|n2o|F_T_GSL,?,35.21757204,25.45753155,10.16474999,0.792802434,0.354742591,0.188825186
Temoa,nz,NLLAB,Emissions|n2o|F_T_HFO,?,7.873925989,7.859774049,0.028223371,0.007427903,,
Temoa,nz,NLLAB,Emissions|n2o|F_T_JTF,?,120.6005738,114.2711383,109.9862969,106.1587188,104.5696547,105.1830204
Temoa,nz,NLLAB,Emissions|n2o|F_T_LNG,?,17.607188,17.60722026,25.03703229,25.04739766,25.04743613,25.04015042
Temoa,nz,NLLAB,Emissions|n2o|F_T_MDO,?,1.30863E-05,,1.39419E-05,,,
Temoa,nz,NLLAB,Emissions|n2o|F_T_NG,?,3.48039E-05,4.28162E-05,4.97803E-05,5.8358E-05,7.41959E-05,0.000120588
Temoa,nz,NLLAB-NS,Activity|electricity,?,14.92432385,8.180102894,7.703444965,7.674190801,7.744135459,7.826774107
Temoa,nz,NLLAB-NS,Activity|electricity|E_INT,?,14.92432385,8.180102894,7.703444965,7.674190801,7.744135459,7.826774107
Temoa,nz,NLLAB-NS,Capacity|electricity,?,0.475,0.475,0.475,0.475,0.475,0.475
Temoa,nz,NLLAB-NS,Capacity|electricity|E_INT,?,0.475,0.475,0.475,0.475,0.475,0.475
Temoa,nz,NLLAB-QC,Activity|electricity,?,29.34930815,40.27525761,0.270865825,0.247979765,0.23603618,0.330758782
Temoa,nz,NLLAB-QC,Activity|electricity|E_INT,?,29.34930815,40.27525761,0.270865825,0.247979765,0.23603618,0.330758782
Temoa,nz,NLLAB-QC,Capacity|electricity,?,5.2,5.2,5.2,5.2,5.2,5.2
Temoa,nz,NLLAB-QC,Capacity|electricity|E_INT,?,5.2,5.2,5.2,5.2,5.2,5.2
Temoa,nz,NS,Activity|agriculture|A_AGRI,?,2.883339518,3.185939559,3.088379196,2.996165672,3.005760815,3.059687445
Temoa,nz,NS,Activity|agriculture|E_A_ELC,?,0.816005591,0.901635351,0.874039053,0.847953669,0.850668098,0.865957591
Temoa,nz,NS,Activity|agriculture|F_A_DSL,?,1.741537019,1.924308443,1.865381034,1.809684066,1.815479532,1.848051217
Temoa,nz,NS,Activity|agriculture|F_A_GSL,?,0.325796908,0.359995765,0.348959108,0.338527937,0.339613185,0.345678637
Temoa,nz,NS,Activity|commercial,?,41.52520722,45.88307779,49.14584791,51.06868216,53.23700654,56.49208958
Temoa,nz,NS,Activity|commercial|C_OTHER,?,10.34544899,11.43118075,12.24407307,12.72318771,13.26339021,14.07459157
Temoa,nz,NS,Activity|commercial|C_SPHC_HP_AIR-NEW,?,16.36373002,18.08096159,19.36667075,20.12423535,20.97871522,22.26084712
Temoa,nz,NS,Activity|commercial|E_C_ELC,?,12.85673402,14.46275951,15.76623245,16.66892975,17.67455659,19.07166534
Temoa,nz,NS,Activity|commercial|F_C_NG,?,1.959294196,1.908175945,1.768871637,1.552329345,1.320344517,1.08498555
Temoa,nz,NS,Activity|electricity,?,150.5533217,173.7995911,193.9035153,218.9921769,223.655457,231.4692684
Temoa,nz,NS,Activity|electricity|E_BAT_2H-NEW,?,0.000956458,0.002890986,0.005884189,0.009401981,0.018483392,0.026008631
Temoa,nz,NS,Activity|electricity|E_BAT_4H-NEW,?,0.000836226,0.003468601,0.007138331,0.013953226,0.045798521,0.591429471
Temoa,nz,NS,Activity|electricity|E_COAL-EXS,?,0.410017109,0.352765174,0.398407095,0.256886022,0.178338576,0.124481275
Temoa,nz,NS,Activity|electricity|E_COAL_RFIT_BYPASS,?,0.409918111,0.352540589,0.398089586,0.256403106,0.177154721,0.121543586
Temoa,nz,NS,Activity|electricity|E_ELC_DX_to_DEM,?,51.56612749,56.83188759,63.15981657,70.22997574,71.48666938,73.97568445
Temoa,nz,NS,Activity|electricity|E_ELC_TX_to_DX,?,51.44536551,56.71124506,63.03926634,70.10953936,71.36637899,73.85557559
Temoa,nz,NS,Activity|electricity|E_HYD_DLY-EXS,?,3.364445405,3.364417627,3.364380043,3.364324653,3.364165792,3.363778279
Temoa,nz,NS,Activity|electricity|E_HYD_ROR-EXS,?,0.120761983,0.120642537,0.120550231,0.12043638,0.120290392,0.12010886
Temoa,nz,NS,Activity|electricity|E_NG_CC-EXS,?,0.152728006,0.122619923,0.091928409,0.071912064,0.072122463,0.059406446
Temoa,nz,NS,Activity|electricity|E_NG_CC-NEW,?,0.427538864,0.337217748,0.309149455,0.221988531,0.207348837,0.180577112
Temoa,nz,NS,Activity|electricity|E_NG_CCS-NEW,?,2.291031961,2.106508359,2.532722736,4.820559464,5.438225143,5.622903547
Temoa,nz,NS,Activity|electricity|E_NG_CCS_RFIT_95,?,9.20176E-05,,0.000499415,0.000685098,0.000623493,0.000660858
Temoa,nz,NS,Activity|electricity|E_NG_CC_RFIT_BYPASS,?,0.578726116,0.457668862,0.397854273,0.289700244,0.274754649,0.235198119
Temoa,nz,NS,Activity|electricity|E_NG_CT-EXS,?,0.221114251,0.195335286,0.123156074,0.1197668,0.112827686,
Temoa,nz,NS,Activity|electricity|E_NG_CT-NEW,?,0.000144801,0.000322406,0.000205648,0.000312782,0.000373659,0.000521129
Temoa,nz,NS,Activity|electricity|E_SOL_PV-NEW-1,?,0.007819453,0.978124112,4.973101079,7.18173928,8.1835903,10.08485994
Temoa,nz,NS,Activity|electricity|E_SOL_PV-NEW-2,?,0.002489447,0.007423439,0.014691238,0.024063697,0.037417257,0.053118702
Temoa,nz,NS,Activity|electricity|E_SOL_PV-NEW-3,?,0.002050527,0.005707406,0.011046889,0.017744827,0.027122259,0.039120703
Temoa,nz,NS,Activity|electricity|E_SOL_PV-NEW-4,?,0.003246585,0.01073972,0.023867421,0.042737293,0.076587956,0.12235683
Temoa,nz,NS,Activity|electricity|E_SOL_PV-NEW-5,?,0.002244442,0.006419814,0.012535559,0.020336238,0.031335769,0.045230866
Temoa,nz,NS,Activity|electricity|E_WND_ON-EXS,?,7.105362121,7.105019135,6.82124363,4.521717576,1.753694807,1.107664119
Temoa,nz,NS,Activity|electricity|E_WND_ON-NEW-1,?,6.413437018,6.443185983,6.457849156,6.470967929,6.482203089,6.490974931
Temoa,nz,NS,Activity|electricity|E_WND_ON-NEW-10,?,0.007474131,0.015052599,0.023061422,0.031316043,0.039959092,0.048407783
Temoa,nz,NS,Activity|electricity|E_WND_ON-NEW-11,?,7.787543515,13.90435328,15.13126329,18.45513232,20.29221095,20.6888813
Temoa,nz,NS,Activity|electricity|E_WND_ON-NEW-12,?,0.005664071,0.011699493,0.018302371,0.025178082,0.032403385,0.039725828
Temoa,nz,NS,Activity|electricity|E_WND_ON-NEW-13,?,0.008068179,0.016874438,0.026710552,0.037015554,0.048558286,0.060850391
Temoa,nz,NS,Activity|electricity|E_WND_ON-NEW-2,?,8.002977586,8.034943813,8.051736287,8.06518235,8.076548767,8.085297497
Temoa,nz,NS,Activity|electricity|E_WND_ON-NEW-3,?,0.201375214,0.249871715,0.282241386,0.316862049,0.354303213,0.401597177
Temoa,nz,NS,Activity|electricity|E_WND_ON-NEW-4,?,2.358308334,9.021300509,10.27011323,11.88315458,12.08722898,12.14617501
Temoa,nz,NS,Activity|electricity|E_WND_ON-NEW-5,?,0.149830292,0.223451243,0.284792794,0.357650588,0.433837294,0.600733972
Temoa,nz,NS,Activity|electricity|E_WND_ON-NEW-6,?,0.012832625,0.026391341,0.041174059,0.057479133,0.075733242,0.09789294
Temoa,nz,NS,Activity|electricity|E_WND_ON-NEW-7,?,0.016643663,0.032594523,0.048945176,0.06654117,0.084736706,0.105026157
Temoa,nz,NS,Activity|electricity|E_WND_ON-NEW-8,?,0.009859777,0.020294442,0.031852668,0.044123199,0.057692802,0.072583084
Temoa,nz,NS,Activity|electricity|E_WND_ON-NEW-9,?,0.095772798,0.174059811,0.258907417,0.374222295,0.526986857,0.989742476
Temoa,nz,NS,Activity|electricity|F_E_COAL,?,1.021724216,0.88039606,0.995334765,0.644611666,0.44944566,0.313293792
Temoa,nz,NS,Activity|electricity|F_E_NG,?,6.348793356,5.672157477,6.175696528,10.46855556,11.64030468,11.59649527
Temoa,nz,NS,Activity|electricity|F_E_U_ENR,?,,,,,,0.00136231
Temoa,nz,NS,Activity|fuel|F_IMP_BIO,?,6.33,7.27,7.98,8.01,8.1,8.23
Temoa,nz,NS,Activity|fuel|F_IMP_CNG,?,0.025091862,0.010216757,,,,
Temoa,nz,NS,Activity|fuel|F_IMP_COAL,?,1.021724216,0.88039606,0.995334765,0.644611666,0.44944566,0.313293792
Temoa,nz,NS,Activity|fuel|F_IMP_DSL,?,36.83242235,29.86141487,17.93487562,5.754053033,5.788337726,5.913024463
Temoa,nz,NS,Activity|fuel|F_IMP_ETH,?,3.136306576,3.143192707,1.337050704,0.400758104,0.262069756,0.082488644
Temoa,nz,NS,Activity|fuel|F_IMP_GSL,?,25.7013683,18.1714211,7.925579763,2.609490524,1.824675137,0.813114287
Temoa,nz,NS,Activity|fuel|F_IMP_HFO,?,28.39443293,29.48940844,20.23503304,18.94838562,17.90000516,17.24000313
Temoa,nz,NS,Activity|fuel|F_IMP_JTF,?,23.73419564,22.62911329,21.90520735,21.24494032,21.01015582,21.20751331
Temoa,nz,NS,Activity|fuel|F_IMP_LNG,?,23.00878969,23.01846888,31.20905175,31.22026878,31.22035781,31.20442395
Temoa,nz,NS,Activity|fuel|F_IMP_NG,?,11.60760361,10.45346814,10.33847194,13.94231795,14.88429383,14.15836647
Temoa,nz,NS,Activity|fuel|F_IMP_OIL,?,11.43926398,8.074010378,4.607659769,1.816255624,,
Temoa,nz,NS,Activity|fuel|F_IMP_RDSL,?,1.462120222,1.164046101,0.669562274,0.164348707,0.165535758,0.169373885
Temoa,nz,NS,Activity|fuel|F_IMP_U_ENR,?,,,,,,0.00136231
Temoa,nz,NS,Activity|fuel|F_IMP_WOOD,?,0.72084292,0.480735458,0.240663156,,,
Temoa,nz,NS,Activity|industrial|E_I_ELC,?,8.309722613,8.989232029,9.409155388,9.429301438,9.379314815,9.379239905
Temoa,nz,NS,Activity|industrial|F_I_BIO,?,6.33,7.27,7.98,8.01,8.1,8.23
Temoa,nz,NS,Activity|industrial|F_I_HFO,?,18.73,19.86,20.18,18.93,17.9,17.24
Temoa,nz,NS,Activity|industrial|F_I_NG,?,2.72,2.37,1.97,1.58,1.59,1.47
Temoa,nz,NS,Activity|industrial|I_IND,?,36.09,38.49,39.54,37.95,36.97,36.32
Temoa,nz,NS,Activity|residential,?,63.80339951,61.49970652,58.37010131,56.46124051,55.61411388,57.03685535
Temoa,nz,NS,Activity|residential|E_R_ELC,?,18.54540727,18.55860995,18.26517165,18.69278447,18.87378127,19.32344328
Temoa,nz,NS,Activity|residential|F_R_NG,?,0.237304874,0.160892265,0.082295975,0.016261274,0.006621852,0.006191667
Temoa,nz,NS,Activity|residential|F_R_OIL,?,11.43895553,8.073761646,4.607417658,1.815990288,,
Temoa,nz,NS,Activity|residential|F_R_WOOD,?,0.72084292,0.480735458,0.240663156,,,
Temoa,nz,NS,Activity|residential|R_APP_CL_WASH-EXS,?,0.013599935,0.004972259,,,,
Temoa,nz,NS,Activity|residential|R_APP_CL_WASH-TYP-NEW,?,0.005177178,0.014641438,0.020320906,0.020220457,0.020447135,0.02155161
Temoa,nz,NS,Activity|residential|R_APP_COOK_ELEC-EXS,?,0.015147432,0.009036998,0.001534189,,,
Temoa,nz,NS,Activity|residential|R_APP_COOK_ELEC-TYP-NEW,?,0.005628634,0.012098507,0.019297448,0.022574895,0.023263022,0.023880545
Temoa,nz,NS,Activity|residential|R_APP_DRY_ELEC-EXS,?,0.010046196,0.004535574,,,,
Temoa,nz,NS,Activity|residential|R_APP_DRY_ELEC-TYP-NEW,?,0.008016561,0.01412256,0.018625185,0.01934804,0.019305323,0.0199102
Temoa,nz,NS,Activity|residential|R_APP_DS_WASH-EXS,?,0.007871796,0.003772923,,,,
Temoa,nz,NS,Activity|residential|R_APP_DS_WASH-TYP-NEW,?,0.004126729,0.008520251,0.013043512,0.012821491,0.012440435,0.012882545
Temoa,nz,NS,Activity|residential|R_APP_FREZ-EXS,?,0.008751494,0.005966099,0.002477064,,,
Temoa,nz,NS,Activity|residential|R_APP_FREZ-TYP-NEW,?,0.001894727,0.003683726,0.005225359,0.007582781,0.008338234,0.008923213
Temoa,nz,NS,Activity|residential|R_APP_OTH,?,0.443292502,0.461799378,0.47465109,0.484957095,0.495714758,0.508831717
Temoa,nz,NS,Activity|residential|R_APP_REFR-EXS,?,0.01455792,,,,,
Temoa,nz,NS,Activity|residential|R_APP_REFR-TYP-NEW,?,0.011715021,0.024552824,0.028173669,0.028785398,0.029423936,0.030202514
Temoa,nz,NS,Activity|residential|R_LGT_CFL-EXS,?,0.813149614,0.522896952,0.198704783,,,
Temoa,nz,NS,Activity|residential|R_LGT_LED-EXS,?,1.196537793,1.196658047,1.136833165,1.196651882,0.957302886,0.658145853
Temoa,nz,NS,Activity|residential|R_LGT_LED-TYP-NEW,?,2.974193365,3.558466883,4.178372453,4.503793311,4.957276063,5.444376471
Temoa,nz,NS,Activity|residential|R_LGT_T12-EXS,?,0.332653468,0.260470681,0.178716449,0.115752618,0.030616786,
Temoa,nz,NS,Activity|residential|R_SPC_CENT_AC-EXS,?,0.223514193,0.157746794,0.091968888,0.010346395,,
Temoa,nz,NS,Activity|residential|R_SPC_ROOM_AC-EXS,?,0.263696855,,,,,
Temoa,nz,NS,Activity|residential|R_SPHC_AIR_HP-TYP-NEW,?,7.181826998,13.01105709,18.42681099,22.75173924,25.39230954,26.06445893
Temoa,nz,NS,Activity|residential|R_SPH_ELEC-EXS,?,3.464272568,2.552625025,1.640973809,0.65639435,,
Temoa,nz,NS,Activity|residential|R_SPH_ELEC_RAD-NEW,?,,0.000114435,0.000118055,0.000958636,0.00255258,0.002561238
Temoa,nz,NS,Activity|residential|R_SPH_HP-EXS,?,2.575526588,1.404831994,0.09365335,,,
Temoa,nz,NS,Activity|residential|R_SPH_NG-EXS,?,0.15877343,0.112057331,0.065367142,0.00713787,,
Temoa,nz,NS,Activity|residential|R_SPH_OIL-EXS,?,6.099040079,4.494029532,2.889024597,1.15560921,,
Temoa,nz,NS,Activity|residential|R_SPH_WOOD-ELC-EXS,?,1.009330691,0.672890832,0.336447536,,,
Temoa,nz,NS,Activity|residential|R_SPH_WOOD-EXS,?,0.360361958,0.240241486,0.120121772,,,
Temoa,nz,NS,Activity|residential|R_SPH_WOOD-OIL-EXS,?,1.376780481,1.014469279,0.652158036,0.260863214,,
Temoa,nz,NS,Activity|residential|R_WAH_ELC-EXS,?,1.407931039,0.767961395,0.051201,,,
Temoa,nz,NS,Activity|residential|R_WAH_ELEC-TYP-NEW,?,,1.245887352,2.949985126,4.674994138,4.777801672,4.90398996
Temoa,nz,NS,Activity|residential|R_WAH_HP-TYP-NEW,?,1.9291915,1.930536586,1.546409247,0.005673446,0.006918386,0.007505611
Temoa,nz,NS,Activity|residential|R_WAH_OIL-EXS,?,0.944282176,0.515062975,0.034338047,,,
Temoa,nz,NS,Activity|transportation,?,473.1444119,449.9740784,410.9076796,380.8462847,378.5360764,376.6438367
Temoa,nz,NS,Activity|transportation|E_T_ELC,?,11.03798057,13.91888272,18.84437335,24.59030778,24.70766337,25.33461818
Temoa,nz,NS,Activity|transportation|F_T_CNG,?,0.025091862,0.010216757,,,,
Temoa,nz,NS,Activity|transportation|F_T_DSL,?,35.09088533,27.93710642,16.06949458,3.944368968,3.972858194,4.064973246
Temoa,nz,NS,Activity|transportation|F_T_ETH,?,3.136306576,3.143192707,1.337050704,0.400758104,0.262069756,0.082488644
Temoa,nz,NS,Activity|transportation|F_T_GSL,?,25.37557139,17.81142534,7.576620655,2.270962587,1.485061952,0.46743565
Temoa,nz,NS,Activity|transportation|F_T_HFO,?,9.664432933,9.629408441,0.055033044,0.01838562,,
Temoa,nz,NS,Activity|transportation|F_T_JTF,?,23.73419564,22.62911329,21.90520735,21.24494032,21.01015582,21.20751331
Temoa,nz,NS,Activity|transportation|F_T_LNG,?,23.00878969,23.01846888,31.20905175,31.22026878,31.22035781,31.20442395
Temoa,nz,NS,Activity|transportation|F_T_NG,?,0.342211187,0.342242458,0.341607796,0.325171776,0.326511904,
Temoa,nz,NS,Activity|transportation|F_T_RDSL,?,1.462120222,1.164046101,0.669562274,0.164348707,0.165535758,0.169373885
Temoa,nz,NS,Activity|transportation|T_BLND_ETH_GSL,?,28.51187797,20.95461805,8.913671359,2.671720691,1.747131708,0.549924294
Temoa,nz,NS,Activity|transportation|T_BLND_GSL_ELC_PHEV35,?,3.968748729,5.345780738,7.105758296,4.221581464,2.638552465,0.613291049
Temoa,nz,NS,Activity|transportation|T_BLND_GSL_ELC_PHEV50,?,,,0.004002294,0.003979526,0.157812986,0.323008287
Temoa,nz,NS,Activity|transportation|T_BLND_JTF,?,23.73419239,22.62910489,21.90519233,21.24491634,21.01011935,21.20748067
Temoa,nz,NS,Activity|transportation|T_BLND_RDSL_DSL,?,36.55300555,29.10115252,16.73905686,4.108717675,4.138393952,4.234347132
Temoa,nz,NS,Activity|transportation|T_ELC_AC_DC,?,0.008560332,0.097796031,0.066837942,0.022762845,0.064455939,0.351628861
Temoa,nz,NS,Activity|transportation|T_H2_COMP_100_700,?,0.257793989,0.328614973,0.304946624,0.258742761,0.293964461,0.291373576
Temoa,nz,NS,Activity|transportation|T_H2_COMP_10_100,?,0.257793989,0.328614906,0.304907629,0.258691747,0.2939159,0.291360509
Temoa,nz,NS,Activity|transportation|T_H2_HDV_REFUEL,?,0.256399554,0.326859141,0.303611744,0.257639849,0.292716891,0.289821029
Temoa,nz,NS,Activity|transportation|T_H2_distribution,?,0.257793989,0.328614906,0.305304105,0.259148389,0.294393426,0.291465562
Temoa,nz,NS,Activity|transportation|T_HDV_AJF_JFL_EX,?,0.143781758,0.116615256,0.096454589,0.06036785,,
Temoa,nz,NS,Activity|transportation|T_HDV_AJF_JFL_N,?,0.048469644,0.080011949,0.103809395,0.142759043,0.205419948,0.207539606
Temoa,nz,NS,Activity|transportation|T_HDV_AJP_JFL_EX,?,11.34369997,9.455724087,7.413211032,3.995181867,,
Temoa,nz,NS,Activity|transportation|T_HDV_AJP_JFL_N,?,4.151166987,6.358033687,8.665666088,12.29253509,16.45518954,16.60942771
Temoa,nz,NS,Activity|transportation|T_HDV_BIC_DSL_EX,?,0.041268485,0.017407681,,,,
Temoa,nz,NS,Activity|transportation|T_HDV_BIC_FCEV_N,?,0.17623641,0.209773757,0.23634682,0.241178267,0.245035914,0.248585803
Temoa,nz,NS,Activity|transportation|T_HDV_BIC_GSL_EX,?,0.004526655,0.00189516,,,,
Temoa,nz,NS,Activity|transportation|T_HDV_BS_BEV_N,?,,0.153284956,0.860165594,1.608959886,1.66494944,1.700928649
Temoa,nz,NS,Activity|transportation|T_HDV_BS_CNG_EX,?,0.032713324,0.013856314,,,,
Temoa,nz,NS,Activity|transportation|T_HDV_BS_DSL_EX,?,0.453774886,0.190967766,,,,
Temoa,nz,NS,Activity|transportation|T_HDV_BS_FCHEV_N,?,1.030172221,1.220804243,0.775444378,0.053064002,0.018240176,
Temoa,nz,NS,Activity|transportation|T_HDV_BS_GSL_EX,?,0.045163271,0.023215172,,,,
Temoa,nz,NS,Activity|transportation|T_HDV_BT_BEV_EX,?,0.084213587,0.042731194,,,,
Temoa,nz,NS,Activity|transportation|T_HDV_BT_BEV_N,?,0.661967672,0.842324992,0.999081759,1.019950389,1.036691501,1.052119625
Temoa,nz,NS,Activity|transportation|T_HDV_BT_CNG_EX,?,0.002719417,,,,,
Temoa,nz,NS,Activity|transportation|T_HDV_BT_DSL_EX,?,0.18856627,0.084755223,,,,
Temoa,nz,NS,Activity|transportation|T_HDV_CHRG,?,4.099877005,5.072493087,6.879317638,9.160568708,8.851618731,8.569436052
Temoa,nz,NS,Activity|transportation|T_HDV_RF_H2_N,?,,,0.036946852,0.065808486,0.088607741,0.109172555
Temoa,nz,NS,Activity|transportation|T_HDV_RF_LNG_N,?,74.48912126,74.5342156,74.53420803,74.53419264,74.53417507,74.53413397
Temoa,nz,NS,Activity|transportation|T_HDV_RICP_DSL_EX,?,0.211178867,0.134157899,0.076888258,,,
Temoa,nz,NS,Activity|transportation|T_HDV_RICP_DSL_N,?,0.052115062,0.052114937,0.052114592,0.052047488,,
Temoa,nz,NS,Activity|transportation|T_HDV_RICP_H2_N,?,,0.077160859,0.134572208,0.21161633,0.263670416,0.263670029
Temoa,nz,NS,Activity|transportation|T_HDV_T_BEV_N,?,6.204818632,9.558787393,14.6483344,20.72402055,20.90020062,21.06240732
Temoa,nz,NS,Activity|transportation|T_HDV_T_DSL_EX,?,13.68576889,10.66704043,5.8561708,,,
Temoa,nz,NS,Activity|transportation|T_HDV_WTF_HFO_EX,?,61.213912,60.99205899,0.34853671,0.116397066,,
Temoa,nz,NS,Activity|transportation|T_HDV_WTF_LNG_N,?,43.08774985,43.08774833,103.5469442,103.6338927,103.633857,103.5266084
Temoa,nz,NS,Activity|transportation|T_I_H2_ELC_ALK,?,0.004965911,0.065184717,0.042409417,0.008287588,0.034905864,0.031175419
Temoa,nz,NS,Activity|transportation|T_I_H2_ELC_PEM,?,,0.009807827,0.006934295,0.003360318,0.010971168,0.251236913
Temoa,nz,NS,Activity|transportation|T_I_H2_SMR_CCS,?,0.251006254,0.251018541,0.250545954,0.238481642,0.23942632,
Temoa,nz,NS,Activity|transportation|T_LDV_BEV_CHRG,?,0.041172616,0.506881424,1.009422474,3.722998938,4.839886957,6.311853968
Temoa,nz,NS,Activity|transportation|T_LDV_C_BEV150_EX,?,0.016986233,0.014081887,,,,
Temoa,nz,NS,Activity|transportation|T_LDV_C_BEV150_N,?,,0.100268421,0.221702847,0.311421474,0.341405727,0.368711768
Temoa,nz,NS,Activity|transportation|T_LDV_C_BEV200_N,?,,0.200537991,0.443408157,0.622845961,0.682814792,0.737427444
Temoa,nz,NS,Activity|transportation|T_LDV_C_BEV300_N,?,,0.300807445,0.665113223,0.934270461,1.0242238,1.106143232
Temoa,nz,NS,Activity|transportation|T_LDV_C_BEV400_N,?,,0.401076869,0.886818121,1.24569481,1.365632569,1.474858715
Temoa,nz,NS,Activity|transportation|T_LDV_C_DSL_EX,?,0.015254185,,,,,
Temoa,nz,NS,Activity|transportation|T_LDV_C_GSL_EX,?,1.106949302,0.596643865,,,,
Temoa,nz,NS,Activity|transportation|T_LDV_C_GSL_HEV_EX,?,0.030613566,0.018029033,,,,
Temoa,nz,NS,Activity|transportation|T_LDV_C_GSL_PHEV35_EX,?,0.010362387,0.007996331,,,,
Temoa,nz,NS,Activity|transportation|T_LDV_C_GSL_PHEV35_N,?,0.60320028,0.686944025,0.564312137,0.023930096,0.010015337,
Temoa,nz,NS,Activity|transportation|T_LDV_LTF_BEV150_N,?,,,,0.085735498,0.111325474,0.154637913
Temoa,nz,NS,Activity|transportation|T_LDV_LTF_BEV200_N,?,,,,0.17147267,0.222652785,0.309279041
Temoa,nz,NS,Activity|transportation|T_LDV_LTF_BEV300_N,?,,,,0.257209957,0.333979829,0.463919739
Temoa,nz,NS,Activity|transportation|T_LDV_LTF_BEV400_N,?,,,,0.342947262,0.445307312,0.618560465
Temoa,nz,NS,Activity|transportation|T_LDV_LTF_DSL_EX,?,0.073685998,0.06059453,0.010987208,,,
Temoa,nz,NS,Activity|transportation|T_LDV_LTF_GSL_EX,?,0.878496771,0.641957618,0.114875383,,,
Temoa,nz,NS,Activity|transportation|T_LDV_LTF_GSL_PHEV35_N,?,0.838854346,1.139531942,1.755933541,1.058352846,0.725317248,0.195474079
Temoa,nz,NS,Activity|transportation|T_LDV_LTF_GSL_PHEV50_N,?,,,0.00271028,0.00280937,0.108159863,0.229654785
Temoa,nz,NS,Activity|transportation|T_LDV_LTP_BEV150_N,?,,,,0.268222544,0.45352903,0.691436648
Temoa,nz,NS,Activity|transportation|T_LDV_LTP_BEV200_N,?,,,,0.536450038,0.907063563,1.38288104
Temoa,nz,NS,Activity|transportation|T_LDV_LTP_BEV300_EX,?,0.013341199,0.012267105,0.000859172,,,
Temoa,nz,NS,Activity|transportation|T_LDV_LTP_BEV300_N,?,,,,0.804677968,1.360598757,2.074325476
Temoa,nz,NS,Activity|transportation|T_LDV_LTP_BEV400_N,?,,,,1.072906496,1.814134471,2.76577073
Temoa,nz,NS,Activity|transportation|T_LDV_LTP_DSL_EX,?,0.136447252,0.087037569,0.013858306,,,
Temoa,nz,NS,Activity|transportation|T_LDV_LTP_GSL_EX,?,3.265421848,2.177162607,0.374334367,,,
Temoa,nz,NS,Activity|transportation|T_LDV_LTP_GSL_HEV_EX,?,0.024164258,0.023244211,0.003159178,,,
Temoa,nz,NS,Activity|transportation|T_LDV_LTP_GSL_PHEV35_EX,?,0.004353263,0.004960288,,,,
Temoa,nz,NS,Activity|transportation|T_LDV_LTP_GSL_PHEV35_N,?,2.316475326,3.958061312,6.287759266,4.333096597,2.745102248,0.610173193
Temoa,nz,NS,Activity|transportation|T_LDV_M_BEV_N,?,0.055596207,0.110411721,0.152384305,0.171120836,0.173925896,0.176506954
Temoa,nz,NS,Activity|transportation|T_LDV_M_GSL_EX,?,0.102220989,0.052812416,0.015261512,,,
Temoa,nz,NS,Activity|transportation|T_LDV_PHEV_CHRG,?,1.459929809,1.966945296,2.617475699,1.556341864,1.049319539,0.386456347
Temoa,nz,NS,Activity|transportation|T_MDV_CHRG,?,4.297555647,4.857003508,6.360544268,7.641876336,7.404562925,7.181180824
Temoa,nz,NS,Activity|transportation|T_MDV_T_BEV_N,?,2.501837731,3.356869479,4.818240247,5.997974991,6.014318267,6.02937141
Temoa,nz,NS,Activity|transportation|T_MDV_T_DSL_EX,?,2.046740622,1.595552358,0.718792695,,,
Temoa,nz,NS,Activity|transportation|T_MDV_T_GSL_EX,?,1.372081845,0.999344721,0.440581107,,,
Temoa,nz,NS,Activity|transportation|T_OFF,?,3.539964018,3.738605152,3.903752378,4.03384384,4.13816887,4.234243077
Temoa,nz,NS,Capacity|commercial,?,154.2636781,121.9810399,85.15327113,61.42430122,58.30682601,61.87398852
Temoa,nz,NS,Capacity|commercial|C_SPC_AC_ROOF-NEW,?,0.001005603,0.002150931,0.003217295,0.004361526,0.004762443,0.004961364
Temoa,nz,NS,Capacity|commercial|C_SPC_ELC-EXS,?,66.61801603,42.82586745,17.13034698,,,
Temoa,nz,NS,Capacity|commercial|C_SPHC_HP_AIR-NEW,?,45.41851571,50.18472831,53.75328363,55.85662202,58.22820343,61.78967845
Temoa,nz,NS,Capacity|commercial|C_SPHC_HP_GEO-NEW,?,0.000442214,0.000953693,0.001450951,0.001664158,0.001815725,0.001943679
Temoa,nz,NS,Capacity|commercial|C_SPH_ELC-EXS,?,14.45587408,8.432593211,0.963724938,,,
Temoa,nz,NS,Capacity|commercial|C_SPH_ELC_BLR-NEW,?,0.004541247,0.009807098,0.015808703,0.018126755,0.020222941,0.022149068
Temoa,nz,NS,Capacity|commercial|C_SPH_ELC_RES-NEW,?,0.004553062,0.009779358,0.015740966,0.019784988,0.021258301,0.022502015
Temoa,nz,NS,Capacity|commercial|C_SPH_NG-EXS,?,23.79725877,17.53482225,11.27238573,4.508954293,,
Temoa,nz,NS,Capacity|commercial|C_SPH_NG_FRN-NEW,?,0.005556218,0.011901212,0.018354328,0.025308674,0.030563169,0.032753944
Temoa,nz,NS,Capacity|commercial|C_SPH_OIL-EXS,?,3.957915217,2.968436413,1.978957609,0.989478804,,
Temoa,nz,NS,Capacity|electricity,?,4.662898814,5.443501765,6.223744006,6.890939823,6.920140684,7.347248973
Temoa,nz,NS,Capacity|electricity|E_BAT_2H-NEW,?,0.000340755,0.000934307,0.00186555,0.002699766,0.004251275,0.005295299
Temoa,nz,NS,Capacity|electricity|E_BAT_4H-NEW,?,0.000213086,0.000685718,0.001408425,0.002466018,0.007525526,0.099656694
Temoa,nz,NS,Capacity|electricity|E_BIO_M-EXS,?,0.095,0.095,0.095,0.0638,0.0638,0.0638
Temoa,nz,NS,Capacity|electricity|E_BIO_M-NEW,?,1.76539E-05,3.68053E-05,5.77243E-05,8.05055E-05,0.000105301,0.00013238
Temoa,nz,NS,Capacity|electricity|E_COAL-EXS,?,0.928,0.625,0.625,0.625,0.625,0.625
Temoa,nz,NS,Capacity|electricity|E_COAL_CCS_RFIT_90,?,2.08345E-05,4.33705E-05,6.74909E-05,9.29238E-05,0.000118817,0.00014367
Temoa,nz,NS,Capacity|electricity|E_COAL_CCS_RFIT_95,?,2.12442E-05,4.42341E-05,6.88825E-05,9.48362E-05,0.000121233,0.000146479
Temoa,nz,NS,Capacity|electricity|E_HYD_DLY-EXS,?,0.15595,0.15595,0.15595,0.15595,0.15595,0.15595
Temoa,nz,NS,Capacity|electricity|E_HYD_ROR-EXS,?,0.019,0.019,0.019,0.019,0.019,0.019
Temoa,nz,NS,Capacity|electricity|E_NG_CC-EXS,?,0.049,0.049,0.049,0.049,0.049,0.049
Temoa,nz,NS,Capacity|electricity|E_NG_CC-NEW,?,0.112083021,0.11531297,0.116121687,0.117430448,0.119826135,0.140645572
Temoa,nz,NS,Capacity|electricity|E_NG_CCS-NEW,?,0.180357415,0.211857022,0.297249519,0.576236896,0.681973475,0.814650933
Temoa,nz,NS,Capacity|electricity|E_NG_CCS_RFIT_90,?,6.53462E-05,0.000131841,0.000212901,0.000297671,0.000383195,0.000470787
Temoa,nz,NS,Capacity|electricity|E_NG_CCS_RFIT_95,?,7.85455E-05,0.000158178,0.000259571,0.000366136,0.000472906,0.000582155
Temoa,nz,NS,Capacity|electricity|E_NG_CT-EXS,?,0.094,0.094,0.094,0.094,0.094,
Temoa,nz,NS,Capacity|electricity|E_NG_CT-NEW,?,9.5935E-05,0.000192765,0.000277174,0.000377397,0.000491604,0.000635304
Temoa,nz,NS,Capacity|electricity|E_OIL_CT-EXS,?,0.554,0.554,0.554,0.554,0.454,0.454
Temoa,nz,NS,Capacity|electricity|E_SOL_PV-NEW-1,?,0.001138944,0.132251363,0.657176585,0.942086494,1.069201408,1.306200129
Temoa,nz,NS,Capacity|electricity|E_SOL_PV-NEW-2,?,0.000429348,0.001211269,0.002338311,0.003787824,0.005822519,0.008296611
Temoa,nz,NS,Capacity|electricity|E_SOL_PV-NEW-3,?,0.000370762,0.000976003,0.001830397,0.00292017,0.004426724,0.006407072
Temoa,nz,NS,Capacity|electricity|E_SOL_PV-NEW-4,?,0.000526343,0.001642196,0.003521805,0.006186511,0.01085453,0.017173504
Temoa,nz,NS,Capacity|electricity|E_SOL_PV-NEW-5,?,0.000395734,0.001067287,0.002022629,0.003251249,0.004966213,0.007192367
Temoa,nz,NS,Capacity|electricity|E_WND_ON-EXS,?,0.76716,0.76716,0.73656,0.48836,0.1896,0.12
Temoa,nz,NS,Capacity|electricity|E_WND_ON-NEW-1,?,0.41403708,0.415974484,0.417003352,0.417996995,0.418953705,0.41992912
Temoa,nz,NS,Capacity|electricity|E_WND_ON-NEW-10,?,0.00065938,0.001344022,0.002094275,0.002917917,0.003833674,0.004887164
Temoa,nz,NS,Capacity|electricity|E_WND_ON-NEW-11,?,0.592411791,1.041072844,1.130829097,1.372866657,1.506353227,1.535750652
Temoa,nz,NS,Capacity|electricity|E_WND_ON-NEW-12,?,0.000551901,0.001152646,0.001824953,0.0025747,0.003410569,0.004377515
Temoa,nz,NS,Capacity|electricity|E_WND_ON-NEW-13,?,0.000761083,0.001592095,0.002532432,0.003581027,0.004793138,0.006235264
Temoa,nz,NS,Capacity|electricity|E_WND_ON-NEW-2,?,0.499845293,0.501856044,0.502982821,0.503972293,0.504916762,0.505879072
Temoa,nz,NS,Capacity|electricity|E_WND_ON-NEW-3,?,0.013613382,0.016849245,0.019072014,0.021505031,0.024214136,0.027812293
Temoa,nz,NS,Capacity|electricity|E_WND_ON-NEW-4,?,0.162031675,0.603351236,0.685843748,0.792021262,0.805712854,0.8102164
Temoa,nz,NS,Capacity|electricity|E_WND_ON-NEW-5,?,0.010337993,0.015301272,0.019474685,0.024471949,0.029783547,0.041298165
Temoa,nz,NS,Capacity|electricity|E_WND_ON-NEW-6,?,0.001026181,0.00210839,0.003311382,0.004693297,0.006297253,0.008378158
Temoa,nz,NS,Capacity|electricity|E_WND_ON-NEW-7,?,0.001288553,0.002529813,0.003826232,0.005275785,0.006851487,0.008769988
Temoa,nz,NS,Capacity|electricity|E_WND_ON-NEW-8,?,0.000824901,0.001701348,0.002683845,0.003790735,0.005056956,0.006590187
Temoa,nz,NS,Capacity|electricity|E_WND_ON-NEW-9,?,0.007244632,0.013012996,0.019276521,0.027787329,0.039072513,0.072746039
Temoa,nz,NS,Capacity|residential,?,83.12859847,86.53389778,93.4479619,90.87972952,92.91342808,95.3530221
Temoa,nz,NS,Capacity|residential|R_APP_CL_WASH-EXS,?,0.2760015,0.1104006,,,,
Temoa,nz,NS,Capacity|residential|R_APP_CL_WASH-TYP-NEW,?,0.114277254,0.29617169,0.417886977,0.426960583,0.436431795,0.447980106
Temoa,nz,NS,Capacity|residential|R_APP_COOK_ELEC-EXS,?,0.307290176,0.189101647,0.052002953,,,
Temoa,nz,NS,Capacity|residential|R_APP_COOK_ELEC-TYP-NEW,?,0.123597951,0.266248763,0.422283016,0.484623623,0.495442422,0.508607036
Temoa,nz,NS,Capacity|residential|R_APP_COOK_NG-EXS,?,0.012441176,0.006220588,,,,
Temoa,nz,NS,Capacity|residential|R_APP_COOK_NG-TYP-NEW,?,0.000274173,0.000553064,0.000696913,0.000672367,0.00061863,0.000581974
Temoa,nz,NS,Capacity|residential|R_APP_DRY_ELEC-EXS,?,0.206519412,0.103259706,,,,
Temoa,nz,NS,Capacity|residential|R_APP_DRY_ELEC-TYP-NEW,?,0.167368663,0.285599882,0.399620168,0.408721215,0.41804126,0.429246511
Temoa,nz,NS,Capacity|residential|R_APP_DRY_NG-TYP-NEW,?,0.000957911,0.001635908,0.001742102,0.00135609,0.001132785,0.001019469
Temoa,nz,NS,Capacity|residential|R_APP_DS_WASH-EXS,?,0.166957353,0.091067647,0.006071176,,,
Temoa,nz,NS,Capacity|residential|R_APP_DS_WASH-TYP-NEW,?,0.097102106,0.184016128,0.276668224,0.288878083,0.295286275,0.30309984
Temoa,nz,NS,Capacity|residential|R_APP_FREZ-EXS,?,0.184129318,0.129973636,0.075817955,0.008664909,,
Temoa,nz,NS,Capacity|residential|R_APP_FREZ-TYP-NEW,?,0.067078856,0.131722246,0.193160921,0.266154389,0.280914935,0.288348274
Temoa,nz,NS,Capacity|residential|R_APP_REFR-EXS,?,0.291158583,0.033275267,,,,
Temoa,nz,NS,Capacity|residential|R_APP_REFR-TYP-NEW,?,0.235088264,0.514941774,0.563473551,0.575708155,0.588478959,0.60405054
Temoa,nz,NS,Capacity|residential|R_LGT_CFL-EXS,?,12.19485966,7.839552637,3.135821055,,,
Temoa,nz,NS,Capacity|residential|R_LGT_LED-EXS,?,17.94091457,17.94091457,17.94091457,17.94091457,14.35273166,9.867503014
Temoa,nz,NS,Capacity|residential|R_LGT_LED-TYP-NEW,?,44.59273466,53.35035624,65.94099073,67.52369582,74.32295692,81.62555183
Temoa,nz,NS,Capacity|residential|R_LGT_T12-EXS,?,4.989881236,3.905124446,2.820367655,1.735610865,0.477292988,
Temoa,nz,NS,Capacity|residential|R_SPC_CENT_AC-EXS,?,0.019699909,0.013905818,0.008111727,0.000927055,,
Temoa,nz,NS,Capacity|residential|R_SPC_ROOM_AC-EXS,?,0.06472125,,,,,
Temoa,nz,NS,Capacity|residential|R_SPC_ROOM_AC-TYP-NEW,?,1.81742E-05,2.99844E-05,3.48336E-05,4.18909E-05,4.77531E-05,4.53603E-05
Temoa,nz,NS,Capacity|residential|R_SPHC_AIR_HP-TYP-NEW,?,0.159137964,0.288433263,0.414470979,0.514448031,0.576176178,0.591418363
Temoa,nz,NS,Capacity|residential|R_SPHC_GEO_HP-TYP-NEW,?,,,,1.00871E-05,2.2539E-05,3.42588E-05
Temoa,nz,NS,Capacity|residential|R_SPH_ELEC-EXS,?,0.105355,0.07763,0.049905,0.019962,,
Temoa,nz,NS,Capacity|residential|R_SPH_ELEC_RAD-NEW,?,1.7036E-05,4.17684E-05,6.7715E-05,9.98388E-05,0.000129121,0.000134532
Temoa,nz,NS,Capacity|residential|R_SPH_HP-EXS,?,0.060987882,0.033266118,0.002217741,,,
Temoa,nz,NS,Capacity|residential|R_SPH_NG-EXS,?,0.020025227,0.014135455,0.008245682,0.000942364,,
Temoa,nz,NS,Capacity|residential|R_SPH_NG_FRN-TYP-NEW,?,,,,,1.03499E-05,2.06914E-05
Temoa,nz,NS,Capacity|residential|R_SPH_OIL-EXS,?,0.120922909,0.089101091,0.057279273,0.022911709,,
Temoa,nz,NS,Capacity|residential|R_SPH_WOOD-ELC-EXS,?,0.015998182,0.010665455,0.005332727,,,
Temoa,nz,NS,Capacity|residential|R_SPH_WOOD-EXS,?,0.012068864,0.008045909,0.004022955,,,
Temoa,nz,NS,Capacity|residential|R_SPH_WOOD-OIL-EXS,?,0.027444636,0.020222364,0.013000091,0.005200036,,
Temoa,nz,NS,Capacity|residential|R_WAH_ELC-EXS,?,0.206625941,0.112705059,0.007513671,,,
Temoa,nz,NS,Capacity|residential|R_WAH_ELEC-TYP-NEW,?,0.000118209,0.17370357,0.411291254,0.651794314,0.666127883,0.683721311
Temoa,nz,NS,Capacity|residential|R_WAH_HP-TYP-NEW,?,0.2689706,0.26935241,0.216009009,0.001291845,0.001435698,0.001506313
Temoa,nz,NS,Capacity|residential|R_WAH_NG-TYP-NEW,?,2.21436E-05,4.75876E-05,6.73858E-05,7.83291E-05,8.34797E-05,8.39246E-05
Temoa,nz,NS,Capacity|residential|R_WAH_OIL-EXS,?,0.077818529,0.042446471,0.002829765,,,
Temoa,nz,NS,Capacity|residential|R_WAH_SOLAR-TYP-NEW,?,1.31921E-05,2.90161E-05,4.41238E-05,6.13521E-05,6.64488E-05,6.87515E-05
Temoa,nz,NS,Capacity|transportation,?,1029.543947,1019.74123,1092.206049,1099.742585,1069.03929,1065.899589
Temoa,nz,NS,Capacity|transportation|T_ELC_AC_DC,?,0.000839852,0.003819022,0.004357346,0.004914311,0.005820008,0.025153512
Temoa,nz,NS,Capacity|transportation|T_H2_COMP_100_700,?,0.008175071,0.010420608,0.010434345,0.008220112,0.009335589,0.009321852
Temoa,nz,NS,Capacity|transportation|T_H2_COMP_10_100,?,0.008175146,0.01042062,0.010435939,0.008220116,0.009335722,0.009320403
Temoa,nz,NS,Capacity|transportation|T_H2_HDV_REFUEL,?,0.256400366,0.326860907,0.303613652,0.257642544,0.292719664,0.289822449
Temoa,nz,NS,Capacity|transportation|T_H2_LDV_REFUEL,?,,1.01365E-05,2.84046E-05,3.98747E-05,4.58909E-05,4.54535E-05
Temoa,nz,NS,Capacity|transportation|T_H2_MDV_REFUEL,?,0.000101762,0.000114163,0.000140473,0.000179706,0.000162452,0.000151088
Temoa,nz,NS,Capacity|transportation|T_HDV_AJF_JFL_EX,?,0.143782222,0.116615624,0.096454849,0.060367984,,
Temoa,nz,NS,Capacity|transportation|T_HDV_AJF_JFL_N,?,0.048469702,0.080012093,0.103809642,0.14275938,0.205420528,0.207540132
Temoa,nz,NS,Capacity|transportation|T_HDV_AJP_JFL_EX,?,11.34370377,9.455726089,7.413212083,3.995182331,,
Temoa,nz,NS,Capacity|transportation|T_HDV_AJP_JFL_N,?,4.151167231,6.358034151,8.665666824,12.29253623,16.45519124,16.60942923
Temoa,nz,NS,Capacity|transportation|T_HDV_BIC_BEV_N,?,,,1.25401E-05,2.52707E-05,3.12016E-05,5.34258E-05
Temoa,nz,NS,Capacity|transportation|T_HDV_BIC_DSL_EX,?,0.061499041,0.024007378,,,,
Temoa,nz,NS,Capacity|transportation|T_HDV_BIC_DSL_HEV_N,?,1.7018E-05,1.7018E-05,1.02108E-05,,,
Temoa,nz,NS,Capacity|transportation|T_HDV_BIC_DSL_N,?,1.81109E-05,1.81109E-05,1.08666E-05,,,
Temoa,nz,NS,Capacity|transportation|T_HDV_BIC_FCEV_N,?,0.262618418,0.27552816,0.309681686,0.316017368,0.321075034,0.325729998
Temoa,nz,NS,Capacity|transportation|T_HDV_BIC_GSL_EX,?,0.007978656,0.004197082,,,,
Temoa,nz,NS,Capacity|transportation|T_HDV_BIC_GSL_N,?,1.86674E-05,1.86674E-05,2.25906E-05,2.15292E-05,2.15692E-05,2.25338E-05
Temoa,nz,NS,Capacity|transportation|T_HDV_BS_BEV_N,?,8.32845E-05,0.277513953,1.557230383,2.912817322,3.014184601,3.079327196
Temoa,nz,NS,Capacity|transportation|T_HDV_BS_CNG_EX,?,0.067800234,0.026372317,,,,
Temoa,nz,NS,Capacity|transportation|T_HDV_BS_CNG_N,?,1.07007E-05,1.07007E-05,,,,
Temoa,nz,NS,Capacity|transportation|T_HDV_BS_DSL_EX,?,0.940464984,0.363909924,,,,
Temoa,nz,NS,Capacity|transportation|T_HDV_BS_DSL_HEV_N,?,1.73383E-05,2.97966E-05,3.40282E-05,2.44773E-05,2.46644E-05,2.31455E-05
Temoa,nz,NS,Capacity|transportation|T_HDV_BS_DSL_N,?,1.01472E-05,1.01472E-05,1.00506E-05,1.00506E-05,,
Temoa,nz,NS,Capacity|transportation|T_HDV_BS_DSL_PHEV_N,?,2.18207E-05,4.15874E-05,6.11083E-05,6.62309E-05,6.9252E-05,7.0348E-05
Temoa,nz,NS,Capacity|transportation|T_HDV_BS_FCEV_N,?,0.000146288,0.000172459,0.000166796,0.000126956,0.000128297,0.000108519
Temoa,nz,NS,Capacity|transportation|T_HDV_BS_FCHEV_N,?,2.134959129,2.210094793,1.403853286,0.096100278,0.033058126,0.003233581
Temoa,nz,NS,Capacity|transportation|T_HDV_BS_GSL_EX,?,0.093645444,0.044231513,,,,
Temoa,nz,NS,Capacity|transportation|T_HDV_BS_GSL_N,?,1.52487E-05,2.55197E-05,1.02711E-05,1.06708E-05,2.16414E-05,2.20641E-05
Temoa,nz,NS,Capacity|transportation|T_HDV_BT_BEV_EX,?,0.134152562,0.058964241,,,,
Temoa,nz,NS,Capacity|transportation|T_HDV_BT_BEV_N,?,1.054307733,1.162305981,1.378618137,1.40741955,1.430524272,1.451817472
Temoa,nz,NS,Capacity|transportation|T_HDV_BT_CNG_EX,?,0.006348103,0.002051074,,,,
Temoa,nz,NS,Capacity|transportation|T_HDV_BT_DSL_EX,?,0.316132477,0.123105955,,,,
Temoa,nz,NS,Capacity|transportation|T_HDV_BT_DSL_PHEV_N,?,,,,,1.01475E-05,2.13215E-05
Temoa,nz,NS,Capacity|transportation|T_HDV_BT_FCEV_N,?,,,,1.29E-05,1.29E-05,
Temoa,nz,NS,Capacity|transportation|T_HDV_BT_FCHEV_N,?,1.39772E-05,1.39772E-05,2.48042E-05,3.94074E-05,4.00839E-05,1.05982E-05
Temoa,nz,NS,Capacity|transportation|T_HDV_BT_GSL_EX,?,0.003335324,0.002001194,,,,
Temoa,nz,NS,Capacity|transportation|T_HDV_CHRG,?,4.099879148,5.072496062,6.879320305,9.160572375,8.85162201,8.569438983
Temoa,nz,NS,Capacity|transportation|T_HDV_RF_DSL_EX,?,56.66401587,56.66401587,42.71095905,32.03356935,14.1222515,
Temoa,nz,NS,Capacity|transportation|T_HDV_RF_DSL_N,?,2.26131E-05,3.7552E-05,4.88965E-05,6.21842E-05,6.21842E-05,6.21842E-05
Temoa,nz,NS,Capacity|transportation|T_HDV_RF_H2_N,?,,0.000165589,0.037114913,0.065980148,0.088783848,0.109354828
Temoa,nz,NS,Capacity|transportation|T_HDV_RF_LNG_N,?,74.4891239,74.53422113,74.5344702,74.53462781,74.53511292,74.53602433
Temoa,nz,NS,Capacity|transportation|T_HDV_RICP_DSL_EX,?,0.211179979,0.211179979,0.153500844,0.120285115,0.07689129,
Temoa,nz,NS,Capacity|transportation|T_HDV_RICP_DSL_N,?,0.052115152,0.052115152,0.052115152,0.052115152,0.052115152,0.052115152
Temoa,nz,NS,Capacity|transportation|T_HDV_RICP_H2_N,?,,0.07716108,0.134572761,0.211617081,0.263671612,0.263826045
Temoa,nz,NS,Capacity|transportation|T_HDV_T_BEV_N,?,9.212167064,13.16526571,20.17507353,28.54308719,28.78574284,30.53594416
Temoa,nz,NS,Capacity|transportation|T_HDV_T_DSL_EX,?,20.3189823,15.46489784,8.490178102,,,
Temoa,nz,NS,Capacity|transportation|T_HDV_T_FCEV_N,?,1.11894E-05,1.11894E-05,1.11894E-05,,,
Temoa,nz,NS,Capacity|transportation|T_HDV_T_FCHEV_N,?,0.000203209,0.000265793,0.000362491,0.000448904,0.000338411,0.000299641
Temoa,nz,NS,Capacity|transportation|T_HDV_WTF_HFO_EX,?,61.21391708,61.21391708,58.0578374,45.24589833,12.08393578,
Temoa,nz,NS,Capacity|transportation|T_HDV_WTF_HFO_N,?,1.39771E-05,3.1374E-05,5.53822E-05,8.02292E-05,8.02292E-05,8.02292E-05
Temoa,nz,NS,Capacity|transportation|T_HDV_WTF_LNG_N,?,43.08775209,43.08792928,103.5471286,103.6340801,103.634145,103.6342091
Temoa,nz,NS,Capacity|transportation|T_HDV_WTF_MDO_EX,?,11.27908073,11.27908073,8.757945544,6.123945713,1.865739771,
Temoa,nz,NS,Capacity|transportation|T_HDV_WTF_MDO_N,?,,1.09893E-05,2.30105E-05,2.30105E-05,2.30105E-05,2.30105E-05
Temoa,nz,NS,Capacity|transportation|T_I_H2_ELC_ALK,?,0.000350688,0.002553023,0.002723598,0.002900392,0.00286499,0.002068093
Temoa,nz,NS,Capacity|transportation|T_I_H2_ELC_PEM,?,8.6524E-05,0.000468369,0.000618805,0.000796126,0.001071046,0.018496027
Temoa,nz,NS,Capacity|transportation|T_I_H2_SMR_CCS,?,0.008378386,0.008378386,0.008378386,0.008378386,0.008378386,
Temoa,nz,NS,Capacity|transportation|T_LDV_BEV_CHRG,?,0.097610505,1.168293385,2.319150832,8.553643687,11.11971052,14.50157646
Temoa,nz,NS,Capacity|transportation|T_LDV_C_BEV150_EX,?,0.694291468,0.515131087,,,,
Temoa,nz,NS,Capacity|transportation|T_LDV_C_BEV150_N,?,9.72862E-05,3.667874851,8.110016197,11.39196002,12.48880208,13.48768456
Temoa,nz,NS,Capacity|transportation|T_LDV_C_BEV200_N,?,0.000194573,7.335749699,16.22003239,22.78392002,24.97760414,26.97536911
Temoa,nz,NS,Capacity|transportation|T_LDV_C_BEV300_N,?,0.000291839,11.00362452,24.33004856,34.17588003,37.46640621,40.46305366
Temoa,nz,NS,Capacity|transportation|T_LDV_C_BEV400_N,?,0.00038911,14.67149935,32.44006474,45.56784003,49.95520828,53.95073821
Temoa,nz,NS,Capacity|transportation|T_LDV_C_CNG_N,?,9.28477E-05,0.000155547,0.000203834,0.00018204,0.000186101,0.000183695
Temoa,nz,NS,Capacity|transportation|T_LDV_C_DSL_EX,?,0.62228939,0.052853839,,,,
Temoa,nz,NS,Capacity|transportation|T_LDV_C_DSL_N,?,6.99371E-05,0.000116729,0.000145014,0.00012084,0.000123404,0.000130694
Temoa,nz,NS,Capacity|transportation|T_LDV_C_FCEV400_N,?,7.173E-05,0.000259768,0.000438579,0.000566024,0.000653662,0.000704923
Temoa,nz,NS,Capacity|transportation|T_LDV_C_GSL_EX,?,47.52025959,22.97401301,,,,
Temoa,nz,NS,Capacity|transportation|T_LDV_C_GSL_HEV_EX,?,1.248574001,0.659562073,,,,
Temoa,nz,NS,Capacity|transportation|T_LDV_C_GSL_HEV_N,?,0.000254262,0.00040021,0.000441089,0.000339005,0.000323802,0.000342738
Temoa,nz,NS,Capacity|transportation|T_LDV_C_GSL_N,?,5.34894E-05,0.000103709,0.000135485,0.000127204,0.000131875,0.000143133
Temoa,nz,NS,Capacity|transportation|T_LDV_C_GSL_PHEV35_EX,?,0.43099816,0.315089268,,,,
Temoa,nz,NS,Capacity|transportation|T_LDV_C_GSL_PHEV35_N,?,24.59999046,25.12858646,20.64271736,0.875443726,0.373656908,0.023280454
Temoa,nz,NS,Capacity|transportation|T_LDV_C_GSL_PHEV50_N,?,0.000955763,0.001636281,0.001626489,0.000889327,0.000566942,0.000675674
Temoa,nz,NS,Capacity|transportation|T_LDV_LTF_BEV150_N,?,3.57185E-05,0.00012678,0.000572941,7.23595943,9.395695557,13.05122281
Temoa,nz,NS,Capacity|transportation|T_LDV_LTF_BEV200_N,?,7.14271E-05,0.000253541,0.001145863,14.47193313,18.7913911,26.10244561
Temoa,nz,NS,Capacity|transportation|T_LDV_LTF_BEV300_N,?,0.000107128,0.000380296,0.001718774,21.70789969,28.18708665,39.15366842
Temoa,nz,NS,Capacity|transportation|T_LDV_LTF_BEV400_N,?,0.000142852,0.000507073,0.002291708,28.94386625,37.5827822,52.20489123
Temoa,nz,NS,Capacity|transportation|T_LDV_LTF_CNG_N,?,8.81576E-05,0.000152193,0.000226533,0.000225774,0.000224279,0.000214666
Temoa,nz,NS,Capacity|transportation|T_LDV_LTF_DSL_EX,?,7.20308906,5.383122862,0.9952499,,,
Temoa,nz,NS,Capacity|transportation|T_LDV_LTF_DSL_N,?,3.18131E-05,6.27296E-05,9.87044E-05,9.99355E-05,0.00010341,0.000100841
Temoa,nz,NS,Capacity|transportation|T_LDV_LTF_FCEV400_N,?,4.69206E-05,0.000130033,0.000302575,0.000465722,0.000545113,0.00056247
Temoa,nz,NS,Capacity|transportation|T_LDV_LTF_GSL_EX,?,85.61809519,57.03096654,10.20539826,,,
Temoa,nz,NS,Capacity|transportation|T_LDV_LTF_GSL_HEV_EX,?,0.00647788,0.001295576,,,,
Temoa,nz,NS,Capacity|transportation|T_LDV_LTF_GSL_HEV_N,?,9.55756E-05,0.000172385,0.000289292,0.00030772,0.000329329,0.000314108
Temoa,nz,NS,Capacity|transportation|T_LDV_LTF_GSL_N,?,3.73889E-05,7.22571E-05,0.000113341,0.000115998,0.000124137,0.000124024
Temoa,nz,NS,Capacity|transportation|T_LDV_LTF_GSL_PHEV35_EX,?,0.097101528,0.097101528,0.019420306,,,
Temoa,nz,NS,Capacity|transportation|T_LDV_LTF_GSL_PHEV35_N,?,77.66354309,96.17331248,148.195899,89.32208256,61.21483855,16.49759093
Temoa,nz,NS,Capacity|transportation|T_LDV_LTF_GSL_PHEV50_N,?,0.001066906,0.034812519,0.334865081,0.347133703,9.128492404,19.3823422
Temoa,nz,NS,Capacity|transportation|T_LDV_LTP_BEV150_N,?,3.73246E-05,0.000166569,0.00235858,8.799921875,14.87944533,22.68471401
Temoa,nz,NS,Capacity|transportation|T_LDV_LTP_BEV200_N,?,7.4645E-05,0.00033313,0.004717145,17.59985867,29.75889065,45.36942802
Temoa,nz,NS,Capacity|transportation|T_LDV_LTP_BEV300_EX,?,0.481545378,0.475322545,0.094753367,,,
Temoa,nz,NS,Capacity|transportation|T_LDV_LTP_BEV300_N,?,0.00011197,0.000499696,0.007075716,26.399788,44.63833597,68.05414204
Temoa,nz,NS,Capacity|transportation|T_LDV_LTP_BEV400_N,?,0.000149286,0.000666253,0.009434278,35.19971733,59.5177813,90.73885605
Temoa,nz,NS,Capacity|transportation|T_LDV_LTP_CNG_N,?,0.000105288,0.000191439,0.000272856,0.000260894,0.000239265,0.000228443
Temoa,nz,NS,Capacity|transportation|T_LDV_LTP_DSL_EX,?,4.918444127,2.855992024,0.478351631,,,
Temoa,nz,NS,Capacity|transportation|T_LDV_LTP_DSL_N,?,3.80733E-05,7.47688E-05,0.000115501,0.000115656,0.000118943,0.000117144
Temoa,nz,NS,Capacity|transportation|T_LDV_LTP_FCEV400_N,?,3.76809E-05,0.000127472,0.000282095,0.000426783,0.000528706,0.000544859
Temoa,nz,NS,Capacity|transportation|T_LDV_LTP_GSL_EX,?,123.8974397,75.18712344,12.9273102,,,
Temoa,nz,NS,Capacity|transportation|T_LDV_LTP_GSL_HEV_EX,?,0.871115923,0.762644247,0.147105266,,,
Temoa,nz,NS,Capacity|transportation|T_LDV_LTP_GSL_HEV_N,?,0.000105102,0.000208676,0.000339208,0.000372028,0.000383164,0.000361945
Temoa,nz,NS,Capacity|transportation|T_LDV_LTP_GSL_N,?,4.26585E-05,8.86193E-05,0.000136966,0.000140145,0.000144242,0.000144111
Temoa,nz,NS,Capacity|transportation|T_LDV_LTP_GSL_PHEV35_EX,?,0.185632542,0.182936395,0.036452472,,,
Temoa,nz,NS,Capacity|transportation|T_LDV_LTP_GSL_PHEV35_N,?,83.49339071,129.8550842,206.2872467,142.1592131,90.06072821,20.01855593
Temoa,nz,NS,Capacity|transportation|T_LDV_LTP_GSL_PHEV50_N,?,0.000818682,0.005267629,0.01046187,0.010334967,0.007340024,0.003054354
Temoa,nz,NS,Capacity|transportation|T_LDV_M_BEV_N,?,9.453627412,20.30470682,28.04353934,31.50770118,32.0366015,32.52366156
Temoa,nz,NS,Capacity|transportation|T_LDV_M_GSL_EX,?,17.38296804,9.706389497,2.804769292,,,
Temoa,nz,NS,Capacity|transportation|T_LDV_M_GSL_N,?,0.000140568,0.000272302,0.000442586,0.000553386,0.000621658,0.000697214
Temoa,nz,NS,Capacity|transportation|T_LDV_PHEV_CHRG,?,1.460165306,1.967182112,2.617731616,1.556342675,1.049325869,0.386590457
Temoa,nz,NS,Capacity|transportation|T_MDV_CHRG,?,4.297556214,4.857005179,6.360547032,7.641878848,7.404566377,7.181182651
Temoa,nz,NS,Capacity|transportation|T_MDV_T_BEV_N,?,97.78075735,124.3809213,178.5285907,222.2409009,222.8464708,223.4042384
Temoa,nz,NS,Capacity|transportation|T_MDV_T_DSL_EX,?,84.20413795,62.23100316,28.03491717,,,
Temoa,nz,NS,Capacity|transportation|T_MDV_T_DSL_HEV_N,?,2.31905E-05,3.83715E-05,5.30324E-05,5.75166E-05,4.27949E-05,4.17413E-05
Temoa,nz,NS,Capacity|transportation|T_MDV_T_DSL_N,?,2.01259E-05,3.21381E-05,4.41577E-05,4.74769E-05,3.54867E-05,3.48969E-05
Temoa,nz,NS,Capacity|transportation|T_MDV_T_DSL_PHEV_N,?,2.48158E-05,4.77512E-05,7.17685E-05,8.51589E-05,8.71627E-05,9.00612E-05
Temoa,nz,NS,Capacity|transportation|T_MDV_T_FCEV_N,?,0.000208349,0.000243598,0.000294414,0.000278638,0.00019364,0.000221993
Temoa,nz,NS,Capacity|transportation|T_MDV_T_FCHEV_N,?,0.000982735,0.001083341,0.001735336,0.002299621,0.002297902,0.002096337
Temoa,nz,NS,Capacity|transportation|T_MDV_T_GSL_EX,?,53.62599634,38.97723981,17.18388741,,,
Temoa,nz,NS,Capacity|transportation|T_MDV_T_GSL_N,?,2.44584E-05,4.22124E-05,5.96707E-05,6.63347E-05,6.18175E-05,6.03379E-05
Temoa,nz,NS,Emissions|ch4,?,2525.285064,1822.244183,913.2699074,432.5657144,379.5628757,300.1027111
Temoa,nz,NS,Emissions|ch4|F_A_DSL,?,6.050099604,6.685047531,6.480333713,6.286842444,6.306975894,6.420129927
Temoa,nz,NS,Emissions|ch4|F_C_NG,?,1.943535799,1.892828686,1.754644788,1.539844123,1.309725124,1.076259125
Temoa,nz,NS,Emissions|ch4|F_E_BIO_M,?,0.101106986,0.123566035,0.152333856,0.188863966,0.227641688,0.271105564
Temoa,nz,NS,Emissions|ch4|F_E_COAL,?,1.063614909,0.916492299,1.03614349,0.671040744,0.467872933,0.326138838
Temoa,nz,NS,Emissions|ch4|F_E_NG,?,83.40237919,74.51359687,81.12845303,137.5225797,152.9155306,152.3400183
Temoa,nz,NS,Emissions|ch4|F_E_OIL,?,0.000205956,0.000166122,0.000161627,0.000177146,0.000206121,0.000216013
Temoa,nz,NS,Emissions|ch4|F_I_HFO,?,12.5491,13.3062,13.5206,12.6831,11.993,11.5508
Temoa,nz,NS,Emissions|ch4|F_I_NG,?,2.698123326,2.350938339,1.954155497,1.567292226,1.577211797,1.458176944
Temoa,nz,NS,Emissions|ch4|F_R_NG,?,0.235396256,0.159598225,0.081634077,0.016130486,0.007075369,0.006615722
Temoa,nz,NS,Emissions|ch4|F_R_OIL,?,39.7389315,28.04824796,16.00616894,6.308750261,,
Temoa,nz,NS,Emissions|ch4|F_R_WOOD,?,217.694562,145.1821082,72.68027325,0.149282231,0.164336378,0.156968578
Temoa,nz,NS,Emissions|ch4|F_T_CNG,?,0.024890051,0.01033386,5.2015E-05,4.9698E-05,4.66738E-05,4.3445E-05
Temoa,nz,NS,Emissions|ch4|F_T_DSL,?,121.9057356,97.05350772,55.82542419,13.70273779,13.80170936,14.12171706
Temoa,nz,NS,Emissions|ch4|F_T_GSL,?,1957.471577,1373.973351,584.4605173,175.182054,114.557679,36.05798603
Temoa,nz,NS,Emissions|ch4|F_T_HFO,?,6.475170065,6.451703655,0.036872139,0.012318365,,
Temoa,nz,NS,Emissions|ch4|F_T_JTF,?,50.76744448,48.40367332,46.85523852,45.44292734,44.9407233,45.36287096
Temoa,nz,NS,Emissions|ch4|F_T_LNG,?,22.82373241,22.83333375,30.95804062,30.96916743,30.96925575,30.95345004
Temoa,nz,NS,Emissions|ch4|F_T_NG,?,0.339458819,0.339489838,0.33886028,0.322556454,0.323885803,0.000214553
Temoa,nz,NS,Emissions|co2,?,13033.18299,11475.79072,8709.541816,6644.815034,6290.959523,6117.576761
Temoa,nz,NS,Emissions|co2e,?,11318.98309,10005.0626,7709.910424,5947.087666,5640.556143,5487.47705
Temoa,nz,NS,Emissions|co2e|E_COAL_CCS_RFIT_90,?,-0.057189031,-0.111372482,-0.170066581,-0.237657162,-0.312537716,-0.394705367
Temoa,nz,NS,Emissions|co2e|E_COAL_CCS_RFIT_95,?,-0.066169553,-0.127682731,-0.195867805,-0.273195225,-0.358473918,-0.452642937
Temoa,nz,NS,Emissions|co2e|E_NG_CCS-NEW,?,-224.7788452,-206.1284921,-245.3721458,-461.9556667,-520.5127013,-537.2325973
Temoa,nz,NS,Emissions|co2e|E_NG_CCS_RFIT_90,?,-0.119088178,-0.162287215,-0.222336819,-0.286833321,-0.339402347,-0.390559102
Temoa,nz,NS,Emissions|co2e|E_NG_CCS_RFIT_95,?,-0.171294739,-0.24601761,-0.339335153,-0.45708425,-0.552463125,-0.647501391
Temoa,nz,NS,Emissions|co2e|F_A_DSL,?,126.0479075,139.2764265,135.0114143,130.980213,131.3996738,133.7571274
Temoa,nz,NS,Emissions|co2e|F_C_NG,?,102.1979934,99.53163391,92.26543532,80.97045583,68.86998413,56.59351529
Temoa,nz,NS,Emissions|co2e|F_C_OIL,?,7.61094E-05,5.70532E-05,6.34684E-05,6.80306E-05,,
Temoa,nz,NS,Emissions|co2e|F_E_BIO_M,?,0.03804301,0.046493562,0.057317883,0.071062881,0.085653577,0.102007508
Temoa,nz,NS,Emissions|co2e|F_E_COAL,?,88.11207617,75.9241325,85.83628658,55.59041406,38.75956903,27.01802115
Temoa,nz,NS,Emissions|co2e|F_E_NG,?,333.966445,298.3732753,324.8610089,550.6788594,612.3165384,610.0120262
Temoa,nz,NS,Emissions|co2e|F_E_OIL,?,0.022669534,0.018285087,0.01779028,0.019498416,0.022687754,0.023776542
Temoa,nz,NS,Emissions|co2e|F_I_BIO,?,312.702,359.138,394.212,395.694,400.14,406.562
Temoa,nz,NS,Emissions|co2e|F_I_HFO,?,1381.279194,1464.613176,1488.21218,1396.028571,1320.069277,1271.396332
Temoa,nz,NS,Emissions|co2e|F_I_NG,?,141.8370617,123.5859692,102.7275777,82.39064611,82.91210589,76.65458847
Temoa,nz,NS,Emissions|co2e|F_R_NG,?,12.37796858,8.392239749,4.292608793,0.848198067,0.372047951,0.347878075
Temoa,nz,NS,Emissions|co2e|F_R_OIL,?,827.9217683,584.3578116,333.4728739,131.4366409,,
Temoa,nz,NS,Emissions|co2e|F_R_WOOD,?,81.91082274,54.62693151,27.34703579,0.056169664,0.061834011,0.059061766
Temoa,nz,NS,Emissions|co2e|F_T_CNG,?,1.308439716,0.54323844,0.002734366,0.002612562,0.002453582,0.00228385
Temoa,nz,NS,Emissions|co2e|F_T_DSL,?,2539.786763,2022.014903,1163.068109,285.483139,287.5451148,294.2121621
Temoa,nz,NS,Emissions|co2e|F_T_ETH,?,203.5462968,203.9932067,86.77459068,26.00920093,17.00832718,5.353513002
Temoa,nz,NS,Emissions|co2e|F_T_GSL,?,1724.271015,1210.287011,514.8316539,154.3119918,100.9100146,31.76226971
Temoa,nz,NS,Emissions|co2e|F_T_HFO,?,712.7218434,710.1388962,4.058515642,1.355882213,0.000380262,0.00023083
Temoa,nz,NS,Emissions|co2e|F_T_JTF,?,1649.261771,1572.470878,1522.167493,1476.286301,1459.971398,1473.685541
Temoa,nz,NS,Emissions|co2e|F_T_LNG,?,1199.815854,1200.320584,1627.426543,1628.011466,1628.016108,1627.185222
Temoa,nz,NS,Emissions|co2e|F_T_MDO,?,0.000244616,0.000175645,0.0002723,0.000186077,4.67426E-05,4.82051E-05
Temoa,nz,NS,Emissions|co2e|F_T_NG,?,17.84493724,17.84656788,17.81347279,16.95640046,17.02628273,0.011278813
Temoa,nz,NS,Emissions|co2e|F_T_RDSL,?,102.3484155,81.48322707,46.8693592,11.50440949,11.58750306,11.85617197
Temoa,nz,NS,Emissions|co2e|T_I_H2_SMR_CCS,?,-15.14393041,-15.14467173,-15.11615918,-14.38828449,-14.44527965,
Temoa,nz,NS,Emissions|co2|E_COAL_CCS_RFIT_90,?,-0.057189031,-0.111372482,-0.170066581,-0.237657162,-0.312537716,-0.394705367
Temoa,nz,NS,Emissions|co2|E_COAL_CCS_RFIT_95,?,-0.066169553,-0.127682731,-0.195867805,-0.273195225,-0.358473918,-0.452642937
Temoa,nz,NS,Emissions|co2|E_NG_CCS-NEW,?,-224.7788452,-206.1284921,-245.3721458,-461.9556667,-520.5127013,-537.2325973
Temoa,nz,NS,Emissions|co2|E_NG_CCS_RFIT_90,?,-0.119088178,-0.162287215,-0.222336819,-0.286833321,-0.339402347,-0.390559102
Temoa,nz,NS,Emissions|co2|E_NG_CCS_RFIT_95,?,-0.171294739,-0.24601761,-0.339335153,-0.45708425,-0.552463125,-0.647501391
Temoa,nz,NS,Emissions|co2|F_A_DSL,?,120.9149152,133.6047352,129.5134052,125.6463647,126.0487439,128.310196
Temoa,nz,NS,Emissions|co2|F_C_NG,?,101.6416694,98.98982448,91.7631801,80.52968585,68.49508416,56.28544339
Temoa,nz,NS,Emissions|co2|F_C_OIL,?,7.301E-05,5.47299E-05,6.08838E-05,6.52602E-05,,
Temoa,nz,NS,Emissions|co2|F_E_BIO_M,?,0.031373297,0.038342295,0.047268893,0.058604113,0.070636764,0.084123518
Temoa,nz,NS,Emissions|co2|F_E_COAL,?,87.88871704,75.73166912,85.61869644,55.44949551,38.66131571,26.94953199
Temoa,nz,NS,Emissions|co2|F_E_NG,?,329.3542934,294.2526734,320.3746054,543.0738607,603.8603095,601.5876232
Temoa,nz,NS,Emissions|co2|F_E_OIL,?,0.022596716,0.018226353,0.017733135,0.019435784,0.022614877,0.023700168
Temoa,nz,NS,Emissions|co2|F_IMP_CNG,?,0.089076111,0.03698265,0.00018615,0.000177858,0.000167035,0.00015548
Temoa,nz,NS,Emissions|co2|F_IMP_COAL,?,15.32586324,13.20594091,14.93002147,9.66917499,6.741684907,4.69940688
Temoa,nz,NS,Emissions|co2|F_IMP_DSL,?,674.3436008,546.715441,328.3593051,105.347642,105.9753406,108.2581583
Temoa,nz,NS,Emissions|co2|F_IMP_GSL,?,385.5205245,272.5713166,118.8836964,39.14235787,27.37012705,12.1967143
Temoa,nz,NS,Emissions|co2|F_IMP_HFO,?,352.0909684,365.6686647,250.9144097,234.9599817,221.9600639,213.7760388
Temoa,nz,NS,Emissions|co2|F_IMP_JTF,?,356.0129347,339.4366993,328.5781102,318.6741048,315.1523373,318.1126996
Temoa,nz,NS,Emissions|co2|F_IMP_MDO,?,4.14476E-05,2.97611E-05,4.61385E-05,3.15288E-05,,
Temoa,nz,NS,Emissions|co2|F_IMP_NG,?,41.20699283,37.10981191,36.70157537,49.49522873,52.83924311,50.26220098
Temoa,nz,NS,Emissions|co2|F_IMP_OIL,?,171.5889596,121.1101557,69.11489654,27.24383437,0.004614653,0.004836111
Temoa,nz,NS,Emissions|co2|F_IMP_SPK,?,4.87876E-05,0.000125976,0.0002253,0.000359715,0.000547042,0.000489595
Temoa,nz,NS,Emissions|co2|F_I_BIO,?,312.702,359.138,394.212,395.694,400.14,406.562
Temoa,nz,NS,Emissions|co2|F_I_HFO,?,1376.8423,1459.9086,1483.4318,1391.5443,1315.829,1267.3124
Temoa,nz,NS,Emissions|co2|F_I_NG,?,141.1045576,122.9477212,102.1970509,81.96514745,82.4839142,76.25871313
Temoa,nz,NS,Emissions|co2|F_R_NG,?,12.31058799,8.346555835,4.26924159,0.843580825,0.370022675,0.34598437
Temoa,nz,NS,Emissions|co2|F_R_OIL,?,794.2066823,560.5612711,319.893008,126.0842057,,
Temoa,nz,NS,Emissions|co2|F_R_WOOD,?,67.55019008,45.04971973,22.55254439,0.04632198,0.050993252,0.048707038
Temoa,nz,NS,Emissions|co2|F_T_CNG,?,1.301682403,0.540432936,0.002720244,0.002599069,0.002440911,0.002272055
Temoa,nz,NS,Emissions|co2|F_T_DSL,?,2436.360168,1939.673299,1115.705009,273.8575374,275.8355444,282.2310925
Temoa,nz,NS,Emissions|co2|F_T_ETH,?,203.5462968,203.9932067,86.77459068,26.00920093,17.00832718,5.353513002
Temoa,nz,NS,Emissions|co2|F_T_GSL,?,1659.562369,1164.867217,495.5109908,148.5209532,97.12305166,30.5702915
Temoa,nz,NS,Emissions|co2|F_T_HFO,?,710.4324649,707.8578145,4.045479029,1.351526899,0.000379041,0.000230088
Temoa,nz,NS,Emissions|co2|F_T_JTF,?,1607.991755,1533.122425,1484.077798,1439.344707,1423.438057,1436.809027
Temoa,nz,NS,Emissions|co2|F_T_LNG,?,1193.619519,1194.121643,1619.021853,1619.603756,1619.608374,1618.781779
Temoa,nz,NS,Emissions|co2|F_T_MDO,?,0.000241053,0.000173086,0.000268334,0.000183367,4.60617E-05,4.7503E-05
Temoa,nz,NS,Emissions|co2|F_T_NG,?,17.75277876,17.75440097,17.72147681,16.86883074,16.93835211,0.011220565
Temoa,nz,NS,Emissions|co2|F_T_RDSL,?,102.3484155,81.48322707,46.8693592,11.50440949,11.58750306,11.85617197
Temoa,nz,NS,Emissions|co2|T_I_H2_SMR_CCS,?,-15.28908212,-15.28983054,-15.2610447,-14.52619347,-14.58373491,
Temoa,nz,NS,Emissions|n2o,?,773.3552272,637.2126181,447.3796164,273.0980598,252.2876507,252.0443651
Temoa,nz,NS,Emissions|n2o|F_A_DSL,?,18.18164648,20.08978014,19.474578,18.89310165,18.95360631,19.2936547
Temoa,nz,NS,Emissions|n2o|F_C_NG,?,1.838479809,1.790513622,1.659799124,1.456609305,1.238929172,1.018082956
Temoa,nz,NS,Emissions|n2o|F_C_OIL,?,1.09783E-05,,,,,
Temoa,nz,NS,Emissions|n2o|F_E_BIO_M,?,0.014061237,0.01718468,0.021185503,0.02626585,0.031658778,0.037703423
Temoa,nz,NS,Emissions|n2o|F_E_COAL,?,0.709076606,0.610994866,0.690762327,0.447360496,0.311915288,0.217425892
Temoa,nz,NS,Emissions|n2o|F_E_NG,?,8.340237919,7.451359687,8.112845303,13.75225797,15.29155306,15.23400183
Temoa,nz,NS,Emissions|n2o|F_E_OIL,?,0.00024561,0.000198107,0.000192746,0.000211253,0.000245807,0.000257604
Temoa,nz,NS,Emissions|n2o|F_I_HFO,?,14.96527,15.86814,16.12382,15.12507,14.3021,13.77476
Temoa,nz,NS,Emissions|n2o|F_I_NG,?,2.406434317,2.096782843,1.742895443,1.397855228,1.406702413,1.300536194
Temoa,nz,NS,Emissions|n2o|F_R_NG,?,0.222672134,0.150971294,0.077221424,0.015258568,0.006692917,0.006258115
Temoa,nz,NS,Emissions|n2o|F_R_OIL,?,119.4226957,84.29007159,48.10144035,18.95893861,,
Temoa,nz,NS,Emissions|n2o|F_R_WOOD,?,30.27540266,20.19088922,10.10785257,0.020761105,0.022854728,0.021830067
Temoa,nz,NS,Emissions|n2o|F_T_CNG,?,0.022199235,0.009216686,4.63918E-05,4.43252E-05,4.16279E-05,3.87482E-05
Temoa,nz,NS,Emissions|n2o|F_T_DSL,?,366.3488428,291.6633911,167.7655235,41.17921202,41.47663954,42.43832069
Temoa,nz,NS,Emissions|n2o|F_T_GSL,?,36.26169152,25.45252681,10.82699092,3.245205537,2.122153529,0.667965544
Temoa,nz,NS,Emissions|n2o|F_T_HFO,?,7.721881913,7.693897344,0.043971402,0.01469011,,
Temoa,nz,NS,Emissions|n2o|F_T_JTF,?,145.9653032,139.1690467,134.7170252,130.656383,129.2124583,130.4262068
Temoa,nz,NS,Emissions|n2o|F_T_LNG,?,20.35630188,20.36486524,27.61122542,27.62114933,27.6212281,27.60713112
Temoa,nz,NS,Emissions|n2o|F_T_MDO,?,1.26459E-05,,1.40771E-05,,,
Temoa,nz,NS,Emissions|n2o|F_T_NG,?,0.302760568,0.302788234,0.302226736,0.287685486,0.288871121,0.000191358
Temoa,nz,NS-NB,Activity|electricity,?,0.002579603,0.90451633,0.734229628,0.411919378,0.316683319,0.113375549
Temoa,nz,NS-NB,Activity|electricity|E_INT,?,0.002579603,0.90451633,0.734229628,0.411919378,0.316683319,0.113375549
Temoa,nz,NS-NB,Capacity|electricity,?,0.35,0.35,0.35,0.35,0.35,0.35
Temoa,nz,NS-NB,Capacity|electricity|E_INT,?,0.35,0.35,0.35,0.35,0.35,0.35
Temoa,nz,NS-NLLAB,Activity|electricity,?,0.03782726,,,,,0.013751662
Temoa,nz,NS-NLLAB,Activity|electricity|E_INT,?,0.03782726,,,,,0.013751662
Temoa,nz,NS-NLLAB,Capacity|electricity,?,0.475,0.475,0.475,0.475,0.475,0.475
Temoa,nz,NS-NLLAB,Capacity|electricity|E_INT,?,0.475,0.475,0.475,0.475,0.475,0.475
Temoa,nz,ON,Activity|agriculture|A_AGRI,?,70.3,77.67782801,75.29916262,73.05086244,73.28480523,74.59961398
Temoa,nz,ON,Activity|agriculture|E_A_ELC,?,10.47470105,11.57399842,11.21957911,10.88458584,10.91945008,11.11536613
Temoa,nz,ON,Activity|agriculture|F_A_DSL,?,22.2851,24.62387148,23.86983455,23.15712339,23.23128326,23.64807763
Temoa,nz,ON,Activity|agriculture|F_A_GSL,?,7.9439,8.777594565,8.508805376,8.254747456,8.281182991,8.42975638
Temoa,nz,ON,Activity|agriculture|F_A_NG,?,29.59629895,32.70236354,31.70094358,30.75440575,30.8528889,31.40641384
Temoa,nz,ON,Activity|commercial,?,762.6269676,842.6628542,902.5860686,937.9045345,977.726183,1037.524855
Temoa,nz,ON,Activity|commercial|C_OTHER,?,165.2626754,182.606624,195.5921175,203.2457019,211.8751301,224.8336114
Temoa,nz,ON,Activity|commercial|C_SPHC_HP_AIR-NEW,?,337.339023,372.7418913,399.2481613,414.8708468,432.4854729,458.936714
Temoa,nz,ON,Activity|commercial|E_C_ELC,?,231.4295769,259.464718,281.929323,297.131956,314.0953406,337.9193403
Temoa,nz,ON,Activity|commercial|F_C_NG,?,28.59569231,27.84962105,25.8164668,22.65602975,19.27023945,15.83518906
Temoa,nz,ON,Activity|electricity,?,3045.419692,3108.497944,3428.998807,4265.86996,4770.788913,5348.26657
Temoa,nz,ON,Activity|electricity|E_BAT_1H-EXS,?,0.006930228,,,,,
Temoa,nz,ON,Activity|electricity|E_BAT_2H-NEW,?,0.000156079,0.00158571,0.018010973,0.323223581,1.304436906,2.310107781
Temoa,nz,ON,Activity|electricity|E_BAT_3H-EXS,?,0.00596202,,,,,
Temoa,nz,ON,Activity|electricity|E_BAT_4H-EXS,?,0.009217577,0.015054878,,,,
Temoa,nz,ON,Activity|electricity|E_BAT_4H-NEW,?,3.92316E-05,0.001141969,0.017035007,0.058148838,0.075794967,1.826122393
Temoa,nz,ON,Activity|electricity|E_BAT_5H-EXS,?,0.009622197,0.014418586,,,,
Temoa,nz,ON,Activity|electricity|E_BIO_G-EXS,?,0.000509045,0.022051953,0.019545805,0.001778926,0.001777825,
Temoa,nz,ON,Activity|electricity|E_ELC_DX_to_DEM,?,633.74847,752.2005925,880.688174,998.7357926,1074.48049,1165.02856
Temoa,nz,ON,Activity|electricity|E_ELC_TX_to_DX,?,552.4804371,670.9109755,799.4009103,917.4709945,993.2157863,1083.939748
Temoa,nz,ON,Activity|electricity|E_HYD_DLY-EXS,?,60.99289648,60.9928394,60.99288711,60.99255039,60.9926747,60.9927097
Temoa,nz,ON,Activity|electricity|E_HYD_ROR-EXS,?,73.63069932,73.63073159,73.63069921,73.63060097,73.63048925,73.63037268
Temoa,nz,ON,Activity|electricity|E_INT_IN-USA,?,0.220128504,0.220133838,0.220121793,0.220076581,0.22002126,0.219968329
Temoa,nz,ON,Activity|electricity|E_INT_OUT-USA,?,56.60469,56.60469,56.60469,56.60469,56.60469,56.60469
Temoa,nz,ON,Activity|electricity|E_NG_CC-EXS,?,2.44063258,5.610239343,3.449211287,3.27741844,3.233088693,3.03286875
Temoa,nz,ON,Activity|electricity|E_NG_CC-NEW,?,0.001874649,3.693689244,9.132967405,7.686946516,7.234991634,6.633568894
Temoa,nz,ON,Activity|electricity|E_NG_CCS-NEW,?,0.006848679,0.161162634,18.37397781,11.93922061,10.41312221,9.138262155
Temoa,nz,ON,Activity|electricity|E_NG_CCS_RFIT_95,?,,0.002187503,0.000211996,3.43934E-05,,0.000144254
Temoa,nz,ON,Activity|electricity|E_NG_CC_RFIT_BYPASS,?,2.441476183,9.297125417,12.57674962,10.96166145,10.46498914,9.663246591
Temoa,nz,ON,Activity|electricity|E_NG_CG-EXS,?,7.636655702,7.636655737,7.636655681,7.629937984,7.629914254,7.458439553
Temoa,nz,ON,Activity|electricity|E_NG_CT-EXS,?,,0.194257332,0.26886477,0.20131846,0.106586251,
Temoa,nz,ON,Activity|electricity|E_NG_CT-NEW,?,,0.325308079,0.737239994,0.567549436,0.256116924,
Temoa,nz,ON,Activity|electricity|E_NUC_CANDU-EXS,?,359.9203455,262.0956811,210.1874231,159.0360226,55.56638813,55.56636003
Temoa,nz,ON,Activity|electricity|E_NUC_SMR-NEW,?,,,,229.115848,446.5265116,556.9488986
Temoa,nz,ON,Activity|electricity|E_PUMP_4H-EXS,?,0.059303612,0.14283884,0.311052614,0.402384096,0.565999297,0.438623477
Temoa,nz,ON,Activity|electricity|E_SOL_PV-EXS,?,3.983384966,3.983373078,3.983338999,3.305921064,0.631937744,
Temoa,nz,ON,Activity|electricity|E_SOL_PV-NEW-1,?,0.002702419,0.08369205,95.09677812,95.09874474,95.09869627,95.09820335
Temoa,nz,ON,Activity|electricity|E_SOL_PV-NEW-2,?,0.002094461,0.017771501,11.37155491,11.37390532,11.37434,11.3739108
Temoa,nz,ON,Activity|electricity|E_SOL_PV-NEW-3,?,0.003314595,74.96237983,75.00987811,75.01157779,75.01154686,75.01110842
Temoa,nz,ON,Activity|electricity|E_SOL_PV-NEW-4,?,0.00302364,26.52605832,103.9134232,103.9154247,103.9155068,103.9150291
Temoa,nz,ON,Activity|electricity|E_SOL_PV-NEW-5,?,0.001791423,0.012613197,24.7499336,24.75254556,24.75307678,24.75276706
Temoa,nz,ON,Activity|electricity|E_WND_ON-EXS,?,37.86343047,37.86348161,34.89027,24.12523905,4.662159858,
Temoa,nz,ON,Activity|electricity|E_WND_ON-NEW-1,?,5.080856554,5.103350444,5.115613578,5.12738869,5.138728089,5.149787234
Temoa,nz,ON,Activity|electricity|E_WND_ON-NEW-10,?,27.84880305,47.08074844,47.09126096,47.1011093,47.11046497,47.1196787
Temoa,nz,ON,Activity|electricity|E_WND_ON-NEW-11,?,0.018827574,6.110464683,6.121253612,6.131292311,6.14106825,6.150533275
Temoa,nz,ON,Activity|electricity|E_WND_ON-NEW-12,?,0.063608196,31.56359707,31.57505189,31.58587558,31.59614561,31.606377
Temoa,nz,ON,Activity|electricity|E_WND_ON-NEW-13,?,0.054880898,24.39193356,24.4027618,24.41306198,24.42279849,24.43223426
Temoa,nz,ON,Activity|electricity|E_WND_ON-NEW-2,?,8.224755931,8.237424309,8.249572267,8.261242786,8.272605396,8.283668165
Temoa,nz,ON,Activity|electricity|E_WND_ON-NEW-3,?,5.874482452,5.900054152,5.914894719,5.929209307,5.94295399,5.95649896
Temoa,nz,ON,Activity|electricity|E_WND_ON-NEW-4,?,0.047545949,5.048480693,5.060141158,5.071275157,5.082041731,5.092426773
Temoa,nz,ON,Activity|electricity|E_WND_ON-NEW-5,?,0.036072309,6.665742222,6.67719219,6.68810279,6.698634719,6.708670697
Temoa,nz,ON,Activity|electricity|E_WND_ON-NEW-6,?,5.793412832,5.843075774,5.855993641,5.868434853,5.880262884,5.891884401
Temoa,nz,ON,Activity|electricity|E_WND_ON-NEW-7,?,15.00872244,15.05287835,15.0643776,15.07527127,15.08565956,15.09572389
Temoa,nz,ON,Activity|electricity|E_WND_ON-NEW-8,?,7.608555481,7.657839084,7.672112874,7.685766484,7.699027617,7.711748249
Temoa,nz,ON,Activity|electricity|E_WND_ON-NEW-9,?,55.8522319,55.90363971,55.9150094,55.92581032,55.93627679,55.94632916
Temoa,nz,ON,Activity|electricity|F_E_BIO_G,?,,0.055463207,0.049672683,0.00448233,0.00451844,
Temoa,nz,ON,Activity|electricity|F_E_NG,?,20.48285375,34.65199789,77.77621305,61.49523263,56.43387919,51.08475861
Temoa,nz,ON,Activity|electricity|F_E_U_ENR,?,,0.002154903,0.007710923,616.4205115,1201.340926,1498.42084
Temoa,nz,ON,Activity|electricity|F_E_U_NAT,?,1101.347446,802.0063682,643.1683693,486.6463361,170.0317874,170.0317014
Temoa,nz,ON,Activity|fuel|F_IMP_BIO,?,86.57,102.1452774,115.9022569,126.97,142.61,146.46
Temoa,nz,ON,Activity|fuel|F_IMP_BIO_G,?,,0.055463207,0.049672683,0.00448233,0.00451844,
Temoa,nz,ON,Activity|fuel|F_IMP_CNG,?,0.213385988,0.087924725,,,,
Temoa,nz,ON,Activity|fuel|F_IMP_DSL,?,229.721119,198.7535678,142.1424891,85.36702658,89.54232366,94.66480428
Temoa,nz,ON,Activity|fuel|F_IMP_ETH,?,53.0277069,50.27773122,19.16325818,12.13065646,9.097484369,6.07646276
Temoa,nz,ON,Activity|fuel|F_IMP_GSL,?,436.9862559,293.6847381,117.1006018,76.99513408,59.83359441,42.86304535
Temoa,nz,ON,Activity|fuel|F_IMP_H2,?,,,,24.58000071,59.16000076,74.29000135
Temoa,nz,ON,Activity|fuel|F_IMP_HFO,?,420.9074985,446.0592977,417.1499595,372.9800129,320.9700066,286.2300017
Temoa,nz,ON,Activity|fuel|F_IMP_JTF,?,120.590893,122.8562163,125.0785825,128.1364109,133.8428236,143.3183423
Temoa,nz,ON,Activity|fuel|F_IMP_LNG,?,24.3962276,27.71976788,35.64299315,37.12380155,39.34184299,41.77420751
Temoa,nz,ON,Activity|fuel|F_IMP_LPG,?,7.615762294,5.344224806,3.072687536,0.351165153,,
Temoa,nz,ON,Activity|fuel|F_IMP_NG,?,602.8491179,562.7087987,500.8642679,371.4006628,291.5856931,238.640441
Temoa,nz,ON,Activity|fuel|F_IMP_OIL,?,7.509252862,5.488602847,3.455371973,1.252087364,,
Temoa,nz,ON,Activity|fuel|F_IMP_RDSL,?,8.643167459,7.255404012,4.928027272,2.5920793,2.762960017,2.959030277
Temoa,nz,ON,Activity|fuel|F_IMP_U_ENR,?,,0.002154903,0.007710923,616.4205115,1201.340926,1498.42084
Temoa,nz,ON,Activity|fuel|F_IMP_U_NAT,?,1101.347446,802.0063682,643.1683693,486.6463361,170.0317874,170.0317014
Temoa,nz,ON,Activity|fuel|F_IMP_WOOD,?,0.784372631,0.523016448,0.261668039,,,
Temoa,nz,ON,Activity|industrial|E_I_ELC,?,148.9499939,175.2905077,203.7109478,230.5796202,255.9897702,282.2697346
Temoa,nz,ON,Activity|industrial|F_I_BIO,?,86.57,102.1452774,115.9022569,126.97,142.61,146.46
Temoa,nz,ON,Activity|industrial|F_I_H2,?,,,,24.58,59.16,74.29
Temoa,nz,ON,Activity|industrial|F_I_HFO,?,414.38,439.531799,417.1455655,372.98,320.97,286.23
Temoa,nz,ON,Activity|industrial|F_I_NG,?,278.05,296.4523843,269.6409148,235.04,178.09,140.3
Temoa,nz,ON,Activity|industrial|I_IND,?,927.95,1013.42,1006.4,990.15,956.82,929.55
Temoa,nz,ON,Activity|residential,?,929.8506901,873.8666974,834.22425,808.1199215,826.4081949,860.0617428
Temoa,nz,ON,Activity|residential|E_R_ELC,?,181.5683913,195.54839,214.5155356,246.3219707,257.8337527,272.3911406
Temoa,nz,ON,Activity|residential|F_R_LPG,?,7.615762294,5.344224806,3.072687536,0.351165153,,
Temoa,nz,ON,Activity|residential|F_R_NG,?,243.7267315,168.5285703,93.53201629,19.05728258,4.54096997,0.013853055
Temoa,nz,ON,Activity|residential|F_R_OIL,?,7.509252862,5.488602847,3.455371973,1.252087364,,
Temoa,nz,ON,Activity|residential|F_R_WOOD,?,0.784372631,0.523016448,0.261668039,,,
Temoa,nz,ON,Activity|residential|R_APP_CL_WASH-EXS,?,0.183041951,0.073216786,,,,
Temoa,nz,ON,Activity|residential|R_APP_CL_WASH-TYP-NEW,?,0.081153726,0.196269128,0.280815524,0.29190132,0.304283405,0.316930027
Temoa,nz,ON,Activity|residential|R_APP_COOK_ELEC-EXS,?,0.191074602,0.117584363,0.03232583,,,
Temoa,nz,ON,Activity|residential|R_APP_COOK_ELEC-TYP-NEW,?,0.093313658,0.184907869,0.29534279,0.340220136,0.35476318,0.369627626
Temoa,nz,ON,Activity|residential|R_APP_COOK_NG-EXS,?,0.023790499,0.011636749,,,,
Temoa,nz,ON,Activity|residential|R_APP_DRY_ELEC-EXS,?,0.131598782,0.065799371,,,,
Temoa,nz,ON,Activity|residential|R_APP_DRY_ELEC-TYP-NEW,?,,,,0.108129701,0.212632313,0.29853259
Temoa,nz,ON,Activity|residential|R_APP_DRY_NG-EXS,?,0.0025423,0.000394257,,,,
Temoa,nz,ON,Activity|residential|R_APP_DRY_NG-TYP-NEW,?,0.113508883,0.185773925,0.263639553,0.166295902,0.074247196,
Temoa,nz,ON,Activity|residential|R_APP_DS_WASH-EXS,?,0.131598775,0.071781148,0.004012065,,,
Temoa,nz,ON,Activity|residential|R_APP_DS_WASH-TYP-NEW,?,0.082150598,0.145354208,0.220781175,0.23618286,0.246729286,0.25687877
Temoa,nz,ON,Activity|residential|R_APP_FREZ-EXS,?,0.127970882,0.090332381,0.052693877,0.005499927,,
Temoa,nz,ON,Activity|residential|R_APP_FREZ-TYP-NEW,?,0.048383558,0.089555756,0.134757302,0.189279791,0.203564599,0.212090892
Temoa,nz,ON,Activity|residential|R_APP_OTH,?,6.15547225,6.278812271,6.542792529,6.816814687,7.10521502,7.402816625
Temoa,nz,ON,Activity|residential|R_APP_REFR-EXS,?,0.230497304,0.026342541,,,,
Temoa,nz,ON,Activity|residential|R_APP_REFR-TYP-NEW,?,0.1899743,0.402554248,0.446928905,0.465646971,0.48534719,0.505675935
Temoa,nz,ON,Activity|residential|R_LGT_CFL-EXS,?,7.44400998,4.785438478,1.818470854,,,
Temoa,nz,ON,Activity|residential|R_LGT_LED-EXS,?,10.81929676,10.81932658,10.27837245,10.81931447,8.655039948,5.950482851
Temoa,nz,ON,Activity|residential|R_LGT_LED-TYP-NEW,?,27.43434554,31.75359528,38.12668878,42.1717693,47.43041762,52.78121938
Temoa,nz,ON,Activity|residential|R_LGT_T12-EXS,?,3.137599807,2.4558526,1.6849924,1.09145797,0.285153995,
Temoa,nz,ON,Activity|residential|R_SPC_CENT_AC-EXS,?,49.53422974,34.96529671,20.39643236,2.331045526,,
Temoa,nz,ON,Activity|residential|R_SPC_ROOM_AC-EXS,?,1.53865893,,,,,
Temoa,nz,ON,Activity|residential|R_SPHC_AIR_HP-TYP-NEW,?,101.6688014,188.8523893,283.2644387,393.0058006,428.3379901,446.2798297
Temoa,nz,ON,Activity|residential|R_SPH_ELEC-EXS,?,34.63492721,25.52047301,16.40601899,6.562408883,,
Temoa,nz,ON,Activity|residential|R_SPH_HP-EXS,?,3.238275267,1.766330876,0.117752752,,,
Temoa,nz,ON,Activity|residential|R_SPH_NG-ELC-EXS,?,1.504898868,1.118167791,0.61966892,0.070825704,,
Temoa,nz,ON,Activity|residential|R_SPH_NG-EXS,?,164.2750898,115.9588849,67.64266677,7.730560218,,
Temoa,nz,ON,Activity|residential|R_SPH_NG_FRN-TYP-NEW,?,,0.000402706,0.001332048,0.001716559,0.001534776,
Temoa,nz,ON,Activity|residential|R_SPH_OIL-ELC-EXS,?,0.521635896,0.384308903,0.247050048,0.098833008,,
Temoa,nz,ON,Activity|residential|R_SPH_OIL-EXS,?,2.062601362,1.519808919,0.977020019,0.390809655,,
Temoa,nz,ON,Activity|residential|R_SPH_OTH-EXS,?,3.731119842,2.633731828,1.536343768,0.175582577,,
Temoa,nz,ON,Activity|residential|R_SPH_WOOD-ELC-EXS,?,4.892464292,3.261642463,1.630822317,,,
Temoa,nz,ON,Activity|residential|R_SPH_WOOD-EXS,?,0.392153093,0.261435635,0.130718148,,,
Temoa,nz,ON,Activity|residential|R_SPH_WOOD-OIL-EXS,?,3.09178217,2.278157106,1.464530117,0.585811359,,
Temoa,nz,ON,Activity|residential|R_WAH_ELC-EXS,?,5.509843455,2.855106746,0.190342903,,,
Temoa,nz,ON,Activity|residential|R_WAH_ELEC-TYP-NEW,?,,17.37293122,41.83819492,67.48106753,70.33587425,73.2819885
Temoa,nz,ON,Activity|residential|R_WAH_HP-TYP-NEW,?,28.42127361,28.42137018,22.73761508,0.000441087,0.000679419,0.000676211
Temoa,nz,ON,Activity|residential|R_WAH_LPG-EXS,?,0.088485654,0.044242738,,,,
Temoa,nz,ON,Activity|residential|R_WAH_NG-EXS,?,26.80033325,13.40016681,,,,
Temoa,nz,ON,Activity|residential|R_WAH_OIL-EXS,?,0.118281506,0.064517267,0.003408577,,,
Temoa,nz,ON,Activity|transportation,?,2583.068408,2432.390027,2102.071728,2024.459594,2074.901723,2150.181167
Temoa,nz,ON,Activity|transportation|E_T_ELC,?,61.32580065,110.3229469,169.3124735,213.8172801,235.6419465,261.3327127
Temoa,nz,ON,Activity|transportation|F_T_CNG,?,0.213385988,0.087924725,,,,
Temoa,nz,ON,Activity|transportation|F_T_DSL,?,207.436019,174.1296963,118.2726545,62.20990319,66.3110404,71.01672664
Temoa,nz,ON,Activity|transportation|F_T_ETH,?,53.0277069,50.27773122,19.16325818,12.13065646,9.097484369,6.07646276
Temoa,nz,ON,Activity|transportation|F_T_GSL,?,429.0423559,284.9071436,108.5917964,68.74038662,51.55241142,34.43328897
Temoa,nz,ON,Activity|transportation|F_T_HFO,?,6.527498451,6.527498746,0.003498248,,,
Temoa,nz,ON,Activity|transportation|F_T_JTF,?,120.590893,122.8562163,125.0785825,128.1364109,133.8428236,143.3183423
Temoa,nz,ON,Activity|transportation|F_T_LNG,?,24.3962276,27.71976788,35.64299315,37.12380155,39.34184299,41.77420751
Temoa,nz,ON,Activity|transportation|F_T_NG,?,2.397541363,2.523861566,2.397713408,2.397712096,2.397715586,
Temoa,nz,ON,Activity|transportation|F_T_RDSL,?,8.643167459,7.255404012,4.928027272,2.5920793,2.762960017,2.959030277
Temoa,nz,ON,Activity|transportation|T_BLND_ETH_GSL,?,482.0700628,335.1848748,127.7550546,80.87104309,60.64989579,40.50975173
Temoa,nz,ON,Activity|transportation|T_BLND_GSL_ELC_PHEV35,?,91.02227018,122.8633165,147.258936,127.9416802,95.95080726,56.19502154
Temoa,nz,ON,Activity|transportation|T_BLND_GSL_ELC_PHEV50,?,,,,,,9.936910942
Temoa,nz,ON,Activity|transportation|T_BLND_JTF,?,120.59089,122.8562088,125.0785692,128.1363899,133.8427921,143.3183141
Temoa,nz,ON,Activity|transportation|T_BLND_RDSL_DSL,?,216.0791865,181.3851003,123.2006818,64.80198249,69.07400042,73.97575692
Temoa,nz,ON,Activity|transportation|T_ELC_AC_DC,?,,0.131505774,,,,2.166034752
Temoa,nz,ON,Activity|transportation|T_H2_COMP_100_700,?,1.759091993,1.956048259,1.763034954,1.765852079,1.766561215,1.777000098
Temoa,nz,ON,Activity|transportation|T_H2_COMP_10_100,?,1.759091993,1.956048259,1.763018651,1.765840294,1.766550947,1.777000116
Temoa,nz,ON,Activity|transportation|T_H2_HDV_REFUEL,?,1.750258618,1.946226145,1.754258363,1.757081649,1.757781622,1.769337217
Temoa,nz,ON,Activity|transportation|T_H2_distribution,?,1.759091993,1.956048259,1.763128492,1.765972156,1.766680636,1.77829324
Temoa,nz,ON,Activity|transportation|T_HDV_AJF_JFL_EX,?,0.907337483,0.735902695,0.608678198,0.380952108,,
Temoa,nz,ON,Activity|transportation|T_HDV_AJF_JFL_N,?,0.128960489,0.417611059,0.63383807,0.951074842,1.42022025,1.520769043
Temoa,nz,ON,Activity|transportation|T_HDV_AJP_JFL_EX,?,65.68398127,54.75193618,42.92507151,23.13349267,,
Temoa,nz,ON,Activity|transportation|T_HDV_AJP_JFL_N,?,10.66013823,30.22764328,48.61155222,74.99769849,104.6288333,112.0361213
Temoa,nz,ON,Activity|transportation|T_HDV_BIC_DSL_EX,?,0.420852971,0.186847363,,,,
Temoa,nz,ON,Activity|transportation|T_HDV_BIC_FCEV_N,?,1.501126046,1.980600715,2.369864647,2.540613941,2.708838316,2.900569505
Temoa,nz,ON,Activity|transportation|T_HDV_BIC_GSL_EX,?,0.054597081,0.032664187,,,,
Temoa,nz,ON,Activity|transportation|T_HDV_BS_BEV_N,?,,2.411124563,7.88078866,13.27423336,14.39089183,15.51991707
Temoa,nz,ON,Activity|transportation|T_HDV_BS_CNG_EX,?,0.258134305,0.109224448,,,,
Temoa,nz,ON,Activity|transportation|T_HDV_BS_DSL_EX,?,3.580611935,1.506791222,,,,
Temoa,nz,ON,Activity|transportation|T_HDV_BS_FCHEV_N,?,6.387800985,7.569862082,4.808298825,0.329039078,0.113110834,0.010718793
Temoa,nz,ON,Activity|transportation|T_HDV_BS_GSL_EX,?,0.356513481,0.183147679,,,,
Temoa,nz,ON,Activity|transportation|T_HDV_BT_BEV_EX,?,0.831447967,0.421817171,,,,
Temoa,nz,ON,Activity|transportation|T_HDV_BT_BEV_N,?,5.331830126,7.714858048,9.695326056,10.39379202,11.08201785,11.86660617
Temoa,nz,ON,Activity|transportation|T_HDV_BT_CNG_EX,?,0.039339585,0.013943347,,,,
Temoa,nz,ON,Activity|transportation|T_HDV_BT_DSL_EX,?,1.861389821,0.836640691,,,,
Temoa,nz,ON,Activity|transportation|T_HDV_BT_GSL_EX,?,0.0221928,0.013600817,,,,
Temoa,nz,ON,Activity|transportation|T_HDV_CHRG,?,14.72974051,27.05295972,41.50239836,58.1959525,59.4236012,61.0388315
Temoa,nz,ON,Activity|transportation|T_HDV_RF_H2_N,?,,,0.459979048,4.796556485,4.79655538,4.796542352
Temoa,nz,ON,Activity|transportation|T_HDV_RF_LNG_N,?,98.90144196,110.0882588,118.1227034,122.3292018,130.7461422,140.3417122
Temoa,nz,ON,Activity|transportation|T_HDV_RICP_DSL_EX,?,0.341459748,0.287689346,0.12432317,0.002717522,,
Temoa,nz,ON,Activity|transportation|T_HDV_RICP_DSL_N,?,0.007535356,0.007535251,0.007534434,0.007532982,,0.00752048
Temoa,nz,ON,Activity|transportation|T_HDV_RICP_H2_N,?,,0.093289955,0.286697999,0.437241061,0.47907216,0.50490024
Temoa,nz,ON,Activity|transportation|T_HDV_T_BEV_N,?,19.15532041,47.32965159,84.10699398,127.0789059,135.4932672,145.0857158
Temoa,nz,ON,Activity|transportation|T_HDV_T_DSL_EX,?,79.70959001,62.7180766,34.43201853,,,
Temoa,nz,ON,Activity|transportation|T_HDV_WTF_HFO_EX,?,41.34476027,41.34474862,0.027790023,,,
Temoa,nz,ON,Activity|transportation|T_HDV_WTF_LNG_N,?,16.21596548,22.72679088,68.98750782,73.98733823,78.88638945,84.4712461
Temoa,nz,ON,Activity|transportation|T_I_H2_ELC_ALK,?,,0.094373617,,,,0.039586764
Temoa,nz,ON,Activity|transportation|T_I_H2_ELC_PEM,?,,0.007332235,,,,1.72977683
Temoa,nz,ON,Activity|transportation|T_I_H2_SMR_CCS,?,1.758622406,1.851266531,1.758730759,1.758725065,1.75872182,
Temoa,nz,ON,Activity|transportation|T_LDV_BEV_CHRG,?,0.660313564,16.74580038,41.51676289,67.6471449,97.24489591,125.7520579
Temoa,nz,ON,Activity|transportation|T_LDV_C_BEV150_EX,?,0.982984647,0.813134174,,,,
Temoa,nz,ON,Activity|transportation|T_LDV_C_BEV150_N,?,,3.620674482,9.719601502,16.53599476,17.8901037,19.26722186
Temoa,nz,ON,Activity|transportation|T_LDV_C_BEV200_N,?,,7.241350215,19.43920411,33.07199162,35.78020888,38.53444594
Temoa,nz,ON,Activity|transportation|T_LDV_C_BEV300_N,?,,10.86202557,29.15880633,49.60798718,53.67031567,57.80166929
Temoa,nz,ON,Activity|transportation|T_LDV_C_BEV400_N,?,,14.48270123,38.87840874,66.14398425,71.56042008,77.06889261
Temoa,nz,ON,Activity|transportation|T_LDV_C_DSL_EX,?,0.881065015,0.083424441,,,,
Temoa,nz,ON,Activity|transportation|T_LDV_C_GSL_EX,?,63.91752451,34.45126055,,,,
Temoa,nz,ON,Activity|transportation|T_LDV_C_GSL_HEV_EX,?,1.767793404,1.041117651,,,,
Temoa,nz,ON,Activity|transportation|T_LDV_C_GSL_PHEV35_EX,?,0.610227568,0.497368071,,,,
Temoa,nz,ON,Activity|transportation|T_LDV_C_GSL_PHEV35_N,?,63.18876796,73.11244803,60.29073538,3.472642946,1.110643979,0.083534847
Temoa,nz,ON,Activity|transportation|T_LDV_LTF_BEV150_N,?,,,,,0.400381588,0.415530636
Temoa,nz,ON,Activity|transportation|T_LDV_LTF_BEV200_N,?,,,,,0.800764726,0.831063387
Temoa,nz,ON,Activity|transportation|T_LDV_LTF_BEV300_N,?,,,,,1.201147529,1.246596092
Temoa,nz,ON,Activity|transportation|T_LDV_LTF_BEV400_N,?,,,,,1.601530764,1.66212851
Temoa,nz,ON,Activity|transportation|T_LDV_LTF_DSL_EX,?,0.682765816,0.559751352,0.103488895,,,
Temoa,nz,ON,Activity|transportation|T_LDV_LTF_GSL_EX,?,8.115630104,5.930217356,1.061182248,,,
Temoa,nz,ON,Activity|transportation|T_LDV_LTF_GSL_PHEV35_EX,?,0.009501625,0.010423155,,,,
Temoa,nz,ON,Activity|transportation|T_LDV_LTF_GSL_PHEV35_N,?,5.4781286,9.402093208,15.96306745,18.36389342,15.5760581,10.01384716
Temoa,nz,ON,Activity|transportation|T_LDV_LTF_GSL_PHEV50_N,?,,,,,,6.797131128
Temoa,nz,ON,Activity|transportation|T_LDV_LTP_BEV150_N,?,,,,,4.997466715,11.42498413
Temoa,nz,ON,Activity|transportation|T_LDV_LTP_BEV200_N,?,,,,,9.994936998,22.8499713
Temoa,nz,ON,Activity|transportation|T_LDV_LTP_BEV300_EX,?,0.123398695,0.133836668,0.026679384,,,
Temoa,nz,ON,Activity|transportation|T_LDV_LTP_BEV300_N,?,,,,,14.99240624,34.27496156
Temoa,nz,ON,Activity|transportation|T_LDV_LTP_BEV400_N,?,,,,,19.98987858,45.69994984
Temoa,nz,ON,Activity|transportation|T_LDV_LTP_DSL_EX,?,3.314564858,2.114483774,0.336452891,,,
Temoa,nz,ON,Activity|transportation|T_LDV_LTP_GSL_EX,?,79.3205743,52.88289164,9.092430852,,,
Temoa,nz,ON,Activity|transportation|T_LDV_LTP_GSL_HEV_EX,?,0.587047294,0.564636662,0.103469131,,,
Temoa,nz,ON,Activity|transportation|T_LDV_LTP_GSL_PHEV35_EX,?,0.125096278,0.135438963,0.026987553,,,
Temoa,nz,ON,Activity|transportation|T_LDV_LTP_GSL_PHEV35_N,?,49.57339286,92.26168287,149.9335196,171.0099784,132.360804,80.16730213
Temoa,nz,ON,Activity|transportation|T_LDV_LTP_GSL_PHEV50_N,?,,,,,,0.8270983
Temoa,nz,ON,Activity|transportation|T_LDV_M_BEV_N,?,0.337680991,0.957604923,1.428605011,1.687480954,1.799173118,1.926573847
Temoa,nz,ON,Activity|transportation|T_LDV_M_GSL_EX,?,0.975366246,0.50392952,0.145616788,,,
Temoa,nz,ON,Activity|transportation|T_LDV_PHEV_CHRG,?,33.48796411,45.20266848,54.17811915,47.07115675,35.30103253,25.62190961
Temoa,nz,ON,Activity|transportation|T_MDV_CHRG,?,6.139012514,9.974397415,15.0029512,19.33680088,19.92263703,20.63784329
Temoa,nz,ON,Activity|transportation|T_MDV_T_BEV_N,?,3.573848757,6.893706259,11.36503963,15.1771199,16.18206385,17.32768753
Temoa,nz,ON,Activity|transportation|T_MDV_T_DSL_EX,?,4.929222241,3.842613571,1.731088351,,,
Temoa,nz,ON,Activity|transportation|T_MDV_T_GSL_EX,?,3.304427817,2.406750054,1.061063583,,,
Temoa,nz,ON,Activity|transportation|T_OFF,?,50.4008774,56.10183899,60.43067211,64.78427797,69.07389674,73.96404016
Temoa,nz,ON,Capacity|commercial,?,3069.359515,2711.182075,2315.753918,1991.350731,1827.924015,1921.744045
Temoa,nz,ON,Capacity|commercial|C_SPC_AC_ROOF-NEW,?,0.00096717,0.002062164,0.003079688,0.004169796,0.00454328,0.004726453
Temoa,nz,ON,Capacity|commercial|C_SPC_ELC-EXS,?,534.1614665,356.1076443,178.0538222,,,
Temoa,nz,ON,Capacity|commercial|C_SPHC_HP_AIR-NEW,?,1412.512019,1560.751538,1671.739046,1737.154575,1810.910833,1921.667929
Temoa,nz,ON,Capacity|commercial|C_SPHC_HP_GEO-NEW,?,0.000444491,0.000978037,0.001508783,0.001753062,0.001930648,0.002079695
Temoa,nz,ON,Capacity|commercial|C_SPH_ELC-EXS,?,233.203227,116.6016135,,,,
Temoa,nz,ON,Capacity|commercial|C_SPH_ELC_BLR-NEW,?,0.004019009,0.008569511,0.013768203,0.015692011,0.017516652,0.019184815
Temoa,nz,ON,Capacity|commercial|C_SPH_ELC_RES-NEW,?,0.004018121,0.008558325,0.013750756,0.017293468,0.018589108,0.019736032
Temoa,nz,ON,Capacity|commercial|C_SPH_NG-EXS,?,889.4682045,677.6900606,465.9119166,254.1337727,16.94225151,
Temoa,nz,ON,Capacity|commercial|C_SPH_NG_FRN-NEW,?,0.005149456,0.011050311,0.017026031,0.023474177,0.028350226,0.030389058
Temoa,nz,ON,Capacity|electricity,?,53.10630307,75.24591234,104.342175,110.1313532,111.0826928,115.1250917
Temoa,nz,ON,Capacity|electricity|E_BAT_1H-EXS,?,0.011,,,,,
Temoa,nz,ON,Capacity|electricity|E_BAT_2H-NEW,?,0.000980596,0.002287134,0.017822461,0.114375006,0.539706891,1.098477395
Temoa,nz,ON,Capacity|electricity|E_BAT_3H-EXS,?,0.002,,,,,
Temoa,nz,ON,Capacity|electricity|E_BAT_4H-EXS,?,0.01,0.01,,,,
Temoa,nz,ON,Capacity|electricity|E_BAT_4H-NEW,?,0.000246503,0.001252988,0.009462892,0.013733846,0.021928665,0.60336377
Temoa,nz,ON,Capacity|electricity|E_BAT_5H-EXS,?,0.009,0.009,,,,
Temoa,nz,ON,Capacity|electricity|E_BIO_G-EXS,?,0.0125,0.0125,0.0125,0.0125,0.0032,
Temoa,nz,ON,Capacity|electricity|E_BIO_M-EXS,?,0.31101,0.31101,0.31101,0.31101,0.31101,0.31101
Temoa,nz,ON,Capacity|electricity|E_BIO_M-NEW,?,2.4655E-05,5.16679E-05,8.09566E-05,0.00011265,0.000146343,0.000183688
Temoa,nz,ON,Capacity|electricity|E_HYD_DLY-EXS,?,4.39396,4.39396,4.39396,4.39396,4.39396,4.39396
Temoa,nz,ON,Capacity|electricity|E_HYD_ROR-EXS,?,3.42117,3.42117,3.42117,3.42117,3.42117,3.42117
Temoa,nz,ON,Capacity|electricity|E_INT_IN-USA,?,0.52,0.52,0.52,0.52,0.52,0.52
Temoa,nz,ON,Capacity|electricity|E_NG_CC-EXS,?,4.05,4.05,4.05,4.05,4.05,4.05
Temoa,nz,ON,Capacity|electricity|E_NG_CC-NEW,?,0.001631903,2.300744915,4.588953965,4.634553049,4.635995241,4.637207526
Temoa,nz,ON,Capacity|electricity|E_NG_CCS-NEW,?,0.000327468,0.005157886,3.11726942,3.231920213,3.242242495,3.310866049
Temoa,nz,ON,Capacity|electricity|E_NG_CCS_RFIT_90,?,6.72543E-05,0.000152055,0.000244279,0.000337865,0.000445717,0.000566139
Temoa,nz,ON,Capacity|electricity|E_NG_CCS_RFIT_95,?,8.55844E-05,0.000197706,0.000309105,0.000415963,0.000536804,0.000671829
Temoa,nz,ON,Capacity|electricity|E_NG_CG-EXS,?,1.46303,1.46303,1.46303,1.32303,1.26703,1.17703
Temoa,nz,ON,Capacity|electricity|E_NG_CT-EXS,?,4.47849,4.47849,4.47849,4.47849,4.47849,4.47849
Temoa,nz,ON,Capacity|electricity|E_NG_CT-NEW,?,6.347088527,10.72117312,13.2696345,14.84577635,14.84648357,14.98784458
Temoa,nz,ON,Capacity|electricity|E_NUC_CANDU-EXS,?,11.413,8.311,6.665,5.043,1.762,1.762
Temoa,nz,ON,Capacity|electricity|E_NUC_PWR-NEW,?,1.01452E-05,2.75458E-05,3.89466E-05,3.89466E-05,3.89466E-05,3.89466E-05
Temoa,nz,ON,Capacity|electricity|E_NUC_SMR-NEW,?,,,4.48994E-05,7.265261258,14.15930916,17.66078175
Temoa,nz,ON,Capacity|electricity|E_PUMP_4H-EXS,?,0.174,0.174,0.174,0.174,0.174,0.174
Temoa,nz,ON,Capacity|electricity|E_SOL_PV-EXS,?,0.6175,0.6175,0.6175,0.5125,0.098,
Temoa,nz,ON,Capacity|electricity|E_SOL_PV-NEW-1,?,0.000384136,0.009683033,10.59430877,10.59464881,10.59481196,10.59488524
Temoa,nz,ON,Capacity|electricity|E_SOL_PV-NEW-2,?,0.000341727,0.00225318,1.325366813,1.325765247,1.325955899,1.326042119
Temoa,nz,ON,Capacity|electricity|E_SOL_PV-NEW-3,?,0.000438499,8.055863146,8.060870053,8.06116252,8.061305534,8.061370223
Temoa,nz,ON,Capacity|electricity|E_SOL_PV-NEW-4,?,0.00041625,2.920071718,11.20626646,11.20659366,11.20675061,11.20682122
Temoa,nz,ON,Capacity|electricity|E_SOL_PV-NEW-5,?,0.00031421,0.001689978,2.981800337,2.982246354,2.982462353,2.982559835
Temoa,nz,ON,Capacity|electricity|E_WND_ON-EXS,?,5.13992,5.13992,4.73632,3.27502,0.63299,
Temoa,nz,ON,Capacity|electricity|E_WND_ON-NEW-1,?,0.398325111,0.400072352,0.401067968,0.402068893,0.403068836,0.404069542
Temoa,nz,ON,Capacity|electricity|E_WND_ON-NEW-10,?,2.469820962,4.114174018,4.115177687,4.116179422,4.117173462,4.118180897
Temoa,nz,ON,Capacity|electricity|E_WND_ON-NEW-11,?,0.001735955,0.523780331,0.524791476,0.525788915,0.526790508,0.527791196
Temoa,nz,ON,Capacity|electricity|E_WND_ON-NEW-12,?,0.005211782,2.471027535,2.472023012,2.473024207,2.474018494,2.475023689
Temoa,nz,ON,Capacity|electricity|E_WND_ON-NEW-13,?,0.004742139,2.010229303,2.011225613,2.012227129,2.01322204,2.01423063
Temoa,nz,ON,Capacity|electricity|E_WND_ON-NEW-2,?,0.65088635,0.65191177,0.652910335,0.653910676,0.65491234,0.655914254
Temoa,nz,ON,Capacity|electricity|E_WND_ON-NEW-3,?,0.383658828,0.38530666,0.386302997,0.387302997,0.388303771,0.389305683
Temoa,nz,ON,Capacity|electricity|E_WND_ON-NEW-4,?,0.003965289,0.401518056,0.402516858,0.403520385,0.404519743,0.405520236
Temoa,nz,ON,Capacity|electricity|E_WND_ON-NEW-5,?,0.003046956,0.535180429,0.536177689,0.53717816,0.538178717,0.539178741
Temoa,nz,ON,Capacity|electricity|E_WND_ON-NEW-6,?,0.428743811,0.432324403,0.433319651,0.434321382,0.435320854,0.436321816
Temoa,nz,ON,Capacity|electricity|E_WND_ON-NEW-7,?,1.225989232,1.22951185,1.230512733,1.231512825,1.232515928,1.233516654
Temoa,nz,ON,Capacity|electricity|E_WND_ON-NEW-8,?,0.523265195,0.526565373,0.527569761,0.528568688,0.529569162,0.53056913
Temoa,nz,ON,Capacity|electricity|E_WND_ON-NEW-9,?,4.627973999,4.632124188,4.633125388,4.634127808,4.635128749,4.636128931
Temoa,nz,ON,Capacity|residential,?,783.9882577,799.7369379,873.2263882,867.5109024,904.2486839,941.8842861
Temoa,nz,ON,Capacity|residential|R_APP_CL_WASH-EXS,?,3.66083925,1.4643357,,,,
Temoa,nz,ON,Capacity|residential|R_APP_CL_WASH-TYP-NEW,?,1.623073976,3.925454037,5.616392748,5.85161597,6.099181457,6.354645401
Temoa,nz,ON,Capacity|residential|R_APP_COOK_ELEC-EXS,?,3.821492235,2.351687529,0.646714071,,,
Temoa,nz,ON,Capacity|residential|R_APP_COOK_ELEC-TYP-NEW,?,1.866273404,3.698157611,5.906856136,6.828684034,7.118043473,7.416343433
Temoa,nz,ON,Capacity|residential|R_APP_COOK_NG-EXS,?,0.478541176,0.239270588,,,,
Temoa,nz,ON,Capacity|residential|R_APP_COOK_NG-TYP-NEW,?,0.000867481,0.001633116,0.001660296,0.001089661,0.000679675,0.000547664
Temoa,nz,ON,Capacity|residential|R_APP_DRY_ELEC-EXS,?,2.631975882,1.315987941,,,,
Temoa,nz,ON,Capacity|residential|R_APP_DRY_ELEC-TYP-NEW,?,0.000369587,0.000720968,0.001743297,2.162708241,4.252704969,5.975582708
Temoa,nz,ON,Capacity|residential|R_APP_DRY_NG-EXS,?,0.068362941,0.034181471,,,,
Temoa,nz,ON,Capacity|residential|R_APP_DRY_NG-TYP-NEW,?,2.270177693,3.719600137,5.2819224,3.342249117,1.485150818,0.002603107
Temoa,nz,ON,Capacity|residential|R_APP_DS_WASH-EXS,?,2.631975824,1.435623176,0.095708212,,,
Temoa,nz,ON,Capacity|residential|R_APP_DS_WASH-TYP-NEW,?,1.643011905,2.925024362,4.448274719,4.73429145,4.934586059,5.141271082
Temoa,nz,ON,Capacity|residential|R_APP_FREZ-EXS,?,2.559418,1.806648,1.053878,0.1204432,,
Temoa,nz,ON,Capacity|residential|R_APP_FREZ-TYP-NEW,?,0.96767124,1.791115392,2.695146322,3.785596136,4.071292288,4.241818244
Temoa,nz,ON,Capacity|residential|R_APP_REFR-EXS,?,4.60994625,0.526851,,,,
Temoa,nz,ON,Capacity|residential|R_APP_REFR-TYP-NEW,?,3.799486046,8.051085055,8.938578235,9.312939581,9.706943981,10.1135189
Temoa,nz,ON,Capacity|residential|R_LGT_CFL-EXS,?,111.604469,71.74573004,28.69829202,,,
Temoa,nz,ON,Capacity|residential|R_LGT_LED-EXS,?,162.2087991,162.2087991,162.2087991,162.2087991,129.7670392,89.21483948
Temoa,nz,ON,Capacity|residential|R_LGT_LED-TYP-NEW,?,411.3118789,476.065902,600.347177,632.2607825,711.1013043,791.3230522
Temoa,nz,ON,Capacity|residential|R_LGT_T12-EXS,?,47.04699494,36.81938734,26.59177975,16.36417215,4.500147342,
Temoa,nz,ON,Capacity|residential|R_SPC_CENT_AC-EXS,?,3.266004455,2.305414909,1.344825364,0.153694327,,
Temoa,nz,ON,Capacity|residential|R_SPC_ROOM_AC-EXS,?,0.286663333,,,,,
Temoa,nz,ON,Capacity|residential|R_SPC_ROOM_AC-TYP-NEW,?,,1.00227E-05,1.11238E-05,1.25324E-05,1.48013E-05,1.29598E-05
Temoa,nz,ON,Capacity|residential|R_SPHC_AIR_HP-TYP-NEW,?,2.080282013,3.770758227,5.636697329,7.786842464,8.510818672,8.867309295
Temoa,nz,ON,Capacity|residential|R_SPH_ELEC-EXS,?,1.161235955,0.855647545,0.550059136,0.220023655,,
Temoa,nz,ON,Capacity|residential|R_SPH_HP-EXS,?,0.078500529,0.042818471,0.002854565,,,
Temoa,nz,ON,Capacity|residential|R_SPH_NG-ELC-EXS,?,0.027670591,0.019532182,0.011393773,0.001302145,,
Temoa,nz,ON,Capacity|residential|R_SPH_NG-EXS,?,3.004335045,2.120707091,1.237079136,0.141380473,,
Temoa,nz,ON,Capacity|residential|R_SPH_NG_FRN-TYP-NEW,?,1.12776E-05,3.12104E-05,4.41695E-05,5.53527E-05,5.48992E-05,3.49664E-05
Temoa,nz,ON,Capacity|residential|R_SPH_OIL-ELC-EXS,?,0.019076,0.014056,0.009036,0.0036144,,
Temoa,nz,ON,Capacity|residential|R_SPH_OIL-EXS,?,0.087972591,0.064821909,0.041671227,0.016668491,,
Temoa,nz,ON,Capacity|residential|R_SPH_OTH-EXS,?,0.187155318,0.132109636,0.077063955,0.008807309,,
Temoa,nz,ON,Capacity|residential|R_SPH_WOOD-ELC-EXS,?,0.090695455,0.060463636,0.030231818,,,
Temoa,nz,ON,Capacity|residential|R_SPH_WOOD-EXS,?,0.016043182,0.010695455,0.005347727,,,
Temoa,nz,ON,Capacity|residential|R_SPH_WOOD-OIL-EXS,?,0.105236682,0.077542818,0.049848955,0.019939582,,
Temoa,nz,ON,Capacity|residential|R_WAH_ELC-EXS,?,0.994852941,0.542647059,0.036176471,,,
Temoa,nz,ON,Capacity|residential|R_WAH_ELEC-TYP-NEW,?,0.000116832,3.136838767,7.554261633,12.18431231,12.6997733,13.23172069
Temoa,nz,ON,Capacity|residential|R_WAH_HP-TYP-NEW,?,5.131716015,5.131975931,4.105925622,0.000828842,0.000889838,0.000918848
Temoa,nz,ON,Capacity|residential|R_WAH_LPG-EXS,?,0.02193,0.010965,,,,
Temoa,nz,ON,Capacity|residential|R_WAH_NG-EXS,?,2.598653529,1.299326765,,,,
Temoa,nz,ON,Capacity|residential|R_WAH_NG-TYP-NEW,?,1.85316E-05,3.74923E-05,4.84342E-05,4.94767E-05,4.82292E-05,4.59023E-05
Temoa,nz,ON,Capacity|residential|R_WAH_OIL-EXS,?,0.024462706,0.013343294,0.000889553,,,
Temoa,nz,ON,Capacity|residential|R_WAH_SOLAR-TYP-NEW,?,,,,,1.05492E-05,2.12686E-05
Temoa,nz,ON,Capacity|transportation,?,13077.27019,13179.0406,14089.40225,15095.86473,16074.76421,17212.2761
Temoa,nz,ON,Capacity|transportation|T_ELC_AC_DC,?,0.000516635,0.004463703,0.004709871,0.005015209,0.005472212,0.082881154
Temoa,nz,ON,Capacity|transportation|T_H2_COMP_100_700,?,0.055780808,0.062026248,0.062026248,0.055995811,0.056018312,0.056390435
Temoa,nz,ON,Capacity|transportation|T_H2_COMP_10_100,?,0.05578088,0.062026264,0.062026264,0.055995623,0.056018325,0.056390443
Temoa,nz,ON,Capacity|transportation|T_H2_HDV_REFUEL,?,1.750259403,1.946227998,1.754260317,1.757084045,1.757784191,1.769338808
Temoa,nz,ON,Capacity|transportation|T_H2_LDV_REFUEL,?,,,1.35096E-05,2.99575E-05,4.99897E-05,4.88336E-05
Temoa,nz,ON,Capacity|transportation|T_H2_MDV_REFUEL,?,3.70277E-05,4.74175E-05,3.87664E-05,4.04257E-05,1.20491E-05,
Temoa,nz,ON,Capacity|transportation|T_HDV_AJF_JFL_EX,?,0.9073379,0.735903046,0.608678448,0.380952242,,
Temoa,nz,ON,Capacity|transportation|T_HDV_AJF_JFL_N,?,0.128960555,0.4176112,0.633838311,0.951075238,1.420220819,1.520769521
Temoa,nz,ON,Capacity|transportation|T_HDV_AJP_JFL_EX,?,65.68398425,54.7519378,42.92507239,23.13349313,,
Temoa,nz,ON,Capacity|transportation|T_HDV_AJP_JFL_N,?,10.66013846,30.22764376,48.61155297,74.99769961,104.6288351,112.0361229
Temoa,nz,ON,Capacity|transportation|T_HDV_BIC_BEV_N,?,,1.28584E-05,1.28584E-05,,1.65221E-05,7.12109E-05
Temoa,nz,ON,Capacity|transportation|T_HDV_BIC_DSL_EX,?,0.627136972,0.244815436,,,,
Temoa,nz,ON,Capacity|transportation|T_HDV_BIC_DSL_HEV_N,?,,1.22557E-05,1.22557E-05,,,
Temoa,nz,ON,Capacity|transportation|T_HDV_BIC_DSL_N,?,1.30794E-05,2.47407E-05,1.16613E-05,,,
Temoa,nz,ON,Capacity|transportation|T_HDV_BIC_FCEV_N,?,2.236898325,2.595042522,3.105076046,3.328795699,3.549215056,3.800431928
Temoa,nz,ON,Capacity|transportation|T_HDV_BIC_GSL_EX,?,0.081362413,0.04279978,,,,
Temoa,nz,ON,Capacity|transportation|T_HDV_BIC_GSL_N,?,1.31588E-05,2.88449E-05,1.56862E-05,,1.03857E-05,2.41905E-05
Temoa,nz,ON,Capacity|transportation|T_HDV_BS_BEV_N,?,7.49038E-05,4.364992438,14.26701205,24.03104264,26.05259483,28.09652393
Temoa,nz,ON,Capacity|transportation|T_HDV_BS_CNG_EX,?,0.534969119,0.208087411,,,,
Temoa,nz,ON,Capacity|transportation|T_HDV_BS_DSL_EX,?,7.420619264,2.871384945,,,,
Temoa,nz,ON,Capacity|transportation|T_HDV_BS_DSL_HEV_N,?,1.45978E-05,2.62386E-05,1.16408E-05,,,
Temoa,nz,ON,Capacity|transportation|T_HDV_BS_DSL_N,?,1.25481E-05,1.25481E-05,,,,
Temoa,nz,ON,Capacity|transportation|T_HDV_BS_DSL_PHEV_N,?,1.78208E-05,3.89285E-05,4.94497E-05,5.01992E-05,4.99705E-05,5.42818E-05
Temoa,nz,ON,Capacity|transportation|T_HDV_BS_FCEV_N,?,0.000102578,0.000120884,0.000138597,0.00011849,0.000121856,8.91736E-05
Temoa,nz,ON,Capacity|transportation|T_HDV_BS_FCHEV_N,?,13.2382581,13.7041113,8.704728267,0.595702209,0.204796902,0.019825407
Temoa,nz,ON,Capacity|transportation|T_HDV_BS_GSL_EX,?,0.738897456,0.349003124,,,,
Temoa,nz,ON,Capacity|transportation|T_HDV_BS_GSL_N,?,1.16246E-05,1.16246E-05,,,,
Temoa,nz,ON,Capacity|transportation|T_HDV_BT_BEV_EX,?,1.324261694,0.582054377,,,,
Temoa,nz,ON,Capacity|transportation|T_HDV_BT_BEV_N,?,8.491936737,10.64552127,13.37832071,14.3421201,15.29178556,16.37442161
Temoa,nz,ON,Capacity|transportation|T_HDV_BT_CNG_EX,?,0.0626641,0.020246794,,,,
Temoa,nz,ON,Capacity|transportation|T_HDV_BT_DSL_EX,?,3.120642088,1.215217199,,,,
Temoa,nz,ON,Capacity|transportation|T_HDV_BT_DSL_PHEV_N,?,,,,,,1.0317E-05
Temoa,nz,ON,Capacity|transportation|T_HDV_BT_FCEV_N,?,,,1.25596E-05,1.25596E-05,,
Temoa,nz,ON,Capacity|transportation|T_HDV_BT_FCHEV_N,?,,,3.79819E-05,5.96454E-05,4.44526E-05,1.29981E-05
Temoa,nz,ON,Capacity|transportation|T_HDV_BT_GSL_EX,?,0.037207631,0.019754414,,,,
Temoa,nz,ON,Capacity|transportation|T_HDV_CHRG,?,14.72974217,27.0529624,41.50240095,58.19595521,59.42360449,61.0388346
Temoa,nz,ON,Capacity|transportation|T_HDV_RF_DSL_EX,?,91.62127695,91.62127695,69.06027658,51.79577346,22.83457492,
Temoa,nz,ON,Capacity|transportation|T_HDV_RF_DSL_N,?,,1.43515E-05,2.8838E-05,4.25949E-05,4.25949E-05,4.25949E-05
Temoa,nz,ON,Capacity|transportation|T_HDV_RF_H2_N,?,,0.000283686,0.4602648,4.796846118,4.797440407,4.797829748
Temoa,nz,ON,Capacity|transportation|T_HDV_RF_LNG_N,?,98.90144529,110.0882625,118.1227117,122.329219,130.7461895,140.3418066
Temoa,nz,ON,Capacity|transportation|T_HDV_RICP_DSL_EX,?,0.341460994,0.341460994,0.248198485,0.19449133,0.124327015,
Temoa,nz,ON,Capacity|transportation|T_HDV_RICP_DSL_N,?,0.008116826,0.008116826,0.008116826,0.008116826,0.008116826,0.008116826
Temoa,nz,ON,Capacity|transportation|T_HDV_RICP_H2_N,?,,0.093290195,0.286698543,0.437241871,0.479073505,0.504901675
Temoa,nz,ON,Capacity|transportation|T_HDV_T_BEV_N,?,28.4395111,65.1868558,115.8400785,175.0250474,186.614207,199.825731
Temoa,nz,ON,Capacity|transportation|T_HDV_T_DSL_EX,?,119.467762,90.92762164,49.91896552,,,
Temoa,nz,ON,Capacity|transportation|T_HDV_T_FCEV_N,?,1.29066E-05,1.29066E-05,1.29066E-05,1.03253E-05,,
Temoa,nz,ON,Capacity|transportation|T_HDV_T_FCHEV_N,?,5.43776E-05,7.30326E-05,9.6895E-05,0.000105688,7.0631E-05,6.24714E-05
Temoa,nz,ON,Capacity|transportation|T_HDV_WTF_HFO_EX,?,41.34476869,41.34476869,39.21310663,30.5597369,8.161665736,
Temoa,nz,ON,Capacity|transportation|T_HDV_WTF_HFO_N,?,1.61027E-05,3.50654E-05,5.80461E-05,7.50998E-05,7.50998E-05,7.50998E-05
Temoa,nz,ON,Capacity|transportation|T_HDV_WTF_LNG_N,?,16.21596772,22.72679649,68.98751876,73.98735904,78.88642877,84.47132643
Temoa,nz,ON,Capacity|transportation|T_HDV_WTF_MDO_EX,?,7.618054945,7.618054945,5.915243624,4.136201881,1.26014774,
Temoa,nz,ON,Capacity|transportation|T_HDV_WTF_MDO_N,?,,,1.18012E-05,1.18012E-05,1.18012E-05,1.18012E-05
Temoa,nz,ON,Capacity|transportation|T_I_H2_ELC_ALK,?,0.000146731,0.003217161,0.003303104,0.003413538,0.003435144,0.001715811
Temoa,nz,ON,Capacity|transportation|T_I_H2_ELC_PEM,?,5.98039E-05,0.000331153,0.000411192,0.000521876,0.000644868,0.066129648
Temoa,nz,ON,Capacity|transportation|T_I_H2_SMR_CCS,?,0.06178935,0.06178935,0.06178935,0.06178935,0.06178935,
Temoa,nz,ON,Capacity|transportation|T_LDV_BEV_CHRG,?,1.515358083,38.47372477,95.38537649,155.4203127,223.4215864,288.9172039
Temoa,nz,ON,Capacity|transportation|T_LDV_C_BEV150_EX,?,40.08969042,29.74463427,,,,
Temoa,nz,ON,Capacity|transportation|T_LDV_C_BEV150_N,?,6.86925E-05,132.4450828,355.5451411,604.8902895,654.4238947,704.799169
Temoa,nz,ON,Capacity|transportation|T_LDV_C_BEV200_N,?,0.000137391,264.8901657,711.0902823,1209.780579,1308.847789,1409.598338
Temoa,nz,ON,Capacity|transportation|T_LDV_C_BEV300_N,?,0.000206065,397.3352485,1066.635423,1814.670868,1963.271684,2114.397507
Temoa,nz,ON,Capacity|transportation|T_LDV_C_BEV400_N,?,0.000274745,529.7803313,1422.180565,2419.561158,2617.695579,2819.196676
Temoa,nz,ON,Capacity|transportation|T_LDV_C_CNG_N,?,7.90663E-05,0.000156264,0.000182275,0.000157927,0.000131154,0.000148546
Temoa,nz,ON,Capacity|transportation|T_LDV_C_DSL_EX,?,35.9321555,3.051879688,,,,
Temoa,nz,ON,Capacity|transportation|T_LDV_C_DSL_N,?,4.77594E-05,9.95548E-05,0.000120419,0.000110642,9.41385E-05,0.00010735
Temoa,nz,ON,Capacity|transportation|T_LDV_C_FCEV400_N,?,1.97243E-05,9.22649E-05,0.000265191,0.000276757,0.00032742,0.00030038
Temoa,nz,ON,Capacity|transportation|T_LDV_C_GSL_EX,?,2743.908838,1326.562563,,,,
Temoa,nz,ON,Capacity|transportation|T_LDV_C_GSL_HEV_EX,?,72.09500257,38.08435005,,,,
Temoa,nz,ON,Capacity|transportation|T_LDV_C_GSL_HEV_N,?,0.00023346,0.000442088,0.000502347,0.000376503,0.000295731,0.000313961
Temoa,nz,ON,Capacity|transportation|T_LDV_C_GSL_N,?,4.44081E-05,9.52149E-05,0.000125915,0.000113741,0.000105447,0.000119533
Temoa,nz,ON,Capacity|transportation|T_LDV_C_GSL_PHEV35_EX,?,24.88664145,18.19384478,,,,
Temoa,nz,ON,Capacity|transportation|T_LDV_C_GSL_PHEV35_N,?,2576.99246,2674.469045,2205.448076,127.0300788,40.62767494,3.055794627
Temoa,nz,ON,Capacity|transportation|T_LDV_C_GSL_PHEV50_N,?,0.000704476,0.002007058,0.002032012,0.001326258,0.000437547,0.000699319
Temoa,nz,ON,Capacity|transportation|T_LDV_LTF_BEV150_N,?,1.84728E-05,6.74116E-05,0.0002247,0.000515903,33.79117588,35.0697703
Temoa,nz,ON,Capacity|transportation|T_LDV_LTF_BEV200_N,?,3.69334E-05,0.000134803,0.000449379,0.001031796,67.58237133,70.13954059
Temoa,nz,ON,Capacity|transportation|T_LDV_LTF_BEV300_N,?,5.53862E-05,0.000202186,0.000674047,0.001558764,101.373557,105.2093109
Temoa,nz,ON,Capacity|transportation|T_LDV_LTF_BEV400_N,?,7.38468E-05,0.000269577,0.000898723,0.002078345,135.1647427,140.2790812
Temoa,nz,ON,Capacity|transportation|T_LDV_LTF_CNG_N,?,6.83523E-05,0.000136629,0.000206156,0.000215757,0.000209153,0.000194138
Temoa,nz,ON,Capacity|transportation|T_LDV_LTF_DSL_EX,?,66.54003164,49.72771579,9.193827714,,,
Temoa,nz,ON,Capacity|transportation|T_LDV_LTF_DSL_N,?,3.0199E-05,5.70784E-05,9.25635E-05,8.73053E-05,8.78306E-05,8.38227E-05
Temoa,nz,ON,Capacity|transportation|T_LDV_LTF_FCEV400_N,?,2.01156E-05,4.86145E-05,0.0001747,0.000266291,0.000599955,0.000607608
Temoa,nz,ON,Capacity|transportation|T_LDV_LTF_GSL_EX,?,790.9149416,526.8354017,94.27448662,,,
Temoa,nz,ON,Capacity|transportation|T_LDV_LTF_GSL_HEV_EX,?,0.065824193,0.017951583,0.001196686,,,
Temoa,nz,ON,Capacity|transportation|T_LDV_LTF_GSL_HEV_N,?,8.45683E-05,0.00017195,0.000271864,0.000304316,0.000323239,0.000305546
Temoa,nz,ON,Capacity|transportation|T_LDV_LTF_GSL_N,?,2.78337E-05,6.23372E-05,9.88112E-05,0.00010675,0.000108829,0.000107861
Temoa,nz,ON,Capacity|transportation|T_LDV_LTF_GSL_PHEV35_EX,?,0.896995538,0.896995538,0.179399108,,,
Temoa,nz,ON,Capacity|transportation|T_LDV_LTF_GSL_PHEV35_N,?,507.1808286,793.5101913,1347.237947,1549.860924,1314.575496,845.1405866
Temoa,nz,ON,Capacity|transportation|T_LDV_LTF_GSL_PHEV50_N,?,0.000890055,0.005908706,0.012732261,0.0167933,0.019060972,573.6588162
Temoa,nz,ON,Capacity|transportation|T_LDV_LTP_BEV150_N,?,3.5352E-05,0.000129865,0.00092997,0.006832884,163.955713,374.828073
Temoa,nz,ON,Capacity|transportation|T_LDV_LTP_BEV200_N,?,7.06764E-05,0.000259698,0.001859904,0.013679895,327.9114259,749.656146
Temoa,nz,ON,Capacity|transportation|T_LDV_LTP_BEV300_EX,?,4.448375473,4.390890761,0.875303917,,,
Temoa,nz,ON,Capacity|transportation|T_LDV_LTP_BEV300_N,?,0.000106013,0.000389543,0.002789849,0.020519839,491.8671389,1124.484219
Temoa,nz,ON,Capacity|transportation|T_LDV_LTP_BEV400_N,?,0.000141346,0.000519383,0.00371979,0.027359778,655.8228518,1499.312292
Temoa,nz,ON,Capacity|transportation|T_LDV_LTP_CNG_N,?,7.61183E-05,0.00015485,0.000227216,0.000240646,0.000219084,0.000212093
Temoa,nz,ON,Capacity|transportation|T_LDV_LTP_DSL_EX,?,119.4681623,69.37155527,11.61907888,,,
Temoa,nz,ON,Capacity|transportation|T_LDV_LTP_DSL_N,?,3.35954E-05,6.76136E-05,0.000101104,0.00010194,9.6393E-05,9.91462E-05
Temoa,nz,ON,Capacity|transportation|T_LDV_LTP_FCEV400_N,?,1.18933E-05,8.26285E-05,0.000229943,0.000504301,0.000861413,0.000908577
Temoa,nz,ON,Capacity|transportation|T_LDV_LTP_GSL_EX,?,3009.44751,1826.282302,314.0021423,,,
Temoa,nz,ON,Capacity|transportation|T_LDV_LTP_GSL_HEV_EX,?,21.159256,18.52449764,3.573161609,,,
Temoa,nz,ON,Capacity|transportation|T_LDV_LTP_GSL_HEV_N,?,9.98249E-05,0.000210008,0.000324227,0.000372479,0.000359559,0.000353692
Temoa,nz,ON,Capacity|transportation|T_LDV_LTP_GSL_N,?,3.2548E-05,7.2918E-05,0.000117783,0.000126279,0.000115868,0.000118933
Temoa,nz,ON,Capacity|transportation|T_LDV_LTP_GSL_PHEV35_EX,?,4.508982529,4.443493582,0.885424269,,,
Temoa,nz,ON,Capacity|transportation|T_LDV_LTP_GSL_PHEV35_N,?,1786.787996,3026.897462,4918.980193,5610.451241,4342.459135,2630.10824
Temoa,nz,ON,Capacity|transportation|T_LDV_LTP_GSL_PHEV50_N,?,0.000631258,0.00348722,0.00624685,0.00779896,0.005802339,27.13534607
Temoa,nz,ON,Capacity|transportation|T_LDV_M_BEV_N,?,57.41942842,175.989168,262.5633008,310.1674942,330.7048807,354.1173524
Temoa,nz,ON,Capacity|transportation|T_LDV_M_GSL_EX,?,165.8527091,92.60967347,26.76059604,,,
Temoa,nz,ON,Capacity|transportation|T_LDV_M_GSL_N,?,0.000112109,0.000225992,0.000370836,0.000457199,0.000500193,0.000576403
Temoa,nz,ON,Capacity|transportation|T_LDV_PHEV_CHRG,?,33.48796455,45.20266943,54.17812659,47.07115903,35.30140941,25.62231506
Temoa,nz,ON,Capacity|transportation|T_MDV_CHRG,?,6.13901313,9.974398371,15.00295458,19.33680421,19.92263936,20.63784678
Temoa,nz,ON,Capacity|transportation|T_MDV_T_BEV_N,?,139.6787775,255.430095,421.1048538,562.3525404,599.5883829,642.0367829
Temoa,nz,ON,Capacity|transportation|T_MDV_T_DSL_EX,?,202.7911699,149.8726576,67.51727159,,,
Temoa,nz,ON,Capacity|transportation|T_MDV_T_DSL_HEV_N,?,2.35103E-05,3.88184E-05,5.0177E-05,5.23286E-05,3.347E-05,3.40168E-05
Temoa,nz,ON,Capacity|transportation|T_MDV_T_DSL_N,?,1.97918E-05,3.15606E-05,3.15606E-05,2.36439E-05,,1.00618E-05
Temoa,nz,ON,Capacity|transportation|T_MDV_T_DSL_PHEV_N,?,2.15505E-05,4.63734E-05,6.69062E-05,7.87649E-05,7.19968E-05,7.3751E-05
Temoa,nz,ON,Capacity|transportation|T_MDV_T_FCEV_N,?,0.000229599,0.000256455,0.000280097,0.000241501,0.000112378,9.78362E-05
Temoa,nz,ON,Capacity|transportation|T_MDV_T_FCHEV_N,?,0.000209129,0.000238351,0.000274507,0.000263065,0.000178955,0.000184803
Temoa,nz,ON,Capacity|transportation|T_MDV_T_GSL_EX,?,129.1489801,93.86997186,41.38443448,,,
Temoa,nz,ON,Capacity|transportation|T_MDV_T_GSL_N,?,2.58132E-05,4.41876E-05,5.97851E-05,6.35922E-05,5.39698E-05,4.20689E-05
Temoa,nz,ON,Emissions|ch4,?,35576.68582,24419.31191,10988.84783,7280.279721,5803.149852,4382.346647
Temoa,nz,ON,Emissions|ch4|F_A_DSL,?,77.4184374,85.54332952,82.92380523,80.44784667,80.70547804,82.1534217
Temoa,nz,ON,Emissions|ch4|F_A_NG,?,29.35825902,32.43934187,31.44597622,30.5070513,30.60474235,31.15381535
Temoa,nz,ON,Emissions|ch4|F_C_NG,?,28.36570016,27.62562947,25.60882767,22.47380968,19.11525094,15.70782829
Temoa,nz,ON,Emissions|ch4|F_E_BIO_M,?,0.089942629,0.12747957,0.16720678,0.206717012,0.252105834,0.301165369
Temoa,nz,ON,Emissions|ch4|F_E_NG,?,269.0777034,455.2139132,1021.725051,807.8462194,741.3565898,671.0866412
Temoa,nz,ON,Emissions|ch4|F_I_HFO,?,277.6346,294.4863053,279.4875289,249.8966,215.0499,191.7741
Temoa,nz,ON,Emissions|ch4|F_I_NG,?,275.813673,294.0680489,267.4722212,233.149598,176.6576408,139.1715818
Temoa,nz,ON,Emissions|ch4|F_R_LPG,?,8.126018367,5.702287868,3.278557601,0.374693219,,
Temoa,nz,ON,Emissions|ch4|F_R_NG,?,241.766463,167.1731127,92.7797481,18.90400686,4.504447425,0.013741636
Temoa,nz,ON,Emissions|ch4|F_R_OIL,?,26.08714444,19.06740629,12.00396223,4.349751501,,
Temoa,nz,ON,Emissions|ch4|F_R_WOOD,?,236.8805345,157.9509674,79.02374776,0.085325783,0.09243428,0.091913002
Temoa,nz,ON,Emissions|ch4|F_T_CNG,?,0.211669747,0.087217555,4.66741E-05,4.43632E-05,3.93577E-05,3.78306E-05
Temoa,nz,ON,Emissions|ch4|F_T_DSL,?,720.6327301,604.9265649,410.8792019,216.1172037,230.3645544,246.7121084
Temoa,nz,ON,Emissions|ch4|F_T_GSL,?,33096.32733,21977.73706,8376.771173,5302.633424,3976.753017,2656.183911
Temoa,nz,ON,Emissions|ch4|F_T_HFO,?,4.373423962,4.37342416,0.002943976,,,
Temoa,nz,ON,Emissions|ch4|F_T_JTF,?,257.94392,262.7894467,267.543088,274.0837829,286.2897997,306.5579341
Temoa,nz,ON,Emissions|ch4|F_T_LNG,?,24.2000113,27.49682069,35.3563203,36.82521872,39.02542068,41.43822195
Temoa,nz,ON,Emissions|ch4|F_T_NG,?,2.37825819,2.503562413,2.37842885,2.37842755,2.378431011,0.000224573
Temoa,nz,ON,Emissions|co2,?,145068.2068,131181.5834,103123.2084,84425.16435,75707.37529,70009.77701
Temoa,nz,ON,Emissions|co2e,?,127245.754,115462.9858,91063.20346,74701.23582,66968.59324,61870.88722
Temoa,nz,ON,Emissions|co2e|E_NG_CCS-NEW,?,-0.721231106,-15.61662797,-1749.568648,-1136.955466,-991.6263184,-870.2968877
Temoa,nz,ON,Emissions|co2e|E_NG_CCS_RFIT_90,?,-0.125094912,-0.337220706,-0.337705009,-0.349257019,-0.374838077,-0.435018709
Temoa,nz,ON,Emissions|co2e|E_NG_CCS_RFIT_95,?,-0.209437635,-0.53134657,-0.600841528,-0.562773252,-0.5497581,-0.623338968
Temoa,nz,ON,Emissions|co2e|F_A_DSL,?,1612.937418,1782.211599,1727.636372,1676.052197,1681.419695,1711.586185
Temoa,nz,ON,Emissions|co2e|F_A_NG,?,1543.761203,1705.775447,1653.540765,1604.168768,1609.30571,1638.177912
Temoa,nz,ON,Emissions|co2e|F_C_NG,?,1491.568944,1452.653407,1346.602827,1181.752482,1005.147572,825.9732255
Temoa,nz,ON,Emissions|co2e|F_E_BIO_G,?,0.083550017,2.739882433,2.453830556,0.261817721,0.263926924,
Temoa,nz,ON,Emissions|co2e|F_E_BIO_M,?,0.033842254,0.047966088,0.062914043,0.077780356,0.094858577,0.113317958
Temoa,nz,ON,Emissions|co2e|F_E_NG,?,1077.462356,1822.803783,4091.272769,3234.84213,2968.599063,2687.218542
Temoa,nz,ON,Emissions|co2e|F_I_BIO,?,4276.558,5045.976705,5725.571493,6272.318,7044.934,7235.124
Temoa,nz,ON,Emissions|co2e|F_I_HFO,?,30559.23504,32414.10191,30763.18688,27506.11391,23670.53832,21108.57147
Temoa,nz,ON,Emissions|co2e|F_I_NG,?,14499.18934,15458.79967,14060.68936,12256.3908,9286.67732,7316.080791
Temoa,nz,ON,Emissions|co2e|F_R_LPG,?,463.4554399,325.2215554,186.9876841,21.37007358,,
Temoa,nz,ON,Emissions|co2e|F_R_NG,?,12712.9366,8790.554143,4878.687643,994.0396105,236.8597937,0.722583893
Temoa,nz,ON,Emissions|co2e|F_R_OIL,?,543.500138,397.2507598,250.0908118,90.62281794,,
Temoa,nz,ON,Emissions|co2e|F_R_WOOD,?,89.12983079,59.43140505,29.7338626,0.032105097,0.034779775,0.034583637
Temoa,nz,ON,Emissions|co2e|F_T_CNG,?,11.12722113,4.58492081,0.002453602,0.00233212,0.002068985,0.001988711
Temoa,nz,ON,Emissions|co2e|F_T_DSL,?,15013.67806,12603.05329,8560.26628,4502.59055,4799.420165,5140.005463
Temoa,nz,ON,Emissions|co2e|F_T_ETH,?,3441.498178,3263.024756,1243.695456,787.2796044,590.4267355,394.3624331
Temoa,nz,ON,Emissions|co2e|F_T_GSL,?,29153.44396,19359.45095,7378.816582,4670.911814,3502.988264,2339.74326
Temoa,nz,ON,Emissions|co2e|F_T_HFO,?,481.3826907,481.3827124,0.324043352,0.000948017,0.000488466,0.00012578
Temoa,nz,ON,Emissions|co2e|F_T_JTF,?,8379.721507,8537.136204,8691.565859,8904.05081,9300.582824,9959.025641
Temoa,nz,ON,Emissions|co2e|F_T_LNG,?,1272.165161,1445.474421,1858.638756,1935.85696,2051.518901,2178.356929
Temoa,nz,ON,Emissions|co2e|F_T_MDO,?,0.000190614,0.000224889,0.000279958,0.000156955,,9.48623E-05
Temoa,nz,ON,Emissions|co2e|F_T_NG,?,125.0221405,131.6092311,125.0311119,125.0310435,125.0312255,0.011805548
Temoa,nz,ON,Emissions|co2e|F_T_RDSL,?,605.0217222,507.8782808,344.9619091,181.445551,193.4072012,207.1321194
Temoa,nz,ON,Emissions|co2e|T_I_H2_SMR_CCS,?,-106.102756,-111.692243,-106.1092932,-106.1089497,-106.1087539,
Temoa,nz,ON,Emissions|co2|E_NG_CCS-NEW,?,-0.721231106,-15.61662797,-1749.568648,-1136.955466,-991.6263184,-870.2968877
Temoa,nz,ON,Emissions|co2|E_NG_CCS_RFIT_90,?,-0.125094912,-0.337220706,-0.337705009,-0.349257019,-0.374838077,-0.435018709
Temoa,nz,ON,Emissions|co2|E_NG_CCS_RFIT_95,?,-0.209437635,-0.53134657,-0.600841528,-0.562773252,-0.5497581,-0.623338968
Temoa,nz,ON,Emissions|co2|F_A_DSL,?,1547.254493,1709.635397,1657.282613,1607.799077,1612.947997,1641.88603
Temoa,nz,ON,Emissions|co2|F_A_NG,?,1535.357599,1696.489905,1644.539566,1595.436331,1600.545309,1629.260342
Temoa,nz,ON,Emissions|co2|F_C_NG,?,1483.449454,1444.745757,1339.272474,1175.319506,999.6759608,821.4769657
Temoa,nz,ON,Emissions|co2|F_E_BIO_G,?,0.083550017,2.739882433,2.453830556,0.261817721,0.263926924,
Temoa,nz,ON,Emissions|co2|F_E_BIO_M,?,0.027909019,0.039556657,0.051883932,0.064143878,0.078227939,0.093451016
Temoa,nz,ON,Emissions|co2|F_E_NG,?,1062.582359,1797.630453,4034.771374,3190.168234,2927.602044,2650.107451
Temoa,nz,ON,Emissions|co2|F_IMP_CNG,?,0.757520256,0.312132773,0.000167037,0.000158766,0.000140853,0.000135388
Temoa,nz,ON,Emissions|co2|F_IMP_DSL,?,4205.831621,3638.864566,2602.404942,1562.935708,1639.378817,1733.163363
Temoa,nz,ON,Emissions|co2|F_IMP_GSL,?,6554.793838,4405.271072,1756.509026,1154.927011,897.5039162,642.9456803
Temoa,nz,ON,Emissions|co2|F_IMP_HFO,?,5219.252981,5531.135292,5172.659498,4624.952159,3980.028082,3549.252021
Temoa,nz,ON,Emissions|co2|F_IMP_JTF,?,1808.863394,1842.843245,1876.178738,1922.046163,2007.642354,2149.775134
Temoa,nz,ON,Emissions|co2|F_IMP_LPG,?,91.38914752,64.13069768,36.87225043,4.213981839,,
Temoa,nz,ON,Emissions|co2|F_IMP_MDO,?,3.22976E-05,3.81051E-05,4.74359E-05,2.65944E-05,,1.60734E-05
Temoa,nz,ON,Emissions|co2|F_IMP_NG,?,2140.114369,1997.616235,1778.068151,1318.472353,1035.129211,847.1735654
Temoa,nz,ON,Emissions|co2|F_IMP_OIL,?,112.6387929,82.3290427,51.8305796,18.78131046,,
Temoa,nz,ON,Emissions|co2|F_IMP_SPK,?,4.49691E-05,0.000113293,0.000199648,0.000314989,0.000473463,0.00042188
Temoa,nz,ON,Emissions|co2|F_I_BIO,?,4276.558,5045.976705,5725.571493,6272.318,7044.934,7235.124
Temoa,nz,ON,Emissions|co2|F_I_HFO,?,30461.0738,32309.98254,30664.37052,27417.7598,23594.5047,21040.7673
Temoa,nz,ON,Emissions|co2|F_I_NG,?,14424.30965,15378.96417,13988.07426,12193.09383,9238.717158,7278.297587
Temoa,nz,ON,Emissions|co2|F_R_LPG,?,454.3563784,318.8364519,183.3165384,20.95051305,,
Temoa,nz,ON,Emissions|co2|F_R_NG,?,12643.73259,8742.701969,4852.130067,988.6284663,235.570426,0.718650442
Temoa,nz,ON,Emissions|co2|F_R_OIL,?,521.3674262,381.0736956,239.9064761,86.93242566,,
Temoa,nz,ON,Emissions|co2|F_R_WOOD,?,73.50355924,49.01187137,24.52091193,0.026476421,0.028682173,0.028520422
Temoa,nz,ON,Emissions|co2|F_T_CNG,?,11.06975566,4.561242423,0.002440931,0.002320076,0.0020583,0.00197844
Temoa,nz,ON,Emissions|co2|F_T_DSL,?,14402.2828,12089.82481,8211.670404,4319.233579,4603.975535,4930.691331
Temoa,nz,ON,Emissions|co2|F_T_ETH,?,3441.498178,3263.024756,1243.695456,787.2796044,590.4267355,394.3624331
Temoa,nz,ON,Emissions|co2|F_T_GSL,?,28059.37007,18632.92719,7101.903483,4495.621285,3371.527707,2251.937099
Temoa,nz,ON,Emissions|co2|F_T_HFO,?,479.8364111,479.8364328,0.323002472,0.000944972,0.000486897,0.000125376
Temoa,nz,ON,Emissions|co2|F_T_JTF,?,8170.032998,8323.508655,8474.073966,8681.241837,9067.8513,9709.817688
Temoa,nz,ON,Emissions|co2|F_T_LNG,?,1265.595185,1438.009406,1849.039993,1925.85941,2040.924026,2167.107012
Temoa,nz,ON,Emissions|co2|F_T_MDO,?,0.000187838,0.000221614,0.00027588,0.000154669,,9.34805E-05
Temoa,nz,ON,Emissions|co2|F_T_NG,?,124.3764755,130.9295477,124.3854006,124.3853326,124.3855136,0.01174458
Temoa,nz,ON,Emissions|co2|F_T_RDSL,?,605.0217222,507.8782808,344.9619091,181.445551,193.4072012,207.1321194
Temoa,nz,ON,Emissions|co2|T_I_H2_SMR_CCS,?,-107.1197308,-112.7627919,-107.1263307,-107.1259839,-107.1257862,
Temoa,nz,ON,Emissions|n2o,?,4813.277538,4245.764048,3317.999486,2481.816067,2408.042927,2420.200866
Temoa,nz,ON,Emissions|n2o|F_A_DSL,?,232.656444,257.0732182,249.2010727,241.7603682,242.5345972,246.8859305
Temoa,nz,ON,Emissions|n2o|F_A_NG,?,27.7713261,30.68586393,29.74619372,28.8580215,28.95043196,29.46982533
Temoa,nz,ON,Emissions|n2o|F_C_NG,?,26.83241907,26.1323522,24.22456672,21.25900916,18.08199413,14.85875649
Temoa,nz,ON,Emissions|n2o|F_E_BIO_M,?,0.012508577,0.017728947,0.023253923,0.028748723,0.035061076,0.041883925
Temoa,nz,ON,Emissions|n2o|F_E_NG,?,26.90777034,45.52139132,102.1725051,80.78462194,74.13565898,67.10866412
Temoa,nz,ON,Emissions|n2o|F_I_HFO,?,331.08962,351.1859074,333.2993069,298.01102,256.45503,228.69777
Temoa,nz,ON,Emissions|n2o|F_I_NG,?,245.9959786,262.2769085,238.5563054,207.944236,157.5595175,124.1260054
Temoa,nz,ON,Emissions|n2o|F_R_LPG,?,32.49645771,22.80380725,13.11115772,1.498421709,,
Temoa,nz,ON,Emissions|n2o|F_R_NG,?,228.6980056,158.1367282,87.76462658,17.88216865,4.260963781,0.012998845
Temoa,nz,ON,Emissions|n2o|F_R_OIL,?,78.39659988,57.30101372,36.0740834,13.07179208,,
Temoa,nz,ON,Emissions|n2o|F_R_WOOD,?,32.9436505,21.96669083,10.99005764,0.0118665,0.012855099,0.012782603
Temoa,nz,ON,Emissions|n2o|F_T_CNG,?,0.188786531,0.07778863,4.16283E-05,3.95672E-05,3.51028E-05,3.37408E-05
Temoa,nz,ON,Emissions|n2o|F_T_DSL,?,2165.632039,1817.914029,1234.766513,649.4713893,692.2872618,741.4146262
Temoa,nz,ON,Emissions|n2o|F_T_GSL,?,613.1015265,407.1323082,155.177677,98.23001249,73.66839592,49.20516994
Temoa,nz,ON,Emissions|n2o|F_T_HFO,?,5.215471262,5.215471498,0.003510801,1.02712E-05,,
Temoa,nz,ON,Emissions|n2o|F_T_JTF,?,741.6339917,755.5657303,769.2332826,788.0389269,823.1333653,881.4078049
Temoa,nz,ON,Emissions|n2o|F_T_LNG,?,21.58379386,24.52419143,31.5340154,32.84411399,34.80645628,36.95841417
Temoa,nz,ON,Emissions|n2o|F_T_MDO,?,,1.16261E-05,1.44729E-05,,,
Temoa,nz,ON,Emissions|n2o|F_T_NG,?,2.121149196,2.232907016,2.121301407,2.121300247,2.121303334,0.000200295
Temoa,nz,ON-MB,Capacity|electricity,?,0.1,0.1,0.1,0.1,0.1,0.1
Temoa,nz,ON-MB,Capacity|electricity|E_INT,?,0.1,0.1,0.1,0.1,0.1,0.1
Temoa,nz,ON-QC,Capacity|electricity,?,2.75,2.75,2.75,2.75,2.75,2.75
Temoa,nz,ON-QC,Capacity|electricity|E_INT,?,2.75,2.75,2.75,2.75,2.75,2.75
Temoa,nz,PEI,Activity|agriculture|A_AGRI,?,2.686975881,2.968967997,2.878051779,2.792118262,2.80105995,2.851314025
Temoa,nz,PEI,Activity|agriculture|E_A_ELC,?,0.760426133,0.840230986,0.81451373,0.790199433,0.792745225,0.807045565
Temoa,nz,PEI,Activity|agriculture|F_A_DSL,?,1.622933432,1.793256648,1.738343275,1.68643943,1.69184021,1.722193671
Temoa,nz,PEI,Activity|agriculture|F_A_GSL,?,0.303616316,0.335480363,0.325194774,0.315479399,0.316474515,0.322074789
Temoa,nz,PEI,Activity|commercial,?,7.279623523,8.043414346,8.59497813,8.916065791,9.29435822,9.862000077
Temoa,nz,PEI,Activity|commercial|C_OTHER,?,1.986197095,2.194644043,2.350709225,2.442693256,2.546405394,2.702145931
Temoa,nz,PEI,Activity|commercial|C_SPC_ELC-EXS,?,0.938134938,1.037286195,0.462847485,,,
Temoa,nz,PEI,Activity|commercial|C_SPHC_HP_AIR-NEW,?,1.661340762,1.834817476,2.61324507,3.196185253,3.331621988,3.534575878
Temoa,nz,PEI,Activity|commercial|E_C_ELC,?,2.693950728,2.976666632,3.168176351,3.277187281,3.416330838,3.625278268
Temoa,nz,PEI,Activity|electricity,?,74.39232112,87.73315268,116.145665,144.6419362,145.244572,149.9249337
Temoa,nz,PEI,Activity|electricity|E_BAT_2H-EXS,?,0.034758673,0.043915444,,,,
Temoa,nz,PEI,Activity|electricity|E_BAT_2H-NEW,?,0.006361835,0.010687674,0.017089743,0.017140434,0.024678614,0.029744722
Temoa,nz,PEI,Activity|electricity|E_BAT_4H-NEW,?,0.004201402,0.156154384,0.484267758,1.425426246,1.669622437,2.069591155
Temoa,nz,PEI,Activity|electricity|E_ELC_DX_to_DEM,?,22.66026363,26.2797509,34.79525617,43.15629332,43.71445802,45.448216
Temoa,nz,PEI,Activity|electricity|E_ELC_TX_to_DX,?,22.66026363,26.2797509,34.79525617,43.15629332,43.71445802,45.448216
Temoa,nz,PEI,Activity|electricity|E_NG_CC-NEW,?,0.177902911,0.106223567,0.07061597,0.077749961,0.082173569,0.018284114
Temoa,nz,PEI,Activity|electricity|E_NG_CCS-NEW,?,2.686568153,4.085787807,4.993357153,5.929555363,5.128046109,4.736306128
Temoa,nz,PEI,Activity|electricity|E_NG_CCS_RFIT_90,?,,,,7.76739E-05,0.000158433,0.000175668
Temoa,nz,PEI,Activity|electricity|E_NG_CCS_RFIT_95,?,,0.000156957,0.000148925,0.000531475,0.000745855,0.000647156
Temoa,nz,PEI,Activity|electricity|E_NG_CC_RFIT_BYPASS,?,0.176819611,0.103591935,0.067950873,0.073690164,0.077478058,0.013455308
Temoa,nz,PEI,Activity|electricity|E_NG_CT-NEW,?,0.104013746,0.063572596,0.023206518,,,
Temoa,nz,PEI,Activity|electricity|E_SOL_PV-EXS,?,0.145676961,0.145550187,0.145404247,0.142080523,0.132186401,0.108224089
Temoa,nz,PEI,Activity|electricity|E_SOL_PV-NEW-1,?,0.003546694,0.010518108,0.046890195,0.099979369,0.296477908,0.42005074
Temoa,nz,PEI,Activity|electricity|E_SOL_PV-NEW-2,?,0.003264137,0.009532585,0.030057805,0.054061197,0.092216363,0.137984515
Temoa,nz,PEI,Activity|electricity|E_SOL_PV-NEW-3,?,0.004062474,0.012104404,0.05508116,0.115626367,0.24086274,0.34884034
Temoa,nz,PEI,Activity|electricity|E_SOL_PV-NEW-4,?,0.004642682,0.01509133,3.673287233,5.306575215,6.328621234,6.600654101
Temoa,nz,PEI,Activity|electricity|E_SOL_PV-NEW-5,?,0.003932752,0.011621176,0.049823404,0.095569898,0.162963617,0.239452705
Temoa,nz,PEI,Activity|electricity|E_WND_ON-EXS,?,1.837240487,1.836199749,1.36054716,0.352561695,,
Temoa,nz,PEI,Activity|electricity|E_WND_ON-NEW-1,?,2.037828005,2.842896964,3.115043114,5.491093386,6.04714796,7.235459483
Temoa,nz,PEI,Activity|electricity|E_WND_ON-NEW-10,?,0.003738981,0.007305862,0.011308406,0.013584844,0.017532609,0.024249727
Temoa,nz,PEI,Activity|electricity|E_WND_ON-NEW-11,?,0.003520487,0.006662671,0.010053172,0.011887727,0.015406612,0.020710843
Temoa,nz,PEI,Activity|electricity|E_WND_ON-NEW-12,?,0.003520487,0.006662671,0.010053172,0.011887727,0.015406612,0.020710843
Temoa,nz,PEI,Activity|electricity|E_WND_ON-NEW-13,?,0.003520487,0.006662671,0.010053172,0.011887727,0.015406612,0.020710843
Temoa,nz,PEI,Activity|electricity|E_WND_ON-NEW-2,?,9.624342504,10.24821335,15.06060544,19.87975455,19.8264904,19.97933305
Temoa,nz,PEI,Activity|electricity|E_WND_ON-NEW-3,?,0.026978094,0.057307241,0.094477562,0.130176986,0.161161184,0.236934892
Temoa,nz,PEI,Activity|electricity|E_WND_ON-NEW-4,?,6.051037936,6.669607012,6.924844622,6.974080216,6.903942545,6.983139609
Temoa,nz,PEI,Activity|electricity|E_WND_ON-NEW-5,?,0.013360069,0.028206336,0.047961811,0.065719299,0.086811894,0.139454058
Temoa,nz,PEI,Activity|electricity|E_WND_ON-NEW-6,?,0.007815928,0.015767999,0.02548637,0.032716447,0.043217361,0.061755022
Temoa,nz,PEI,Activity|electricity|E_WND_ON-NEW-7,?,0.006595719,0.013254905,0.02107525,0.026347716,0.034578759,0.048674575
Temoa,nz,PEI,Activity|electricity|E_WND_ON-NEW-8,?,0.004733156,0.009361859,0.014722334,0.01843973,0.024125641,0.033923145
Temoa,nz,PEI,Activity|electricity|E_WND_ON-NEW-9,?,0.00410489,0.007857159,0.012003448,0.014725182,0.019117371,0.025779292
Temoa,nz,PEI,Activity|electricity|F_E_NG,?,6.087704606,8.643176286,10.1797366,11.9564224,10.36907909,9.474255552
Temoa,nz,PEI,Activity|fuel|F_IMP_BIO,?,0.37,0.200326797,0.29233871,0.355681818,0.430000002,0.490000002
Temoa,nz,PEI,Activity|fuel|F_IMP_CNG,?,0.014589129,0.00542477,,,,
Temoa,nz,PEI,Activity|fuel|F_IMP_DSL,?,28.12439646,22.14330018,12.37684146,2.567327878,2.50819088,2.553221038
Temoa,nz,PEI,Activity|fuel|F_IMP_ETH,?,5.273231605,5.196054975,2.509416878,0.814068025,0.588909405,0.188411535
Temoa,nz,PEI,Activity|fuel|F_IMP_GSL,?,42.96885384,29.77979189,14.54522375,4.928531541,3.653627809,1.389740154
Temoa,nz,PEI,Activity|fuel|F_IMP_H2,?,,,,,0.180004419,0.26000958
Temoa,nz,PEI,Activity|fuel|F_IMP_HFO,?,11.8952461,11.93259453,1.796768474,1.557896923,1.300006053,1.110001584
Temoa,nz,PEI,Activity|fuel|F_IMP_JTF,?,16.78099515,15.80388161,15.12580481,14.52942763,14.25485607,14.28763185
Temoa,nz,PEI,Activity|fuel|F_IMP_LNG,?,23.03271327,23.03455255,31.57410451,31.586941,31.58695731,31.58426358
Temoa,nz,PEI,Activity|fuel|F_IMP_NG,?,7.354423904,9.934929692,11.45104616,13.16674008,11.449579,10.43020555
Temoa,nz,PEI,Activity|fuel|F_IMP_OIL,?,1.613948205,1.059949193,0.566772546,0.22140992,,
Temoa,nz,PEI,Activity|fuel|F_IMP_RDSL,?,1.104221349,0.847911134,0.443262845,0.036695026,0.034005125,0.03462614
Temoa,nz,PEI,Activity|industrial|E_I_ELC,?,2.469718591,2.694158833,2.92311154,3.149919486,3.429534783,3.919636661
Temoa,nz,PEI,Activity|industrial|F_I_BIO,?,0.37,0.200326797,0.29233871,0.355681818,0.430000002,0.490000002
Temoa,nz,PEI,Activity|industrial|F_I_H2,?,,,,,0.179999999,0.26
Temoa,nz,PEI,Activity|industrial|F_I_HFO,?,1.91,1.953186275,1.774193548,1.554837662,1.300000005,1.110000005
Temoa,nz,PEI,Activity|industrial|F_I_NG,?,1.26,1.282091503,1.260080645,1.199155844,1.070000005,0.950000002
Temoa,nz,PEI,Activity|industrial|I_IND,?,6.01,6.13,6.25,6.26,6.410000013,6.730000011
Temoa,nz,PEI,Activity|residential,?,8.04118892,8.140044067,8.296571214,8.561200376,8.846358617,9.207767777
Temoa,nz,PEI,Activity|residential|E_R_ELC,?,2.770451772,3.163064486,3.624158351,4.056421225,4.386886972,4.566180488
Temoa,nz,PEI,Activity|residential|F_R_NG,?,0.000551561,0.004917289,0.006752335,0.006653943,0.005946634,0.005159643
Temoa,nz,PEI,Activity|residential|F_R_OIL,?,1.613947126,1.059948341,0.566771784,0.221409089,,
Temoa,nz,PEI,Activity|residential|R_APP_CL_WASH-EXS,?,0.001204721,1.13178E-05,,,,
Temoa,nz,PEI,Activity|residential|R_APP_CL_WASH-TYP-NEW,?,2.28083E-05,0.001588292,0.001508253,0.001777261,0.002282873,0.00191537
Temoa,nz,PEI,Activity|residential|R_APP_COOK_ELEC-EXS,?,0.000301491,0.000402152,,,,
Temoa,nz,PEI,Activity|residential|R_APP_COOK_ELEC-TYP-NEW,?,0.000125991,0.000282317,0.000533852,0.002441279,0.001912644,0.001572437
Temoa,nz,PEI,Activity|residential|R_APP_DRY_ELEC-EXS,?,0.000387046,,,,,
Temoa,nz,PEI,Activity|residential|R_APP_DRY_ELEC-TYP-NEW,?,0.000180648,0.001384868,0.002318693,0.001114637,0.001086943,0.002185743
Temoa,nz,PEI,Activity|residential|R_APP_DS_WASH-EXS,?,0.000653647,0.000112298,,,,
Temoa,nz,PEI,Activity|residential|R_APP_DS_WASH-TYP-NEW,?,0.000171004,0.00085168,0.001882494,0.001087184,0.001018232,0.001267218
Temoa,nz,PEI,Activity|residential|R_APP_OTH,?,0.07679175,0.082154494,0.086138002,0.089821676,0.093548183,0.097409616
Temoa,nz,PEI,Activity|residential|R_APP_REFR-EXS,?,0.000635455,,,,,
Temoa,nz,PEI,Activity|residential|R_APP_REFR-TYP-NEW,?,0.000162865,0.002348166,0.001394091,0.001717811,0.001991192,0.002267563
Temoa,nz,PEI,Activity|residential|R_LGT_CFL-EXS,?,0.038389778,0.024680495,0.008871883,,,
Temoa,nz,PEI,Activity|residential|R_LGT_LED-EXS,?,0.05691101,0.056912328,0.054096165,0.056890779,0.045455256,0.031284019
Temoa,nz,PEI,Activity|residential|R_LGT_LED-TYP-NEW,?,0.139949717,0.173358451,0.209221127,0.230911414,0.258424681,0.285513431
Temoa,nz,PEI,Activity|residential|R_LGT_T12-EXS,?,0.015252455,0.011738872,0.007565938,0.004369281,0.000283291,
Temoa,nz,PEI,Activity|residential|R_SPC_ROOM_AC-EXS,?,0.011146708,,,,,
Temoa,nz,PEI,Activity|residential|R_SPHC_AIR_HP-TYP-NEW,?,0.052408939,0.069304675,0.072896829,0.074322736,0.078493381,0.080094671
Temoa,nz,PEI,Activity|residential|R_SPHC_GEO_HP-TYP-NEW,?,3.05568E-05,,,0.001002248,,
Temoa,nz,PEI,Activity|residential|R_SPH_ELEC-EXS,?,0.171497501,0.126365497,0.081233461,0.032490697,,
Temoa,nz,PEI,Activity|residential|R_SPH_ELEC_RAD-NEW,?,1.359232255,1.974434389,2.505474772,2.950202403,3.285729983,3.421457245
Temoa,nz,PEI,Activity|residential|R_SPH_HP-EXS,?,0.211368431,0.1152914,0.007210577,,,
Temoa,nz,PEI,Activity|residential|R_SPH_OIL-EXS,?,0.957353732,0.670154363,0.430849834,0.172346277,,
Temoa,nz,PEI,Activity|residential|R_WAH_ELC-EXS,?,0.094596612,0.051596944,0.002388387,,,
Temoa,nz,PEI,Activity|residential|R_WAH_ELEC-TYP-NEW,?,0.271914476,0.447808337,0.619144095,0.656220434,0.683298352,0.711460333
Temoa,nz,PEI,Activity|residential|R_WAH_OIL-EXS,?,0.195548864,0.101332616,0.006160292,,,
Temoa,nz,PEI,Activity|transportation,?,505.8038458,474.2166342,440.3495437,400.737937,394.6980246,386.9533087
Temoa,nz,PEI,Activity|transportation|E_T_ELC,?,13.96543493,16.60539331,24.26502058,31.88216064,31.68849492,32.52971161
Temoa,nz,PEI,Activity|transportation|F_T_CNG,?,0.014589129,0.00542477,,,,
Temoa,nz,PEI,Activity|transportation|F_T_DSL,?,26.50131237,20.34986722,10.63830828,0.880680623,0.816122989,0.831027367
Temoa,nz,PEI,Activity|transportation|F_T_ETH,?,5.273231605,5.196054975,2.509416878,0.814068025,0.588909405,0.188411535
Temoa,nz,PEI,Activity|transportation|F_T_GSL,?,42.66523753,29.44431153,14.22002898,4.613052142,3.337153294,1.067665365
Temoa,nz,PEI,Activity|transportation|F_T_HFO,?,9.985246098,9.979408257,0.022574925,0.001904664,,
Temoa,nz,PEI,Activity|transportation|F_T_JTF,?,16.78099515,15.80388161,15.12580481,14.52942763,14.25485607,14.28763185
Temoa,nz,PEI,Activity|transportation|F_T_LNG,?,23.03271327,23.03455255,31.57410451,31.586941,31.58695731,31.58426358
Temoa,nz,PEI,Activity|transportation|F_T_NG,?,0.002814138,0.002825466,0.002462733,0.002729051,0.002797337,
Temoa,nz,PEI,Activity|transportation|F_T_RDSL,?,1.104221349,0.847911134,0.443262845,0.036695026,0.034005125,0.03462614
Temoa,nz,PEI,Activity|transportation|T_BLND_ETH_GSL,?,47.93846913,34.6403665,16.72944585,5.427120167,3.926062699,1.2560769
Temoa,nz,PEI,Activity|transportation|T_BLND_GSL_ELC_PHEV35,?,13.93009354,16.00694053,18.54667654,8.584755303,5.78837838,1.271232896
Temoa,nz,PEI,Activity|transportation|T_BLND_GSL_ELC_PHEV50,?,,,,,0.532154472,0.901131838
Temoa,nz,PEI,Activity|transportation|T_BLND_JTF,?,16.78099177,15.80387291,15.12578943,14.52940329,14.25481895,14.28759848
Temoa,nz,PEI,Activity|transportation|T_BLND_RDSL_DSL,?,27.60553371,21.19777835,11.08157113,0.917375649,0.850128113,0.865653507
Temoa,nz,PEI,Activity|transportation|T_ELC_AC_DC,?,0.202859896,0.34084445,0.27862671,0.255908341,0.29912597,0.296203142
Temoa,nz,PEI,Activity|transportation|T_H2_COMP_100_700,?,0.159661445,0.271720677,0.22308838,0.206554111,0.247833471,0.245419238
Temoa,nz,PEI,Activity|transportation|T_H2_COMP_10_100,?,0.159661445,0.27172061,0.223044707,0.206502675,0.247784631,0.245407212
Temoa,nz,PEI,Activity|transportation|T_H2_HDV_REFUEL,?,0.158779604,0.270253167,0.222047063,0.205654882,0.246759967,0.244076082
Temoa,nz,PEI,Activity|transportation|T_H2_distribution,?,0.159661445,0.27172061,0.223321664,0.206889632,0.248170437,0.245487182
Temoa,nz,PEI,Activity|transportation|T_HDV_AJF_JFL_EX,?,0.094620638,0.076745354,0.063634406,0.039826756,,
Temoa,nz,PEI,Activity|transportation|T_HDV_AJF_JFL_N,?,0.035902908,0.05455002,0.068451786,0.092730965,0.132933104,0.133286735
Temoa,nz,PEI,Activity|transportation|T_HDV_AJP_JFL_EX,?,7.842261951,6.53704474,5.124990162,2.761997171,,
Temoa,nz,PEI,Activity|transportation|T_HDV_AJP_JFL_N,?,3.174086432,4.532254605,5.988330217,8.385997465,11.17579697,11.20141143
Temoa,nz,PEI,Activity|transportation|T_HDV_BIC_DSL_EX,?,0.021209581,0.0085529,,,,
Temoa,nz,PEI,Activity|transportation|T_HDV_BIC_FCEV_N,?,0.095559368,0.10987828,0.121397864,0.122199361,0.122824441,0.123403911
Temoa,nz,PEI,Activity|transportation|T_HDV_BIC_GSL_EX,?,0.000511705,,,,,
Temoa,nz,PEI,Activity|transportation|T_HDV_BS_BEV_N,?,,0.070191785,0.505091941,0.977899553,1.003992024,1.017904914
Temoa,nz,PEI,Activity|transportation|T_HDV_BS_CNG_EX,?,0.020165185,0.007936518,,,,
Temoa,nz,PEI,Activity|transportation|T_HDV_BS_DSL_EX,?,0.279715885,0.117722206,,,,
Temoa,nz,PEI,Activity|transportation|T_HDV_BS_FCHEV_N,?,0.667984807,0.791595963,0.502813741,0.034408193,0.01159645,
Temoa,nz,PEI,Activity|transportation|T_HDV_BS_GSL_EX,?,0.027831619,0.014312549,,,,
Temoa,nz,PEI,Activity|transportation|T_HDV_BT_BEV_EX,?,0.042372553,0.021504191,,,,
Temoa,nz,PEI,Activity|transportation|T_HDV_BT_BEV_N,?,0.352645457,0.432644374,0.502588469,0.506045484,0.508818115,0.511373936
Temoa,nz,PEI,Activity|transportation|T_HDV_BT_DSL_EX,?,0.094896339,0.042653207,,,,
Temoa,nz,PEI,Activity|transportation|T_HDV_CHRG,?,3.179783812,3.756338256,5.00823594,6.650061133,6.381802538,6.158168003
Temoa,nz,PEI,Activity|transportation|T_HDV_RF_H2_N,?,,,0.006248511,0.009960254,0.012324604,0.014617388
Temoa,nz,PEI,Activity|transportation|T_HDV_RF_LNG_N,?,73.8660298,73.87390005,73.87388688,73.87388337,73.87386187,73.87372423
Temoa,nz,PEI,Activity|transportation|T_HDV_RICP_DSL_EX,?,0.209228614,0.076180741,0.076171945,0.006526063,,
Temoa,nz,PEI,Activity|transportation|T_HDV_RICP_DSL_N,?,0.051868062,0.051867952,0.051866898,0.051857726,,
Temoa,nz,PEI,Activity|transportation|T_HDV_RICP_H2_N,?,,0.133043082,0.133043035,0.202210959,0.260815753,0.260815536
Temoa,nz,PEI,Activity|transportation|T_HDV_T_BEV_N,?,4.978765885,7.284917523,10.91771787,15.31994009,15.34916899,15.37609367
Temoa,nz,PEI,Activity|transportation|T_HDV_T_DSL_EX,?,10.20293507,7.952430805,4.365859246,,,
Temoa,nz,PEI,Activity|transportation|T_HDV_WTF_HFO_EX,?,63.24592079,63.20893501,0.142950836,0.01932326,,
Temoa,nz,PEI,Activity|transportation|T_HDV_WTF_LNG_N,?,44.16891351,44.16891176,107.2042677,107.3037785,107.3037455,107.2859277
Temoa,nz,PEI,Activity|transportation|T_I_H2_ELC_ALK,?,0.154727355,0.256830399,0.207189736,0.183942034,0.128953886,0.057870522
Temoa,nz,PEI,Activity|transportation|T_I_H2_ELC_PEM,?,0.000599988,0.009597441,0.009581996,0.014950125,0.111989417,0.183255958
Temoa,nz,PEI,Activity|transportation|T_I_H2_SMR_CCS,?,0.001874628,0.001878381,0.000856946,0.000859278,0.001364403,
Temoa,nz,PEI,Activity|transportation|T_LDV_BEV_CHRG,?,0.039519305,0.468576232,3.883484974,11.62540469,12.67231788,15.35180627
Temoa,nz,PEI,Activity|transportation|T_LDV_C_BEV150_EX,?,0.049218028,0.040743288,,,,
Temoa,nz,PEI,Activity|transportation|T_LDV_C_BEV150_N,?,,0.095910076,0.916231962,1.954042414,1.980381825,1.998779781
Temoa,nz,PEI,Activity|transportation|T_LDV_C_BEV200_N,?,,0.191820493,1.832465542,3.908086964,3.960765493,3.997561968
Temoa,nz,PEI,Activity|transportation|T_LDV_C_BEV300_N,?,,0.287731677,2.748698521,5.862131212,5.941149486,5.996344127
Temoa,nz,PEI,Activity|transportation|T_LDV_C_BEV400_N,?,,0.383642125,3.664932186,7.816175298,7.92153377,7.995126783
Temoa,nz,PEI,Activity|transportation|T_LDV_C_DSL_EX,?,0.044143243,0.002727658,,,,
Temoa,nz,PEI,Activity|transportation|T_LDV_C_GSL_EX,?,3.202803743,1.726246258,,,,
Temoa,nz,PEI,Activity|transportation|T_LDV_C_GSL_HEV_EX,?,0.088576885,0.052165365,,,,
Temoa,nz,PEI,Activity|transportation|T_LDV_C_GSL_PHEV35_EX,?,0.030574619,0.024921187,,,,
Temoa,nz,PEI,Activity|transportation|T_LDV_C_GSL_PHEV35_N,?,11.58453906,13.19276617,10.83759839,0.45950531,0.196107277,0.011878178
Temoa,nz,PEI,Activity|transportation|T_LDV_LTF_BEV150_N,?,,,,0.051586436,0.053537858,0.055571504
Temoa,nz,PEI,Activity|transportation|T_LDV_LTF_BEV200_N,?,,,,0.103174819,0.10707843,0.111146859
Temoa,nz,PEI,Activity|transportation|T_LDV_LTF_BEV300_N,?,,,,0.154763237,0.160618906,0.166722095
Temoa,nz,PEI,Activity|transportation|T_LDV_LTF_BEV400_N,?,,,,0.206351577,0.214159458,0.222297222
Temoa,nz,PEI,Activity|transportation|T_LDV_LTF_DSL_EX,?,0.042181681,0.034971158,0.006002793,,,
Temoa,nz,PEI,Activity|transportation|T_LDV_LTF_GSL_EX,?,0.50699318,0.37049485,0.066298504,,,
Temoa,nz,PEI,Activity|transportation|T_LDV_LTF_GSL_PHEV35_N,?,0.522386678,0.674709845,1.014578489,0.577189015,0.395685457,0.107385433
Temoa,nz,PEI,Activity|transportation|T_LDV_LTF_GSL_PHEV50_N,?,,,,,0.167262519,0.439326989
Temoa,nz,PEI,Activity|transportation|T_LDV_LTP_BEV150_N,?,,,,0.671457803,0.985174648,1.720995267
Temoa,nz,PEI,Activity|transportation|T_LDV_LTP_BEV200_N,?,,,,1.342920184,1.970356604,3.441999216
Temoa,nz,PEI,Activity|transportation|T_LDV_LTP_BEV300_EX,?,0.007140659,0.006409966,,,,
Temoa,nz,PEI,Activity|transportation|T_LDV_LTP_BEV300_N,?,,,,2.01438359,2.955538393,5.163004638
Temoa,nz,PEI,Activity|transportation|T_LDV_LTP_BEV400_N,?,,,,2.685846151,3.94072271,6.884008106
Temoa,nz,PEI,Activity|transportation|T_LDV_LTP_DSL_EX,?,0.323433068,0.20632158,0.032837801,,,
Temoa,nz,PEI,Activity|transportation|T_LDV_LTP_GSL_EX,?,7.740172843,5.160449089,0.887266014,,,
Temoa,nz,PEI,Activity|transportation|T_LDV_LTP_GSL_HEV_EX,?,0.057281679,0.055097174,0.009905057,,,
Temoa,nz,PEI,Activity|transportation|T_LDV_LTP_GSL_PHEV35_EX,?,0.011969221,0.013215188,0.000558506,,,
Temoa,nz,PEI,Activity|transportation|T_LDV_LTP_GSL_PHEV35_N,?,6.858998191,10.55633901,19.06420788,13.2850495,9.540233217,2.170486353
Temoa,nz,PEI,Activity|transportation|T_LDV_LTP_GSL_PHEV50_N,?,,,,,0.607886577,0.61940011
Temoa,nz,PEI,Activity|transportation|T_LDV_M_BEV_N,?,0.030583234,0.055710453,0.074798735,0.082790143,0.083193448,0.083561416
Temoa,nz,PEI,Activity|transportation|T_LDV_M_GSL_EX,?,0.050266285,0.025969599,0.006967443,,,
Temoa,nz,PEI,Activity|transportation|T_LDV_PHEV_CHRG,?,5.124562636,5.88901092,6.824183709,3.159093684,2.394556251,0.916368701
Temoa,nz,PEI,Activity|transportation|T_MDV_CHRG,?,4.022608028,4.491304845,5.844939936,7.002972542,6.770419277,6.552757814
Temoa,nz,PEI,Activity|transportation|T_MDV_T_BEV_N,?,2.341775999,3.104120512,4.427659482,5.496510421,5.49923819,5.501742752
Temoa,nz,PEI,Activity|transportation|T_MDV_T_DSL_EX,?,1.880976322,1.466329538,0.660578139,,,
Temoa,nz,PEI,Activity|transportation|T_MDV_T_GSL_EX,?,1.26095261,0.918408315,0.404898699,,,
Temoa,nz,PEI,Activity|transportation|T_OFF,?,0.750269059,0.783254879,0.81067879,0.832281434,0.849605372,0.865559201
Temoa,nz,PEI,Capacity|commercial,?,25.46027562,18.38573842,14.58018279,13.48555372,13.91462225,14.76644876
Temoa,nz,PEI,Capacity|commercial|C_SPC_AC_ROOF-NEW,?,0.001360585,0.003279689,0.00575356,0.008416136,0.01013713,0.011342333
Temoa,nz,PEI,Capacity|commercial|C_SPC_ELC-EXS,?,16.4868177,10.59866852,4.239467408,,,
Temoa,nz,PEI,Capacity|commercial|C_SPHC_HP_AIR-NEW,?,4.681960665,5.172834289,9.773803586,13.29740622,13.86092868,14.70827669
Temoa,nz,PEI,Capacity|commercial|C_SPHC_HP_GEO-NEW,?,0.00047061,0.001039649,0.001596602,0.001852078,0.002024002,0.002167924
Temoa,nz,PEI,Capacity|commercial|C_SPH_ELC-EXS,?,3.720818192,2.170477279,0.248054546,,,
Temoa,nz,PEI,Capacity|commercial|C_SPH_ELC_BLR-NEW,?,0.004625343,0.009882559,0.01588265,0.018107271,0.02019864,0.022085816
Temoa,nz,PEI,Capacity|commercial|C_SPH_ELC_RES-NEW,?,0.004609277,0.009846496,0.015817812,0.019868701,0.021333801,0.022575996
Temoa,nz,PEI,Capacity|commercial|C_SPH_OIL-EXS,?,0.559613253,0.419709939,0.279806626,0.139903313,,
Temoa,nz,PEI,Capacity|electricity,?,1.772273645,2.040488524,3.025207651,3.852060284,4.072751184,4.270399911
Temoa,nz,PEI,Capacity|electricity|E_BAT_2H-EXS,?,0.011,0.011,,,,
Temoa,nz,PEI,Capacity|electricity|E_BAT_2H-NEW,?,0.00248332,0.003323233,0.004493071,0.00342512,0.004178264,0.004750623
Temoa,nz,PEI,Capacity|electricity|E_BAT_4H-NEW,?,0.001013437,0.035890993,0.104119339,0.247329457,0.260720091,0.354771929
Temoa,nz,PEI,Capacity|electricity|E_BIO_M-NEW,?,2.21082E-05,4.6222E-05,7.24964E-05,0.00010109,0.000130705,0.000163033
Temoa,nz,PEI,Capacity|electricity|E_DSL_CT-EXS,?,0.0639,0.0597,0.0597,0.0597,0.049,
Temoa,nz,PEI,Capacity|electricity|E_NG_CC-NEW,?,0.052096296,0.053747689,0.055126073,0.056012041,0.056444424,0.056955661
Temoa,nz,PEI,Capacity|electricity|E_NG_CCS-NEW,?,0.201298369,0.308519419,0.509513543,0.658180286,0.659016319,0.659514856
Temoa,nz,PEI,Capacity|electricity|E_NG_CCS_RFIT_90,?,5.3835E-05,0.000116422,0.000183902,0.000265522,0.000357525,0.000441405
Temoa,nz,PEI,Capacity|electricity|E_NG_CCS_RFIT_95,?,6.21714E-05,0.000137016,0.000218297,0.000320606,0.000438959,0.000543497
Temoa,nz,PEI,Capacity|electricity|E_NG_CT-NEW,?,0.227814472,0.231734405,0.233293992,0.238515145,0.238777443,0.239124007
Temoa,nz,PEI,Capacity|electricity|E_SOL_PV-EXS,?,0.031,0.031,0.031,0.031,0.031,0.0248
Temoa,nz,PEI,Capacity|electricity|E_SOL_PV-NEW-1,?,0.000547731,0.001591581,0.006490742,0.014194859,0.041780909,0.056861185
Temoa,nz,PEI,Capacity|electricity|E_SOL_PV-NEW-2,?,0.000513053,0.001445179,0.004265561,0.008047997,0.014370425,0.020413796
Temoa,nz,PEI,Capacity|electricity|E_SOL_PV-NEW-3,?,0.000612246,0.001786852,0.007477611,0.016070881,0.034457074,0.047512373
Temoa,nz,PEI,Capacity|electricity|E_SOL_PV-NEW-4,?,0.0006865,0.002171015,0.467809036,0.673477388,0.806290049,0.836266962
Temoa,nz,PEI,Capacity|electricity|E_SOL_PV-NEW-5,?,0.000590148,0.001725251,0.006791601,0.013480485,0.024238251,0.033674703
Temoa,nz,PEI,Capacity|electricity|E_WND_ON-EXS,?,0.2036,0.2036,0.151,0.04,,
Temoa,nz,PEI,Capacity|electricity|E_WND_ON-NEW-1,?,0.122161302,0.168851225,0.184786902,0.323413972,0.364245381,0.427511038
Temoa,nz,PEI,Capacity|electricity|E_WND_ON-NEW-10,?,0.000366371,0.000782256,0.00126153,0.001815904,0.00246204,0.003228181
Temoa,nz,PEI,Capacity|electricity|E_WND_ON-NEW-11,?,0.000329036,0.000694023,0.001107399,0.001581647,0.002125709,0.002754568
Temoa,nz,PEI,Capacity|electricity|E_WND_ON-NEW-12,?,0.000329036,0.000694023,0.001107399,0.001581647,0.002125709,0.002754568
Temoa,nz,PEI,Capacity|electricity|E_WND_ON-NEW-13,?,0.000329036,0.000694023,0.001107399,0.001581647,0.002125709,0.002754568
Temoa,nz,PEI,Capacity|electricity|E_WND_ON-NEW-2,?,0.527840574,0.56098235,0.814641584,1.06970437,1.075100049,1.07862609
Temoa,nz,PEI,Capacity|electricity|E_WND_ON-NEW-3,?,0.001622673,0.003486164,0.005804069,0.009011537,0.012446295,0.016943172
Temoa,nz,PEI,Capacity|electricity|E_WND_ON-NEW-4,?,0.31927431,0.350893262,0.364065957,0.368535732,0.370299856,0.371475562
Temoa,nz,PEI,Capacity|electricity|E_WND_ON-NEW-5,?,0.00086998,0.001897669,0.00327279,0.005170889,0.007472143,0.011006972
Temoa,nz,PEI,Capacity|electricity|E_WND_ON-NEW-6,?,0.000559819,0.001205953,0.001994275,0.002981716,0.004167382,0.005653523
Temoa,nz,PEI,Capacity|electricity|E_WND_ON-NEW-7,?,0.000516166,0.001111036,0.001822459,0.002681627,0.00370181,0.004949453
Temoa,nz,PEI,Capacity|electricity|E_WND_ON-NEW-8,?,0.000416305,0.000889068,0.001447115,0.002110628,0.002893862,0.003849842
Temoa,nz,PEI,Capacity|electricity|E_WND_ON-NEW-9,?,0.000365352,0.000772194,0.001233507,0.001768089,0.002384801,0.003098345
Temoa,nz,PEI,Capacity|residential,?,4.434875794,4.779315537,5.219520179,5.278792646,5.507500672,5.732396004
Temoa,nz,PEI,Capacity|residential|R_APP_CL_WASH-EXS,?,0.0463455,0.0185382,,,,
Temoa,nz,PEI,Capacity|residential|R_APP_CL_WASH-TYP-NEW,?,0.020813778,0.053312214,0.075334666,0.078556236,0.081815439,0.085192778
Temoa,nz,PEI,Capacity|residential|R_APP_COOK_ELEC-EXS,?,0.049908529,0.030712941,0.008446059,,,
Temoa,nz,PEI,Capacity|residential|R_APP_COOK_ELEC-TYP-NEW,?,0.024351649,0.048484909,0.074477551,0.086515392,0.090183262,0.093966138
Temoa,nz,PEI,Capacity|residential|R_APP_COOK_NG-TYP-NEW,?,0.000266957,0.000534443,0.000674762,0.000657519,0.000606549,0.000572799
Temoa,nz,PEI,Capacity|residential|R_APP_DRY_ELEC-EXS,?,0.034307059,0.017153529,,,,
Temoa,nz,PEI,Capacity|residential|R_APP_DRY_ELEC-TYP-NEW,?,0.029046025,0.050069559,0.070174791,0.073261202,0.076554803,0.079926368
Temoa,nz,PEI,Capacity|residential|R_APP_DRY_NG-TYP-NEW,?,0.000486614,0.001075162,0.001434964,0.001410736,0.001215107,0.001053818
Temoa,nz,PEI,Capacity|residential|R_APP_DS_WASH-EXS,?,0.034144,0.018624,0.0012416,,,
Temoa,nz,PEI,Capacity|residential|R_APP_DS_WASH-TYP-NEW,?,0.021138837,0.040521407,0.060771832,0.064664992,0.067347909,0.070127943
Temoa,nz,PEI,Capacity|residential|R_APP_FREZ-EXS,?,0.029508136,0.020829273,0.012150409,0.001388618,,
Temoa,nz,PEI,Capacity|residential|R_APP_FREZ-TYP-NEW,?,0.011643025,0.023196213,0.034009866,0.046745783,0.050130862,0.05220023
Temoa,nz,PEI,Capacity|residential|R_APP_REFR-EXS,?,0.0473865,0.0054156,,,,
Temoa,nz,PEI,Capacity|residential|R_APP_REFR-TYP-NEW,?,0.040161263,0.08824624,0.098203225,0.102402884,0.10665139,0.111053708
Temoa,nz,PEI,Capacity|residential|R_LGT_CFL-EXS,?,0.575626577,0.370045656,0.148018263,,,
Temoa,nz,PEI,Capacity|residential|R_LGT_LED-EXS,?,0.853276974,0.853276974,0.853276974,0.853276974,0.682621579,0.469302335
Temoa,nz,PEI,Capacity|residential|R_LGT_LED-TYP-NEW,?,2.098232987,2.616364689,3.255937046,3.463328615,3.87598329,4.298064602
Temoa,nz,PEI,Capacity|residential|R_LGT_T12-EXS,?,0.231060255,0.180829765,0.130599274,0.080368784,0.022101416,
Temoa,nz,PEI,Capacity|residential|R_SPC_ROOM_AC-EXS,?,0.008555,,,,,
Temoa,nz,PEI,Capacity|residential|R_SPC_ROOM_AC-TYP-NEW,?,1.30979E-05,1.29848E-05,1.5354E-05,1.98978E-05,3.36125E-05,3.25741E-05
Temoa,nz,PEI,Capacity|residential|R_SPHC_AIR_HP-TYP-NEW,?,0.000270218,0.000358335,0.000399091,0.000383808,0.000409847,0.000423397
Temoa,nz,PEI,Capacity|residential|R_SPH_ELEC-EXS,?,0.012607364,0.009289636,0.005971909,0.002388764,,
Temoa,nz,PEI,Capacity|residential|R_SPH_ELEC_RAD-NEW,?,0.099920481,0.145145446,0.18418354,0.216878738,0.241573291,0.251527998
Temoa,nz,PEI,Capacity|residential|R_SPH_HP-EXS,?,0.011698824,0.006381176,0.000425412,,,
Temoa,nz,PEI,Capacity|residential|R_SPH_OIL-EXS,?,0.024505682,0.018056818,0.011607955,0.004643182,,
Temoa,nz,PEI,Capacity|residential|R_WAH_ELC-EXS,?,0.029007647,0.015822353,0.001054824,,,
Temoa,nz,PEI,Capacity|residential|R_WAH_ELEC-TYP-NEW,?,0.083381021,0.137317981,0.189857064,0.201225973,0.209529346,0.218165079
Temoa,nz,PEI,Capacity|residential|R_WAH_HP-TYP-NEW,?,0.000247619,0.000427678,0.000597692,0.00061976,0.00068417,0.000724013
Temoa,nz,PEI,Capacity|residential|R_WAH_OIL-EXS,?,0.016952294,0.009246706,0.000616447,,,
Temoa,nz,PEI,Capacity|residential|R_WAH_SOLAR-TYP-NEW,?,1.18801E-05,2.56506E-05,3.96105E-05,5.47878E-05,5.88006E-05,6.22219E-05
Temoa,nz,PEI,Capacity|transportation,?,1806.542143,1739.022068,2057.257878,2044.245507,1989.686939,1967.684579
Temoa,nz,PEI,Capacity|transportation|T_ELC_AC_DC,?,0.009839456,0.018163512,0.018985005,0.020015938,0.020980286,0.017707429
Temoa,nz,PEI,Capacity|transportation|T_H2_COMP_100_700,?,0.00506314,0.008616688,0.008627712,0.006561632,0.007870372,0.007859348
Temoa,nz,PEI,Capacity|transportation|T_H2_COMP_10_100,?,0.005063111,0.008616739,0.008629367,0.006561604,0.007870523,0.007857895
Temoa,nz,PEI,Capacity|transportation|T_H2_HDV_REFUEL,?,0.158780381,0.270255143,0.222048846,0.205657598,0.246762438,0.244077722
Temoa,nz,PEI,Capacity|transportation|T_H2_LDV_REFUEL,?,,,1.88555E-05,5.45501E-05,6.00658E-05,9.32333E-05
Temoa,nz,PEI,Capacity|transportation|T_H2_MDV_REFUEL,?,8.13303E-05,0.000109719,0.000134004,0.000159698,0.000114216,0.000121086
Temoa,nz,PEI,Capacity|transportation|T_HDV_AJF_JFL_EX,?,0.094858249,0.076935436,0.063634671,0.039826896,,
Temoa,nz,PEI,Capacity|transportation|T_HDV_AJF_JFL_N,?,0.035902973,0.054550158,0.068452035,0.092731348,0.13293371,0.133287225
Temoa,nz,PEI,Capacity|transportation|T_HDV_AJP_JFL_EX,?,7.842265922,6.537046855,5.124991286,2.76199767,,
Temoa,nz,PEI,Capacity|transportation|T_HDV_AJP_JFL_N,?,3.174086647,4.532255058,5.988330922,8.385998663,11.17579862,11.20141307
Temoa,nz,PEI,Capacity|transportation|T_HDV_AJP_SPK_N,?,,,,,1.01323E-05,1.01323E-05
Temoa,nz,PEI,Capacity|transportation|T_HDV_BIC_BEV_N,?,,,1.21607E-05,2.58789E-05,3.19868E-05,4.54584E-05
Temoa,nz,PEI,Capacity|transportation|T_HDV_BIC_DSL_EX,?,0.031608329,0.01233895,,,,
Temoa,nz,PEI,Capacity|transportation|T_HDV_BIC_DSL_HEV_N,?,1.79024E-05,1.79024E-05,1.07414E-05,,,
Temoa,nz,PEI,Capacity|transportation|T_HDV_BIC_DSL_N,?,1.89708E-05,1.89708E-05,1.13825E-05,,,
Temoa,nz,PEI,Capacity|transportation|T_HDV_BIC_FCEV_N,?,0.142397808,0.149160173,0.159073007,0.160127633,0.160950231,0.161714115
Temoa,nz,PEI,Capacity|transportation|T_HDV_BIC_GSL_EX,?,0.003595254,0.002157153,,,,
Temoa,nz,PEI,Capacity|transportation|T_HDV_BIC_GSL_N,?,2.3703E-05,2.3703E-05,1.42218E-05,1.1708E-05,1.1708E-05,
Temoa,nz,PEI,Capacity|transportation|T_HDV_BS_BEV_N,?,7.18762E-05,0.127086206,0.914422823,1.770377106,1.817620426,1.842815135
Temoa,nz,PEI,Capacity|transportation|T_HDV_BS_CNG_EX,?,0.041795201,0.016257123,,,,
Temoa,nz,PEI,Capacity|transportation|T_HDV_BS_CNG_N,?,1.38205E-05,1.38205E-05,,1.00642E-05,1.00642E-05,
Temoa,nz,PEI,Capacity|transportation|T_HDV_BS_DSL_EX,?,0.579745835,0.224330817,,,,
Temoa,nz,PEI,Capacity|transportation|T_HDV_BS_DSL_HEV_N,?,1.40819E-05,2.68681E-05,2.42705E-05,2.33664E-05,2.35835E-05,2.3438E-05
Temoa,nz,PEI,Capacity|transportation|T_HDV_BS_DSL_N,?,1.00733E-05,1.00733E-05,1.01473E-05,1.01473E-05,,
Temoa,nz,PEI,Capacity|transportation|T_HDV_BS_DSL_PHEV_N,?,2.227E-05,4.44354E-05,5.83619E-05,6.16366E-05,6.51453E-05,6.99964E-05
Temoa,nz,PEI,Capacity|transportation|T_HDV_BS_FCEV_N,?,0.000144774,0.00018117,0.000178647,0.000133514,0.00013057,0.000119709
Temoa,nz,PEI,Capacity|transportation|T_HDV_BS_FCHEV_N,?,1.384351924,1.43307844,0.910297423,0.062326515,0.021449461,0.002124811
Temoa,nz,PEI,Capacity|transportation|T_HDV_BS_GSL_EX,?,0.057727381,0.027266343,,,,
Temoa,nz,PEI,Capacity|transportation|T_HDV_BS_GSL_N,?,1.51426E-05,2.55347E-05,1.03921E-05,1.13884E-05,2.22527E-05,2.18435E-05
Temoa,nz,PEI,Capacity|transportation|T_HDV_BT_BEV_EX,?,0.067512107,0.029673684,,,,
Temoa,nz,PEI,Capacity|transportation|T_HDV_BT_BEV_N,?,0.561654278,0.596999145,0.693520897,0.698296284,0.702126601,0.705657837
Temoa,nz,PEI,Capacity|transportation|T_HDV_BT_CNG_EX,?,0.003194679,0.001032201,,,,
Temoa,nz,PEI,Capacity|transportation|T_HDV_BT_DSL_EX,?,0.159093238,0.061952902,,,,
Temoa,nz,PEI,Capacity|transportation|T_HDV_BT_DSL_PHEV_N,?,,,1.18327E-05,2.19701E-05,2.08261E-05,2.12938E-05
Temoa,nz,PEI,Capacity|transportation|T_HDV_BT_FCEV_N,?,1.09493E-05,1.09493E-05,,1.20984E-05,1.20984E-05,1.11467E-05
Temoa,nz,PEI,Capacity|transportation|T_HDV_BT_FCHEV_N,?,1.77061E-05,1.77061E-05,2.34998E-05,2.81178E-05,2.6188E-05,2.66745E-05
Temoa,nz,PEI,Capacity|transportation|T_HDV_BT_GSL_EX,?,0.001678496,0.001007098,,,,
Temoa,nz,PEI,Capacity|transportation|T_HDV_CHRG,?,3.179786142,3.756341677,5.008238998,6.650063374,6.381806666,6.158170532
Temoa,nz,PEI,Capacity|transportation|T_HDV_RF_DSL_EX,?,56.1406935,56.1406935,42.31649977,31.73772256,13.99182303,
Temoa,nz,PEI,Capacity|transportation|T_HDV_RF_DSL_N,?,2.26631E-05,3.59365E-05,4.69281E-05,6.12096E-05,6.12096E-05,6.12096E-05
Temoa,nz,PEI,Capacity|transportation|T_HDV_RF_H2_N,?,,0.000984868,0.007717858,0.012382925,0.016187233,0.0198802
Temoa,nz,PEI,Capacity|transportation|T_HDV_RF_LNG_N,?,73.86603256,73.87451013,73.87462624,73.87478249,73.87489191,73.87494456
Temoa,nz,PEI,Capacity|transportation|T_HDV_RICP_DSL_EX,?,0.209229656,0.209229656,0.152082909,0.119174035,0.076181161,
Temoa,nz,PEI,Capacity|transportation|T_HDV_RICP_DSL_N,?,0.051868149,0.051868149,0.051868149,0.051868149,0.051868149,0.051868149
Temoa,nz,PEI,Capacity|transportation|T_HDV_RICP_H2_N,?,,0.133043312,0.133101233,0.202269379,0.260874629,0.261177697
Temoa,nz,PEI,Capacity|transportation|T_HDV_T_BEV_N,?,7.391871759,10.03347767,15.03691695,21.10007837,21.14033901,22.29202373
Temoa,nz,PEI,Capacity|transportation|T_HDV_T_DSL_EX,?,15.1480913,11.5293021,6.329549261,,,
Temoa,nz,PEI,Capacity|transportation|T_HDV_T_FCEV_N,?,1.15173E-05,1.15173E-05,1.15173E-05,,,
Temoa,nz,PEI,Capacity|transportation|T_HDV_T_FCHEV_N,?,3.06718E-05,5.19044E-05,0.00011442,0.000236627,0.000255756,0.000269618
Temoa,nz,PEI,Capacity|transportation|T_HDV_WTF_HFO_EX,?,63.24592585,63.24592585,59.98507948,46.74784479,12.48506516,
Temoa,nz,PEI,Capacity|transportation|T_HDV_WTF_HFO_N,?,1.61082E-05,3.33772E-05,5.31949E-05,7.76974E-05,7.76974E-05,7.76974E-05
Temoa,nz,PEI,Capacity|transportation|T_HDV_WTF_LNG_N,?,44.16891571,44.16909111,107.2044505,107.3039643,107.3040303,107.3040936
Temoa,nz,PEI,Capacity|transportation|T_HDV_WTF_MDO_EX,?,11.65349245,11.65349245,9.048668103,6.327231659,1.927673823,
Temoa,nz,PEI,Capacity|transportation|T_I_H2_ELC_ALK,?,0.007434929,0.013691047,0.013997311,0.01447755,0.008710133,0.003474083
Temoa,nz,PEI,Capacity|transportation|T_I_H2_ELC_PEM,?,0.000112033,0.000546083,0.000789569,0.0012743,0.007347706,0.010885576
Temoa,nz,PEI,Capacity|transportation|T_I_H2_SMR_CCS,?,0.000100568,0.000100568,0.000100568,0.000100568,0.000100568,
Temoa,nz,PEI,Capacity|transportation|T_LDV_BEV_CHRG,?,0.09375467,1.079514713,8.922333645,26.70951702,29.11475737,35.27066153
Temoa,nz,PEI,Capacity|transportation|T_LDV_C_BEV150_EX,?,2.008769316,1.490410826,,,,
Temoa,nz,PEI,Capacity|transportation|T_LDV_C_BEV150_N,?,0.000122816,3.508436456,33.51601785,71.47935923,72.44287244,73.11588907
Temoa,nz,PEI,Capacity|transportation|T_LDV_C_BEV200_N,?,0.000245631,7.016872907,67.03203568,142.9587185,144.8857449,146.2317781
Temoa,nz,PEI,Capacity|transportation|T_LDV_C_BEV300_N,?,0.000368426,10.52530934,100.5480535,214.4380777,217.3286173,219.3476672
Temoa,nz,PEI,Capacity|transportation|T_LDV_C_BEV400_N,?,0.000491226,14.03374577,134.0640713,285.9174369,289.7714897,292.4635563
Temoa,nz,PEI,Capacity|transportation|T_LDV_C_CNG_N,?,0.00010223,0.000165316,0.000195844,0.000160201,0.000164673,0.000176366
Temoa,nz,PEI,Capacity|transportation|T_LDV_C_DSL_EX,?,1.800448212,0.15292017,,,,
Temoa,nz,PEI,Capacity|transportation|T_LDV_C_DSL_N,?,5.13138E-05,9.53961E-05,0.000134642,0.000130593,0.000135007,0.000133059
Temoa,nz,PEI,Capacity|transportation|T_LDV_C_FCEV400_N,?,3.30537E-05,0.000188129,0.000329708,0.000435082,0.000535942,0.000823117
Temoa,nz,PEI,Capacity|transportation|T_LDV_C_GSL_EX,?,137.4887115,66.46991144,,,,
Temoa,nz,PEI,Capacity|transportation|T_LDV_C_GSL_HEV_EX,?,3.612455658,1.908287966,,,,
Temoa,nz,PEI,Capacity|transportation|T_LDV_C_GSL_HEV_N,?,0.000237287,0.000367121,0.000426647,0.000322933,0.000320909,0.00033169
Temoa,nz,PEI,Capacity|transportation|T_LDV_C_GSL_N,?,4.47934E-05,9.37383E-05,0.000126936,0.000124538,0.000130222,0.000141246
Temoa,nz,PEI,Capacity|transportation|T_LDV_C_GSL_PHEV35_EX,?,1.246991962,0.911636801,,,,
Temoa,nz,PEI,Capacity|transportation|T_LDV_C_GSL_PHEV35_N,?,472.4458348,482.59424,396.4417291,16.80887118,7.173732802,0.44314852
Temoa,nz,PEI,Capacity|transportation|T_LDV_C_GSL_PHEV50_N,?,0.00072613,0.001235156,0.001255084,0.000749436,0.000653599,0.000784069
Temoa,nz,PEI,Capacity|transportation|T_LDV_LTF_BEV150_N,?,3.14561E-05,0.000127168,0.000486128,4.353885636,4.51863601,4.690337963
Temoa,nz,PEI,Capacity|transportation|T_LDV_LTF_BEV200_N,?,6.29024E-05,0.000254319,0.000972239,8.70778384,9.037272011,9.380675919
Temoa,nz,PEI,Capacity|transportation|T_LDV_LTF_BEV300_N,?,9.43415E-05,0.000381462,0.001458338,13.06167575,13.55590801,14.07101388
Temoa,nz,PEI,Capacity|transportation|T_LDV_LTF_BEV400_N,?,0.000125803,0.000508628,0.00194446,17.41556766,18.07454401,18.76135184
Temoa,nz,PEI,Capacity|transportation|T_LDV_LTF_CNG_N,?,8.69995E-05,0.00014981,0.000223962,0.00022595,0.000217845,0.000206308
Temoa,nz,PEI,Capacity|transportation|T_LDV_LTF_DSL_EX,?,4.157140785,3.106778023,0.574391585,,,
Temoa,nz,PEI,Capacity|transportation|T_LDV_LTF_DSL_N,?,3.19925E-05,6.46334E-05,0.00010013,0.000101015,0.000100522,9.81594E-05
Temoa,nz,PEI,Capacity|transportation|T_LDV_LTF_FCEV400_N,?,2.76064E-05,9.56903E-05,0.00022293,0.000438559,0.000523322,0.001119337
Temoa,nz,PEI,Capacity|transportation|T_LDV_LTF_GSL_EX,?,49.41302364,32.91445062,5.889871774,,,
Temoa,nz,PEI,Capacity|transportation|T_LDV_LTF_GSL_HEV_EX,?,0.003738613,0.000747723,,,,
Temoa,nz,PEI,Capacity|transportation|T_LDV_LTF_GSL_HEV_N,?,9.46003E-05,0.000169835,0.000287416,0.000310244,0.000316915,0.000296993
Temoa,nz,PEI,Capacity|transportation|T_LDV_LTF_GSL_N,?,3.56813E-05,7.02202E-05,0.000111255,0.000115773,0.000120856,0.000119913
Temoa,nz,PEI,Capacity|transportation|T_LDV_LTF_GSL_PHEV35_EX,?,0.056040526,0.056040526,0.011208105,,,
Temoa,nz,PEI,Capacity|transportation|T_LDV_LTF_GSL_PHEV35_N,?,48.36406062,56.94363679,85.62762075,48.71320917,33.39484557,9.063156899
Temoa,nz,PEI,Capacity|transportation|T_LDV_LTF_GSL_PHEV50_N,?,0.000997685,0.031916403,0.065774759,0.068528787,14.1165909,37.07808475
Temoa,nz,PEI,Capacity|transportation|T_LDV_LTP_BEV150_N,?,4.34519E-05,0.000174962,0.00321053,22.02914932,32.32156919,56.46222501
Temoa,nz,PEI,Capacity|transportation|T_LDV_LTP_BEV200_N,?,8.68996E-05,0.000349916,0.006421047,44.05831601,64.64313837,112.92445
Temoa,nz,PEI,Capacity|transportation|T_LDV_LTP_BEV300_EX,?,0.277915765,0.274324357,0.054685301,,,
Temoa,nz,PEI,Capacity|transportation|T_LDV_LTP_BEV300_N,?,0.000130352,0.000524873,0.009631568,66.08747401,96.96470755,169.386675
Temoa,nz,PEI,Capacity|transportation|T_LDV_LTP_BEV400_N,?,0.000173795,0.000699823,0.012842082,88.11663201,129.2862767,225.8489
Temoa,nz,PEI,Capacity|transportation|T_LDV_LTP_CNG_N,?,9.66436E-05,0.00016967,0.000253155,0.000251573,0.000246334,0.000232473
Temoa,nz,PEI,Capacity|transportation|T_LDV_LTP_DSL_EX,?,11.65801056,6.769454793,1.133819603,,,
Temoa,nz,PEI,Capacity|transportation|T_LDV_LTP_DSL_N,?,3.44341E-05,7.08458E-05,0.000110577,0.000114012,0.000116908,0.000115074
Temoa,nz,PEI,Capacity|transportation|T_LDV_LTP_FCEV400_N,?,4.40001E-05,0.000123668,0.000430588,0.001104291,0.001193388,0.001664146
Temoa,nz,PEI,Capacity|transportation|T_LDV_LTP_GSL_EX,?,293.6696286,178.2133244,30.64113669,,,
Temoa,nz,PEI,Capacity|transportation|T_LDV_LTP_GSL_HEV_EX,?,2.064774624,1.807668126,0.3486783,,,
Temoa,nz,PEI,Capacity|transportation|T_LDV_LTP_GSL_HEV_N,?,0.000113423,0.000231605,0.00035873,0.000383785,0.000380656,0.000357321
Temoa,nz,PEI,Capacity|transportation|T_LDV_LTP_GSL_N,?,3.66197E-05,8.01608E-05,0.000126908,0.000136578,0.000142424,0.000142571
Temoa,nz,PEI,Capacity|transportation|T_LDV_LTP_GSL_PHEV35_EX,?,0.439998113,0.433607533,0.086401978,,,
Temoa,nz,PEI,Capacity|transportation|T_LDV_LTP_GSL_PHEV35_N,?,247.2208426,346.3296702,625.4536667,435.852567,312.9936324,71.20890644
Temoa,nz,PEI,Capacity|transportation|T_LDV_LTP_GSL_PHEV50_N,?,0.000774643,0.004601002,0.008918233,0.00875541,19.94351026,20.32126593
Temoa,nz,PEI,Capacity|transportation|T_LDV_M_BEV_N,?,5.200412403,10.25313149,13.78610794,15.27475563,15.36255308,15.44339259
Temoa,nz,PEI,Capacity|transportation|T_LDV_M_GSL_EX,?,8.5485843,4.773401684,1.379327542,,,
Temoa,nz,PEI,Capacity|transportation|T_LDV_M_GSL_N,?,0.000141948,0.000316535,0.00049349,0.000604229,0.000653087,0.000714899
Temoa,nz,PEI,Capacity|transportation|T_LDV_PHEV_CHRG,?,5.125034422,5.889485838,6.824246354,3.159094309,2.394642893,1.453301581
Temoa,nz,PEI,Capacity|transportation|T_MDV_CHRG,?,4.02260865,4.491306549,5.84494306,7.002975612,6.770423684,6.552760625
Temoa,nz,PEI,Capacity|transportation|T_MDV_T_BEV_N,?,91.52497319,115.0159021,164.0565379,203.6603095,203.7613886,203.8541973
Temoa,nz,PEI,Capacity|transportation|T_MDV_T_DSL_EX,?,77.38449554,57.19095286,25.76438703,,,
Temoa,nz,PEI,Capacity|transportation|T_MDV_T_DSL_HEV_N,?,2.2909E-05,3.80919E-05,5.24876E-05,5.68885E-05,4.14693E-05,4.03574E-05
Temoa,nz,PEI,Capacity|transportation|T_MDV_T_DSL_N,?,2.07997E-05,3.33754E-05,4.51082E-05,4.79306E-05,3.41847E-05,3.39791E-05
Temoa,nz,PEI,Capacity|transportation|T_MDV_T_DSL_PHEV_N,?,2.07752E-05,4.18425E-05,6.9862E-05,8.31627E-05,8.51027E-05,8.73119E-05
Temoa,nz,PEI,Capacity|transportation|T_MDV_T_FCEV_N,?,0.000174523,0.000196848,0.000233762,0.000231025,0.000153842,0.000229842
Temoa,nz,PEI,Capacity|transportation|T_MDV_T_FCHEV_N,?,0.000774804,0.001113641,0.001678748,0.002000373,0.001561642,0.001270264
Temoa,nz,PEI,Capacity|transportation|T_MDV_T_GSL_EX,?,49.28285554,35.82049426,15.79217389,,,
Temoa,nz,PEI,Capacity|transportation|T_MDV_T_GSL_N,?,2.42105E-05,4.19531E-05,5.91075E-05,6.56277E-05,6.03184E-05,5.85884E-05
Temoa,nz,PEI,Emissions|ch4,?,3542.619378,2531.727994,1342.236001,587.8133355,466.7030035,279.8736372
Temoa,nz,PEI,Emissions|ch4|F_A_DSL,?,5.638070744,6.229773595,6.039004536,5.858690581,5.877452889,5.982900813
Temoa,nz,PEI,Emissions|ch4|F_E_BIO_M,?,0.020348559,0.042636864,0.067802265,0.096179427,0.126725001,0.161321463
Temoa,nz,PEI,Emissions|ch4|F_E_DSL,?,0.0005234,0.000612507,0.000659732,0.000721982,0.000790965,
Temoa,nz,PEI,Emissions|ch4|F_E_NG,?,79.97252697,113.5430665,133.7284433,157.0682835,136.2157842,124.4607297
Temoa,nz,PEI,Emissions|ch4|F_I_HFO,?,1.2797,1.308634804,1.188709677,1.041741234,0.871000003,0.743700003
Temoa,nz,PEI,Emissions|ch4|F_I_NG,?,1.249865952,1.271779776,1.249945949,1.18951116,1.061394108,0.942359252
Temoa,nz,PEI,Emissions|ch4|F_R_NG,?,0.002579305,0.005481794,0.007214788,0.007109658,0.006353907,0.005751971
Temoa,nz,PEI,Emissions|ch4|F_R_OIL,?,5.606852314,3.682260536,1.968965178,0.769175175,,
Temoa,nz,PEI,Emissions|ch4|F_R_WOOD,?,0.136243403,0.263973108,0.401384229,0.454200304,0.452135596,0.438506564
Temoa,nz,PEI,Emissions|ch4|F_T_CNG,?,0.01447179,0.006047535,5.04184E-05,4.74386E-05,4.50362E-05,4.26435E-05
Temoa,nz,PEI,Emissions|ch4|F_T_DSL,?,92.06555916,70.69543872,36.95748298,3.059484485,2.835211262,2.886989072
Temoa,nz,PEI,Emissions|ch4|F_T_GSL,?,3291.196423,2271.334191,1096.933035,355.8508422,257.4280051,82.35970627
Temoa,nz,PEI,Emissions|ch4|F_T_HFO,?,6.690114885,6.686203532,0.0151252,0.002049705,,
Temoa,nz,PEI,Emissions|ch4|F_T_JTF,?,35.89454863,33.80450277,32.35409648,31.07844571,30.49113714,30.56124453
Temoa,nz,PEI,Emissions|ch4|F_T_LNG,?,22.84746358,22.84928806,31.3201573,31.33289055,31.33290672,31.33023466
Temoa,nz,PEI,Emissions|ch4|F_T_NG,?,0.004085951,0.004102399,0.003923814,0.003962411,0.004061557,0.000150169
Temoa,nz,PEI,Emissions|co2,?,10226.51897,8491.128228,5687.448237,3827.325667,3626.535723,3392.614445
Temoa,nz,PEI,Emissions|co2e,?,8856.915756,7389.444046,5061.760974,3482.243753,3312.5882,3110.956837
Temoa,nz,PEI,Emissions|co2e|E_NG_CCS-NEW,?,-263.5552766,-398.4141847,-481.0249618,-569.1469821,-492.1808817,-454.5210361
Temoa,nz,PEI,Emissions|co2e|E_NG_CCS_RFIT_90,?,-0.060836917,-0.150002139,-0.178463394,-0.245840856,-0.291423597,-0.325258572
Temoa,nz,PEI,Emissions|co2e|E_NG_CCS_RFIT_95,?,-0.080294594,-0.212238434,-0.2720534,-0.383577097,-0.467927529,-0.533001735
Temoa,nz,PEI,Emissions|co2e|F_A_DSL,?,117.4636892,129.7912394,125.8167526,122.0600877,122.4509821,124.6478864
Temoa,nz,PEI,Emissions|co2e|F_C_OIL,?,7.81281E-05,6.16828E-05,5.51357E-05,6.0166E-05,,
Temoa,nz,PEI,Emissions|co2e|F_E_BIO_M,?,0.007656448,0.016042755,0.025511613,0.036188942,0.04768217,0.060699604
Temoa,nz,PEI,Emissions|co2e|F_E_DSL,?,0.010904532,0.012760986,0.013744878,0.015041785,0.016478986,
Temoa,nz,PEI,Emissions|co2e|F_E_NG,?,320.2323577,454.6581839,535.4860765,628.9453221,545.4460849,498.3755602
Temoa,nz,PEI,Emissions|co2e|F_I_BIO,?,18.278,9.896143791,14.44153226,17.57068182,21.24200012,24.20600012
Temoa,nz,PEI,Emissions|co2e|F_I_HFO,?,140.8565542,144.0414075,130.8412511,114.6644374,95.87095343,81.8590449
Temoa,nz,PEI,Emissions|co2e|F_I_NG,?,65.70393297,66.85591603,65.70813829,62.53115493,55.79619732,49.53867975
Temoa,nz,PEI,Emissions|co2e|F_R_NG,?,0.135628969,0.288252121,0.379379113,0.373850999,0.334110909,0.302458999
Temoa,nz,PEI,Emissions|co2e|F_R_OIL,?,116.8132838,76.71629656,41.0214636,16.02501242,,
Temoa,nz,PEI,Emissions|co2e|F_R_WOOD,?,0.051263611,0.099323815,0.151026797,0.170899632,0.170122755,0.164994629
Temoa,nz,PEI,Emissions|co2e|F_T_CNG,?,0.760764419,0.317911533,0.002650434,0.002493788,0.002367499,0.002241717
Temoa,nz,PEI,Emissions|co2e|F_T_DSL,?,1918.095874,1472.870317,769.9730089,63.7413667,59.06885347,60.14759347
Temoa,nz,PEI,Emissions|co2e|F_T_ETH,?,342.2327311,337.2239679,162.8611554,52.83301483,38.22022037,12.22790862
Temoa,nz,PEI,Emissions|co2e|F_T_GSL,?,2899.104469,2000.742058,966.251495,313.4570637,226.7596898,72.54790107
Temoa,nz,PEI,Emissions|co2e|F_T_HFO,?,736.3808156,735.9502931,1.664830475,0.225610959,0.000446071,0.000116477
Temoa,nz,PEI,Emissions|co2e|F_T_JTF,?,1166.091921,1098.193432,1051.07466,1009.633101,990.5534413,992.8309923
Temoa,nz,PEI,Emissions|co2e|F_T_LNG,?,1201.063372,1201.159283,1646.462576,1647.131948,1647.132798,1646.992331
Temoa,nz,PEI,Emissions|co2e|F_T_MDO,?,0.000244009,0.000169402,0.000250536,0.000113986,,
Temoa,nz,PEI,Emissions|co2e|F_T_NG,?,0.214793477,0.215658126,0.206270105,0.208299109,0.213511121,0.007894224
Temoa,nz,PEI,Emissions|co2e|F_T_RDSL,?,77.2954944,59.35377939,31.02839916,2.568651818,2.380358717,2.423829819
Temoa,nz,PEI,Emissions|co2e|T_I_H2_SMR_CCS,?,-0.181663345,-0.18202702,-0.173776149,-0.174249075,-0.177866488,
Temoa,nz,PEI,Emissions|co2|E_NG_CCS-NEW,?,-263.5552766,-398.4141847,-481.0249618,-569.1469821,-492.1808817,-454.5210361
Temoa,nz,PEI,Emissions|co2|E_NG_CCS_RFIT_90,?,-0.060836917,-0.150002139,-0.178463394,-0.245840856,-0.291423597,-0.325258572
Temoa,nz,PEI,Emissions|co2|E_NG_CCS_RFIT_95,?,-0.080294594,-0.212238434,-0.2720534,-0.383577097,-0.467927529,-0.533001735
Temoa,nz,PEI,Emissions|co2|F_A_DSL,?,112.6802682,124.5058091,120.6931736,117.0894896,117.4644658,119.5719066
Temoa,nz,PEI,Emissions|co2|F_C_OIL,?,7.49465E-05,5.91709E-05,5.28904E-05,5.77159E-05,,
Temoa,nz,PEI,Emissions|co2|F_E_BIO_M,?,0.006314117,0.013230134,0.021038908,0.029844285,0.039322516,0.050057729
Temoa,nz,PEI,Emissions|co2|F_E_DSL,?,0.010460472,0.012241326,0.013185152,0.014429245,0.01580792,
Temoa,nz,PEI,Emissions|co2|F_E_NG,?,315.809877,448.3792523,528.0908935,620.259446,537.913352,491.4928818
Temoa,nz,PEI,Emissions|co2|F_IMP_CNG,?,0.051791409,0.021642818,0.000180437,0.000169772,0.000161175,0.000152612
Temoa,nz,PEI,Emissions|co2|F_IMP_DSL,?,514.9133718,405.4089258,226.6004598,47.00372703,45.9210218,46.74545302
Temoa,nz,PEI,Emissions|co2|F_IMP_GSL,?,644.5328077,446.6968783,218.1783562,73.92797312,54.80441714,20.84610231
Temoa,nz,PEI,Emissions|co2|F_IMP_HFO,?,147.5010516,147.9641722,22.27992908,19.31792185,16.12007506,13.76401964
Temoa,nz,PEI,Emissions|co2|F_IMP_JTF,?,251.7149273,237.0582242,226.8870721,217.9414145,213.8228411,214.3144778
Temoa,nz,PEI,Emissions|co2|F_IMP_MDO,?,4.13448E-05,2.87034E-05,4.24506E-05,1.93137E-05,,
Temoa,nz,PEI,Emissions|co2|F_IMP_NG,?,26.10820486,35.26900041,40.65121388,46.74192729,40.64600547,37.0272297
Temoa,nz,PEI,Emissions|co2|F_IMP_OIL,?,24.20922307,15.89923789,8.501588189,3.321148802,,
Temoa,nz,PEI,Emissions|co2|F_IMP_SPK,?,5.07223E-05,0.000130537,0.000230673,0.000365205,0.00055682,0.000500613
Temoa,nz,PEI,Emissions|co2|F_I_BIO,?,18.278,9.896143791,14.44153226,17.57068182,21.24200012,24.20600012
Temoa,nz,PEI,Emissions|co2|F_I_HFO,?,140.4041,143.578723,130.4209677,114.2961166,95.56300033,81.59610033
Temoa,nz,PEI,Emissions|co2|F_I_NG,?,65.36461126,66.510645,65.36879486,62.20821872,55.50804316,49.28284195
Temoa,nz,PEI,Emissions|co2|F_R_NG,?,0.13489066,0.286682995,0.377313929,0.371815908,0.332292147,0.300812536
Temoa,nz,PEI,Emissions|co2|F_R_OIL,?,112.0563489,73.5922133,39.35096497,15.37243304,,
Temoa,nz,PEI,Emissions|co2|F_R_WOOD,?,0.042276057,0.081910331,0.124548729,0.140937452,0.140296777,0.136067716
Temoa,nz,PEI,Emissions|co2|F_T_CNG,?,0.756835524,0.31626971,0.002636746,0.002480909,0.002355273,0.002230139
Temoa,nz,PEI,Emissions|co2|F_T_DSL,?,1839.986118,1412.891281,738.6177442,61.14565568,56.6634191,57.69823006
Temoa,nz,PEI,Emissions|co2|F_T_ETH,?,342.2327311,337.2239679,162.8611554,52.83301483,38.22022037,12.22790862
Temoa,nz,PEI,Emissions|co2|F_T_GSL,?,2790.306534,1925.657974,929.989895,301.6936101,218.2498254,69.82531488
Temoa,nz,PEI,Emissions|co2|F_T_HFO,?,734.0154406,733.586301,1.659482769,0.22488626,0.000444639,0.000116103
Temoa,nz,PEI,Emissions|co2|F_T_JTF,?,1136.912422,1070.712979,1024.773276,984.3687221,965.7664988,967.987058
Temoa,nz,PEI,Emissions|co2|F_T_LNG,?,1194.860595,1194.95601,1637.959577,1638.625492,1638.626337,1638.486596
Temoa,nz,PEI,Emissions|co2|F_T_MDO,?,0.000240455,0.000166934,0.000246886,0.000112325,,
Temoa,nz,PEI,Emissions|co2|F_T_NG,?,0.213684197,0.21454438,0.205204843,0.207223368,0.212408463,0.007853455
Temoa,nz,PEI,Emissions|co2|F_T_RDSL,?,77.2954944,59.35377939,31.02839916,2.568651818,2.380358717,2.423829819
Temoa,nz,PEI,Emissions|co2|T_I_H2_SMR_CCS,?,-0.183404554,-0.183771715,-0.175441761,-0.175919219,-0.179571304,
Temoa,nz,PEI,Emissions|n2o,?,513.6746118,423.9704214,292.4085501,171.1073443,162.2643392,158.255918
Temoa,nz,PEI,Emissions|n2o|F_A_DSL,?,16.94342503,18.7215994,18.14830379,17.60642765,17.66281179,17.97970193
Temoa,nz,PEI,Emissions|n2o|F_C_OIL,?,1.12695E-05,,,,,
Temoa,nz,PEI,Emissions|n2o|F_E_BIO_M,?,0.002829932,0.00592963,0.009429454,0.013375947,0.017624007,0.022435435
Temoa,nz,PEI,Emissions|n2o|F_E_DSL,?,0.001572913,0.001840695,0.001982615,0.002169686,0.002376994,
Temoa,nz,PEI,Emissions|n2o|F_E_NG,?,7.997252697,11.35430665,13.37284433,15.70682835,13.62157842,12.44607297
Temoa,nz,PEI,Emissions|n2o|F_I_HFO,?,1.52609,1.560595833,1.417580645,1.242315292,1.038700004,0.886890004
Temoa,nz,PEI,Emissions|n2o|F_I_NG,?,1.114745309,1.13429007,1.114816657,1.060915359,0.946648799,0.840482576
Temoa,nz,PEI,Emissions|n2o|F_R_NG,?,0.002439883,0.005185481,0.0068248,0.006725352,0.006010452,0.005441054
Temoa,nz,PEI,Emissions|n2o|F_R_OIL,?,16.84960799,11.06586068,5.917097427,2.311510888,,
Temoa,nz,PEI,Emissions|n2o|F_R_WOOD,?,0.018947758,0.036711492,0.055821648,0.06316693,0.062879785,0.060984357
Temoa,nz,PEI,Emissions|n2o|F_T_CNG,?,0.012907273,0.005393747,4.49678E-05,4.23101E-05,4.01674E-05,3.80334E-05
Temoa,nz,PEI,Emissions|n2o|F_T_DSL,?,276.6737011,212.4526138,111.0639385,9.194305708,8.520324001,8.675925707
Temoa,nz,PEI,Emissions|n2o|F_T_GSL,?,60.96862443,42.07592117,20.32042141,6.592051511,4.768792057,1.525693807
Temoa,nz,PEI,Emissions|n2o|F_T_HFO,?,7.978211632,7.973547198,0.018037365,0.002444349,,
Temoa,nz,PEI,Emissions|n2o|F_T_JTF,?,103.2031202,97.19387191,93.02369957,89.35597994,87.66736484,87.86893589
Temoa,nz,PEI,Emissions|n2o|F_T_LNG,?,20.37746752,20.37909476,27.93419435,27.94555103,27.94556545,27.94318227
Temoa,nz,PEI,Emissions|n2o|F_T_MDO,?,1.26145E-05,,1.29519E-05,,,
Temoa,nz,PEI,Emissions|n2o|F_T_NG,?,0.003644227,0.003658896,0.003499617,0.003534042,0.00362247,0.000133935
Temoa,nz,PEI-NB,Activity|electricity,?,0.711242784,0.037692042,0.045589444,0.087367938,0.154824133,0.214462558
Temoa,nz,PEI-NB,Activity|electricity|E_INT,?,0.711242784,0.037692042,0.045589444,0.087367938,0.154824133,0.214462558
Temoa,nz,PEI-NB,Capacity|electricity,?,0.3,0.3,0.3,0.3,0.3,0.3
Temoa,nz,PEI-NB,Capacity|electricity|E_INT,?,0.3,0.3,0.3,0.3,0.3,0.3
Temoa,nz,QC,Activity|agriculture|A_AGRI,?,32.1,35.46882333,34.38269021,33.35608373,33.46290541,34.06326617
Temoa,nz,QC,Activity|agriculture|E_A_ELC,?,7.286702631,8.051430303,7.804891868,7.571873831,7.596410755,7.765944815
Temoa,nz,QC,Activity|agriculture|F_A_DSL,?,18.939,20.92660576,20.28578722,19.6800894,19.74311419,20.09732704
Temoa,nz,QC,Activity|agriculture|F_A_GSL,?,4.4619,4.930166443,4.779193939,4.636495638,4.651343852,4.734793997
Temoa,nz,QC,Activity|agriculture|F_A_NG,?,1.412397369,1.560620819,1.512817178,1.467624859,1.472036611,1.465200317
Temoa,nz,QC,Activity|commercial,?,393.1623566,434.4237762,465.3164247,483.5244209,504.053957,534.8824057
Temoa,nz,QC,Activity|commercial|C_OTHER,?,107.9419221,119.2701857,127.7517083,132.7506751,138.3870177,146.8508973
Temoa,nz,QC,Activity|commercial|C_SPHC_HP_AIR-NEW,?,138.4447283,152.9740992,163.8523429,170.2639517,177.4930403,188.3487175
Temoa,nz,QC,Activity|commercial|E_C_ELC,?,134.778473,150.49527,162.8811553,171.0045269,180.0891303,193.0391857
Temoa,nz,QC,Activity|commercial|F_C_NG,?,11.99723323,11.68422125,10.83121812,9.505267285,8.084768675,6.643605264
Temoa,nz,QC,Activity|electricity,?,2933.945413,3047.55893,3132.146765,3198.459066,3207.810971,3280.565153
Temoa,nz,QC,Activity|electricity|E_BAT_2H-NEW,?,2.16317E-05,,,,,4.62035E-05
Temoa,nz,QC,Activity|electricity|E_BAT_4H-NEW,?,,,,,,1.19647E-05
Temoa,nz,QC,Activity|electricity|E_BIO_G-EXS,?,0.000381532,,,,,
Temoa,nz,QC,Activity|electricity|E_ELC_DX_to_DEM,?,784.4998213,816.6511766,843.5490703,874.7920466,879.7742116,904.6075888
Temoa,nz,QC,Activity|electricity|E_ELC_TX_to_DX,?,686.7072445,718.8589918,745.7569546,777.1035546,782.0855124,807.0831233
Temoa,nz,QC,Activity|electricity|E_HYD_DLY-EXS,?,195.2458033,195.1779815,195.2606243,195.2076676,195.8271754,195.8269318
Temoa,nz,QC,Activity|electricity|E_HYD_MLY-EXS,?,388.4751651,388.475375,388.4752193,388.4748372,388.4742467,388.4735833
Temoa,nz,QC,Activity|electricity|E_HYD_MLY-EXS-IN,?,388.4751651,388.4753751,388.4752194,388.4748373,388.4742469,388.4735835
Temoa,nz,QC,Activity|electricity|E_HYD_ROR-EXS,?,97.5248457,97.52482454,97.52474428,97.5244672,97.52464642,97.5242989
Temoa,nz,QC,Activity|electricity|E_INT_OUT-USA,?,92.5482636,92.5482636,92.5482636,92.5482636,92.5482636,92.5482636
Temoa,nz,QC,Activity|electricity|E_NG_CG-EXS,?,0.267012206,0.2670936,0.267026112,0.163887224,0.163887378,
Temoa,nz,QC,Activity|electricity|E_SOL_PV-NEW-1,?,0.000296525,0.001157316,0.003667978,0.005982373,0.013590737,0.020514226
Temoa,nz,QC,Activity|electricity|E_SOL_PV-NEW-2,?,0.000256782,0.001115112,0.003702838,0.005976296,0.013778636,0.020946219
Temoa,nz,QC,Activity|electricity|E_SOL_PV-NEW-3,?,0.00028104,0.001078727,0.003583847,0.00584336,0.013378539,0.020487002
Temoa,nz,QC,Activity|electricity|E_SOL_PV-NEW-4,?,0.00033815,0.00118955,0.003792315,0.006063706,0.013901912,0.020947662
Temoa,nz,QC,Activity|electricity|E_SOL_PV-NEW-5,?,0.000298949,0.001207315,0.003697312,0.005944092,0.013528957,0.020376743
Temoa,nz,QC,Activity|electricity|E_WND_ON-EXS,?,39.70451587,38.74228351,35.68272831,26.66263828,3.79467591,1.5344454
Temoa,nz,QC,Activity|electricity|E_WND_ON-NEW-1,?,28.63727478,28.69487354,28.71639448,28.72082799,28.75104583,28.75804491
Temoa,nz,QC,Activity|electricity|E_WND_ON-NEW-10,?,0.211320581,1.344383222,8.57040801,17.4751852,27.63416746,33.95221474
Temoa,nz,QC,Activity|electricity|E_WND_ON-NEW-11,?,0.035447239,0.080402537,0.130943515,0.177279196,0.257839069,0.324377286
Temoa,nz,QC,Activity|electricity|E_WND_ON-NEW-12,?,0.021880123,0.046988009,0.074864442,0.097654212,0.146104806,0.179441075
Temoa,nz,QC,Activity|electricity|E_WND_ON-NEW-13,?,0.267562298,37.68193256,61.84754063,62.90497567,63.33893455,63.47730558
Temoa,nz,QC,Activity|electricity|E_WND_ON-NEW-2,?,26.62077976,26.75676897,26.80635231,26.81875164,26.85097848,26.85635967
Temoa,nz,QC,Activity|electricity|E_WND_ON-NEW-3,?,68.82854503,69.05797837,69.14280006,69.17130168,69.21049746,69.21613958
Temoa,nz,QC,Activity|electricity|E_WND_ON-NEW-4,?,16.70166168,16.84849289,16.89925402,16.91186174,16.94518962,16.95090802
Temoa,nz,QC,Activity|electricity|E_WND_ON-NEW-5,?,14.31782605,24.09694388,24.59056664,24.7332897,24.822576,24.83872794
Temoa,nz,QC,Activity|electricity|E_WND_ON-NEW-6,?,0.041992179,0.09013261,0.150697701,0.218124127,0.335762118,0.467959291
Temoa,nz,QC,Activity|electricity|E_WND_ON-NEW-7,?,0.070519092,0.16038217,0.282168877,0.438962243,0.692238538,1.026286632
Temoa,nz,QC,Activity|electricity|E_WND_ON-NEW-8,?,103.9910463,104.7276689,104.8652145,104.9110153,104.9618671,104.9643394
Temoa,nz,QC,Activity|electricity|E_WND_ON-NEW-9,?,0.186010618,0.679178272,1.944277145,4.547011966,14.77362891,33.36545376
Temoa,nz,QC,Activity|electricity|F_E_NG,?,0.563835954,0.565690837,0.566988586,0.350815525,0.355096003,0.01244687
Temoa,nz,QC,Activity|fuel|F_IMP_BIO,?,99.26,107.52,120.28,128.35,139.82,149.87
Temoa,nz,QC,Activity|fuel|F_IMP_CNG,?,0.265303766,0.10973721,,,,
Temoa,nz,QC,Activity|fuel|F_IMP_DSL,?,101.0987244,92.38011067,73.56520619,54.0390895,56.23058474,59.16727393
Temoa,nz,QC,Activity|fuel|F_IMP_ETH,?,18.70284072,18.56931599,7.627232819,1.60068225,0.705269134,0.342171016
Temoa,nz,QC,Activity|fuel|F_IMP_GSL,?,155.784884,110.1562904,48.00017991,13.70702839,8.647868945,6.673763086
Temoa,nz,QC,Activity|fuel|F_IMP_HFO,?,166.3651218,166.9351223,149.9744056,136.8500128,121.8400055,111.7900018
Temoa,nz,QC,Activity|fuel|F_IMP_JTF,?,110.6667091,116.344267,115.8555622,115.2957074,121.1972259,129.777489
Temoa,nz,QC,Activity|fuel|F_IMP_LNG,?,9.977939478,11.92392963,20.15165475,20.8202988,22.10146682,23.50538408
Temoa,nz,QC,Activity|fuel|F_IMP_LPG,?,0.966080461,0.681939343,0.397798265,0.045463353,,
Temoa,nz,QC,Activity|fuel|F_IMP_NG,?,156.8110527,128.1030729,104.3780671,88.21339432,74.52755101,59.12672546
Temoa,nz,QC,Activity|fuel|F_IMP_OIL,?,6.299162408,4.619552371,2.933715599,1.171820343,,
Temoa,nz,QC,Activity|fuel|F_IMP_RDSL,?,3.423321852,2.977229371,2.21997579,1.431625004,1.520311273,1.627914454
Temoa,nz,QC,Activity|fuel|F_IMP_WOOD,?,1.755257735,1.17024393,0.585238507,,,
Temoa,nz,QC,Activity|industrial|E_I_ELC,?,336.0999963,363.93,378.92,380.1399884,378.4699927,378.6599588
Temoa,nz,QC,Activity|industrial|F_I_BIO,?,99.26,107.52,120.28,128.35,139.82,149.87
Temoa,nz,QC,Activity|industrial|F_I_HFO,?,157.96,158.53,149.97,136.85,121.84,111.79
Temoa,nz,QC,Activity|industrial|F_I_NG,?,123.87,101.06,83.97,74.63,63,51
Temoa,nz,QC,Activity|industrial|I_IND,?,717.19,731.04,733.14,719.97,703.13,691.32
Temoa,nz,QC,Activity|residential,?,570.1337133,534.109199,505.3502999,486.8598922,479.3410115,489.2966189
Temoa,nz,QC,Activity|residential|E_R_ELC,?,244.303474,216.6755237,191.3232335,176.0641509,165.3282745,168.4875572
Temoa,nz,QC,Activity|residential|F_R_LPG,?,0.966080461,0.681939343,0.397798265,0.045463353,,
Temoa,nz,QC,Activity|residential|F_R_NG,?,17.35707746,11.6219864,5.886580476,0.677503389,0.004556922,0.00455125
Temoa,nz,QC,Activity|residential|F_R_OIL,?,6.299162408,4.619552371,2.933715599,1.171820343,,
Temoa,nz,QC,Activity|residential|F_R_WOOD,?,1.755257735,1.17024393,0.585238507,,,
Temoa,nz,QC,Activity|residential|R_APP_CL_WASH-EXS,?,0.132146876,0.052858749,,,,
Temoa,nz,QC,Activity|residential|R_APP_CL_WASH-TYP-NEW,?,0.049158874,0.128377423,0.184197416,0.186091811,0.189156797,0.193136494
Temoa,nz,QC,Activity|residential|R_APP_COOK_ELEC-EXS,?,0.139038162,0.085561936,0.023459869,,,
Temoa,nz,QC,Activity|residential|R_APP_COOK_ELEC-TYP-NEW,?,0.051050473,0.106020218,0.172682452,0.198441398,0.201825195,0.206068675
Temoa,nz,QC,Activity|residential|R_APP_COOK_NG-EXS,?,0.002158452,0.000438737,,,,
Temoa,nz,QC,Activity|residential|R_APP_DRY_ELEC-EXS,?,0.093721193,0.046860587,,,,
Temoa,nz,QC,Activity|residential|R_APP_DRY_ELEC-TYP-NEW,?,0.071405119,0.11819469,0.167027945,0.169353751,0.17294465,0.176403376
Temoa,nz,QC,Activity|residential|R_APP_DS_WASH-EXS,?,0.081261772,0.044324596,0.001978064,,,
Temoa,nz,QC,Activity|residential|R_APP_DS_WASH-TYP-NEW,?,0.044718521,0.080555812,0.122970244,0.129148319,0.132107718,0.134514298
Temoa,nz,QC,Activity|residential|R_APP_FREZ-EXS,?,0.084008262,0.059299942,0.03459162,0.002724761,,
Temoa,nz,QC,Activity|residential|R_APP_FREZ-TYP-NEW,?,0.029431806,0.054098681,0.080659568,0.113070774,0.118957563,0.121532553
Temoa,nz,QC,Activity|residential|R_APP_OTH,?,3.700459442,3.699107452,3.759538838,3.817371024,3.880442221,3.96443941
Temoa,nz,QC,Activity|residential|R_APP_REFR-EXS,?,0.144330629,0.01649492,,,,
Temoa,nz,QC,Activity|residential|R_APP_REFR-TYP-NEW,?,0.113861786,0.241603163,0.262314566,0.266349695,0.270750366,0.276611108
Temoa,nz,QC,Activity|residential|R_LGT_CFL-EXS,?,7.006271673,4.504065756,1.711551452,,,
Temoa,nz,QC,Activity|residential|R_LGT_LED-EXS,?,9.837442708,9.837471148,9.345615205,9.746151131,7.869963534,5.410593219
Temoa,nz,QC,Activity|residential|R_LGT_LED-TYP-NEW,?,26.05591151,29.23562662,34.05743438,36.74771761,40.16033973,43.97147269
Temoa,nz,QC,Activity|residential|R_LGT_T12-EXS,?,3.194293745,2.499915339,1.715227454,1.05552859,0.30547237,
Temoa,nz,QC,Activity|residential|R_SPC_CENT_AC-EXS,?,16.77878488,11.8437921,6.908825805,0.789618307,,
Temoa,nz,QC,Activity|residential|R_SPC_ROOM_AC-EXS,?,3.765323986,,,,,
Temoa,nz,QC,Activity|residential|R_SPHC_AIR_HP-TYP-NEW,?,44.26504899,95.21212109,146.8294428,194.1747744,217.7210968,222.4337491
Temoa,nz,QC,Activity|residential|R_SPHC_GEO_HP-TYP-NEW,?,,,,,2.12726E-05,2.03823E-05
Temoa,nz,QC,Activity|residential|R_SPH_ELEC-EXS,?,88.53428948,65.23579514,41.93729822,16.77492322,,
Temoa,nz,QC,Activity|residential|R_SPH_ELEC_RAD-NEW,?,,,,,0.000223312,0.000223357
Temoa,nz,QC,Activity|residential|R_SPH_HP-EXS,?,17.76993766,9.69269237,0.646175737,,,
Temoa,nz,QC,Activity|residential|R_SPH_NG-ELC-EXS,?,1.424837867,1.005785672,0.586709891,0.06705607,,
Temoa,nz,QC,Activity|residential|R_SPH_NG-EXS,?,12.7017209,8.965921072,5.230121316,0.597729864,,
Temoa,nz,QC,Activity|residential|R_SPH_OIL-ELC-EXS,?,4.444453827,3.274873739,2.105276374,0.842114554,,
Temoa,nz,QC,Activity|residential|R_SPH_OIL-EXS,?,2.437673134,1.796180118,1.154687555,0.46187469,,
Temoa,nz,QC,Activity|residential|R_SPH_OTH-EXS,?,0.48304023,0.340969671,0.198899133,0.022731677,,
Temoa,nz,QC,Activity|residential|R_SPH_WOOD-ELC-EXS,?,11.75886468,7.839246246,3.919625237,,,
Temoa,nz,QC,Activity|residential|R_SPH_WOOD-EXS,?,0.877602859,0.585068705,0.292534598,,,
Temoa,nz,QC,Activity|residential|R_SPH_WOOD-OIL-EXS,?,2.386312352,1.758335417,1.130358482,0.452144266,,
Temoa,nz,QC,Activity|residential|R_WAH_ELC-EXS,?,22.36715841,12.20026686,0.813355293,,,
Temoa,nz,QC,Activity|residential|R_WAH_ELEC-TYP-NEW,?,,10.98124641,27.2605429,42.27949158,42.97667119,43.90629776
Temoa,nz,QC,Activity|residential|R_WAH_HP-TYP-NEW,?,16.95836535,16.95984371,13.57003593,0.006546667,0.008207337,0.009447936
Temoa,nz,QC,Activity|residential|R_WAH_NG-EXS,?,1.610253993,0.805127591,,,,
Temoa,nz,QC,Activity|residential|R_WAH_OIL-EXS,?,0.058321578,0.031811615,0.000595221,,,
Temoa,nz,QC,Activity|transportation,?,1368.873932,1351.668143,1240.100836,1177.232555,1225.796078,1295.923819
Temoa,nz,QC,Activity|transportation|E_T_ELC,?,62.03117166,77.49895257,102.6197897,140.011495,148.290396,156.654901
Temoa,nz,QC,Activity|transportation|F_T_CNG,?,0.265303766,0.10973721,,,,
Temoa,nz,QC,Activity|transportation|F_T_DSL,?,82.15972445,71.45350491,53.27941896,34.3590001,36.48747055,39.06994689
Temoa,nz,QC,Activity|transportation|F_T_ETH,?,18.70284072,18.56931599,7.627232819,1.60068225,0.705269134,0.342171016
Temoa,nz,QC,Activity|transportation|F_T_GSL,?,151.322984,105.2261239,43.22098597,9.07053275,3.996525093,1.938969088
Temoa,nz,QC,Activity|transportation|F_T_HFO,?,8.405121809,8.405122275,0.003507479,,,
Temoa,nz,QC,Activity|transportation|F_T_JTF,?,110.6667091,116.344267,115.8555622,115.2957074,121.1972259,129.777489
Temoa,nz,QC,Activity|transportation|F_T_LNG,?,9.977939478,11.92392963,20.15165475,20.8202988,22.10146682,23.50538408
Temoa,nz,QC,Activity|transportation|F_T_NG,?,1.610508734,1.610553595,1.610462773,1.582183265,1.610261569,
Temoa,nz,QC,Activity|transportation|F_T_RDSL,?,3.423321852,2.977229371,2.21997579,1.431625004,1.520311273,1.627914454
Temoa,nz,QC,Activity|transportation|T_BLND_ETH_GSL,?,170.0258247,123.7954399,50.84821879,10.671215,4.701794227,2.281140104
Temoa,nz,QC,Activity|transportation|T_BLND_GSL_ELC_PHEV35,?,70.84366687,76.40742,63.63279736,13.78991825,2.54507377,0.510638457
Temoa,nz,QC,Activity|transportation|T_BLND_GSL_ELC_PHEV50,?,,1.257291567,3.900068779,3.892965524,6.16012916,3.900208965
Temoa,nz,QC,Activity|transportation|T_BLND_JTF,?,110.6667061,116.3442593,115.8555488,115.295686,121.197194,129.7774603
Temoa,nz,QC,Activity|transportation|T_BLND_RDSL_DSL,?,85.5830463,74.43073428,55.49939475,35.7906251,38.00778182,40.69786134
Temoa,nz,QC,Activity|transportation|T_ELC_AC_DC,?,0.031085387,0.163136873,0.075556877,0.047137727,0.103658678,1.547503095
Temoa,nz,QC,Activity|transportation|T_H2_COMP_100_700,?,1.2051979,1.310420188,1.241309123,1.198300382,1.264888914,1.264907285
Temoa,nz,QC,Activity|transportation|T_H2_COMP_10_100,?,1.2051979,1.310420188,1.241294385,1.19828226,1.26487288,1.264887128
Temoa,nz,QC,Activity|transportation|T_H2_HDV_REFUEL,?,1.199156643,1.303844361,1.235159568,1.192379906,1.258636014,1.262739112
Temoa,nz,QC,Activity|transportation|T_H2_distribution,?,1.2051979,1.310420188,1.241404689,1.198424777,1.265006586,1.269157033
Temoa,nz,QC,Activity|transportation|T_HDV_AJF_JFL_EX,?,0.832289351,0.740454961,0.53375301,0.213565001,,
Temoa,nz,QC,Activity|transportation|T_HDV_AJF_JFL_N,?,0.096743105,0.29366019,0.580151832,0.980584978,1.273213893,1.363355219
Temoa,nz,QC,Activity|transportation|T_HDV_AJP_JFL_EX,?,62.87757436,57.05074793,41.09114062,14.46454128,,
Temoa,nz,QC,Activity|transportation|T_HDV_AJP_JFL_N,?,6.270014134,19.91828402,41.81683956,74.41637273,94.7660594,101.4751041
Temoa,nz,QC,Activity|transportation|T_HDV_BIC_DSL_EX,?,0.164837428,0.073412551,,,,
Temoa,nz,QC,Activity|transportation|T_HDV_BIC_FCEV_N,?,0.862966053,1.081359885,1.257014414,1.347578636,1.436801383,1.538490138
Temoa,nz,QC,Activity|transportation|T_HDV_BIC_GSL_EX,?,0.020625044,0.011976618,,,,
Temoa,nz,QC,Activity|transportation|T_HDV_BS_BEV_N,?,,1.031022688,4.444443952,8.344135214,9.07295369,9.797004165
Temoa,nz,QC,Activity|transportation|T_HDV_BS_CNG_EX,?,0.336100121,0.139910449,,,,
Temoa,nz,QC,Activity|transportation|T_HDV_BS_DSL_EX,?,1.471306939,0.585755954,,,,
Temoa,nz,QC,Activity|transportation|T_HDV_BS_FCHEV_N,?,4.738164235,5.61495625,3.566552458,0.244043549,0.083887794,0.007523722
Temoa,nz,QC,Activity|transportation|T_HDV_BS_GSL_EX,?,0.135766556,0.065502567,,,,
Temoa,nz,QC,Activity|transportation|T_HDV_BT_BEV_EX,?,0.641581275,0.308545438,,,,
Temoa,nz,QC,Activity|transportation|T_HDV_BT_BEV_N,?,3.904391845,5.205194185,6.265956139,6.717372803,7.162153227,7.669203936
Temoa,nz,QC,Activity|transportation|T_HDV_BT_CNG_EX,?,0.044860816,0.016542168,,,,
Temoa,nz,QC,Activity|transportation|T_HDV_BT_DSL_EX,?,0.62803496,0.282514168,,,,
Temoa,nz,QC,Activity|transportation|T_HDV_BT_GSL_EX,?,0.006592137,0.003202341,,,,
Temoa,nz,QC,Activity|transportation|T_HDV_CHRG,?,21.82832859,24.98199204,29.8126469,36.32179162,37.08985067,38.09876695
Temoa,nz,QC,Activity|transportation|T_HDV_RF_DSL_EX,?,0.000851638,,,,,
Temoa,nz,QC,Activity|transportation|T_HDV_RF_H2_N,?,,,1.909442174,5.406968554,5.429169033,5.431395837
Temoa,nz,QC,Activity|transportation|T_HDV_RF_LNG_N,?,40.62470152,45.22281545,46.80283956,46.81451275,50.25018036,54.18855366
Temoa,nz,QC,Activity|transportation|T_HDV_RICP_DSL_EX,?,0.060692803,0.018674641,0.018670817,0.018641708,,
Temoa,nz,QC,Activity|transportation|T_HDV_RICP_DSL_N,?,0.080749523,0.08074932,0.080748506,0.080728542,,
Temoa,nz,QC,Activity|transportation|T_HDV_RICP_H2_N,?,,0.060344223,0.072516945,0.084970205,0.196095483,0.210483208
Temoa,nz,QC,Activity|transportation|T_HDV_T_BEV_N,?,32.53954934,45.88775431,61.35522232,79.06578465,84.30107298,90.26920782
Temoa,nz,QC,Activity|transportation|T_HDV_T_DSL_EX,?,28.97213241,22.58162394,12.39723801,,,
Temoa,nz,QC,Activity|transportation|T_HDV_WTF_HFO_EX,?,53.23751324,53.23750274,0.027868674,,,
Temoa,nz,QC,Activity|transportation|T_HDV_WTF_LNG_N,?,6.374118154,13.11692487,71.44646861,76.62353087,81.69713174,87.48098295
Temoa,nz,QC,Activity|transportation|T_I_H2_ELC_ALK,?,0.022148586,0.1122313,0.046286613,0.020480279,0.05458697,0.070345471
Temoa,nz,QC,Activity|transportation|T_I_H2_ELC_PEM,?,,0.014692836,0.009619337,0.010651884,0.024000693,1.19461532
Temoa,nz,QC,Activity|transportation|T_I_H2_SMR_CCS,?,1.181322703,1.181346174,1.181274143,1.16052498,1.18111432,
Temoa,nz,QC,Activity|transportation|T_LDV_BEV_CHRG,?,0.344781925,7.474640636,27.15594606,71.07512318,80.36161774,87.01875032
Temoa,nz,QC,Activity|transportation|T_LDV_C_BEV150_EX,?,0.427926458,0.35400453,,,,
Temoa,nz,QC,Activity|transportation|T_LDV_C_BEV150_N,?,,1.5760314,4.800964446,9.691393249,10.45275985,11.27335966
Temoa,nz,QC,Activity|transportation|T_LDV_C_BEV200_N,?,,3.152063245,9.601931094,19.38278848,20.90552112,22.54672138
Temoa,nz,QC,Activity|transportation|T_LDV_C_BEV300_N,?,,4.728094934,14.40289669,29.07418342,31.35828378,33.82008244
Temoa,nz,QC,Activity|transportation|T_LDV_C_BEV400_N,?,,6.30412694,19.20386309,38.76557575,41.81104597,45.09344556
Temoa,nz,QC,Activity|transportation|T_LDV_C_DSL_EX,?,0.383576566,0.034513521,,,,
Temoa,nz,QC,Activity|transportation|T_LDV_C_GSL_EX,?,27.82702631,14.99864306,,,,
Temoa,nz,QC,Activity|transportation|T_LDV_C_GSL_HEV_EX,?,0.76962259,0.453257606,,,,
Temoa,nz,QC,Activity|transportation|T_LDV_C_GSL_PHEV35_EX,?,0.265666459,0.216533106,,,,
Temoa,nz,QC,Activity|transportation|T_LDV_C_GSL_PHEV35_N,?,47.17909281,53.72873462,44.13709769,1.871367761,0.798661024,0.049315849
Temoa,nz,QC,Activity|transportation|T_LDV_LTF_BEV150_N,?,,,,0.50988943,0.529182483,0.764678747
Temoa,nz,QC,Activity|transportation|T_LDV_LTF_BEV200_N,?,,,,1.019780201,1.058366693,1.529360548
Temoa,nz,QC,Activity|transportation|T_LDV_LTF_BEV300_N,?,,,,1.529670857,1.587550696,2.294041797
Temoa,nz,QC,Activity|transportation|T_LDV_LTF_BEV400_N,?,,,,2.039561505,2.116734747,3.058722793
Temoa,nz,QC,Activity|transportation|T_LDV_LTF_DSL_EX,?,0.173826505,0.142511958,0.026348422,,,
Temoa,nz,QC,Activity|transportation|T_LDV_LTF_GSL_EX,?,2.066195474,1.509826097,0.270175962,,,
Temoa,nz,QC,Activity|transportation|T_LDV_LTF_GSL_PHEV35_EX,?,0.000523214,0.000573954,,,,
Temoa,nz,QC,Activity|transportation|T_LDV_LTF_GSL_PHEV35_N,?,4.936400159,5.620083184,5.832737388,1.557371257,0.322162592,0.115268949
Temoa,nz,QC,Activity|transportation|T_LDV_LTF_GSL_PHEV50_N,?,,0.715984799,2.4778819,2.571625118,4.224915919,2.773383802
Temoa,nz,QC,Activity|transportation|T_LDV_LTP_BEV150_N,?,,,1.389229766,5.447940676,7.459599983,8.257986546
Temoa,nz,QC,Activity|transportation|T_LDV_LTP_BEV200_N,?,,,2.778461806,10.89588515,14.91920706,16.51598334
Temoa,nz,QC,Activity|transportation|T_LDV_LTP_BEV300_EX,?,0.031438826,0.033457718,0.006313002,,,
Temoa,nz,QC,Activity|transportation|T_LDV_LTP_BEV300_N,?,,,4.167692374,16.34383009,22.37881337,24.77397921
Temoa,nz,QC,Activity|transportation|T_LDV_LTP_BEV400_N,?,,,5.556925716,21.79177515,29.83842005,33.03197379
Temoa,nz,QC,Activity|transportation|T_LDV_LTP_DSL_EX,?,0.716360233,0.456955138,0.072719935,,,
Temoa,nz,QC,Activity|transportation|T_LDV_LTP_GSL_EX,?,17.14330465,11.4294723,1.965130632,,,
Temoa,nz,QC,Activity|transportation|T_LDV_LTP_GSL_HEV_EX,?,0.126873867,0.122032388,0.02236454,,,
Temoa,nz,QC,Activity|transportation|T_LDV_LTP_GSL_PHEV35_EX,?,0.027034497,0.029271035,0.00518964,,,
Temoa,nz,QC,Activity|transportation|T_LDV_LTP_GSL_PHEV35_N,?,38.64218172,51.0270252,52.00246155,18.38481061,3.093094702,0.609405373
Temoa,nz,QC,Activity|transportation|T_LDV_M_BEV_N,?,0.284459331,0.806663816,1.203388776,1.421411012,1.515494342,1.622810051
Temoa,nz,QC,Activity|transportation|T_LDV_M_GSL_EX,?,0.821638251,0.424504674,0.122666002,,,
Temoa,nz,QC,Activity|transportation|T_LDV_PHEV_CHRG,?,26.06317004,28.7370094,25.35293674,7.011734036,4.003473835,2.129778691
Temoa,nz,QC,Activity|transportation|T_MDV_CHRG,?,7.440943888,8.276140646,9.843512943,11.43878031,11.78533377,12.20841761
Temoa,nz,QC,Activity|transportation|T_MDV_T_BEV_N,?,4.331772998,5.719972772,7.456660129,8.978099682,9.572578543,10.25027781
Temoa,nz,QC,Activity|transportation|T_MDV_T_DSL_EX,?,1.620798623,1.263506015,0.56920662,,,
Temoa,nz,QC,Activity|transportation|T_MDV_T_GSL_EX,?,1.03221803,0.79137361,0.348892928,,,
Temoa,nz,QC,Activity|transportation|T_OFF,?,27.73243621,30.86931719,33.25120208,35.64671785,38.00702555,40.69776423
Temoa,nz,QC,Capacity|commercial,?,1311.036361,1070.407286,783.193759,628.9879967,605.019512,642.0240811
Temoa,nz,QC,Capacity|commercial|C_SPC_AC_ROOF-NEW,?,0.000854783,0.001815263,0.002717703,0.003686996,0.004028506,0.00418195
Temoa,nz,QC,Capacity|commercial|C_SPC_ELC-EXS,?,337.6228234,217.0432436,86.81729744,,,
Temoa,nz,QC,Capacity|commercial|C_SPHC_HP_AIR-NEW,?,471.8601102,521.3804388,558.4567242,580.3093319,604.9482099,641.9475544
Temoa,nz,QC,Capacity|commercial|C_SPHC_HP_GEO-NEW,?,0.000396173,0.000853221,0.001288896,0.001468302,0.001591304,0.001695606
Temoa,nz,QC,Capacity|commercial|C_SPH_ELC-EXS,?,244.953838,142.8897388,16.33025587,,,
Temoa,nz,QC,Capacity|commercial|C_SPH_ELC_BLR-NEW,?,0.004042364,0.008586628,0.013798528,0.015734307,0.017622003,0.019333443
Temoa,nz,QC,Capacity|commercial|C_SPH_ELC_RES-NEW,?,0.004014508,0.008580721,0.013808097,0.01736656,0.018684116,0.019826315
Temoa,nz,QC,Capacity|commercial|C_SPH_NG-EXS,?,256.5849469,189.0625925,121.540238,48.6160952,,
Temoa,nz,QC,Capacity|commercial|C_SPH_NG_FRN-NEW,?,0.005334648,0.011436581,0.017630268,0.024313395,0.02937615,0.031489413
Temoa,nz,QC,Capacity|electricity,?,89.23882367,92.13160935,93.7258183,93.25885923,91.99531163,92.6369562
Temoa,nz,QC,Capacity|electricity|E_BAT_2H-NEW,?,0.000144199,0.000279786,0.000446251,0.000508603,0.000614034,0.000729636
Temoa,nz,QC,Capacity|electricity|E_BAT_4H-NEW,?,8.12264E-05,0.000171693,0.000283473,0.000342071,0.000416476,0.00050067
Temoa,nz,QC,Capacity|electricity|E_BIO_G-EXS,?,0.0244,0.0244,0.0244,0.0244,0.0145,0.0048
Temoa,nz,QC,Capacity|electricity|E_BIO_M-EXS,?,0.41825,0.41825,0.41825,0.41825,0.32925,0.29925
Temoa,nz,QC,Capacity|electricity|E_BIO_M-NEW,?,2.51929E-05,5.25174E-05,8.21609E-05,0.000114212,0.000145054,0.000183435
Temoa,nz,QC,Capacity|electricity|E_HYD_DLY-EXS,?,11.0465,11.0465,11.0465,11.0465,11.0465,11.0465
Temoa,nz,QC,Capacity|electricity|E_HYD_MLY-EXS,?,24.637,24.637,24.637,24.637,24.637,24.637
Temoa,nz,QC,Capacity|electricity|E_HYD_MLY-EXS-IN,?,24.637,24.637,24.637,24.637,24.637,24.637
Temoa,nz,QC,Capacity|electricity|E_HYD_ROR-EXS,?,4.77322,4.77322,4.77322,4.77322,4.77322,4.77322
Temoa,nz,QC,Capacity|electricity|E_INT_IN-USA,?,0.366,0.366,0.366,0.366,0.366,0.366
Temoa,nz,QC,Capacity|electricity|E_NG_CC-EXS,?,0.411,0.411,0.411,,,
Temoa,nz,QC,Capacity|electricity|E_NG_CC-NEW,?,0.000490166,0.001023289,0.001722781,0.002552765,0.00275351,0.003707628
Temoa,nz,QC,Capacity|electricity|E_NG_CCS-NEW,?,7.40507E-05,0.00016254,0.000274643,0.000403146,0.000498559,0.000679086
Temoa,nz,QC,Capacity|electricity|E_NG_CCS_RFIT_90,?,3.42503E-05,7.1656E-05,0.000113411,0.00015908,0.000210592,0.000267073
Temoa,nz,QC,Capacity|electricity|E_NG_CCS_RFIT_95,?,3.52025E-05,7.32907E-05,0.000115608,0.00016177,0.000213995,0.000271023
Temoa,nz,QC,Capacity|electricity|E_NG_CG-EXS,?,0.5591,0.5591,0.5591,0.5545,0.5545,
Temoa,nz,QC,Capacity|electricity|E_NG_CT-NEW,?,2.889252264,3.027900884,3.040283566,3.170431947,3.170521244,3.172742531
Temoa,nz,QC,Capacity|electricity|E_SOL_PV-NEW-1,?,0.000144508,0.000377926,0.000814536,0.00138858,0.002137043,0.003292659
Temoa,nz,QC,Capacity|electricity|E_SOL_PV-NEW-2,?,0.000140465,0.000370972,0.000806865,0.001382061,0.002138788,0.003324269
Temoa,nz,QC,Capacity|electricity|E_SOL_PV-NEW-3,?,0.000141949,0.000372727,0.00080462,0.001373071,0.002117503,0.003296333
Temoa,nz,QC,Capacity|electricity|E_SOL_PV-NEW-4,?,0.00014678,0.000383438,0.000826119,0.001407865,0.002166003,0.00334478
Temoa,nz,QC,Capacity|electricity|E_SOL_PV-NEW-5,?,0.000144859,0.000378751,0.000815143,0.001388411,0.002135978,0.003289033
Temoa,nz,QC,Capacity|electricity|E_WND_ON-EXS,?,4.1277,4.0277,3.7097,2.7725,0.3947,0.16
Temoa,nz,QC,Capacity|electricity|E_WND_ON-NEW-1,?,1.626181598,1.629443646,1.630787079,1.631807378,1.632807615,1.633819108
Temoa,nz,QC,Capacity|electricity|E_WND_ON-NEW-10,?,0.012481085,0.076626722,0.483483635,0.983777926,1.549909916,1.902186037
Temoa,nz,QC,Capacity|electricity|E_WND_ON-NEW-11,?,0.002223448,0.004946262,0.008048249,0.011597314,0.015487175,0.02008134
Temoa,nz,QC,Capacity|electricity|E_WND_ON-NEW-12,?,0.001482572,0.003133267,0.005010558,0.007154215,0.009494436,0.012224733
Temoa,nz,QC,Capacity|electricity|E_WND_ON-NEW-13,?,0.015668306,2.11526978,3.466050347,3.526082572,3.54913667,3.557710365
Temoa,nz,QC,Capacity|electricity|E_WND_ON-NEW-2,?,1.5802553,1.588160326,1.591174535,1.592795175,1.593846804,1.594860033
Temoa,nz,QC,Capacity|electricity|E_WND_ON-NEW-3,?,4.202363216,4.21599443,4.221165249,4.22383032,4.225256864,4.22634918
Temoa,nz,QC,Capacity|electricity|E_WND_ON-NEW-4,?,0.976074786,0.984466276,0.987497435,0.98910697,0.99019986,0.991211147
Temoa,nz,QC,Capacity|electricity|E_WND_ON-NEW-5,?,0.868605935,1.440616783,1.469571832,1.478994042,1.483168351,1.484949338
Temoa,nz,QC,Capacity|electricity|E_WND_ON-NEW-6,?,0.002845247,0.006006196,0.010004848,0.015147895,0.021720243,0.030754745
Temoa,nz,QC,Capacity|electricity|E_WND_ON-NEW-7,?,0.004536566,0.010111445,0.017669516,0.028120696,0.042448932,0.063272843
Temoa,nz,QC,Capacity|electricity|E_WND_ON-NEW-8,?,6.043852699,6.085249588,6.093128545,6.096731645,6.09864439,6.099572262
Temoa,nz,QC,Capacity|electricity|E_WND_ON-NEW-9,?,0.011227798,0.039795163,0.1126673,0.262729496,0.844451595,1.900566917
Temoa,nz,QC,Capacity|residential,?,721.4717845,720.0839636,768.1570656,743.9637996,753.766419,770.0815534
Temoa,nz,QC,Capacity|residential|R_APP_CL_WASH-EXS,?,2.64293775,1.0571751,,,,
Temoa,nz,QC,Capacity|residential|R_APP_CL_WASH-TYP-NEW,?,0.983177569,2.567615242,3.684007572,3.740677903,3.802481948,3.884791608
Temoa,nz,QC,Capacity|residential|R_APP_COOK_ELEC-EXS,?,2.780763471,1.711239059,0.470590741,,,
Temoa,nz,QC,Capacity|residential|R_APP_COOK_ELEC-TYP-NEW,?,1.021009676,2.120404686,3.455486242,3.98647862,4.052380714,4.140125896
Temoa,nz,QC,Capacity|residential|R_APP_COOK_NG-EXS,?,0.066155882,0.033077941,,,,
Temoa,nz,QC,Capacity|residential|R_APP_COOK_NG-TYP-NEW,?,0.000121939,0.000266232,0.0003698,0.000372702,0.000345122,0.000326771
Temoa,nz,QC,Capacity|residential|R_APP_DRY_ELEC-EXS,?,1.874424118,0.937212059,,,,
Temoa,nz,QC,Capacity|residential|R_APP_DRY_ELEC-TYP-NEW,?,1.428102627,2.363896238,3.354898298,3.4064939,3.462829469,3.53782781
Temoa,nz,QC,Capacity|residential|R_APP_DRY_NG-TYP-NEW,?,0.000159405,0.000371405,0.000516411,0.000536513,0.000492633,0.000462511
Temoa,nz,QC,Capacity|residential|R_APP_DS_WASH-EXS,?,1.625235765,0.886492235,0.059099482,,,
Temoa,nz,QC,Capacity|residential|R_APP_DS_WASH-TYP-NEW,?,0.894370571,1.632193579,2.500733678,2.599210155,2.642154735,2.699347634
Temoa,nz,QC,Capacity|residential|R_APP_FREZ-EXS,?,1.680165636,1.185999273,0.691832909,0.079066618,,
Temoa,nz,QC,Capacity|residential|R_APP_FREZ-TYP-NEW,?,0.588636363,1.081973896,1.613191671,2.261415828,2.379151645,2.430651596
Temoa,nz,QC,Capacity|residential|R_APP_REFR-EXS,?,2.88661275,0.3298986,,,,
Temoa,nz,QC,Capacity|residential|R_APP_REFR-TYP-NEW,?,2.277235819,4.832063397,5.246291442,5.326994067,5.415007493,5.532222362
Temoa,nz,QC,Capacity|residential|R_LGT_CFL-EXS,?,105.0423699,67.52723778,27.01089511,,,
Temoa,nz,QC,Capacity|residential|R_LGT_LED-EXS,?,147.4883366,147.4883366,147.4883366,147.4883366,117.9906693,81.11858511
Temoa,nz,QC,Capacity|residential|R_LGT_LED-TYP-NEW,?,390.6439471,438.315253,537.4787296,550.9535295,602.1050094,659.2434232
Temoa,nz,QC,Capacity|residential|R_LGT_T12-EXS,?,47.89111622,37.480004,27.06889178,16.65777955,4.580889377,
Temoa,nz,QC,Capacity|residential|R_SPC_CENT_AC-EXS,?,0.888763864,0.627362727,0.365961591,0.041824182,,
Temoa,nz,QC,Capacity|residential|R_SPC_ROOM_AC-EXS,?,0.51400375,,,,,
Temoa,nz,QC,Capacity|residential|R_SPC_ROOM_AC-TYP-NEW,?,1.06005E-05,1.16041E-05,1.34691E-05,1.56523E-05,1.89242E-05,2.75856E-05
Temoa,nz,QC,Capacity|residential|R_SPHC_AIR_HP-TYP-NEW,?,0.494874276,1.118109875,1.799069294,2.399890761,2.727651548,2.786686568
Temoa,nz,QC,Capacity|residential|R_SPH_ELEC-EXS,?,2.163043773,1.593821727,1.024599682,0.409839873,,
Temoa,nz,QC,Capacity|residential|R_SPH_ELEC_RAD-NEW,?,,1.23806E-05,2.40116E-05,3.73445E-05,5.34373E-05,5.83349E-05
Temoa,nz,QC,Capacity|residential|R_SPH_HP-EXS,?,0.262076294,0.142950706,0.009530047,,,
Temoa,nz,QC,Capacity|residential|R_SPH_NG-ELC-EXS,?,0.018354591,0.012956182,0.007557773,0.000863745,,
Temoa,nz,QC,Capacity|residential|R_SPH_NG-EXS,?,0.148685864,0.104954727,0.061223591,0.006996982,,
Temoa,nz,QC,Capacity|residential|R_SPH_OIL-ELC-EXS,?,0.155787045,0.114790455,0.073793864,0.029517545,,
Temoa,nz,QC,Capacity|residential|R_SPH_OIL-EXS,?,0.115393909,0.085027091,0.054660273,0.021864109,,
Temoa,nz,QC,Capacity|residential|R_SPH_OTH-EXS,?,0.030686545,0.021661091,0.012635636,0.001444073,,
Temoa,nz,QC,Capacity|residential|R_SPH_WOOD-ELC-EXS,?,0.284609318,0.189739545,0.094869773,,,
Temoa,nz,QC,Capacity|residential|R_SPH_WOOD-EXS,?,0.045514773,0.030343182,0.015171591,,,
Temoa,nz,QC,Capacity|residential|R_SPH_WOOD-OIL-EXS,?,0.096155545,0.070851455,0.045547364,0.018218945,,
Temoa,nz,QC,Capacity|residential|R_WAH_ELC-EXS,?,2.523359882,1.376378118,0.091758541,,,
Temoa,nz,QC,Capacity|residential|R_WAH_ELEC-TYP-NEW,?,8.82022E-05,1.176911699,2.921640015,4.531290967,4.606010985,4.705643533
Temoa,nz,QC,Capacity|residential|R_WAH_HP-TYP-NEW,?,1.817507389,1.817812901,1.454674701,0.001069609,0.00122526,0.001323992
Temoa,nz,QC,Capacity|residential|R_WAH_NG-EXS,?,0.085853529,0.042926765,,,,
Temoa,nz,QC,Capacity|residential|R_WAH_OIL-EXS,?,0.012136235,0.006619765,0.000441318,,,
Temoa,nz,QC,Capacity|residential|R_WAH_SOLAR-TYP-NEW,?,,1.12736E-05,2.17247E-05,3.3903E-05,4.70464E-05,4.88895E-05
Temoa,nz,QC,Capacity|transportation,?,6796.912716,6879.564023,7421.976287,7992.023489,8506.697548,9083.885619
Temoa,nz,QC,Capacity|transportation|T_ELC_AC_DC,?,0.001143773,0.005203463,0.005642547,0.006144748,0.006871045,0.050098063
Temoa,nz,QC,Capacity|transportation|T_H2_COMP_100_700,?,0.038216827,0.041553616,0.041553616,0.037998601,0.040110893,0.040245652
Temoa,nz,QC,Capacity|transportation|T_H2_COMP_10_100,?,0.038216924,0.041553635,0.041553635,0.037998111,0.040110615,0.040246013
Temoa,nz,QC,Capacity|transportation|T_H2_HDV_REFUEL,?,1.199157348,1.303845969,1.235161669,1.192382241,1.258638633,1.262740684
Temoa,nz,QC,Capacity|transportation|T_H2_LDV_REFUEL,?,,,1.33416E-05,2.72402E-05,2.82678E-05,5.41682E-05
Temoa,nz,QC,Capacity|transportation|T_H2_MDV_REFUEL,?,1.36163E-05,1.36163E-05,1.79705E-05,2.99567E-05,2.28469E-05,1.08607E-05
Temoa,nz,QC,Capacity|transportation|T_HDV_AJF_JFL_EX,?,0.832289771,0.740455301,0.533753259,0.213565141,,
Temoa,nz,QC,Capacity|transportation|T_HDV_AJF_JFL_N,?,0.096743172,0.293660333,0.580152065,0.980585362,1.273214453,1.363355791
Temoa,nz,QC,Capacity|transportation|T_HDV_AJP_JFL_EX,?,62.87757753,57.05074947,41.09114148,14.46454173,,
Temoa,nz,QC,Capacity|transportation|T_HDV_AJP_JFL_N,?,6.270014372,19.91828448,41.8168403,74.41637395,94.76606111,101.4751056
Temoa,nz,QC,Capacity|transportation|T_HDV_BIC_BEV_N,?,,1.59425E-05,2.79321E-05,2.76658E-05,4.03915E-05,8.07549E-05
Temoa,nz,QC,Capacity|transportation|T_HDV_BIC_DSL_EX,?,0.245636304,0.096190706,,,,
Temoa,nz,QC,Capacity|transportation|T_HDV_BIC_DSL_HEV_N,?,1.15736E-05,1.15736E-05,,,,
Temoa,nz,QC,Capacity|transportation|T_HDV_BIC_FCEV_N,?,1.28594647,1.416833146,1.646989222,1.765650687,1.882559099,2.015798625
Temoa,nz,QC,Capacity|transportation|T_HDV_BIC_GSL_EX,?,0.030738925,0.016003775,,,,
Temoa,nz,QC,Capacity|transportation|T_HDV_BIC_GSL_N,?,1.32164E-05,2.43583E-05,1.11419E-05,1.05741E-05,2.0723E-05,2.09333E-05
Temoa,nz,QC,Capacity|transportation|T_HDV_BS_BEV_N,?,0.00015931,1.866526533,8.046025079,15.10583689,16.42526577,17.73605231
Temoa,nz,QC,Capacity|transportation|T_HDV_BS_CNG_EX,?,0.696566106,0.2665982,,,,
Temoa,nz,QC,Capacity|transportation|T_HDV_BS_CNG_N,?,1.09875E-05,1.09875E-05,,,,
Temoa,nz,QC,Capacity|transportation|T_HDV_BS_DSL_EX,?,3.049222269,1.116231289,,,,
Temoa,nz,QC,Capacity|transportation|T_HDV_BS_DSL_HEV_N,?,1.24237E-05,2.26196E-05,2.05928E-05,1.03969E-05,1.02614E-05,2.1184E-05
Temoa,nz,QC,Capacity|transportation|T_HDV_BS_DSL_N,?,1.20778E-05,1.20778E-05,,,,
Temoa,nz,QC,Capacity|transportation|T_HDV_BS_DSL_PHEV_N,?,2.04399E-05,4.12054E-05,5.31743E-05,4.98096E-05,4.98248E-05,5.73506E-05
Temoa,nz,QC,Capacity|transportation|T_HDV_BS_FCEV_N,?,0.000129162,0.00015103,0.000135582,7.35038E-05,7.42931E-05,7.05629E-05
Temoa,nz,QC,Capacity|transportation|T_HDV_BS_FCHEV_N,?,9.81950499,10.16504794,6.456733101,0.441837595,0.151890322,0.014704305
Temoa,nz,QC,Capacity|transportation|T_HDV_BS_GSL_EX,?,0.28141323,0.12481686,,,,
Temoa,nz,QC,Capacity|transportation|T_HDV_BS_GSL_N,?,1.16579E-05,1.16579E-05,,,,
Temoa,nz,QC,Capacity|transportation|T_HDV_BT_BEV_EX,?,1.021886526,0.425753883,,,,
Temoa,nz,QC,Capacity|transportation|T_HDV_BT_BEV_N,?,6.218474416,7.182507507,8.646231257,9.269133303,9.882877764,10.58254753
Temoa,nz,QC,Capacity|transportation|T_HDV_BT_CNG_EX,?,0.07145811,0.024025053,,,,
Temoa,nz,QC,Capacity|transportation|T_HDV_BT_DSL_EX,?,1.052909646,0.410350286,,,,
Temoa,nz,QC,Capacity|transportation|T_HDV_BT_FCHEV_N,?,1.03142E-05,1.03142E-05,,,,
Temoa,nz,QC,Capacity|transportation|T_HDV_BT_GSL_EX,?,0.011906209,0.006276167,,,,
Temoa,nz,QC,Capacity|transportation|T_HDV_CHRG,?,21.82833068,24.98199528,29.81265056,36.32179509,37.08985364,38.09876966
Temoa,nz,QC,Capacity|transportation|T_HDV_RF_DSL_EX,?,17.49025376,17.49025376,12.98749544,6.564984833,3.888198363,
Temoa,nz,QC,Capacity|transportation|T_HDV_RF_DSL_N,?,1.01418E-05,2.42236E-05,3.86196E-05,5.25452E-05,5.25452E-05,5.25452E-05
Temoa,nz,QC,Capacity|transportation|T_HDV_RF_H2_N,?,,0.000692405,1.910136859,5.407667575,5.429871731,5.433458559
Temoa,nz,QC,Capacity|transportation|T_HDV_RF_LNG_N,?,40.62470401,45.2228205,46.80285276,46.81497322,50.25132086,54.18886167
Temoa,nz,QC,Capacity|transportation|T_HDV_RICP_DSL_EX,?,0.062855262,0.062855262,0.045618642,0.020837067,0.018675428,
Temoa,nz,QC,Capacity|transportation|T_HDV_RICP_DSL_N,?,0.080749615,0.080749615,0.080749615,0.080749615,0.080749615,0.080749615
Temoa,nz,QC,Capacity|transportation|T_HDV_RICP_H2_N,?,,0.06034443,0.072756823,0.085210402,0.196336118,0.210724192
Temoa,nz,QC,Capacity|transportation|T_HDV_T_BEV_N,?,48.31080074,63.20093979,84.50419747,108.8968579,116.1073939,127.7097747
Temoa,nz,QC,Capacity|transportation|T_HDV_T_DSL_EX,?,43.01433132,32.73846246,17.97330833,,,
Temoa,nz,QC,Capacity|transportation|T_HDV_T_FCHEV_N,?,7.39337E-05,0.000110011,0.000148026,0.000175524,0.000141113,0.000132297
Temoa,nz,QC,Capacity|transportation|T_HDV_WTF_HFO_EX,?,53.23752069,53.23752069,37.59156785,18.58759893,14.90192231,
Temoa,nz,QC,Capacity|transportation|T_HDV_WTF_HFO_N,?,1.3738E-05,3.25867E-05,5.12044E-05,7.44199E-05,7.44199E-05,7.44199E-05
Temoa,nz,QC,Capacity|transportation|T_HDV_WTF_LNG_N,?,6.374120337,13.11693034,71.44647939,76.62355198,81.697172,87.48106394
Temoa,nz,QC,Capacity|transportation|T_HDV_WTF_MDO_EX,?,24.59985649,24.59985649,20.64140568,18.11899292,7.557835776,
Temoa,nz,QC,Capacity|transportation|T_HDV_WTF_MDO_N,?,,,1.19044E-05,1.19044E-05,1.19044E-05,1.19044E-05
Temoa,nz,QC,Capacity|transportation|T_I_H2_ELC_ALK,?,0.000739366,0.003569109,0.00373958,0.00394969,0.00354444,0.002439213
Temoa,nz,QC,Capacity|transportation|T_I_H2_ELC_PEM,?,9.12874E-05,0.000544008,0.000694357,0.000905028,0.001186045,0.038484467
Temoa,nz,QC,Capacity|transportation|T_I_H2_SMR_CCS,?,0.039431297,0.039431297,0.039431297,0.039431297,0.039431297,
Temoa,nz,QC,Capacity|transportation|T_LDV_BEV_CHRG,?,0.789967232,16.95385353,61.59025031,161.1980578,182.2598308,197.3583412
Temoa,nz,QC,Capacity|transportation|T_LDV_C_BEV150_EX,?,17.45338003,12.94957382,,,,
Temoa,nz,QC,Capacity|transportation|T_LDV_C_BEV150_N,?,0.000128221,57.65158739,175.6203727,354.5133002,382.3642657,412.3819916
Temoa,nz,QC,Capacity|transportation|T_LDV_C_BEV200_N,?,0.000256442,115.3031748,351.2407453,709.0266003,764.7285314,824.7639833
Temoa,nz,QC,Capacity|transportation|T_LDV_C_BEV300_N,?,0.00038464,172.9547621,526.861118,1063.5399,1147.092797,1237.145975
Temoa,nz,QC,Capacity|transportation|T_LDV_C_BEV400_N,?,0.000512847,230.6063495,702.4814906,1418.053201,1529.457063,1649.527967
Temoa,nz,QC,Capacity|transportation|T_LDV_C_CNG_N,?,7.40806E-05,0.000127388,0.000151643,0.00013372,0.000138938,0.000155528
Temoa,nz,QC,Capacity|transportation|T_LDV_C_DSL_EX,?,15.64336264,1.328661195,,,,
Temoa,nz,QC,Capacity|transportation|T_LDV_C_DSL_N,?,5.07017E-05,8.95031E-05,0.000113484,0.000105908,0.000106346,0.00011525
Temoa,nz,QC,Capacity|transportation|T_LDV_C_FCEV400_N,?,3.51918E-05,0.000117888,0.000206052,0.000206037,0.000185351,0.000272406
Temoa,nz,QC,Capacity|transportation|T_LDV_C_GSL_EX,?,1194.583526,577.5300407,,,,
Temoa,nz,QC,Capacity|transportation|T_LDV_C_GSL_HEV_EX,?,31.38715877,16.58033843,,,,
Temoa,nz,QC,Capacity|transportation|T_LDV_C_GSL_HEV_N,?,0.000182122,0.000288122,0.000335748,0.000260998,0.000249207,0.000270165
Temoa,nz,QC,Capacity|transportation|T_LDV_C_GSL_N,?,3.67609E-05,7.87403E-05,0.000106092,0.00010746,0.000110224,0.000124185
Temoa,nz,QC,Capacity|transportation|T_LDV_C_GSL_PHEV35_EX,?,10.83460626,7.920841589,,,,
Temoa,nz,QC,Capacity|transportation|T_LDV_C_GSL_PHEV35_N,?,1924.078764,1965.408653,1614.54455,68.45509994,29.21526613,1.804083049
Temoa,nz,QC,Capacity|transportation|T_LDV_C_GSL_PHEV50_N,?,0.001052236,0.00141097,0.001322691,0.000525025,0.000524661,0.000668662
Temoa,nz,QC,Capacity|transportation|T_LDV_LTF_BEV150_N,?,2.35033E-05,9.61908E-05,0.000731375,43.03332574,44.66163208,64.53692118
Temoa,nz,QC,Capacity|transportation|T_LDV_LTF_BEV200_N,?,4.70048E-05,0.000192371,0.00146274,86.06665147,89.32326414,129.0738424
Temoa,nz,QC,Capacity|transportation|T_LDV_LTF_BEV300_N,?,7.04824E-05,0.000288528,0.002194077,129.0999913,133.9848962,193.6107635
Temoa,nz,QC,Capacity|transportation|T_LDV_LTF_BEV400_N,?,9.39911E-05,0.000384716,0.002925444,172.1333217,178.6465283,258.1476847
Temoa,nz,QC,Capacity|transportation|T_LDV_LTF_CNG_N,?,6.95721E-05,0.000124971,0.000186046,0.000192236,0.000184689,0.000182569
Temoa,nz,QC,Capacity|transportation|T_LDV_LTF_DSL_EX,?,16.94101205,12.66061665,2.340737482,,,
Temoa,nz,QC,Capacity|transportation|T_LDV_LTF_DSL_N,?,2.59962E-05,5.327E-05,8.31921E-05,8.75627E-05,8.77644E-05,8.87812E-05
Temoa,nz,QC,Capacity|transportation|T_LDV_LTF_FCEV400_N,?,2.79751E-05,8.3405E-05,0.000188907,0.000314234,0.000369485,0.001199967
Temoa,nz,QC,Capacity|transportation|T_LDV_LTF_GSL_EX,?,201.3659932,134.1316598,24.00217094,,,
Temoa,nz,QC,Capacity|transportation|T_LDV_LTF_GSL_HEV_EX,?,0.01675876,0.004570451,0.000304675,,,
Temoa,nz,QC,Capacity|transportation|T_LDV_LTF_GSL_HEV_N,?,7.53903E-05,0.000144613,0.000227692,0.000256244,0.000258341,0.000261191
Temoa,nz,QC,Capacity|transportation|T_LDV_LTF_GSL_N,?,2.99728E-05,6.73764E-05,0.000102162,0.000107877,0.000103074,0.000106923
Temoa,nz,QC,Capacity|transportation|T_LDV_LTF_GSL_PHEV35_EX,?,0.228373985,0.228373985,0.045674797,,,
Temoa,nz,QC,Capacity|transportation|T_LDV_LTF_GSL_PHEV35_N,?,457.0260594,474.3192062,492.2666432,131.4378215,27.18971588,9.728495313
Temoa,nz,QC,Capacity|transportation|T_LDV_LTF_GSL_PHEV50_N,?,0.001416201,60.42712317,209.1262979,217.0379876,356.5710946,234.0658938
Temoa,nz,QC,Capacity|transportation|T_LDV_LTP_BEV150_N,?,3.95228E-05,0.000172204,45.57756072,178.734749,244.732816,270.9261515
Temoa,nz,QC,Capacity|transportation|T_LDV_LTP_BEV200_N,?,7.90558E-05,0.000344413,91.15512143,357.4695139,489.4656321,541.8523031
Temoa,nz,QC,Capacity|transportation|T_LDV_LTP_BEV300_EX,?,1.13384696,1.119194674,0.223106321,,,
Temoa,nz,QC,Capacity|transportation|T_LDV_LTP_BEV300_N,?,0.000118568,0.000516602,136.7326821,536.2042708,734.1984481,812.7784546
Temoa,nz,QC,Capacity|transportation|T_LDV_LTP_BEV400_N,?,0.000158088,0.000688798,182.3102428,714.9390277,978.9312641,1083.704606
Temoa,nz,QC,Capacity|transportation|T_LDV_LTP_CNG_N,?,7.38135E-05,0.000139473,0.00020564,0.000213719,0.000203846,0.000200437
Temoa,nz,QC,Capacity|transportation|T_LDV_LTP_DSL_EX,?,25.82041134,14.99313339,2.511207928,,,
Temoa,nz,QC,Capacity|transportation|T_LDV_LTP_DSL_N,?,2.81884E-05,6.00257E-05,9.32983E-05,9.99244E-05,0.000100917,0.000102871
Temoa,nz,QC,Capacity|transportation|T_LDV_LTP_FCEV400_N,?,2.30549E-05,7.74362E-05,0.000259863,0.000394462,0.00040496,0.000437535
Temoa,nz,QC,Capacity|transportation|T_LDV_LTP_GSL_EX,?,650.42578,394.7106859,67.86464548,,,
Temoa,nz,QC,Capacity|transportation|T_LDV_LTP_GSL_HEV_EX,?,4.573107039,4.003662063,0.772260164,,,
Temoa,nz,QC,Capacity|transportation|T_LDV_LTP_GSL_HEV_N,?,8.37471E-05,0.000171021,0.000267419,0.000298915,0.000303843,0.000300828
Temoa,nz,QC,Capacity|transportation|T_LDV_LTP_GSL_N,?,3.44465E-05,7.53479E-05,0.000115636,0.00012216,0.00012138,0.000125037
Temoa,nz,QC,Capacity|transportation|T_LDV_LTP_GSL_PHEV35_EX,?,0.974517239,0.960363246,0.19136495,,,
Temoa,nz,QC,Capacity|transportation|T_LDV_LTP_GSL_PHEV35_N,?,1392.791224,1674.081476,1706.083367,603.1642032,101.4775678,19.99335283
Temoa,nz,QC,Capacity|transportation|T_LDV_LTP_GSL_PHEV50_N,?,0.000771752,0.015304206,0.016996492,0.016816813,0.009133258,0.005502089
Temoa,nz,QC,Capacity|transportation|T_LDV_M_BEV_N,?,48.36959772,148.2516449,221.1808833,261.2821412,278.5826289,298.3050479
Temoa,nz,QC,Capacity|transportation|T_LDV_M_GSL_EX,?,139.7127682,78.0135212,22.54287536,,,
Temoa,nz,QC,Capacity|transportation|T_LDV_M_GSL_N,?,0.000104774,0.000203625,0.000339542,0.000442576,0.000494749,0.000585974
Temoa,nz,QC,Capacity|transportation|T_LDV_PHEV_CHRG,?,26.06407686,28.73701207,28.68512671,7.011746736,4.334365084,4.334352748
Temoa,nz,QC,Capacity|transportation|T_MDV_CHRG,?,7.440944482,8.276142131,9.843516413,11.43878252,11.78533746,12.2084205
Temoa,nz,QC,Capacity|transportation|T_MDV_T_BEV_N,?,169.3011642,211.9401594,276.2890374,332.6624158,354.6894399,379.8000014
Temoa,nz,QC,Capacity|transportation|T_MDV_T_DSL_EX,?,66.68063321,49.2802705,22.20064328,,,
Temoa,nz,QC,Capacity|transportation|T_MDV_T_DSL_HEV_N,?,2.1403E-05,3.41224E-05,4.6423E-05,4.95514E-05,3.44408E-05,3.50614E-05
Temoa,nz,QC,Capacity|transportation|T_MDV_T_DSL_N,?,1.63111E-05,2.66012E-05,2.66012E-05,1.02901E-05,,1.05756E-05
Temoa,nz,QC,Capacity|transportation|T_MDV_T_DSL_PHEV_N,?,1.91068E-05,4.12591E-05,6.14294E-05,7.44479E-05,7.0653E-05,7.47796E-05
Temoa,nz,QC,Capacity|transportation|T_MDV_T_FCEV_N,?,6.1242E-05,9.23083E-05,0.000116317,0.000130823,9.50873E-05,9.58239E-05
Temoa,nz,QC,Capacity|transportation|T_MDV_T_FCHEV_N,?,9.51022E-05,0.000127752,0.000188022,0.000274125,0.000221843,0.000222179
Temoa,nz,QC,Capacity|transportation|T_MDV_T_GSL_EX,?,42.46602933,30.86578753,13.60779317,,,
Temoa,nz,QC,Capacity|transportation|T_MDV_T_GSL_N,?,2.1153E-05,3.53E-05,5.19535E-05,5.6913E-05,4.24694E-05,4.09017E-05
Temoa,nz,QC,Emissions|ch4,?,13098.09689,9314.965011,4255.856693,1342.534083,944.9925967,790.1045558
Temoa,nz,QC,Emissions|ch4|F_A_DSL,?,65.794086,72.69902843,70.47282481,68.36863058,68.5875787,69.81811413
Temoa,nz,QC,Emissions|ch4|F_A_NG,?,1.401037605,1.54806891,1.500649748,1.455820907,1.460197175,1.453415864
Temoa,nz,QC,Emissions|ch4|F_C_NG,?,11.90074074,11.59024628,10.74410377,9.428817418,8.01974373,6.590171445
Temoa,nz,QC,Emissions|ch4|F_E_BIO_M,?,0.083927449,0.116946332,0.154071474,0.194616085,0.248595773,0.299186911
Temoa,nz,QC,Emissions|ch4|F_E_NG,?,7.406960255,7.431327343,7.448375519,4.608568554,4.664800036,0.163511163
Temoa,nz,QC,Emissions|ch4|F_I_HFO,?,105.8332,106.2151,100.4799,91.6895,81.6328,74.8993
Temoa,nz,QC,Emissions|ch4|F_I_NG,?,122.8737266,100.247185,83.29463811,74.02975875,62.49329762,50.58981236
Temoa,nz,QC,Emissions|ch4|F_R_LPG,?,1.030807851,0.727629279,0.424450749,0.048509398,,
Temoa,nz,QC,Emissions|ch4|F_R_NG,?,17.21747631,11.52851198,5.839235328,0.672054301,0.005344816,0.005338163
Temoa,nz,QC,Emissions|ch4|F_R_OIL,?,21.88329021,16.04832494,10.19172799,4.070903872,,
Temoa,nz,QC,Emissions|ch4|F_R_WOOD,?,530.0878358,353.4136667,176.7420291,0.062981369,0.068898809,0.07412499
Temoa,nz,QC,Emissions|ch4|F_T_CNG,?,0.263169956,0.108854605,4.08668E-05,4.0078E-05,3.79371E-05,3.73319E-05
Temoa,nz,QC,Emissions|ch4|F_T_DSL,?,285.4228827,248.2294761,185.0927015,119.3631663,126.7574727,135.7289955
Temoa,nz,QC,Emissions|ch4|F_T_GSL,?,11673.05499,8117.1432,3334.066858,699.7008963,308.2919457,149.5720755
Temoa,nz,QC,Emissions|ch4|F_T_HFO,?,5.631431612,5.631431924,0.002951744,,,
Temoa,nz,QC,Emissions|ch4|F_T_JTF,?,236.7160909,248.860387,247.8150476,246.6175181,259.2408663,277.5940489
Temoa,nz,QC,Emissions|ch4|F_T_LNG,?,9.897687959,11.82802672,19.98957711,20.65284333,21.92370704,23.31633274
Temoa,nz,QC,Emissions|ch4|F_T_NG,?,1.597555582,1.597600082,1.59750999,1.569457931,1.597310404,9.08312E-05
Temoa,nz,QC,Emissions|co2,?,60827.93094,55534.77735,46154.36197,39382.99298,38085.38055,37797.04577
Temoa,nz,QC,Emissions|co2e,?,53270.34172,48702.56374,40690.21729,34879.55417,33775.38001,33524.80091
Temoa,nz,QC,Emissions|co2e|E_NG_CCS-NEW,?,-0.026350612,-0.05315071,-0.068554622,-0.090408926,-0.154179194,-0.167441624
Temoa,nz,QC,Emissions|co2e|E_NG_CCS_RFIT_90,?,-0.04264733,-0.068003057,-0.087227004,-0.092084267,-0.149344641,-0.168363334
Temoa,nz,QC,Emissions|co2e|E_NG_CCS_RFIT_95,?,-0.054438706,-0.084929554,-0.106063633,-0.108182841,-0.180186993,-0.199883807
Temoa,nz,QC,Emissions|co2e|F_A_DSL,?,1370.755427,1514.613149,1468.232374,1424.393545,1428.955115,1454.592117
Temoa,nz,QC,Emissions|co2e|F_A_NG,?,73.67151769,81.40294425,78.90947684,76.55221763,76.78233733,76.42575198
Temoa,nz,QC,Emissions|co2e|F_C_NG,?,625.7830829,609.456185,564.9630158,495.8006027,421.7065193,346.5345472
Temoa,nz,QC,Emissions|co2e|F_E_BIO_G,?,0.060581015,0.014879345,0.016244384,0.016961362,0.02038659,0.020533489
Temoa,nz,QC,Emissions|co2e|F_E_BIO_M,?,0.031578953,0.0440028,0.057971688,0.073227202,0.093537864,0.112573533
Temoa,nz,QC,Emissions|co2e|F_E_NG,?,29.65953979,29.75711243,29.82537809,18.45399701,18.67916359,0.654744412
Temoa,nz,QC,Emissions|co2e|F_I_BIO,?,4903.444,5311.488,5941.832,6340.49,6907.108,7403.578
Temoa,nz,QC,Emissions|co2e|F_I_HFO,?,11649.05827,11691.094,11059.82064,10092.26149,8985.320712,8244.164498
Temoa,nz,QC,Emissions|co2e|F_I_NG,?,6459.322363,5269.872592,4378.697819,3891.654379,3285.196649,2659.444906
Temoa,nz,QC,Emissions|co2e|F_R_LPG,?,58.79060133,41.49925982,24.20792074,2.766661777,,
Temoa,nz,QC,Emissions|co2e|F_R_NG,?,905.3558629,606.209977,307.0476674,35.33899454,0.28104933,0.280699512
Temoa,nz,QC,Emissions|co2e|F_R_OIL,?,455.9169469,334.3511528,212.3346839,84.81330032,,
Temoa,nz,QC,Emissions|co2e|F_R_WOOD,?,199.4534469,132.9771582,66.50182202,0.023697679,0.025924204,0.027890632
Temoa,nz,QC,Emissions|co2e|F_T_CNG,?,13.83452452,5.722354195,0.002148318,0.002106851,0.001994309,0.001962494
Temoa,nz,QC,Emissions|co2e|F_T_DSL,?,5946.506583,5171.618335,3856.225392,2486.814819,2640.867959,2827.780862
Temoa,nz,QC,Emissions|co2e|F_T_ETH,?,1213.814363,1205.148608,495.0074099,103.884278,45.7719668,22.20689891
Temoa,nz,QC,Emissions|co2e|F_T_GSL,?,10282.40236,7150.119014,2936.867596,616.343036,271.564028,131.7530213
Temoa,nz,QC,Emissions|co2e|F_T_HFO,?,619.8515683,619.8516027,0.324898389,0.000946773,0.000403471,0.000131396
Temoa,nz,QC,Emissions|co2e|F_T_JTF,?,7690.101466,8084.628384,8050.668858,8011.765194,8421.854884,9018.087425
Temoa,nz,QC,Emissions|co2e|F_T_LNG,?,520.309418,621.7849789,1050.827757,1085.694855,1152.502615,1225.711254
Temoa,nz,QC,Emissions|co2e|F_T_MDO,?,0.000174999,0.000208975,0.000266338,0.000112961,5.63453E-05,
Temoa,nz,QC,Emissions|co2e|F_T_NG,?,83.98155392,83.98389324,83.97915722,82.50449459,83.96866523,0.004774887
Temoa,nz,QC,Emissions|co2e|F_T_RDSL,?,239.6325296,208.406056,155.3983053,100.2137503,106.4217891,113.9540118
Temoa,nz,QC,Emissions|co2e|T_I_H2_SMR_CCS,?,-71.2726018,-71.27401788,-71.26967208,-70.01781526,-71.26002947,
Temoa,nz,QC,Emissions|co2|E_NG_CCS-NEW,?,-0.026350612,-0.05315071,-0.068554622,-0.090408926,-0.154179194,-0.167441624
Temoa,nz,QC,Emissions|co2|E_NG_CCS_RFIT_90,?,-0.04264733,-0.068003057,-0.087227004,-0.092084267,-0.149344641,-0.168363334
Temoa,nz,QC,Emissions|co2|E_NG_CCS_RFIT_95,?,-0.054438706,-0.084929554,-0.106063633,-0.108182841,-0.180186993,-0.199883807
Temoa,nz,QC,Emissions|co2|F_A_DSL,?,1314.93477,1452.934238,1408.442207,1366.388607,1370.764418,1395.357416
Temoa,nz,QC,Emissions|co2|F_A_NG,?,73.27048014,80.95981999,78.47992599,76.13549873,76.36436576,76.00972151
Temoa,nz,QC,Emissions|co2|F_C_NG,?,622.3765763,606.1385553,561.8875887,493.1016674,419.4109219,344.6481551
Temoa,nz,QC,Emissions|co2|F_E_BIO_G,?,0.060581015,0.014879345,0.016244384,0.016961362,0.02038659,0.020533489
Temoa,nz,QC,Emissions|co2|F_E_BIO_M,?,0.026042521,0.036288214,0.047808072,0.060388984,0.077138774,0.092837104
Temoa,nz,QC,Emissions|co2|F_E_NG,?,29.24993489,29.34616002,29.41348292,18.19914317,18.42120014,0.645702245
Temoa,nz,QC,Emissions|co2|F_IMP_CNG,?,0.941828371,0.389567095,0.000146253,0.00014343,0.000135769,0.000133603
Temoa,nz,QC,Emissions|co2|F_IMP_DSL,?,1850.958301,1691.334224,1346.862978,989.3705566,1029.49338,1083.259531
Temoa,nz,QC,Emissions|co2|F_IMP_GSL,?,2336.77326,1652.344356,720.0026987,205.6054258,129.7180342,100.1064463
Temoa,nz,QC,Emissions|co2|F_IMP_HFO,?,2062.92751,2069.995516,1859.682629,1696.940159,1510.816068,1386.196022
Temoa,nz,QC,Emissions|co2|F_IMP_JTF,?,1660.000637,1745.164004,1737.833433,1729.435611,1817.958389,1946.662334
Temoa,nz,QC,Emissions|co2|F_IMP_LPG,?,11.59296553,8.183272115,4.773579183,0.545560241,,
Temoa,nz,QC,Emissions|co2|F_IMP_MDO,?,2.96518E-05,3.54086E-05,4.51282E-05,1.914E-05,,
Temoa,nz,QC,Emissions|co2|F_IMP_NG,?,556.6792372,454.7659088,370.5421383,313.1575498,264.5728061,209.8998754
Temoa,nz,QC,Emissions|co2|F_IMP_OIL,?,94.48743612,69.29328556,44.00573398,17.57730515,,
Temoa,nz,QC,Emissions|co2|F_IMP_SPK,?,4.55885E-05,0.000114335,0.00020089,0.000320292,0.000478922,0.000429324
Temoa,nz,QC,Emissions|co2|F_I_BIO,?,4903.444,5311.488,5941.832,6340.49,6907.108,7403.578
Temoa,nz,QC,Emissions|co2|F_I_HFO,?,11611.6396,11653.5403,11024.2947,10059.8435,8956.4584,8217.6829
Temoa,nz,QC,Emissions|co2|F_I_NG,?,6425.963807,5242.656836,4356.08445,3871.5563,3268.230563,2645.710456
Temoa,nz,QC,Emissions|co2|F_R_LPG,?,57.63636028,40.6845012,23.7326445,2.712343663,,
Temoa,nz,QC,Emissions|co2|F_R_NG,?,900.4274767,602.9100184,305.3762258,35.14662354,0.279519412,0.279171499
Temoa,nz,QC,Emissions|co2|F_R_OIL,?,437.350846,320.7355211,203.687874,81.35948642,,
Temoa,nz,QC,Emissions|co2|F_R_WOOD,?,164.4852023,109.6635586,54.84270048,0.019542994,0.021379164,0.023000837
Temoa,nz,QC,Emissions|co2|F_T_CNG,?,13.76307743,5.69280164,0.002137223,0.002095971,0.001984009,0.001952359
Temoa,nz,QC,Emissions|co2|F_T_DSL,?,5704.349668,4961.016846,3699.190059,2385.545377,2533.32508,2712.626413
Temoa,nz,QC,Emissions|co2|F_T_ETH,?,1213.814363,1205.148608,495.0074099,103.884278,45.7719668,22.20689891
Temoa,nz,QC,Emissions|co2|F_T_GSL,?,9896.523154,6881.788505,2826.652483,593.2128419,261.3727411,126.8085784
Temoa,nz,QC,Emissions|co2|F_T_HFO,?,617.8605042,617.8605385,0.323854762,0.000943732,0.000402175,0.000130974
Temoa,nz,QC,Emissions|co2|F_T_JTF,?,7497.669544,7882.324086,7849.21434,7811.284175,8211.112057,8792.424876
Temoa,nz,QC,Emissions|co2|F_T_LNG,?,517.6223295,618.5738295,1045.400856,1080.087887,1146.550624,1219.381185
Temoa,nz,QC,Emissions|co2|F_T_MDO,?,0.00017245,0.000205931,0.000262458,0.000111315,5.55245E-05,
Temoa,nz,QC,Emissions|co2|F_T_NG,?,83.54783916,83.55016641,83.54545484,82.07840797,83.53501704,0.004750228
Temoa,nz,QC,Emissions|co2|F_T_RDSL,?,239.6325296,208.406056,155.3983053,100.2137503,106.4217891,113.9540118
Temoa,nz,QC,Emissions|co2|T_I_H2_SMR_CCS,?,-71.95573618,-71.95716583,-71.95277837,-70.68892274,-71.94304334,
Temoa,nz,QC,Emissions|n2o,?,2378.542814,2189.576936,1830.446164,1505.244599,1521.670145,1581.527417
Temoa,nz,QC,Emissions|n2o|F_A_DSL,?,197.72316,218.4737642,211.7836186,205.4601333,206.1181122,209.8160943
Temoa,nz,QC,Emissions|n2o|F_A_NG,?,1.325305843,1.46438951,1.419533546,1.377127885,1.381267598,1.374852845
Temoa,nz,QC,Emissions|n2o|F_C_NG,?,11.25745746,10.96374648,10.1633414,8.919151612,7.586244069,6.233945961
Temoa,nz,QC,Emissions|n2o|F_E_BIO_M,?,0.011672029,0.016264059,0.021427159,0.027065813,0.034572922,0.041608776
Temoa,nz,QC,Emissions|n2o|F_E_NG,?,0.740696025,0.743132734,0.744837552,0.460856855,0.466480004,0.016351116
Temoa,nz,QC,Emissions|n2o|F_I_HFO,?,126.21004,126.66547,119.82603,109.34315,97.35016,89.32021
Temoa,nz,QC,Emissions|n2o|F_I_NG,?,109.5900805,89.40965151,74.28981236,66.02654158,55.73726544,45.12064345
Temoa,nz,QC,Emissions|n2o|F_R_LPG,?,4.122265325,2.909835176,1.697405198,0.193992129,,
Temoa,nz,QC,Emissions|n2o|F_R_NG,?,16.28680191,10.90534917,5.523600985,0.635727041,0.005055907,0.005049614
Temoa,nz,QC,Emissions|n2o|F_R_OIL,?,65.76325554,48.22812675,30.62799085,12.23380438,,
Temoa,nz,QC,Emissions|n2o|F_R_WOOD,?,73.72082485,49.15024504,24.58001729,0.008758998,0.009581954,0.010308773
Temoa,nz,QC,Emissions|n2o|F_T_CNG,?,0.23471915,0.09708654,3.64488E-05,3.57452E-05,3.38358E-05,3.3296E-05
Temoa,nz,QC,Emissions|n2o|F_T_DSL,?,857.7475232,745.9745913,556.237134,358.707961,380.9291925,407.8902455
Temoa,nz,QC,Emissions|n2o|F_T_GSL,?,216.2405442,150.3681311,61.76278896,12.9617913,5.711034358,2.770786827
Temoa,nz,QC,Emissions|n2o|F_T_HFO,?,6.715692326,6.715692698,0.003520065,1.02577E-05,,
Temoa,nz,QC,Emissions|n2o|F_T_JTF,?,680.6002612,715.5172418,712.5117076,709.0686004,745.3629395,798.1315571
Temoa,nz,QC,Emissions|n2o|F_T_LNG,?,8.827667638,10.54932113,17.82854175,18.42010351,19.55357655,20.79564812
Temoa,nz,QC,Emissions|n2o|F_T_MDO,?,,1.08033E-05,1.37688E-05,,,
Temoa,nz,QC,Emissions|n2o|F_T_NG,?,1.42484687,1.424886559,1.424806207,1.399786803,1.424628198,8.10116E-05
Temoa,nz,QC-NB,Activity|electricity,?,3.92153113,3.138210313,3.756621921,6.092384996,5.265594754,5.633045806
Temoa,nz,QC-NB,Activity|electricity|E_INT,?,3.92153113,3.138210313,3.756621921,6.092384996,5.265594754,5.633045806
Temoa,nz,QC-NB,Capacity|electricity,?,1.2,1.2,1.2,1.2,1.2,1.2
Temoa,nz,QC-NB,Capacity|electricity|E_INT,?,1.2,1.2,1.2,1.2,1.2,1.2
Temoa,nz,QC-NLLAB,Capacity|electricity,?,5.2,5.2,5.2,5.2,5.2,5.2
Temoa,nz,QC-NLLAB,Capacity|electricity|E_INT,?,5.2,5.2,5.2,5.2,5.2,5.2
Temoa,nz,QC-ON,Activity|electricity,?,62.17602129,86.40820067,50.36348549,20.42573916,15.70582833,12.1556952
Temoa,nz,QC-ON,Activity|electricity|E_INT,?,62.17602129,86.40820067,50.36348549,20.42573916,15.70582833,12.1556952
Temoa,nz,QC-ON,Capacity|electricity,?,2.75,2.75,2.75,2.75,2.75,2.75
Temoa,nz,QC-ON,Capacity|electricity|E_INT,?,2.75,2.75,2.75,2.75,2.75,2.75
Temoa,nz,SK,Activity|agriculture|A_AGRI,?,68.8,76.02040657,73.69249516,71.49216735,71.72111858,73.00787321
Temoa,nz,SK,Activity|agriculture|E_A_ELC,?,4.678400719,5.169389748,5.011095438,4.861477657,4.877054563,4.96456721
Temoa,nz,SK,Activity|agriculture|F_A_DSL,?,48.91679995,54.05050907,52.39536406,50.83093099,50.99371531,51.90859785
Temoa,nz,SK,Activity|agriculture|F_A_GSL,?,12.4528,13.75969359,13.33834162,12.94008229,12.98152246,13.21442505
Temoa,nz,SK,Activity|agriculture|F_A_NG,?,2.751999331,3.040814161,2.947694039,2.859676417,2.868826244,2.920283097
Temoa,nz,SK,Activity|commercial,?,84.868031,93.7746275,100.4430743,104.3734504,108.8049453,115.4589156
Temoa,nz,SK,Activity|commercial|C_OTHER,?,19.86841849,21.95356463,23.51472306,24.43486198,25.47232002,27.03023095
Temoa,nz,SK,Activity|commercial|C_SPHC_HP_AIR-NEW,?,35.00926967,38.68330356,41.43410524,43.05543891,44.88348634,47.62795948
Temoa,nz,SK,Activity|commercial|E_C_ELC,?,26.49140234,29.73010608,32.33536747,34.11097686,36.09124862,38.86314421
Temoa,nz,SK,Activity|commercial|F_C_NG,?,3.498940492,3.407653222,3.158878496,2.772172634,2.35789036,1.937580929
Temoa,nz,SK,Activity|electricity,?,382.1404782,408.4724985,444.0148985,494.1305332,521.3185426,572.0009094
Temoa,nz,SK,Activity|electricity|E_BAT_1H-EXS,?,0.014372773,0.015814338,0.024321048,,,
Temoa,nz,SK,Activity|electricity|E_BAT_2H-NEW,?,0.048950781,0.065067928,0.107198037,0.056427626,0.037586068,0.053374053
Temoa,nz,SK,Activity|electricity|E_BAT_4H-NEW,?,0.000280197,0.001639416,0.004442035,0.012770908,0.048250847,1.4702357
Temoa,nz,SK,Activity|electricity|E_COAL-EXS,?,,,7.2006E-05,0.000209919,0.00029141,
Temoa,nz,SK,Activity|electricity|E_COAL_CCS-EXS,?,,0.107898079,0.102757807,0.05929985,0.046824878,
Temoa,nz,SK,Activity|electricity|E_ELC_DX_to_DEM,?,120.261675,128.6143953,137.75463,152.2493034,161.5360417,177.6375926
Temoa,nz,SK,Activity|electricity|E_ELC_TX_to_DX,?,108.829064,117.1817616,126.3220754,140.8167386,155.5681443,177.6375926
Temoa,nz,SK,Activity|electricity|E_HYD_DLY-EXS,?,13.19695281,13.19695002,13.196871,13.19686491,13.19681064,13.19681487
Temoa,nz,SK,Activity|electricity|E_INT_IN-USA,?,0.262718262,0.26267171,0.26258357,0.26251557,0.262414057,0.262272712
Temoa,nz,SK,Activity|electricity|E_INT_OUT-USA,?,0.3837276,0.3837276,0.3837276,0.3837276,0.3837276,0.3837276
Temoa,nz,SK,Activity|electricity|E_NG_CC-EXS,?,1.745515809,2.053867072,1.579292801,1.348779927,0.842409988,0.756443234
Temoa,nz,SK,Activity|electricity|E_NG_CC-NEW,?,0.004688585,0.103598261,0.662738183,0.595197006,0.436971439,0.374427572
Temoa,nz,SK,Activity|electricity|E_NG_CCS-NEW,?,2.648302551,0.549785498,0.788608399,4.237191356,7.579776553,10.7684117
Temoa,nz,SK,Activity|electricity|E_NG_CCS_RFIT_90,?,0.000208612,,,,0.000103282,0.000326679
Temoa,nz,SK,Activity|electricity|E_NG_CCS_RFIT_95,?,0.001516791,0.000289599,0.000206713,0.000292051,0.000481029,0.001008881
Temoa,nz,SK,Activity|electricity|E_NG_CC_RFIT_BYPASS,?,1.746002387,2.154890765,2.240526858,1.94159654,1.275995929,1.126315942
Temoa,nz,SK,Activity|electricity|E_NG_CG-EXS,?,11.43241136,11.43241116,11.43241101,11.43241106,5.967832489,
Temoa,nz,SK,Activity|electricity|E_NG_CT-EXS,?,,0.012897877,0.014015447,0.020868405,0.008450488,
Temoa,nz,SK,Activity|electricity|E_NG_CT-NEW,?,,0.008934489,0.01415509,0.0248162,0.009535082,
Temoa,nz,SK,Activity|electricity|E_SOL_PV-EXS,?,0.222918126,0.222896756,0.222835424,0.222754674,0.222523089,0.044018757
Temoa,nz,SK,Activity|electricity|E_SOL_PV-NEW-1,?,0.087697852,0.377998846,16.97385514,23.52395031,25.26340084,25.43668853
Temoa,nz,SK,Activity|electricity|E_SOL_PV-NEW-2,?,0.200654198,1.705243023,2.978074371,7.539470525,9.604312303,9.852856154
Temoa,nz,SK,Activity|electricity|E_SOL_PV-NEW-3,?,0.504579321,2.057053169,2.373548852,3.470433401,12.23306012,19.96643564
Temoa,nz,SK,Activity|electricity|E_SOL_PV-NEW-4,?,0.004322323,0.009817969,0.016502461,0.024766877,0.035159109,0.049649862
Temoa,nz,SK,Activity|electricity|E_SOL_PV-NEW-5,?,0.010457494,0.02485012,0.046439014,0.094985244,0.178047897,8.977786111
Temoa,nz,SK,Activity|electricity|E_WND_ON-EXS,?,12.09827947,11.77606983,9.579922439,9.199088579,8.862218219,2.340339004
Temoa,nz,SK,Activity|electricity|E_WND_ON-NEW-1,?,11.35021439,11.38311917,11.39391651,11.40436095,11.41420175,11.42273644
Temoa,nz,SK,Activity|electricity|E_WND_ON-NEW-10,?,0.01072904,0.024274441,0.033876943,0.046445736,0.062154245,0.082056181
Temoa,nz,SK,Activity|electricity|E_WND_ON-NEW-11,?,0.005467012,0.013293862,0.019549503,0.028407351,0.039355714,0.052855789
Temoa,nz,SK,Activity|electricity|E_WND_ON-NEW-12,?,0.005729414,0.012745596,0.018359792,0.025411263,0.033838885,0.043847975
Temoa,nz,SK,Activity|electricity|E_WND_ON-NEW-13,?,0.01311309,0.035110133,0.048671522,0.067979654,0.093642288,0.126939672
Temoa,nz,SK,Activity|electricity|E_WND_ON-NEW-2,?,23.69820258,23.97301196,23.99931078,24.03918507,24.07557451,24.093014
Temoa,nz,SK,Activity|electricity|E_WND_ON-NEW-3,?,0.177698965,0.287256738,0.31050757,0.35057275,0.441639103,5.444849239
Temoa,nz,SK,Activity|electricity|E_WND_ON-NEW-4,?,40.49447171,50.68007645,50.71157786,50.78055371,50.93744275,56.18991009
Temoa,nz,SK,Activity|electricity|E_WND_ON-NEW-5,?,0.057323769,0.168342348,0.191138085,0.220258345,0.271287717,0.446618393
Temoa,nz,SK,Activity|electricity|E_WND_ON-NEW-6,?,0.014917264,0.032714886,0.044825312,0.062892497,0.088078759,0.125939056
Temoa,nz,SK,Activity|electricity|E_WND_ON-NEW-7,?,0.013669972,0.030525623,0.042112077,0.058599534,0.08188837,0.118068452
Temoa,nz,SK,Activity|electricity|E_WND_ON-NEW-8,?,0.014784628,0.03244667,0.043524452,0.056622587,0.073206979,0.095651399
Temoa,nz,SK,Activity|electricity|E_WND_ON-NEW-9,?,0.013036347,0.02740918,0.037127859,0.04903386,0.063339531,0.080923555
Temoa,nz,SK,Activity|electricity|F_E_COAL,?,0.00052973,0.349675154,0.334352108,0.196674667,0.158506786,
Temoa,nz,SK,Activity|electricity|F_E_NG,?,32.56529406,29.10196592,29.7042374,36.02907465,29.8840159,23.34066614
Temoa,nz,SK,Activity|electricity|F_E_U_ENR,?,,,,,,0.000514762
Temoa,nz,SK,Activity|fuel|F_IMP_BIO,?,12.58,15.55155924,22.62710959,26.93,31.48,37.1
Temoa,nz,SK,Activity|fuel|F_IMP_COAL,?,0.00052973,0.349675154,0.334352108,0.196674667,0.158506786,
Temoa,nz,SK,Activity|fuel|F_IMP_DSL,?,65.46133295,68.25001476,62.43582838,56.39223783,56.75567912,58.0784188
Temoa,nz,SK,Activity|fuel|F_IMP_ETH,?,2.163761554,2.676676664,1.989280799,0.810816157,0.699573776,0.620691052
Temoa,nz,SK,Activity|fuel|F_IMP_GSL,?,29.95959803,28.92752802,24.61093282,17.53470718,16.94577386,16.73167435
Temoa,nz,SK,Activity|fuel|F_IMP_H2,?,,,,11.41000073,23.92000243,35.52001986
Temoa,nz,SK,Activity|fuel|F_IMP_HFO,?,117.587865,116.854565,115.5678937,106.4000273,99.61000875,96.3500047
Temoa,nz,SK,Activity|fuel|F_IMP_JTF,?,3.058971143,3.390195003,3.629218703,3.866299339,4.11502787,4.40636163
Temoa,nz,SK,Activity|fuel|F_IMP_LNG,?,19.18756494,21.28172711,22.9326988,24.43165205,25.84624737,27.40469005
Temoa,nz,SK,Activity|fuel|F_IMP_NG,?,294.730642,265.7236548,240.1021568,212.6174976,192.051358,195.8113168
Temoa,nz,SK,Activity|fuel|F_IMP_RDSL,?,0.689355542,0.59164607,0.41835268,0.231721119,0.240081825,0.257075873
Temoa,nz,SK,Activity|fuel|F_IMP_U_ENR,?,,,,,,0.000514762
Temoa,nz,SK,Activity|industrial|E_I_ELC,?,48.27990589,49.06640423,51.09190301,52.09975833,56.72978525,66.80974375
Temoa,nz,SK,Activity|industrial|F_I_BIO,?,12.58,15.55155924,22.62710959,26.93,31.48,37.1
Temoa,nz,SK,Activity|industrial|F_I_H2,?,,,,11.41,23.92,35.52
Temoa,nz,SK,Activity|industrial|F_I_HFO,?,117.43,116.6967389,115.5512536,106.4,99.61000001,96.35
Temoa,nz,SK,Activity|industrial|F_I_NG,?,225.17,208.8452315,193.7194623,169.16,156.47,167.6
Temoa,nz,SK,Activity|industrial|I_IND,?,403.46,390.16,382.99,366,368.21,403.38
Temoa,nz,SK,Activity|residential,?,91.33408608,85.22271025,79.98604431,77.1817183,79.10786687,82.40269442
Temoa,nz,SK,Activity|residential|E_R_ELC,?,14.97703716,17.2733054,20.90137757,24.78331846,25.85157498,26.90112498
Temoa,nz,SK,Activity|residential|F_R_NG,?,30.31188959,20.87307668,10.1170834,1.364351417,0.015776667,0.01251908
Temoa,nz,SK,Activity|residential|R_APP_CL_WASH-EXS,?,0.015561722,0.005714814,,,,
Temoa,nz,SK,Activity|residential|R_APP_CL_WASH-TYP-NEW,?,0.005969233,0.016286638,0.023070541,0.023462031,0.024427954,0.026004429
Temoa,nz,SK,Activity|residential|R_APP_COOK_ELEC-EXS,?,0.016310808,0.009826161,0.001716794,,,
Temoa,nz,SK,Activity|residential|R_APP_COOK_ELEC-TYP-NEW,?,0.005810853,0.012184883,0.019960995,0.024034741,0.025637827,0.026768571
Temoa,nz,SK,Activity|residential|R_APP_DRY_ELEC-EXS,?,0.011383988,0.005199101,,,,
Temoa,nz,SK,Activity|residential|R_APP_DRY_ELEC-TYP-NEW,?,,,0.014125542,0.026430982,0.031777308,0.033131057
Temoa,nz,SK,Activity|residential|R_APP_DRY_NG-EXS,?,0.003083253,0.000803657,,,,
Temoa,nz,SK,Activity|residential|R_APP_DRY_NG-TYP-NEW,?,0.01306989,0.020351946,0.015505401,0.004485572,,
Temoa,nz,SK,Activity|residential|R_APP_DS_WASH-EXS,?,0.010858473,0.005504958,,,,
Temoa,nz,SK,Activity|residential|R_APP_DS_WASH-TYP-NEW,?,0.005996472,0.011492778,0.017713476,0.018293207,0.018618799,0.019283549
Temoa,nz,SK,Activity|residential|R_APP_FREZ-EXS,?,0.01512542,0.010298766,0.005687959,,,
Temoa,nz,SK,Activity|residential|R_APP_FREZ-TYP-NEW,?,0.004813693,0.008496034,0.01230694,0.017923556,0.021322986,0.022556724
Temoa,nz,SK,Activity|residential|R_APP_OTH,?,0.498941203,0.510225434,0.530726987,0.553143083,0.577034971,0.601394327
Temoa,nz,SK,Activity|residential|R_APP_REFR-EXS,?,0.018374145,0.000273192,,,,
Temoa,nz,SK,Activity|residential|R_APP_REFR-TYP-NEW,?,0.014803923,0.030278588,0.035291725,0.036782327,0.038371065,0.039990888
Temoa,nz,SK,Activity|residential|R_LGT_CFL-EXS,?,0.693226932,0.445645543,0.169350212,,,
Temoa,nz,SK,Activity|residential|R_LGT_LED-EXS,?,1.029622903,1.02962444,0.978160027,1.029608782,0.823636099,0.566254064
Temoa,nz,SK,Activity|residential|R_LGT_LED-TYP-NEW,?,2.528986457,2.939176348,3.520977214,3.894747134,4.388669696,4.892327394
Temoa,nz,SK,Activity|residential|R_LGT_T12-EXS,?,0.276858005,0.216670474,0.148666178,0.096284123,0.025172944,
Temoa,nz,SK,Activity|residential|R_SPC_CENT_AC-EXS,?,2.016317116,1.423265285,0.830154638,0.09491276,,
Temoa,nz,SK,Activity|residential|R_SPC_ROOM_AC-EXS,?,0.05111533,,,,,
Temoa,nz,SK,Activity|residential|R_SPHC_AIR_HP-TYP-NEW,?,8.682114678,16.76677895,25.84850864,35.90480011,39.0226895,40.67069229
Temoa,nz,SK,Activity|residential|R_SPHC_GEO_HP-TYP-NEW,?,,,,,,0.00022502
Temoa,nz,SK,Activity|residential|R_SPH_ELEC-EXS,?,2.617206293,1.92846832,1.239730489,0.495893748,,
Temoa,nz,SK,Activity|residential|R_SPH_ELEC_RAD-NEW,?,,,,,,4.14427E-05
Temoa,nz,SK,Activity|residential|R_SPH_NG-EXS,?,20.37987754,14.3893388,7.974180026,0.911372896,,
Temoa,nz,SK,Activity|residential|R_SPH_NG_FRN-TYP-NEW,?,,0.000745931,0.001115221,0.001227498,0.001037838,
Temoa,nz,SK,Activity|residential|R_WAH_ELC-EXS,?,0.356877983,0.194661308,0.01274179,,,
Temoa,nz,SK,Activity|residential|R_WAH_ELEC-TYP-NEW,?,,2.029190096,4.87992465,7.894548467,8.235605958,8.583644486
Temoa,nz,SK,Activity|residential|R_WAH_HP-TYP-NEW,?,3.355284196,3.357040647,2.68796789,0.006097408,0.006512276,0.00673612
Temoa,nz,SK,Activity|residential|R_WAH_NG-EXS,?,3.417568823,1.708785086,,,,
Temoa,nz,SK,Activity|transportation,?,320.2446306,335.1941535,332.3607499,326.1541822,342.2326335,361.505308
Temoa,nz,SK,Activity|transportation|E_T_ELC,?,25.83483471,27.37512363,28.41461502,36.39353042,37.98616349,40.09875618
Temoa,nz,SK,Activity|transportation|F_T_DSL,?,16.544533,14.19950568,10.04046432,5.561306847,5.761963812,6.16982095
Temoa,nz,SK,Activity|transportation|F_T_ETH,?,2.163761554,2.676676664,1.989280799,0.810816157,0.699573776,0.620691052
Temoa,nz,SK,Activity|transportation|F_T_GSL,?,17.50679803,15.16783443,11.2725912,4.594624889,3.964251397,3.517249296
Temoa,nz,SK,Activity|transportation|F_T_HFO,?,0.157864982,0.157826109,0.016640133,,,
Temoa,nz,SK,Activity|transportation|F_T_JTF,?,3.058971143,3.390195003,3.629218703,3.866299339,4.11502787,4.40636163
Temoa,nz,SK,Activity|transportation|F_T_LNG,?,19.18756494,21.28172711,22.9326988,24.43165205,25.84624737,27.40469005
Temoa,nz,SK,Activity|transportation|F_T_NG,?,0.432518526,0.454913322,0.454801215,0.432222463,0.454848788,
Temoa,nz,SK,Activity|transportation|F_T_RDSL,?,0.689355542,0.59164607,0.41835268,0.231721119,0.240081825,0.257075873
Temoa,nz,SK,Activity|transportation|T_BLND_ETH_GSL,?,19.67055958,17.84451109,13.261872,5.405441046,4.663825173,4.137940348
Temoa,nz,SK,Activity|transportation|T_BLND_GSL_ELC_PHEV35,?,20.52751982,21.10346883,18.92769676,8.18700421,6.165499036,5.077172521
Temoa,nz,SK,Activity|transportation|T_BLND_GSL_ELC_PHEV50,?,,,0.459197673,0.458921874,1.526743665,1.849467753
Temoa,nz,SK,Activity|transportation|T_BLND_JTF,?,3.05896752,3.390185614,3.629201979,3.866272755,4.11498736,4.406325206
Temoa,nz,SK,Activity|transportation|T_BLND_RDSL_DSL,?,17.23388854,14.79115175,10.458817,5.793027965,6.002045637,6.426896823
Temoa,nz,SK,Activity|transportation|T_ELC_AC_DC,?,,0.085921326,0.086860463,0.023444763,0.127216698,0.558811145
Temoa,nz,SK,Activity|transportation|T_H2_COMP_100_700,?,0.317563173,0.402143606,0.401707113,0.336060939,0.436885789,0.459100343
Temoa,nz,SK,Activity|transportation|T_H2_COMP_10_100,?,0.317563173,0.402143606,0.401697653,0.336052951,0.436880084,0.459100291
Temoa,nz,SK,Activity|transportation|T_H2_HDV_REFUEL,?,0.315461718,0.399662287,0.400542845,0.335357261,0.435882292,0.457112876
Temoa,nz,SK,Activity|transportation|T_H2_distribution,?,0.317563173,0.402143606,0.40301511,0.337382131,0.43820179,0.459537213
Temoa,nz,SK,Activity|transportation|T_HDV_AJF_JFL_N,?,0.024621769,0.025211992,0.02521197,0.025211949,0.026798949,0.029401591
Temoa,nz,SK,Activity|transportation|T_HDV_AJP_JFL_EX,?,0.18947198,0.178277134,0.139421863,0.061965213,,
Temoa,nz,SK,Activity|transportation|T_HDV_AJP_JFL_N,?,2.169893764,2.448695723,2.690243745,2.971551095,3.234367536,3.463352692
Temoa,nz,SK,Activity|transportation|T_HDV_BIC_DSL_EX,?,0.008664498,0.002363763,,,,
Temoa,nz,SK,Activity|transportation|T_HDV_BIC_FCEV_N,?,0.248915129,0.283890704,0.310682271,0.333061994,0.355100622,0.38022725
Temoa,nz,SK,Activity|transportation|T_HDV_BS_BEV_N,?,,,0.637010875,1.587213838,1.736210622,1.879756869
Temoa,nz,SK,Activity|transportation|T_HDV_BS_DSL_EX,?,0.075005573,0.032089661,,,,
Temoa,nz,SK,Activity|transportation|T_HDV_BS_FCHEV_N,?,1.197589264,1.390159808,0.900429177,0.061026871,0.021149888,
Temoa,nz,SK,Activity|transportation|T_HDV_BS_GSL_EX,?,0.007618258,0.003489536,,,,
Temoa,nz,SK,Activity|transportation|T_HDV_BT_BEV_N,?,0.83598539,0.965149956,1.064493281,1.14118761,1.216741854,1.302884713
Temoa,nz,SK,Activity|transportation|T_HDV_BT_DSL_EX,?,0.051201179,0.022670385,,,,
Temoa,nz,SK,Activity|transportation|T_HDV_CHRG,?,10.23643725,11.2673277,11.23935543,12.75443011,13.02348297,13.39750335
Temoa,nz,SK,Activity|transportation|T_HDV_RF_DSL_EX,?,0.003894912,,,,,
Temoa,nz,SK,Activity|transportation|T_HDV_RF_H2_N,?,,,,0.000241408,0.000241299,0.000241078
Temoa,nz,SK,Activity|transportation|T_HDV_RF_LNG_N,?,86.40674907,96.18789672,103.6093326,111.0715152,118.4256747,126.809304
Temoa,nz,SK,Activity|transportation|T_HDV_RICP_DSL_EX,?,0.305434005,0.237165137,0.157401765,0.109519122,,
Temoa,nz,SK,Activity|transportation|T_HDV_RICP_H2_N,?,,0.102812504,0.208808404,0.283075176,0.418555493,0.448223687
Temoa,nz,SK,Activity|transportation|T_HDV_T_BEV_N,?,16.40676491,20.3834707,24.57276636,29.2587871,31.19621967,33.40479579
Temoa,nz,SK,Activity|transportation|T_HDV_T_DSL_EX,?,6.356049259,4.954068526,2.719767924,,,
Temoa,nz,SK,Activity|transportation|T_HDV_WTF_HFO_EX,?,0.999894997,0.999627383,0.105343761,,,
Temoa,nz,SK,Activity|transportation|T_HDV_WTF_LNG_N,?,,,0.894248151,0.999479251,0.99947264,0.999445526
Temoa,nz,SK,Activity|transportation|T_I_H2_ELC_ALK,?,,0.056195814,0.053689839,0.007180629,0.064872072,0.051238583
Temoa,nz,SK,Activity|transportation|T_I_H2_ELC_PEM,?,,0.009318954,0.01069675,0.002259433,0.034080469,0.40183988
Temoa,nz,SK,Activity|transportation|T_I_H2_SMR_CCS,?,0.317251156,0.333665718,0.33357766,0.317010259,0.333599984,
Temoa,nz,SK,Activity|transportation|T_LDV_BEV_CHRG,?,0.009921999,0.022212868,1.179263896,10.31139312,11.38949768,12.52642613
Temoa,nz,SK,Activity|transportation|T_LDV_C_BEV150_EX,?,0.003565434,0.002210045,,,,
Temoa,nz,SK,Activity|transportation|T_LDV_C_BEV150_N,?,,,0.274061975,1.151448479,1.250214027,1.353930743
Temoa,nz,SK,Activity|transportation|T_LDV_C_BEV200_N,?,,,0.548125471,2.302899362,2.500430336,2.707863984
Temoa,nz,SK,Activity|transportation|T_LDV_C_BEV300_N,?,,,0.82218946,3.454350161,3.750646353,4.061797263
Temoa,nz,SK,Activity|transportation|T_LDV_C_BEV400_N,?,,,1.096253305,4.605800845,5.000862902,5.415730437
Temoa,nz,SK,Activity|transportation|T_LDV_C_DSL_EX,?,0.002762846,,,,,
Temoa,nz,SK,Activity|transportation|T_LDV_C_GSL_EX,?,0.309051634,0.15827271,,,,
Temoa,nz,SK,Activity|transportation|T_LDV_C_GSL_HEV_EX,?,0.007538332,0.003617813,,,,
Temoa,nz,SK,Activity|transportation|T_LDV_C_GSL_PHEV35_EX,?,0.000594262,,,,,
Temoa,nz,SK,Activity|transportation|T_LDV_C_GSL_PHEV35_N,?,8.903735173,10.10770377,8.328954075,0.35260269,0.150702834,0.008890714
Temoa,nz,SK,Activity|transportation|T_LDV_LTF_DSL_EX,?,0.02070471,0.018023856,0.002074801,,,
Temoa,nz,SK,Activity|transportation|T_LDV_LTF_GSL_EX,?,0.261274714,0.190944538,0.034168862,,,
Temoa,nz,SK,Activity|transportation|T_LDV_LTF_GSL_PHEV35_N,?,2.276337306,2.640075372,2.740132789,2.987332937,2.463366535,2.443837764
Temoa,nz,SK,Activity|transportation|T_LDV_LTF_GSL_PHEV50_N,?,,,0.291674564,0.30307962,1.044864205,1.312757464
Temoa,nz,SK,Activity|transportation|T_LDV_LTP_BEV150_N,?,,,,1.270047843,1.520009658,1.798218678
Temoa,nz,SK,Activity|transportation|T_LDV_LTP_BEV200_N,?,,,,2.540101101,3.040024322,3.596446996
Temoa,nz,SK,Activity|transportation|T_LDV_LTP_BEV300_EX,?,0.00024681,,,,,
Temoa,nz,SK,Activity|transportation|T_LDV_LTP_BEV300_N,?,,,,3.810153939,4.560040012,5.394675592
Temoa,nz,SK,Activity|transportation|T_LDV_LTP_BEV400_N,?,,,,5.080206459,6.080056043,7.192903664
Temoa,nz,SK,Activity|transportation|T_LDV_LTP_DSL_EX,?,0.035533713,0.022671085,0.002248091,,,
Temoa,nz,SK,Activity|transportation|T_LDV_LTP_GSL_EX,?,0.850469808,0.567118648,0.097509547,,,
Temoa,nz,SK,Activity|transportation|T_LDV_LTP_GSL_HEV_EX,?,0.005840619,0.005386641,,,,
Temoa,nz,SK,Activity|transportation|T_LDV_LTP_GSL_PHEV35_N,?,13.0724755,14.94867872,16.64485433,5.254074142,3.936620122,2.509407116
Temoa,nz,SK,Activity|transportation|T_LDV_LTP_GSL_PHEV50_N,?,,,,,0.006469269,0.00682972
Temoa,nz,SK,Activity|transportation|T_LDV_M_BEV_N,?,0.013787396,0.039028328,0.058119067,0.068596585,0.073091228,0.07822465
Temoa,nz,SK,Activity|transportation|T_LDV_M_GSL_EX,?,0.039817985,0.020571453,0.005290018,,,
Temoa,nz,SK,Activity|transportation|T_LDV_PHEV_CHRG,?,7.552289678,7.764328389,7.192304069,3.240562212,3.02849733,2.788784625
Temoa,nz,SK,Activity|transportation|T_MDV_CHRG,?,5.420361553,5.464640716,5.842134858,6.390624183,6.584349201,6.820725444
Temoa,nz,SK,Activity|transportation|T_MDV_T_BEV_N,?,3.155483414,3.776832065,4.42553465,5.015888794,5.348103674,5.726730383
Temoa,nz,SK,Activity|transportation|T_MDV_T_DSL_EX,?,0.447043271,0.348495742,0.156996706,,,
Temoa,nz,SK,Activity|transportation|T_MDV_T_GSL_EX,?,0.29968527,0.218273821,0.096230557,,,
Temoa,nz,SK,Activity|transportation|T_OFF,?,4.379377661,4.874739352,5.250875563,5.6291643,6.001893141,6.42680211
Temoa,nz,SK,Capacity|commercial,?,322.8377237,276.4674656,235.3222645,207.6533681,189.9452608,201.5642493
Temoa,nz,SK,Capacity|commercial|C_SPC_AC_ROOF-NEW,?,0.001031999,0.002190664,0.003264712,0.004416715,0.004804509,0.004999463
Temoa,nz,SK,Capacity|commercial|C_SPC_ELC-EXS,?,27.27215676,18.18143784,9.090718921,,,
Temoa,nz,SK,Capacity|commercial|C_SPHC_HP_AIR-NEW,?,148.1038032,163.6466212,175.2837711,182.1426729,189.87611,201.4893227
Temoa,nz,SK,Capacity|commercial|C_SPHC_HP_GEO-NEW,?,0.000441129,0.000944333,0.001416476,0.001611762,0.001754181,0.001898674
Temoa,nz,SK,Capacity|commercial|C_SPH_ELC-EXS,?,45.64733942,18.25893577,,,,
Temoa,nz,SK,Capacity|commercial|C_SPH_ELC_BLR-NEW,?,0.003890522,0.008292397,0.013286862,0.015233565,0.017153217,0.019208861
Temoa,nz,SK,Capacity|commercial|C_SPH_ELC_RES-NEW,?,0.003880531,0.008259695,0.013344859,0.01684006,0.018216599,0.019648939
Temoa,nz,SK,Capacity|commercial|C_SPH_NG-EXS,?,101.8002277,76.35017076,50.90011384,25.45005692,,
Temoa,nz,SK,Capacity|commercial|C_SPH_NG_FRN-NEW,?,0.004952461,0.010612885,0.016347703,0.02253622,0.027222314,0.029170635
Temoa,nz,SK,Capacity|electricity,?,12.07254369,13.92004901,16.14921478,18.2011352,19.7816019,22.25321485
Temoa,nz,SK,Capacity|electricity|E_BAT_1H-EXS,?,0.02,0.02,0.016,,,
Temoa,nz,SK,Capacity|electricity|E_BAT_2H-NEW,?,0.058287162,0.077367035,0.078638822,0.022413838,0.012594993,0.017456446
Temoa,nz,SK,Capacity|electricity|E_BAT_4H-NEW,?,0.000255461,0.001057885,0.002345037,0.003451074,0.009916941,0.341127459
Temoa,nz,SK,Capacity|electricity|E_BIO_G-EXS,?,0.02,0.02,0.02,0.02,0.015,
Temoa,nz,SK,Capacity|electricity|E_BIO_M-EXS,?,0.0066,0.0066,0.0066,0.0066,0.0066,0.0066
Temoa,nz,SK,Capacity|electricity|E_BIO_M-NEW,?,2.4084E-05,5.0654E-05,7.92666E-05,0.000110131,0.000142584,0.000175381
Temoa,nz,SK,Capacity|electricity|E_COAL-EXS,?,0.56,0.56,0.284,0.284,0.284,
Temoa,nz,SK,Capacity|electricity|E_COAL_CCS-EXS,?,0.139,0.139,0.139,0.139,0.139,0.139
Temoa,nz,SK,Capacity|electricity|E_COAL_CCS_RFIT_90,?,1.67645E-05,3.44462E-05,5.27821E-05,7.06454E-05,8.58384E-05,
Temoa,nz,SK,Capacity|electricity|E_COAL_CCS_RFIT_95,?,1.70079E-05,3.4932E-05,5.35086E-05,7.15675E-05,8.68815E-05,
Temoa,nz,SK,Capacity|electricity|E_HYD_DLY-EXS,?,0.729,0.729,0.729,0.729,0.729,0.729
Temoa,nz,SK,Capacity|electricity|E_INT_IN-USA,?,0.239,0.239,0.239,0.239,0.239,0.239
Temoa,nz,SK,Capacity|electricity|E_NG_CC-EXS,?,0.965,0.965,0.965,0.965,0.797,0.797
Temoa,nz,SK,Capacity|electricity|E_NG_CC-NEW,?,0.001398089,0.024605195,0.253487547,0.256247982,0.257567739,0.258218584
Temoa,nz,SK,Capacity|electricity|E_NG_CCS-NEW,?,0.083994289,0.089040598,0.264352798,1.158703759,1.884005693,2.400118392
Temoa,nz,SK,Capacity|electricity|E_NG_CCS_RFIT_90,?,8.39448E-05,0.000158043,0.000232779,0.000315862,0.000411757,0.000524786
Temoa,nz,SK,Capacity|electricity|E_NG_CCS_RFIT_95,?,0.000106536,0.000190417,0.000272916,0.000366459,0.000477211,0.000615509
Temoa,nz,SK,Capacity|electricity|E_NG_CG-EXS,?,0.477,0.477,0.477,0.477,0.249,
Temoa,nz,SK,Capacity|electricity|E_NG_CT-EXS,?,0.628,0.584,0.584,0.584,0.584,0.584
Temoa,nz,SK,Capacity|electricity|E_NG_CT-NEW,?,0.066523318,0.578257831,0.965613857,0.970313663,0.971875335,0.972493126
Temoa,nz,SK,Capacity|electricity|E_SOL_PV-EXS,?,0.04,0.04,0.04,0.04,0.04,0.008
Temoa,nz,SK,Capacity|electricity|E_SOL_PV-NEW-1,?,0.009413593,0.039670717,1.720178171,2.37108828,2.540933867,2.557844191
Temoa,nz,SK,Capacity|electricity|E_SOL_PV-NEW-2,?,0.021398256,0.177234497,0.305533302,0.756465276,0.956990675,0.981002533
Temoa,nz,SK,Capacity|electricity|E_SOL_PV-NEW-3,?,0.05376465,0.214518358,0.246486309,0.354987279,1.205122917,1.942951735
Temoa,nz,SK,Capacity|electricity|E_SOL_PV-NEW-4,?,0.000572879,0.001278344,0.002144826,0.00319378,0.004502401,0.006319476
Temoa,nz,SK,Capacity|electricity|E_SOL_PV-NEW-5,?,0.00121123,0.002834313,0.00524082,0.010454003,0.019186727,0.909513498
Temoa,nz,SK,Capacity|electricity|E_WND_ON-EXS,?,0.8265,0.8045,0.6545,0.6285,0.6055,0.16
Temoa,nz,SK,Capacity|electricity|E_WND_ON-NEW-1,?,0.987404464,0.990230815,0.991264171,0.992278587,0.993292008,0.994293482
Temoa,nz,SK,Capacity|electricity|E_WND_ON-NEW-10,?,0.001165945,0.002593643,0.003709048,0.005128314,0.006915345,0.009201594
Temoa,nz,SK,Capacity|electricity|E_WND_ON-NEW-11,?,0.000696103,0.001620366,0.002472108,0.003566551,0.004926234,0.006621027
Temoa,nz,SK,Capacity|electricity|E_WND_ON-NEW-12,?,0.000705741,0.00154997,0.002322132,0.003251959,0.00436749,0.005723037
Temoa,nz,SK,Capacity|electricity|E_WND_ON-NEW-13,?,0.001412119,0.003661721,0.005176894,0.007261035,0.010009838,0.013607684
Temoa,nz,SK,Capacity|electricity|E_WND_ON-NEW-2,?,2.217902723,2.2427681,2.245293517,2.249040953,2.25254074,2.254459157
Temoa,nz,SK,Capacity|electricity|E_WND_ON-NEW-3,?,0.016923567,0.027029174,0.029312948,0.033130207,0.041616099,0.493107759
Temoa,nz,SK,Capacity|electricity|E_WND_ON-NEW-4,?,3.887017682,4.829660752,4.832739423,4.839261063,4.853882013,5.332643461
Temoa,nz,SK,Capacity|electricity|E_WND_ON-NEW-5,?,0.006092114,0.017466502,0.019958038,0.023096166,0.02850661,0.046491377
Temoa,nz,SK,Capacity|electricity|E_WND_ON-NEW-6,?,0.001545837,0.003343578,0.004679016,0.006593197,0.009240586,0.013196936
Temoa,nz,SK,Capacity|electricity|E_WND_ON-NEW-7,?,0.001462253,0.003214971,0.004545317,0.006352902,0.008881707,0.012775244
Temoa,nz,SK,Capacity|electricity|E_WND_ON-NEW-8,?,0.001645862,0.003561749,0.004884417,0.006420949,0.00837357,0.011024519
Temoa,nz,SK,Capacity|electricity|E_WND_ON-NEW-9,?,0.001402019,0.002914406,0.004045014,0.005399723,0.007048104,0.009108455
Temoa,nz,SK,Capacity|residential,?,72.38193653,74.0996791,80.90185458,80.3897072,83.87294719,87.3926755
Temoa,nz,SK,Capacity|residential|R_APP_CL_WASH-EXS,?,0.31386,0.125544,,,,
Temoa,nz,SK,Capacity|residential|R_APP_CL_WASH-TYP-NEW,?,0.129790452,0.328140259,0.471913859,0.49184585,0.513090173,0.534750152
Temoa,nz,SK,Capacity|residential|R_APP_COOK_ELEC-EXS,?,0.330337647,0.203284706,0.055903294,,,
Temoa,nz,SK,Capacity|residential|R_APP_COOK_ELEC-TYP-NEW,?,0.127417938,0.269916779,0.441695714,0.518816091,0.541419779,0.564404582
Temoa,nz,SK,Capacity|residential|R_APP_COOK_NG-EXS,?,0.010587647,0.005293824,,,,
Temoa,nz,SK,Capacity|residential|R_APP_COOK_NG-TYP-NEW,?,0.000508916,0.000960963,0.001121477,0.000968732,0.000816668,0.00072325
Temoa,nz,SK,Capacity|residential|R_APP_DRY_ELEC-EXS,?,0.232930588,0.116465294,,,,
Temoa,nz,SK,Capacity|residential|R_APP_DRY_ELEC-TYP-NEW,?,0.000469163,0.001974923,0.286326588,0.53768608,0.666065519,0.695094199
Temoa,nz,SK,Capacity|residential|R_APP_DRY_NG-EXS,?,0.079408235,0.039704118,,,,
Temoa,nz,SK,Capacity|residential|R_APP_DRY_NG-TYP-NEW,?,0.265239297,0.432976343,0.328545485,0.103156216,0.002456706,0.001649558
Temoa,nz,SK,Capacity|residential|R_APP_DS_WASH-EXS,?,0.224195529,0.122288471,0.008152565,,,
Temoa,nz,SK,Capacity|residential|R_APP_DS_WASH-TYP-NEW,?,0.131809013,0.241768165,0.37053238,0.39467887,0.411726342,0.429107333
Temoa,nz,SK,Capacity|residential|R_APP_FREZ-EXS,?,0.302508818,0.213535636,0.124562455,0.014235709,,
Temoa,nz,SK,Capacity|residential|R_APP_FREZ-TYP-NEW,?,0.110148637,0.208454771,0.314384165,0.443250629,0.477245976,0.497392719
Temoa,nz,SK,Capacity|residential|R_APP_REFR-EXS,?,0.367483083,0.041998067,,,,
Temoa,nz,SK,Capacity|residential|R_APP_REFR-TYP-NEW,?,0.296078568,0.636570962,0.705834691,0.735646746,0.767421547,0.799818029
Temoa,nz,SK,Capacity|residential|R_LGT_CFL-EXS,?,10.39324059,6.681368952,2.672547581,,,
Temoa,nz,SK,Capacity|residential|R_LGT_LED-EXS,?,15.4366671,15.4366671,15.4366671,15.4366671,12.34933368,8.490166904
Temoa,nz,SK,Capacity|residential|R_LGT_LED-TYP-NEW,?,37.91588612,44.06563734,55.48591522,58.39244659,65.79797027,73.34893392
Temoa,nz,SK,Capacity|residential|R_LGT_T12-EXS,?,4.150805975,3.24845685,2.346107725,1.4437586,0.397033615,
Temoa,nz,SK,Capacity|residential|R_SPC_CENT_AC-EXS,?,0.236827773,0.167172545,0.097517318,0.011144836,,
Temoa,nz,SK,Capacity|residential|R_SPC_ROOM_AC-EXS,?,0.01697375,,,,,
Temoa,nz,SK,Capacity|residential|R_SPC_ROOM_AC-TYP-NEW,?,1.22329E-05,1.30976E-05,1.58004E-05,1.99589E-05,3.38203E-05,3.11232E-05
Temoa,nz,SK,Capacity|residential|R_SPHC_AIR_HP-TYP-NEW,?,0.15434564,0.308841721,0.484016151,0.676391353,0.736401855,0.767493619
Temoa,nz,SK,Capacity|residential|R_SPHC_GEO_HP-TYP-NEW,?,,,,,1.12312E-05,2.44473E-05
Temoa,nz,SK,Capacity|residential|R_SPH_ELEC-EXS,?,0.070226591,0.051745909,0.033265227,0.013306091,,
Temoa,nz,SK,Capacity|residential|R_SPH_ELEC_RAD-NEW,?,,,,,1.01945E-05,2.27171E-05
Temoa,nz,SK,Capacity|residential|R_SPH_NG-EXS,?,0.296473818,0.209275636,0.122077455,0.013951709,,
Temoa,nz,SK,Capacity|residential|R_SPH_NG_FRN-TYP-NEW,?,1.0236E-05,2.45048E-05,3.501E-05,3.501E-05,3.48453E-05,2.05764E-05
Temoa,nz,SK,Capacity|residential|R_WAH_ELC-EXS,?,0.055207059,0.030112941,0.002007529,,,
Temoa,nz,SK,Capacity|residential|R_WAH_ELEC-TYP-NEW,?,8.15505E-05,0.298211351,0.717157302,1.16018842,1.210310509,1.26145851
Temoa,nz,SK,Capacity|residential|R_WAH_HP-TYP-NEW,?,0.493094925,0.493570823,0.39546171,0.001406496,0.001456633,0.001476987
Temoa,nz,SK,Capacity|residential|R_WAH_NG-EXS,?,0.23928,0.11964,,,,
Temoa,nz,SK,Capacity|residential|R_WAH_NG-TYP-NEW,?,1.75185E-05,3.65349E-05,4.96306E-05,5.04838E-05,4.81906E-05,4.52081E-05
Temoa,nz,SK,Capacity|residential|R_WAH_SOLAR-TYP-NEW,?,1.21176E-05,2.65154E-05,4.11416E-05,5.56329E-05,5.9635E-05,6.16652E-05
Temoa,nz,SK,Capacity|transportation,?,1574.198254,1607.606111,1704.891467,1796.846208,1864.791111,1950.315362
Temoa,nz,SK,Capacity|transportation|T_ELC_AC_DC,?,0.000828793,0.003275444,0.003896405,0.004595724,0.006258826,0.026464149
Temoa,nz,SK,Capacity|transportation|T_H2_COMP_100_700,?,0.010070216,0.012752321,0.012794551,0.010699565,0.013896985,0.014573299
Temoa,nz,SK,Capacity|transportation|T_H2_COMP_10_100,?,0.010070196,0.012752385,0.012794933,0.010699721,0.013897359,0.014573277
Temoa,nz,SK,Capacity|transportation|T_H2_HDV_REFUEL,?,0.315462446,0.399663964,0.400544927,0.335359725,0.435884895,0.45711438
Temoa,nz,SK,Capacity|transportation|T_H2_LDV_REFUEL,?,,,1.42696E-05,1.42696E-05,1.7682E-05,1.7682E-05
Temoa,nz,SK,Capacity|transportation|T_H2_MDV_REFUEL,?,0.000511672,0.00053688,0.000441711,0.000443926,0.000108012,0.000166751
Temoa,nz,SK,Capacity|transportation|T_HDV_AJF_JFL_N,?,0.024621823,0.027404482,0.029516068,0.031638607,0.033728126,0.036119015
Temoa,nz,SK,Capacity|transportation|T_HDV_AJP_JFL_EX,?,0.19013964,0.178279857,0.13942343,0.061965969,,
Temoa,nz,SK,Capacity|transportation|T_HDV_AJP_JFL_N,?,2.169893975,2.448696125,2.690244529,2.97155222,3.234369294,3.463354334
Temoa,nz,SK,Capacity|transportation|T_HDV_AJP_SPK_N,?,,,,,1.19231E-05,1.19231E-05
Temoa,nz,SK,Capacity|transportation|T_HDV_BIC_BEV_N,?,,,1.55175E-05,3.03994E-05,3.57782E-05,5.91236E-05
Temoa,nz,SK,Capacity|transportation|T_HDV_BIC_DSL_EX,?,0.013509723,0.005235213,,,,
Temoa,nz,SK,Capacity|transportation|T_HDV_BIC_DSL_HEV_N,?,1.40207E-05,1.40207E-05,,,,
Temoa,nz,SK,Capacity|transportation|T_HDV_BIC_DSL_N,?,1.62612E-05,1.62612E-05,,,,
Temoa,nz,SK,Capacity|transportation|T_HDV_BIC_FCEV_N,?,0.370920352,0.388391297,0.407077998,0.436406007,0.465284378,0.498209458
Temoa,nz,SK,Capacity|transportation|T_HDV_BIC_GSL_EX,?,0.001730152,0.001038091,,,,
Temoa,nz,SK,Capacity|transportation|T_HDV_BIC_GSL_N,?,2.20233E-05,2.20233E-05,1.3214E-05,1.19552E-05,2.29602E-05,2.24539E-05
Temoa,nz,SK,Capacity|transportation|T_HDV_BS_BEV_N,?,0.000102365,0.000102365,1.153232175,2.873442716,3.143192428,3.403069093
Temoa,nz,SK,Capacity|transportation|T_HDV_BS_CNG_EX,?,0.002939428,0.001175771,,,,
Temoa,nz,SK,Capacity|transportation|T_HDV_BS_CNG_N,?,1.29644E-05,1.29644E-05,,1.0398E-05,1.0398E-05,
Temoa,nz,SK,Capacity|transportation|T_HDV_BS_DSL_EX,?,0.155465898,0.061149418,,,,
Temoa,nz,SK,Capacity|transportation|T_HDV_BS_DSL_HEV_N,?,1.96811E-05,1.96811E-05,2.39068E-05,2.51875E-05,2.44017E-05,2.31815E-05
Temoa,nz,SK,Capacity|transportation|T_HDV_BS_DSL_N,?,1.58399E-05,1.58399E-05,,,,
Temoa,nz,SK,Capacity|transportation|T_HDV_BS_DSL_PHEV_N,?,2.23202E-05,2.23202E-05,4.0271E-05,5.12783E-05,6.61227E-05,6.933E-05
Temoa,nz,SK,Capacity|transportation|T_HDV_BS_FCEV_N,?,0.000191705,0.000191705,0.000148515,8.72663E-05,0.000108669,0.00010136
Temoa,nz,SK,Capacity|transportation|T_HDV_BS_FCHEV_N,?,2.481918279,2.567467935,1.630120447,0.110514324,0.038331046,0.003719661
Temoa,nz,SK,Capacity|transportation|T_HDV_BS_GSL_EX,?,0.017044552,0.008350477,,,,
Temoa,nz,SK,Capacity|transportation|T_HDV_BS_GSL_N,?,1.71283E-05,1.71283E-05,2.08677E-05,2.15026E-05,2.17149E-05,2.18584E-05
Temoa,nz,SK,Capacity|transportation|T_HDV_BT_BEV_N,?,1.331463296,1.390857752,1.468878472,1.57471123,1.678970722,1.797841426
Temoa,nz,SK,Capacity|transportation|T_HDV_BT_DSL_EX,?,0.081552185,0.032928272,,,,
Temoa,nz,SK,Capacity|transportation|T_HDV_BT_DSL_PHEV_N,?,1.09717E-05,1.09717E-05,,1.14688E-05,1.14688E-05,1.10442E-05
Temoa,nz,SK,Capacity|transportation|T_HDV_BT_FCEV_N,?,1.26278E-05,1.26278E-05,,,,
Temoa,nz,SK,Capacity|transportation|T_HDV_BT_FCHEV_N,?,2.37414E-05,2.37414E-05,1.42449E-05,,,
Temoa,nz,SK,Capacity|transportation|T_HDV_BT_GSL_EX,?,0.001022675,0.000613605,,,,
Temoa,nz,SK,Capacity|transportation|T_HDV_CHRG,?,10.23643912,11.26733039,11.23938628,12.75444438,13.0235001,13.39750787
Temoa,nz,SK,Capacity|transportation|T_HDV_RF_DSL_EX,?,91.69376395,91.69376395,80.38160604,55.37107748,35.83199659,
Temoa,nz,SK,Capacity|transportation|T_HDV_RF_DSL_N,?,,1.473E-05,2.6219E-05,4.39039E-05,4.39039E-05,4.39039E-05
Temoa,nz,SK,Capacity|transportation|T_HDV_RF_H2_N,?,,0.000174927,0.000643551,0.002837154,0.003369349,0.004044575
Temoa,nz,SK,Capacity|transportation|T_HDV_RF_LNG_N,?,86.40675168,96.18789952,103.6093393,111.0715416,118.4278568,126.8102715
Temoa,nz,SK,Capacity|transportation|T_HDV_RICP_DSL_EX,?,0.363354462,0.363354462,0.31581258,0.211676327,0.157404559,
Temoa,nz,SK,Capacity|transportation|T_HDV_RICP_H2_N,?,,0.10281276,0.208808858,0.283076033,0.418556835,0.448225185
Temoa,nz,SK,Capacity|transportation|T_HDV_T_BEV_N,?,24.35878701,28.07407293,35.41582006,40.29797126,42.96638971,48.42973149
Temoa,nz,SK,Capacity|transportation|T_HDV_T_DSL_EX,?,9.436697937,7.18232672,3.943073771,,,
Temoa,nz,SK,Capacity|transportation|T_HDV_T_DSL_HEV_N,?,1.01003E-05,1.01003E-05,1.01003E-05,,,
Temoa,nz,SK,Capacity|transportation|T_HDV_T_FCEV_N,?,1.69295E-05,1.69295E-05,1.69295E-05,1.35436E-05,,
Temoa,nz,SK,Capacity|transportation|T_HDV_T_FCHEV_N,?,0.0001806,0.000229054,0.000244057,0.000284842,0.000194906,0.000191122
Temoa,nz,SK,Capacity|transportation|T_HDV_WTF_HFO_EX,?,41.34476869,41.34476869,39.21310663,30.5597369,8.161665736,
Temoa,nz,SK,Capacity|transportation|T_HDV_WTF_HFO_N,?,1.56993E-05,4.31604E-05,7.05625E-05,0.000103491,0.000103491,0.000103491
Temoa,nz,SK,Capacity|transportation|T_HDV_WTF_LNG_N,?,8.36024E-05,0.000321081,0.894572352,0.999807597,0.999969889,1.00005971
Temoa,nz,SK,Capacity|transportation|T_HDV_WTF_MDO_EX,?,7.618054945,7.618054945,5.915243624,4.136201881,1.26014774,
Temoa,nz,SK,Capacity|transportation|T_HDV_WTF_MDO_N,?,,1.21807E-05,2.74522E-05,2.74522E-05,2.74522E-05,2.74522E-05
Temoa,nz,SK,Capacity|transportation|T_I_H2_ELC_ALK,?,0.000176355,0.002160557,0.00236064,0.002581219,0.003111937,0.00256241
Temoa,nz,SK,Capacity|transportation|T_I_H2_ELC_PEM,?,7.31835E-05,0.000435628,0.000606821,0.00082819,0.001719369,0.019041598
Temoa,nz,SK,Capacity|transportation|T_I_H2_SMR_CCS,?,0.011135711,0.011135711,0.011135711,0.011135711,0.011135711,
Temoa,nz,SK,Capacity|transportation|T_LDV_BEV_CHRG,?,0.023418937,0.052247169,2.710551788,23.69111964,26.16752622,28.77964133
Temoa,nz,SK,Capacity|transportation|T_LDV_C_BEV150_EX,?,0.184176032,0.136649814,,,,
Temoa,nz,SK,Capacity|transportation|T_LDV_C_BEV150_N,?,0.000157719,0.000157719,10.02530637,42.12030022,45.73317675,49.52717076
Temoa,nz,SK,Capacity|transportation|T_LDV_C_BEV200_N,?,0.000315436,0.000332536,20.05062984,84.2406141,91.46635348,99.05434151
Temoa,nz,SK,Capacity|transportation|T_LDV_C_BEV300_N,?,0.000473134,0.00049878,30.07594475,126.3609212,137.1995302,148.5815123
Temoa,nz,SK,Capacity|transportation|T_LDV_C_BEV400_N,?,0.000630837,0.000665028,40.10125965,168.4812282,182.932707,198.108683
Temoa,nz,SK,Capacity|transportation|T_LDV_C_CNG_N,?,0.00010764,0.000127558,0.000171874,0.000150116,0.000185257,0.000186538
Temoa,nz,SK,Capacity|transportation|T_LDV_C_DSL_EX,?,0.165075903,0.014020639,,,,
Temoa,nz,SK,Capacity|transportation|T_LDV_C_DSL_N,?,6.04655E-05,7.77139E-05,0.000127996,0.000122089,0.000137916,0.000129687
Temoa,nz,SK,Capacity|transportation|T_LDV_C_FCEV400_N,?,3.59849E-05,4.81904E-05,0.000196282,0.000264392,0.000360562,0.00045132
Temoa,nz,SK,Capacity|transportation|T_LDV_C_GSL_EX,?,12.60579061,6.094360593,,,,
Temoa,nz,SK,Capacity|transportation|T_LDV_C_GSL_HEV_EX,?,0.331211625,0.174963299,,,,
Temoa,nz,SK,Capacity|transportation|T_LDV_C_GSL_HEV_N,?,0.000386472,0.000411513,0.000459233,0.000281675,0.000365155,0.00036351
Temoa,nz,SK,Capacity|transportation|T_LDV_C_GSL_N,?,5.22484E-05,6.98286E-05,0.000121912,0.000125456,0.000153869,0.000149134
Temoa,nz,SK,Capacity|transportation|T_LDV_C_GSL_PHEV35_EX,?,0.114331711,0.083584336,,,,
Temoa,nz,SK,Capacity|transportation|T_LDV_C_GSL_PHEV35_N,?,363.1160938,370.891258,304.6749794,12.89834672,5.512827938,0.340325956
Temoa,nz,SK,Capacity|transportation|T_LDV_C_GSL_PHEV50_N,?,0.001159405,0.001197477,0.001258383,0.000501327,0.000724289,0.000827761
Temoa,nz,SK,Capacity|transportation|T_LDV_LTF_BEV150_N,?,3.20935E-05,9.82429E-05,0.000294258,0.001076473,0.00160067,0.001751288
Temoa,nz,SK,Capacity|transportation|T_LDV_LTF_BEV200_N,?,6.4179E-05,0.000196469,0.0005885,0.00216577,0.003201333,0.003502572
Temoa,nz,SK,Capacity|transportation|T_LDV_LTF_BEV300_N,?,9.62727E-05,0.000294705,0.000882746,0.003248649,0.004801997,0.00525386
Temoa,nz,SK,Capacity|transportation|T_LDV_LTF_BEV400_N,?,0.000128351,0.000392924,0.001176976,0.004331523,0.006402657,0.00700515
Temoa,nz,SK,Capacity|transportation|T_LDV_LTF_CNG_N,?,8.78371E-05,0.000148238,0.000230383,0.000226201,0.000225402,0.000209622
Temoa,nz,SK,Capacity|transportation|T_LDV_LTF_DSL_EX,?,2.142494633,1.60116191,0.296028211,,,
Temoa,nz,SK,Capacity|transportation|T_LDV_LTF_DSL_N,?,3.79034E-05,7.37269E-05,0.000108039,0.000102528,0.000100612,9.9288E-05
Temoa,nz,SK,Capacity|transportation|T_LDV_LTF_FCEV400_N,?,2.9404E-05,9.03778E-05,0.000214382,0.000242421,0.000275486,0.0002832
Temoa,nz,SK,Capacity|transportation|T_LDV_LTF_GSL_EX,?,25.46633922,16.96335263,3.035504742,,,
Temoa,nz,SK,Capacity|transportation|T_LDV_LTF_GSL_HEV_EX,?,0.001926788,0.000385358,,,,
Temoa,nz,SK,Capacity|transportation|T_LDV_LTF_GSL_HEV_N,?,9.07629E-05,0.000177549,0.000271786,0.000303458,0.000314018,0.000310795
Temoa,nz,SK,Capacity|transportation|T_LDV_LTF_GSL_N,?,3.5708E-05,7.03493E-05,0.000111215,0.000116176,0.000123504,0.000122707
Temoa,nz,SK,Capacity|transportation|T_LDV_LTF_GSL_PHEV35_EX,?,0.028881984,0.028881984,0.005776397,,,
Temoa,nz,SK,Capacity|transportation|T_LDV_LTF_GSL_PHEV35_N,?,210.7498287,222.814951,231.2596345,252.1225635,207.9012988,206.2531484
Temoa,nz,SK,Capacity|transportation|T_LDV_LTF_GSL_PHEV50_N,?,0.000947008,0.012012646,24.61656612,25.57914772,88.18369763,110.7931549
Temoa,nz,SK,Capacity|transportation|T_LDV_LTP_BEV150_N,?,2.75963E-05,9.85709E-05,0.000531986,41.66753722,49.86825387,58.99577053
Temoa,nz,SK,Capacity|transportation|T_LDV_LTP_BEV200_N,?,5.51803E-05,0.000197126,0.001063951,83.33508547,99.73650774,117.9915411
Temoa,nz,SK,Capacity|transportation|T_LDV_LTP_BEV300_EX,?,0.081414417,0.080362329,0.016019861,,,
Temoa,nz,SK,Capacity|transportation|T_LDV_LTP_BEV300_N,?,8.27521E-05,0.000295668,0.001595904,125.0026282,149.6047616,176.9873116
Temoa,nz,SK,Capacity|transportation|T_LDV_LTP_BEV400_N,?,0.000110339,0.000394228,0.002127874,166.6701709,199.4730155,235.9830821
Temoa,nz,SK,Capacity|transportation|T_LDV_LTP_CNG_N,?,9.4927E-05,0.000174076,0.000256734,0.00026128,0.000256615,0.000246001
Temoa,nz,SK,Capacity|transportation|T_LDV_LTP_DSL_EX,?,1.28117998,0.743942538,0.124603333,,,
Temoa,nz,SK,Capacity|transportation|T_LDV_LTP_DSL_N,?,3.68437E-05,7.45048E-05,0.000116553,0.000117136,0.000119969,0.000117891
Temoa,nz,SK,Capacity|transportation|T_LDV_LTP_FCEV400_N,?,2.47954E-05,8.72174E-05,0.000229148,0.000292827,0.000288409,0.000315762
Temoa,nz,SK,Capacity|transportation|T_LDV_LTP_GSL_EX,?,32.27340095,19.58510351,3.367367933,,,
Temoa,nz,SK,Capacity|transportation|T_LDV_LTP_GSL_HEV_EX,?,0.226912465,0.198657241,0.038318687,,,
Temoa,nz,SK,Capacity|transportation|T_LDV_LTP_GSL_HEV_N,?,0.000103421,0.000206913,0.000330619,0.000382581,0.000406665,0.000396383
Temoa,nz,SK,Capacity|transportation|T_LDV_LTP_GSL_N,?,3.69897E-05,7.98515E-05,0.000128925,0.000139262,0.000147489,0.00014768
Temoa,nz,SK,Capacity|transportation|T_LDV_LTP_GSL_PHEV35_EX,?,0.047476576,0.047476576,0.009495315,,,
Temoa,nz,SK,Capacity|transportation|T_LDV_LTP_GSL_PHEV35_N,?,471.1749837,490.4324112,546.0801943,172.3744039,129.1517293,82.32813252
Temoa,nz,SK,Capacity|transportation|T_LDV_LTP_GSL_PHEV50_N,?,0.000588014,0.003728844,0.008460702,0.009223258,0.228737515,0.241501278
Temoa,nz,SK,Capacity|transportation|T_LDV_M_BEV_N,?,2.344442134,7.185668577,10.72044217,12.66396348,13.50245374,14.4583609
Temoa,nz,SK,Capacity|transportation|T_LDV_M_GSL_EX,?,6.771951637,3.781356561,1.092665071,,,
Temoa,nz,SK,Capacity|transportation|T_LDV_M_GSL_N,?,0.000144689,0.000287787,0.000478507,0.00059692,0.000681801,0.000745803
Temoa,nz,SK,Capacity|transportation|T_LDV_PHEV_CHRG,?,7.552289827,7.764328881,7.76433935,3.240573148,3.028534094,3.028523625
Temoa,nz,SK,Capacity|transportation|T_MDV_CHRG,?,5.420362159,5.464643457,5.842176161,6.390626716,6.584356144,6.820729581
Temoa,nz,SK,Capacity|transportation|T_MDV_T_BEV_N,?,123.3275656,139.9416475,163.977807,185.8520046,198.1614542,212.1905854
Temoa,nz,SK,Capacity|transportation|T_MDV_T_DSL_EX,?,18.39162744,13.59231806,6.12330658,,,
Temoa,nz,SK,Capacity|transportation|T_MDV_T_DSL_HEV_N,?,2.69896E-05,4.17567E-05,5.56386E-05,5.85282E-05,4.17479E-05,4.18657E-05
Temoa,nz,SK,Capacity|transportation|T_MDV_T_DSL_N,?,2.04197E-05,3.48747E-05,4.62163E-05,4.92306E-05,3.41943E-05,3.4903E-05
Temoa,nz,SK,Capacity|transportation|T_MDV_T_DSL_PHEV_N,?,2.21328E-05,4.40526E-05,6.715E-05,8.16101E-05,8.50204E-05,8.91499E-05
Temoa,nz,SK,Capacity|transportation|T_MDV_T_FCEV_N,?,0.000355432,0.000381164,0.000409198,0.000335287,0.000137062,0.000203348
Temoa,nz,SK,Capacity|transportation|T_MDV_T_FCHEV_N,?,0.005594655,0.005776605,0.005950065,0.004426632,0.001509794,0.001447061
Temoa,nz,SK,Capacity|transportation|T_MDV_T_GSL_EX,?,11.71283704,8.513297455,3.753255634,,,
Temoa,nz,SK,Capacity|transportation|T_MDV_T_GSL_N,?,2.87308E-05,4.6034E-05,6.28352E-05,6.76308E-05,6.04625E-05,5.99428E-05
Temoa,nz,SK,Emissions|ch4,?,2370.263254,2131.440577,1794.033914,1303.231554,1158.232664,1052.437026
Temoa,nz,SK,Emissions|ch4|F_A_DSL,?,169.936963,187.7714685,182.0214947,176.5866543,177.152167,180.3304689
Temoa,nz,SK,Emissions|ch4|F_A_NG,?,2.729865289,3.016357212,2.923986046,2.83667634,2.845752575,2.896795566
Temoa,nz,SK,Emissions|ch4|F_C_NG,?,3.470798881,3.380245825,3.133471968,2.749876341,2.338926095,1.921997169
Temoa,nz,SK,Emissions|ch4|F_E_BIO_M,?,0.099940275,0.13391121,0.165638026,0.20894924,0.255854781,0.268260329
Temoa,nz,SK,Emissions|ch4|F_E_COAL,?,0.002599687,0.364011835,0.348060544,0.204738329,0.165005564,0.001419789
Temoa,nz,SK,Emissions|ch4|F_E_NG,?,427.8014501,382.304646,390.2165234,473.3041977,392.5782248,306.6200109
Temoa,nz,SK,Emissions|ch4|F_I_HFO,?,78.6781,78.18681507,77.41933992,71.288,66.73870001,64.5545
Temoa,nz,SK,Emissions|ch4|F_I_NG,?,223.3589813,207.1655112,192.161397,167.7994639,155.2115282,166.2520108
Temoa,nz,SK,Emissions|ch4|F_R_NG,?,30.06809424,20.70519672,10.03571276,1.353378082,0.015649777,0.01241839
Temoa,nz,SK,Emissions|ch4|F_R_WOOD,?,0.054398146,0.117036149,0.186539914,0.216298918,0.219788814,0.214781534
Temoa,nz,SK,Emissions|ch4|F_T_CNG,?,0.000765974,0.000361166,4.76397E-05,4.70506E-05,4.72117E-05,4.39836E-05
Temoa,nz,SK,Emissions|ch4|F_T_DSL,?,57.47570765,49.32908274,34.88057303,19.31997999,20.01706228,21.43395798
Temoa,nz,SK,Emissions|ch4|F_T_GSL,?,1350.4744,1170.046748,869.5676849,354.429364,305.8023528,271.3206107
Temoa,nz,SK,Emissions|ch4|F_T_HFO,?,0.105769538,0.105743493,0.011148889,1.82556E-05,,
Temoa,nz,SK,Emissions|ch4|F_T_JTF,?,6.543139276,7.251627111,7.762898805,8.270014286,8.802044614,9.425207527
Temoa,nz,SK,Emissions|ch4|F_T_LNG,?,19.03324137,21.11056042,22.74825351,24.23515083,25.63836871,27.184277
Temoa,nz,SK,Emissions|ch4|F_T_NG,?,0.429039825,0.451254502,0.451143296,0.428746143,0.451190487,0.000265437
Temoa,nz,SK,Emissions|co2,?,35554.94187,34480.45466,32496.48085,29002.89857,27253.58638,27357.96164
Temoa,nz,SK,Emissions|co2e,?,31727.65941,30713.27244,28970.75453,25862.84727,24260.06232,24369.19697
Temoa,nz,SK,Emissions|co2e|E_COAL_CCS-EXS,?,-0.069341737,-28.89019518,-27.51395461,-15.9180912,-12.60111519,-0.113636185
Temoa,nz,SK,Emissions|co2e|E_COAL_CCS_RFIT_90,?,-0.051548172,-0.099367721,-0.144318701,-0.200310426,-0.261678228,
Temoa,nz,SK,Emissions|co2e|E_COAL_CCS_RFIT_95,?,-0.059932268,-0.114196263,-0.165136798,-0.228619504,-0.297855633,
Temoa,nz,SK,Emissions|co2e|E_NG_CCS-NEW,?,-259.7814167,-54.12289762,-75.91474829,-404.1598565,-722.3123868,-1025.865471
Temoa,nz,SK,Emissions|co2e|E_NG_CCS_RFIT_90,?,-0.211027479,-0.225061887,-0.187126995,-0.269473997,-0.339783502,-0.388959916
Temoa,nz,SK,Emissions|co2e|E_NG_CCS_RFIT_95,?,-0.306384043,-0.354721153,-0.254851619,-0.374086898,-0.47469701,-0.581243775
Temoa,nz,SK,Emissions|co2e|F_A_DSL,?,3540.470405,3912.034883,3792.239804,3679.010218,3690.792122,3757.008935
Temoa,nz,SK,Emissions|co2e|F_A_NG,?,143.545982,158.6107417,153.7535387,149.1624852,149.6397458,152.323767
Temoa,nz,SK,Emissions|co2e|F_C_NG,?,182.5068936,177.7452933,164.7690502,144.598234,122.9890151,101.065416
Temoa,nz,SK,Emissions|co2e|F_E_BIO_G,?,0.024603657,0.02742574,0.017705617,0.01895635,0.007999769,
Temoa,nz,SK,Emissions|co2e|F_E_BIO_M,?,0.037604018,0.050386088,0.062323775,0.078620265,0.096269174,0.100936946
Temoa,nz,SK,Emissions|co2e|F_E_COAL,?,0.21536352,30.15549921,28.83406104,16.96094992,13.66940492,0.117618314
Temoa,nz,SK,Emissions|co2e|F_E_NG,?,1713.036616,1530.854692,1562.536062,1895.24234,1571.992974,1227.792252
Temoa,nz,SK,Emissions|co2e|F_I_BIO,?,621.452,768.2470263,1117.779214,1330.342,1555.112,1832.74
Temoa,nz,SK,Emissions|co2e|F_I_HFO,?,8660.09694,8606.021218,8521.545243,7846.668777,7345.927415,7105.512563
Temoa,nz,SK,Emissions|co2e|F_I_NG,?,11741.70999,10890.43896,10101.69093,8821.013732,8159.281264,8739.666006
Temoa,nz,SK,Emissions|co2e|F_R_NG,?,1581.086852,1088.752551,527.7133086,71.16541122,0.822920665,0.653002936
Temoa,nz,SK,Emissions|co2e|F_R_WOOD,?,0.020468113,0.044036595,0.070188422,0.081385691,0.082698816,0.080814753
Temoa,nz,SK,Emissions|co2e|F_T_CNG,?,0.040266309,0.018986066,0.002504362,0.002473391,0.002481861,0.002312162
Temoa,nz,SK,Emissions|co2e|F_T_DSL,?,1197.450151,1027.723189,726.7026216,402.5128857,417.0359135,446.5555495
Temoa,nz,SK,Emissions|co2e|F_T_ETH,?,140.4281248,173.7163155,129.1043239,52.62196859,45.40233806,40.28284928
Temoa,nz,SK,Emissions|co2e|F_T_GSL,?,1189.587574,1030.654911,765.9729889,312.2049312,269.3710291,238.9972198
Temoa,nz,SK,Emissions|co2e|F_T_HFO,?,11.64205095,11.63918424,1.227157979,0.002009395,0.000644692,0.000346171
Temoa,nz,SK,Emissions|co2e|F_T_JTF,?,212.5643625,235.5807249,252.190205,268.6646639,285.9485215,306.1929671
Temoa,nz,SK,Emissions|co2e|F_T_LNG,?,1000.55435,1109.756486,1195.84802,1274.012403,1347.777861,1429.044379
Temoa,nz,SK,Emissions|co2e|F_T_MDO,?,0.000149904,0.000258124,0.000386401,0.00025968,,7.89432E-05
Temoa,nz,SK,Emissions|co2e|F_T_NG,?,22.55410177,23.72190032,23.71605438,22.53866326,23.71853515,0.013953691
Temoa,nz,SK,Emissions|co2e|F_T_RDSL,?,48.25488792,41.41522491,29.28468759,16.2204783,16.80572778,17.99531111
Temoa,nz,SK,Emissions|co2e|T_I_H2_SMR_CCS,?,-19.1406762,-20.13101402,-20.12570121,-19.12614214,-20.1270481,
Temoa,nz,SK,Emissions|co2|E_COAL_CCS-EXS,?,-0.069341737,-28.89019518,-27.51395461,-15.9180912,-12.60111519,-0.113636185
Temoa,nz,SK,Emissions|co2|E_COAL_CCS_RFIT_90,?,-0.051548172,-0.099367721,-0.144318701,-0.200310426,-0.261678228,
Temoa,nz,SK,Emissions|co2|E_COAL_CCS_RFIT_95,?,-0.059932268,-0.114196263,-0.165136798,-0.228619504,-0.297855633,
Temoa,nz,SK,Emissions|co2|E_NG_CCS-NEW,?,-259.7814167,-54.12289762,-75.91474829,-404.1598565,-722.3123868,-1025.865471
Temoa,nz,SK,Emissions|co2|E_NG_CCS_RFIT_90,?,-0.211027479,-0.225061887,-0.187126995,-0.269473997,-0.339783502,-0.388959916
Temoa,nz,SK,Emissions|co2|E_NG_CCS_RFIT_95,?,-0.306384043,-0.354721153,-0.254851619,-0.374086898,-0.47469701,-0.581243775
Temoa,nz,SK,Emissions|co2|F_A_DSL,?,3396.293421,3752.726845,3637.810127,3529.191538,3540.493654,3604.013949
Temoa,nz,SK,Emissions|co2|F_A_NG,?,142.7645765,157.7473298,152.9165675,148.3505058,148.8251684,151.4945789
Temoa,nz,SK,Emissions|co2|F_C_NG,?,181.5134008,176.7777207,163.872115,143.8111004,122.3195133,100.5152573
Temoa,nz,SK,Emissions|co2|F_E_BIO_G,?,0.024603657,0.02742574,0.017705617,0.01895635,0.007999769,
Temoa,nz,SK,Emissions|co2|F_E_BIO_M,?,0.031011269,0.041552382,0.05139715,0.064836534,0.07939123,0.083240647
Temoa,nz,SK,Emissions|co2|F_E_COAL,?,0.214817586,30.07905673,28.76096832,16.91795487,13.63475375,0.117320158
Temoa,nz,SK,Emissions|co2|F_E_NG,?,1689.379196,1509.713245,1540.957088,1869.068618,1550.283398,1210.836166
Temoa,nz,SK,Emissions|co2|F_IMP_CNG,?,0.002741254,0.001292536,0.000170492,0.000168384,0.00016896,0.000157408
Temoa,nz,SK,Emissions|co2|F_IMP_COAL,?,0.037459472,5.245127307,5.015281619,2.950120008,2.377601794,0.020458061
Temoa,nz,SK,Emissions|co2|F_IMP_DSL,?,1198.493831,1249.5502,1143.101611,1032.452994,1039.107031,1063.32431
Temoa,nz,SK,Emissions|co2|F_IMP_GSL,?,449.3939704,433.9129203,369.1639923,263.0206077,254.1866079,250.9751152
Temoa,nz,SK,Emissions|co2|F_IMP_HFO,?,1458.089526,1448.996606,1433.041882,1319.360338,1235.164108,1194.740058
Temoa,nz,SK,Emissions|co2|F_IMP_JTF,?,45.88456715,50.85292504,54.43828054,57.99449009,61.72541805,66.09542445
Temoa,nz,SK,Emissions|co2|F_IMP_MDO,?,2.53997E-05,4.37364E-05,6.54715E-05,4.40001E-05,,1.33761E-05
Temoa,nz,SK,Emissions|co2|F_IMP_NG,?,1046.293779,943.3189745,852.3626568,754.7921164,681.7823208,695.1301748
Temoa,nz,SK,Emissions|co2|F_IMP_SPK,?,5.43551E-05,0.000140827,0.000250854,0.000398755,0.000607651,0.000546368
Temoa,nz,SK,Emissions|co2|F_I_BIO,?,621.452,768.2470263,1117.779214,1330.342,1555.112,1832.74
Temoa,nz,SK,Emissions|co2|F_I_HFO,?,8632.2793,8578.377277,8494.172653,7821.464001,7322.331101,7082.6885
Temoa,nz,SK,Emissions|co2|F_I_NG,?,11681.07104,10834.19632,10049.5217,8775.458445,8117.143432,8694.530831
Temoa,nz,SK,Emissions|co2|F_R_NG,?,1572.480063,1082.825828,524.8406536,70.77801588,0.818441022,0.649448256
Temoa,nz,SK,Emissions|co2|F_R_WOOD,?,0.016879637,0.036316085,0.057882965,0.067117125,0.068200032,0.066646283
Temoa,nz,SK,Emissions|co2|F_T_CNG,?,0.040058357,0.018888014,0.002491428,0.002460618,0.002469043,0.002300221
Temoa,nz,SK,Emissions|co2|F_T_DSL,?,1148.686926,985.8716795,697.1094374,386.1215344,400.0531475,428.3706686
Temoa,nz,SK,Emissions|co2|F_T_ETH,?,140.4281248,173.7163155,129.1043239,52.62196859,45.40233806,40.28284928
Temoa,nz,SK,Emissions|co2|F_T_GSL,?,1144.944591,991.9763715,737.2274643,300.4884678,259.2620414,230.0281039
Temoa,nz,SK,Emissions|co2|F_T_HFO,?,11.60465479,11.60179729,1.223216148,0.002002941,0.000642621,0.000345059
Temoa,nz,SK,Emissions|co2|F_T_JTF,?,207.245295,229.6857114,245.8795671,261.9417802,278.7931382,298.5310004
Temoa,nz,SK,Emissions|co2|F_T_LNG,?,995.3870817,1104.025254,1189.672176,1267.432888,1340.81739,1421.664216
Temoa,nz,SK,Emissions|co2|F_T_MDO,?,0.000147721,0.000254364,0.000380772,0.000255898,,7.77933E-05
Temoa,nz,SK,Emissions|co2|F_T_NG,?,22.43762326,23.59939082,23.59357507,22.42226447,23.59604303,0.013881629
Temoa,nz,SK,Emissions|co2|F_T_RDSL,?,48.25488792,41.41522491,29.28468759,16.2204783,16.80572778,17.99531111
Temoa,nz,SK,Emissions|co2|T_I_H2_SMR_CCS,?,-19.32413595,-20.32396597,-20.31860224,-19.30946258,-20.31996204,
Temoa,nz,SK,Emissions|n2o,?,1114.881533,1116.566746,1029.201572,929.8394629,909.1442336,923.2723384
Temoa,nz,SK,Emissions|n2o|F_A_DSL,?,510.6913915,564.2873147,547.0076008,530.6749195,532.3743878,541.9257616
Temoa,nz,SK,Emissions|n2o|F_A_NG,?,2.582305003,2.853310876,2.765932746,2.683342484,2.691928112,2.740212022
Temoa,nz,SK,Emissions|n2o|F_C_NG,?,3.28318813,3.197529834,2.964095104,2.601234376,2.212497657,1.81810543
Temoa,nz,SK,Emissions|n2o|F_E_BIO_M,?,0.013898979,0.018623413,0.023035752,0.029059166,0.035582453,0.037307728
Temoa,nz,SK,Emissions|n2o|F_E_COAL,?,0.001733125,0.242674557,0.232040363,0.136492219,0.11000371,0.000946526
Temoa,nz,SK,Emissions|n2o|F_E_NG,?,42.78014501,38.2304646,39.02165234,47.33041977,39.25782248,30.66200109
Temoa,nz,SK,Emissions|n2o|F_I_HFO,?,93.82657,93.24069439,92.32545164,85.01360001,79.58839001,76.98365
Temoa,nz,SK,Emissions|n2o|F_I_NG,?,199.2120644,184.7692397,171.3871919,149.6589813,138.4319035,148.2788204
Temoa,nz,SK,Emissions|n2o|F_R_NG,?,28.44279185,19.5859969,9.4932418,1.28022251,0.014803843,0.011747126
Temoa,nz,SK,Emissions|n2o|F_R_WOOD,?,0.007565305,0.016276551,0.025942637,0.030081306,0.030566656,0.02987028
Temoa,nz,SK,Emissions|n2o|F_T_CNG,?,0.000683166,0.000322121,4.24895E-05,4.1964E-05,4.21077E-05,3.92286E-05
Temoa,nz,SK,Emissions|n2o|F_T_DSL,?,172.7249245,148.2428393,104.8224475,58.06004348,60.1549022,64.41293072
Temoa,nz,SK,Emissions|n2o|F_T_GSL,?,25.01721438,21.6748354,16.10853282,6.565718967,5.664915247,5.026149243
Temoa,nz,SK,Emissions|n2o|F_T_HFO,?,0.12613412,0.126103061,0.013295466,2.17705E-05,,
Temoa,nz,SK,Emissions|n2o|F_T_JTF,?,18.81267253,20.84969927,22.31969502,23.77774094,25.3074214,27.09912403
Temoa,nz,SK,Emissions|n2o|F_T_LNG,?,16.97559365,18.82833767,20.28898286,21.61513453,22.86665318,24.24543625
Temoa,nz,SK,Emissions|n2o|F_T_MDO,?,,1.33442E-05,1.99757E-05,1.34247E-05,,
Temoa,nz,SK,Emissions|n2o|F_T_NG,?,0.382657141,0.402470231,0.402371048,0.382395208,0.402413137,0.000236741
Temoa,nz,SK-AB,Activity|electricity,?,0.034335974,0.039581941,0.070679312,0.23480326,0.237723253,0.322898367
Temoa,nz,SK-AB,Activity|electricity|E_INT,?,0.034335974,0.039581941,0.070679312,0.23480326,0.237723253,0.322898367
Temoa,nz,SK-AB,Capacity|electricity,?,0.153,0.153,0.153,0.153,0.153,0.153
Temoa,nz,SK-AB,Capacity|electricity|E_INT,?,0.153,0.153,0.153,0.153,0.153,0.153
Temoa,nz,SK-MB,Activity|electricity,?,0.006732875,0.006732765,0.008804217,0.038816221,0.038871557,0.034222272
Temoa,nz,SK-MB,Activity|electricity|E_INT,?,0.006732875,0.006732765,0.008804217,0.038816221,0.038871557,0.034222272
Temoa,nz,SK-MB,Capacity|electricity,?,0.415,0.415,0.415,0.415,0.415,0.415
Temoa,nz,SK-MB,Capacity|electricity|E_INT,?,0.415,0.415,0.415,0.415,0.415,0.415
