Model,Scenario,Region,Variable,Unit,2025,2030,2035,2040,2045,2050
Temoa,reference,AB,Activity|agriculture|A_AGRI,?,62.1,68.61725659,66.51604567,64.52999393,64.736649,65.89809461
Temoa,reference,AB,Activity|agriculture|E_A_ELC,?,6.768900766,7.479282652,7.250251807,7.033773602,7.056300931,7.182900946
Temoa,reference,AB,Activity|agriculture|F_A_DSL,?,35.2107,38.90598448,37.7145979,36.58850656,36.70567998,37.36421965
Temoa,reference,AB,Activity|agriculture|F_A_GSL,?,14.3451,15.85058627,15.36520655,14.9064286,14.95416592,15.22245986
Temoa,reference,AB,Activity|agriculture|F_A_NG,?,5.775299234,6.381403178,6.185989418,6.001285171,6.020502166,6.128514166
Temoa,reference,AB,Activity|commercial,?,465.6180504,515.0807927,552.2255485,574.2898481,599.1133266,635.7548792
Temoa,reference,AB,Activity|commercial|C_OTHER,?,80.51675632,88.96681002,95.29340381,99.02226632,103.2265645,109.5399978
Temoa,reference,AB,Activity|commercial|C_SPHC_HP_AIR-NEW,?,15.96878553,17.64458728,18.89873328,19.63694942,20.47142535,21.72336968
Temoa,reference,AB,Activity|commercial|C_SPH_ELC-EXS,?,,0.002303718,,,,
Temoa,reference,AB,Activity|commercial|C_SPH_NG-EXS,?,108.0601095,81.04476842,54.02946842,27.01120699,,
Temoa,reference,AB,Activity|commercial|C_SPH_NG_FRN-NEW,?,19.88455063,60.32465811,97.39685311,130.3411284,164.0327833,174.0648342
Temoa,reference,AB,Activity|commercial|E_C_ELC,?,68.55072457,77.89141054,85.72640447,91.46833985,97.84104553,106.4664319
Temoa,reference,AB,Activity|commercial|F_C_NG,?,172.6371239,189.2062546,200.8806854,206.8099571,213.5415079,223.9602456
Temoa,reference,AB,Activity|electricity,?,1616.755974,1702.090011,1574.351411,1653.233266,1710.41373,1802.861682
Temoa,reference,AB,Activity|electricity|E_BAT_2H-EXS,?,0.338865893,0.474923785,0.190104136,,,
Temoa,reference,AB,Activity|electricity|E_BAT_2H-NEW,?,5.10153E-05,0.00053463,0.142477364,0.468321334,1.032929448,1.252577073
Temoa,reference,AB,Activity|electricity|E_BAT_4H-NEW,?,3.2438E-05,0.000209374,0.000876857,0.006074999,0.020741383,3.871618102
Temoa,reference,AB,Activity|electricity|E_COAL-EXS,?,,,,0.002832729,0.004715837,0.006110978
Temoa,reference,AB,Activity|electricity|E_ELC_DX_to_DEM,?,322.2886089,354.6475795,388.1792337,408.4017716,427.9439039,452.9554222
Temoa,reference,AB,Activity|electricity|E_ELC_TX_to_DX,?,273.5371592,305.896178,339.4279465,359.6505916,397.7549932,433.1357287
Temoa,reference,AB,Activity|electricity|E_HYD_DLY-EXS,?,6.176395711,6.176354859,6.176531818,6.176477698,6.17630239,6.176211151
Temoa,reference,AB,Activity|electricity|E_HYD_ROR-EXS,?,1.157435005,1.157386371,1.157274207,1.157166163,1.157037086,1.156865679
Temoa,reference,AB,Activity|electricity|E_INT_IN-USA,?,2.264683966,2.264606878,2.255465492,2.215917732,2.1573952,2.140621477
Temoa,reference,AB,Activity|electricity|E_NG_CC-EXS,?,189.6736694,184.8251914,104.5437669,111.1953373,54.04103706,38.87991063
Temoa,reference,AB,Activity|electricity|E_NG_CC-NEW,?,18.36133159,18.48811135,17.40289449,17.21782197,81.16637623,104.6986191
Temoa,reference,AB,Activity|electricity|E_NG_CCS-NEW,?,0.003316789,0.006798152,0.000348473,0.002337208,0.006249152,0.010183321
Temoa,reference,AB,Activity|electricity|E_NG_CC_RFIT_BYPASS,?,208.0326643,203.3079433,121.9381174,128.4009654,135.1920373,143.5596089
Temoa,reference,AB,Activity|electricity|E_NG_CG-EXS,?,47.59381894,47.59373479,47.59397725,47.59394082,29.03173572,18.66263743
Temoa,reference,AB,Activity|electricity|E_NG_CT-EXS,?,0.016324396,0.005938173,,,0.004814753,0.000181122
Temoa,reference,AB,Activity|electricity|E_NG_CT-NEW,?,0.000510671,0.000399676,,,0.007484783,0.000368015
Temoa,reference,AB,Activity|electricity|E_SOL_PV-EXS,?,10.04314953,10.04311372,10.0363083,10.01349704,9.532445407,1.80326272
Temoa,reference,AB,Activity|electricity|E_SOL_PV-NEW-1,?,0.001895244,0.008160943,26.06140035,33.56504115,33.09377779,32.71475105
Temoa,reference,AB,Activity|electricity|E_SOL_PV-NEW-2,?,0.001901172,0.008215293,44.5102643,45.19493455,44.87777171,44.60918559
Temoa,reference,AB,Activity|electricity|E_SOL_PV-NEW-3,?,0.001309838,0.005228495,0.022759075,0.057745454,6.247303947,30.69783571
Temoa,reference,AB,Activity|electricity|E_SOL_PV-NEW-4,?,0.001733417,0.007301059,0.12684668,2.275123891,16.35181672,16.11434109
Temoa,reference,AB,Activity|electricity|E_SOL_PV-NEW-5,?,0.001867179,0.008044768,13.4237468,14.2296908,13.95877665,13.75522625
Temoa,reference,AB,Activity|electricity|E_WND_ON-EXS,?,59.75473709,58.87448429,54.56248144,45.92016896,41.12302054,22.9411523
Temoa,reference,AB,Activity|electricity|E_WND_ON-NEW-1,?,0.012941515,4.83378941,7.595549344,7.544584876,7.313374716,7.222377923
Temoa,reference,AB,Activity|electricity|E_WND_ON-NEW-10,?,0.004822895,0.018424506,0.033391861,0.050642146,0.072426978,0.093979512
Temoa,reference,AB,Activity|electricity|E_WND_ON-NEW-11,?,0.004545189,0.017195696,0.033103488,0.051216857,0.073690141,0.09923334
Temoa,reference,AB,Activity|electricity|E_WND_ON-NEW-12,?,0.006710853,0.052161119,12.6217995,18.53506538,31.84177631,31.39617509
Temoa,reference,AB,Activity|electricity|E_WND_ON-NEW-13,?,0.004934783,0.020478474,0.0494429,0.087977206,0.153146432,0.239857151
Temoa,reference,AB,Activity|electricity|E_WND_ON-NEW-2,?,0.009898786,11.46836124,11.61778955,11.58994156,11.362117,11.24190453
Temoa,reference,AB,Activity|electricity|E_WND_ON-NEW-3,?,0.007135723,0.078367307,6.379054046,6.655442617,6.548010774,6.475010153
Temoa,reference,AB,Activity|electricity|E_WND_ON-NEW-4,?,0.009240529,0.854341477,8.040757302,12.54284206,14.24922027,14.07953695
Temoa,reference,AB,Activity|electricity|E_WND_ON-NEW-5,?,0.005169024,0.025552412,0.052165614,0.082351706,0.127325761,0.175315361
Temoa,reference,AB,Activity|electricity|E_WND_ON-NEW-6,?,0.007857435,0.05528093,0.123652219,0.219132301,3.676302068,23.02923158
Temoa,reference,AB,Activity|electricity|E_WND_ON-NEW-7,?,0.006356878,0.062404095,6.166807325,6.422986261,6.439597606,6.321744492
Temoa,reference,AB,Activity|electricity|E_WND_ON-NEW-8,?,0.011451911,21.91100392,22.69379938,22.68818773,22.39614152,22.15909303
Temoa,reference,AB,Activity|electricity|E_WND_ON-NEW-9,?,0.0083904,0.073643353,0.120881969,0.191235611,1.353200122,14.72746648
Temoa,reference,AB,Activity|electricity|F_E_BIO_M,?,0.001964353,0.004251788,0.006066556,0.008086956,0.01155243,0.014624551
Temoa,reference,AB,Activity|electricity|F_E_COAL,?,0.002159622,0.004573447,0.006750146,0.009601703,0.012949821,0.015956606
Temoa,reference,AB,Activity|electricity|F_E_NG,?,477.4009319,468.8097432,321.0575783,332.8082127,303.9002322,296.427207
Temoa,reference,AB,Activity|electricity|F_E_U_ENR,?,,,,,,0.000549526
Temoa,reference,AB,Activity|fuel|F_IMP_BIO,?,69.58218908,70.36,71.32,71.63,69.93999999,66.68
Temoa,reference,AB,Activity|fuel|F_IMP_BIO_M,?,0.001964353,0.004251788,0.006066556,0.008086956,0.01155243,0.014624551
Temoa,reference,AB,Activity|fuel|F_IMP_CNG,?,0.251129518,0.11167725,,,,
Temoa,reference,AB,Activity|fuel|F_IMP_COAL,?,0.002159622,0.004573447,0.006750146,0.009601703,0.012949821,0.015956606
Temoa,reference,AB,Activity|fuel|F_IMP_DSL,?,183.4174379,169.2792319,139.310171,102.15595,87.93056661,86.48549596
Temoa,reference,AB,Activity|fuel|F_IMP_ETH,?,13.24723332,14.69384242,10.83622467,12.13429553,12.67581284,11.40623847
Temoa,reference,AB,Activity|fuel|F_IMP_GSL,?,121.5272605,99.1156933,76.7704797,83.6674366,86.783772,79.85781118
Temoa,reference,AB,Activity|fuel|F_IMP_H2,?,,63.7100005,66.46000054,66.4400006,67.26000063,68.78000081
Temoa,reference,AB,Activity|fuel|F_IMP_HFO,?,792.5061587,738.6678697,713.9978635,709.5778543,717.4578473,730.9660394
Temoa,reference,AB,Activity|fuel|F_IMP_JTF,?,45.44701142,48.99292076,50.80389351,53.26167963,56.55431109,60.55812256
Temoa,reference,AB,Activity|fuel|F_IMP_LNG,?,24.08057546,27.0808755,29.27560311,34.48787843,36.51675064,38.75177584
Temoa,reference,AB,Activity|fuel|F_IMP_LPG,?,1.20885064,0.853308121,0.49776482,0.056888736,,
Temoa,reference,AB,Activity|fuel|F_IMP_NG,?,2908.645044,2773.179792,2573.665007,2491.572686,2425.883871,2435.580611
Temoa,reference,AB,Activity|fuel|F_IMP_RDSL,?,6.175280745,5.432218643,4.23314888,2.731976812,2.134370276,2.046719846
Temoa,reference,AB,Activity|fuel|F_IMP_U_ENR,?,,,,,,0.000549526
Temoa,reference,AB,Activity|fuel|F_IMP_WOOD,?,68.34043107,113.8953303,169.8604725,229.0687333,252.3381332,267.228253
Temoa,reference,AB,Activity|industrial|E_I_ELC,?,197.4454215,214.46,232.96,240.64,245.36,249.9
Temoa,reference,AB,Activity|industrial|F_I_BIO,?,69.58218908,70.36,71.32,71.63,69.93999999,66.68
Temoa,reference,AB,Activity|industrial|F_I_H2,?,,63.71,66.45999999,66.44,67.26,68.78
Temoa,reference,AB,Activity|industrial|F_I_HFO,?,792.3482837,738.51,713.84,709.42,717.3,730.85
Temoa,reference,AB,Activity|industrial|F_I_NG,?,2081.044106,1949.92,1910.54,1839.14,1796.78,1802.19
Temoa,reference,AB,Activity|industrial|I_IND,?,3140.42,3036.96,2995.12,2927.27,2896.64,2918.4
Temoa,reference,AB,Activity|residential,?,443.5293707,476.6716727,517.7257716,561.0628294,598.4092106,633.5403158
Temoa,reference,AB,Activity|residential|E_R_ELC,?,35.51575593,30.81702906,25.60059571,23.72830884,22.1461553,23.2735004
Temoa,reference,AB,Activity|residential|F_R_LPG,?,1.20885064,0.853308121,0.49776482,0.056888736,,
Temoa,reference,AB,Activity|residential|F_R_NG,?,147.6243013,127.7248831,103.8631769,75.6756246,76.06085323,80.5480217
Temoa,reference,AB,Activity|residential|F_R_WOOD,?,68.34043107,113.8953303,169.8604725,229.0687333,252.3381332,267.228253
Temoa,reference,AB,Activity|residential|R_APP_CL_WASH-EXS,?,0.055151351,0.022023178,,,,
Temoa,reference,AB,Activity|residential|R_APP_CL_WASH-TYP-NEW,?,0.027463403,0.065981824,0.094330758,0.099456607,0.105947309,0.112421805
Temoa,reference,AB,Activity|residential|R_APP_COOK_ELEC-EXS,?,0.055614784,0.034224463,0.008998642,,,
Temoa,reference,AB,Activity|residential|R_APP_COOK_NG-EXS,?,0.004018165,0.001219119,,,,
Temoa,reference,AB,Activity|residential|R_APP_COOK_NG-TYP-NEW,?,0.028403942,0.058000933,0.090137061,0.107002856,0.114514458,0.121265519
Temoa,reference,AB,Activity|residential|R_APP_DRY_ELEC-EXS,?,0.042305276,0.021091207,,,,
Temoa,reference,AB,Activity|residential|R_APP_DRY_NG-EXS,?,0.00354055,0.00086273,,,,
Temoa,reference,AB,Activity|residential|R_APP_DRY_NG-TYP-NEW,?,0.041997895,0.070479311,0.100040691,0.106645414,0.114379973,0.121102544
Temoa,reference,AB,Activity|residential|R_APP_DS_WASH-EXS,?,0.043921431,0.023875939,0.000572881,,,
Temoa,reference,AB,Activity|residential|R_APP_DS_WASH-TYP-NEW,?,0.029602745,0.053337497,0.080209084,0.088668289,0.095097044,0.100625046
Temoa,reference,AB,Activity|residential|R_APP_FREZ-EXS,?,0.048080657,0.033939281,0.019797902,0.000510585,,
Temoa,reference,AB,Activity|residential|R_APP_FREZ-TYP-NEW,?,0.020123481,0.038748962,0.058082556,0.080847206,0.088588025,0.093815426
Temoa,reference,AB,Activity|residential|R_APP_OTH,?,1.840986611,1.962022804,2.102172592,2.243324511,2.391194415,2.532294
Temoa,reference,AB,Activity|residential|R_APP_REFR-EXS,?,0.060807912,0.006481527,,,,
Temoa,reference,AB,Activity|residential|R_APP_REFR-TYP-NEW,?,0.053467594,0.114839119,0.130488096,0.139249814,0.148428539,0.157187009
Temoa,reference,AB,Activity|residential|R_LGT_CFL-EXS,?,2.604947634,1.674656368,0.636374732,,,
Temoa,reference,AB,Activity|residential|R_LGT_LED-EXS,?,3.849821214,3.849832971,3.657361474,3.84982765,3.07983142,2.114785168
Temoa,reference,AB,Activity|residential|R_LGT_LED-TYP-NEW,?,9.531955767,11.81162342,14.59845563,16.54823201,18.95678481,21.32455779
Temoa,reference,AB,Activity|residential|R_LGT_T12-EXS,?,1.053788969,0.824734241,0.565865953,0.366543527,0.096677617,
Temoa,reference,AB,Activity|residential|R_SPC_CENT_AC-EXS,?,1.223599992,0.86367585,0.503750461,0.057580971,,
Temoa,reference,AB,Activity|residential|R_SPC_ROOM_AC-EXS,?,0.085756152,,,,,
Temoa,reference,AB,Activity|residential|R_SPHC_AIR_HP-TYP-NEW,?,1.13005649,1.905590221,2.59712226,3.404472636,3.709677375,3.928658505
Temoa,reference,AB,Activity|residential|R_SPHC_GEO_HP-TYP-NEW,?,0.000106426,0.00024236,0.000598383,0.000916522,0.001358462,0.001586318
Temoa,reference,AB,Activity|residential|R_SPH_ELEC-EXS,?,9.087529164,6.696074638,4.304619625,1.721848721,,
Temoa,reference,AB,Activity|residential|R_SPH_HP-EXS,?,1.292118126,0.704778288,0.044646803,,,
Temoa,reference,AB,Activity|residential|R_SPH_NG-EXS,?,78.85211765,58.58976189,32.46855945,3.710732391,,
Temoa,reference,AB,Activity|residential|R_SPH_NG_FRN-TYP-NEW,?,,0.000663213,0.000473488,0.000445087,0.000973622,0.001111171
Temoa,reference,AB,Activity|residential|R_SPH_OTH-EXS,?,0.60442532,0.42665406,0.24888241,0.028444368,,
Temoa,reference,AB,Activity|residential|R_SPH_WOOD-TYP-NEW,?,48.52170606,80.86568449,120.6009355,162.6388007,179.1600745,189.7320596
Temoa,reference,AB,Activity|residential|R_WAH_ELC-EXS,?,0.802076102,0.437385221,0.029162957,,,
Temoa,reference,AB,Activity|residential|R_WAH_ELEC-TYP-NEW,?,,4.32178E-05,0.000103035,0.000444587,0.001172845,0.001859305
Temoa,reference,AB,Activity|residential|R_WAH_NG-EXS,?,15.3765026,7.688249211,,,,
Temoa,reference,AB,Activity|residential|R_WAH_NG-TYP-NEW,?,14.46803834,24.53434465,34.96201925,37.33927944,39.79936849,42.14721155
Temoa,reference,AB,Activity|transportation,?,1173.193216,1197.17803,1144.359976,1129.077737,1149.633837,1174.482428
Temoa,reference,AB,Activity|transportation|E_T_ELC,?,14.00780618,23.99985728,36.64198176,45.53134929,55.54040212,66.13258898
Temoa,reference,AB,Activity|transportation|F_T_CNG,?,0.251129518,0.11167725,,,,
Temoa,reference,AB,Activity|transportation|F_T_DSL,?,148.2067379,130.3732474,101.5955731,65.56744349,51.22488663,49.12127632
Temoa,reference,AB,Activity|transportation|F_T_ETH,?,13.24723332,14.69384242,10.83622467,12.13429553,12.67581284,11.40623847
Temoa,reference,AB,Activity|transportation|F_T_GSL,?,107.1821605,83.26510702,61.40527315,68.761008,71.82960609,64.63535132
Temoa,reference,AB,Activity|transportation|F_T_HFO,?,0.157874981,0.157869727,0.157863519,0.157854279,0.15784727,0.116039424
Temoa,reference,AB,Activity|transportation|F_T_JTF,?,45.44701142,48.99292076,50.80389351,53.26167963,56.55431109,60.55812256
Temoa,reference,AB,Activity|transportation|F_T_LNG,?,24.08057546,27.0808755,29.27560311,34.48787843,36.51675064,38.75177584
Temoa,reference,AB,Activity|transportation|F_T_NG,?,24.16328224,31.13750737,31.13757682,31.13760671,29.58077573,26.32662226
Temoa,reference,AB,Activity|transportation|F_T_RDSL,?,6.175280745,5.432218643,4.23314888,2.731976812,2.134370276,2.046719846
Temoa,reference,AB,Activity|transportation|T_BLND_ETH_GSL,?,120.4293938,97.95894944,72.24149782,80.89530353,84.50541892,76.04158979
Temoa,reference,AB,Activity|transportation|T_BLND_GSL_ELC_PHEV35,?,28.47840267,33.46456335,33.75683902,20.49135783,15.50521112,15.19500777
Temoa,reference,AB,Activity|transportation|T_BLND_JTF,?,45.44701006,48.99291754,50.80388836,53.26167256,56.55430222,60.55811552
Temoa,reference,AB,Activity|transportation|T_BLND_RDSL_DSL,?,154.3820186,135.8054661,105.828722,68.2994203,53.3592569,51.16799616
Temoa,reference,AB,Activity|transportation|T_ELC_AC_DC,?,,,0.00037441,0.000732526,,0.002472966
Temoa,reference,AB,Activity|transportation|T_H2_COMP_100_700,?,19.52270985,25.15968402,25.1595873,25.16084575,23.90222269,21.27953164
Temoa,reference,AB,Activity|transportation|T_H2_COMP_10_100,?,19.52270985,25.15968402,25.15956895,25.16082444,23.90219904,21.27952259
Temoa,reference,AB,Activity|transportation|T_H2_HDV_REFUEL,?,3.693044216,10.8414358,11.62367389,16.79131816,22.99919971,20.72900602
Temoa,reference,AB,Activity|transportation|T_H2_MDV_REFUEL,?,15.73205077,14.19242413,13.41239086,8.246008635,0.78564494,0.444006053
Temoa,reference,AB,Activity|transportation|T_H2_distribution,?,19.52270985,25.15968402,25.16192302,25.16319657,23.90458852,21.27959488
Temoa,reference,AB,Activity|transportation|T_HDV_AJF_JFL_EX,?,0.095134445,0.083604003,0.059246086,0.028417956,,
Temoa,reference,AB,Activity|transportation|T_HDV_AJF_JFL_N,?,0.301886981,0.358919292,0.417421688,0.482589621,0.544842677,0.583416326
Temoa,reference,AB,Activity|transportation|T_HDV_AJP_JFL_EX,?,10.34123708,8.824359897,5.570253499,1.954374647,,
Temoa,reference,AB,Activity|transportation|T_HDV_AJP_JFL_N,?,21.98867601,27.16246416,33.19332227,39.60184362,44.30781584,47.4446262
Temoa,reference,AB,Activity|transportation|T_HDV_BIC_DSL_EX,?,0.105880409,0.046953119,,,,
Temoa,reference,AB,Activity|transportation|T_HDV_BIC_GSL_EX,?,0.012625024,0.0072046,,,,
Temoa,reference,AB,Activity|transportation|T_HDV_BIC_GSL_N,?,0.725576361,0.884797233,1.011972899,1.084862525,1.156653409,1.238530692
Temoa,reference,AB,Activity|transportation|T_HDV_BS_BEV_N,?,,,3.006796615,6.919707225,7.952151641,8.613466067
Temoa,reference,AB,Activity|transportation|T_HDV_BS_CNG_EX,?,0.293462859,0.130476258,,,,
Temoa,reference,AB,Activity|transportation|T_HDV_BS_DSL_EX,?,0.983796779,0.393991117,,,,
Temoa,reference,AB,Activity|transportation|T_HDV_BS_FCHEV_N,?,4.522454844,5.978169078,4.044856598,0.640007553,0.108132149,0.017475776
Temoa,reference,AB,Activity|transportation|T_HDV_BS_GSL_EX,?,0.081644159,0.043760846,,,,
Temoa,reference,AB,Activity|transportation|T_HDV_BT_BEV_EX,?,0.141198582,0.070804381,,,,
Temoa,reference,AB,Activity|transportation|T_HDV_BT_BEV_N,?,,0.214586303,2.091169336,2.098954543,1.276521228,2.504948769
Temoa,reference,AB,Activity|transportation|T_HDV_BT_CNG_EX,?,0.048968815,0.019620569,,,,
Temoa,reference,AB,Activity|transportation|T_HDV_BT_DSL_EX,?,0.546931992,0.245641251,,,,
Temoa,reference,AB,Activity|transportation|T_HDV_BT_FCHEV_N,?,2.872966379,3.470849817,2.244535699,2.549118927,3.679312015,2.801748385
Temoa,reference,AB,Activity|transportation|T_HDV_BT_GSL_EX,?,0.005348965,0.002256976,,,,
Temoa,reference,AB,Activity|transportation|T_HDV_CHRG,?,0.062066989,0.137270361,4.174019959,8.577083405,12.97821846,16.68582519
Temoa,reference,AB,Activity|transportation|T_HDV_RF_DSL_EX,?,15.48069094,15.48289248,15.48061655,,,
Temoa,reference,AB,Activity|transportation|T_HDV_RF_LNG_N,?,108.4413448,122.4549766,133.1019428,159.2865593,169.8338282,181.8574689
Temoa,reference,AB,Activity|transportation|T_HDV_RICP_DSL_EX,?,0.437998444,0.487533833,0.513286274,0.305696746,0.121724661,
Temoa,reference,AB,Activity|transportation|T_HDV_RICP_DSL_N,?,,,0.011650205,0.257072393,0.478319925,0.642539275
Temoa,reference,AB,Activity|transportation|T_HDV_T_BEV_N,?,,,6.911503407,17.25562318,29.9042878,39.63310377
Temoa,reference,AB,Activity|transportation|T_HDV_T_DSL_EX,?,41.54311968,32.37978773,17.77639355,,,
Temoa,reference,AB,Activity|transportation|T_HDV_T_DSL_HEV_N,?,24.7081564,34.2965861,44.16266731,50.00762392,34.98279066,32.41577459
Temoa,reference,AB,Activity|transportation|T_HDV_T_FCHEV_N,?,,7.068662019,10.58469358,17.89472835,25.90950445,25.17580091
Temoa,reference,AB,Activity|transportation|T_HDV_WTF_HFO_EX,?,0.999951076,0.999896273,0.999830721,0.999738645,0.999646971,
Temoa,reference,AB,Activity|transportation|T_HDV_WTF_HFO_N,?,,,,,,0.99963012
Temoa,reference,AB,Activity|transportation|T_I_H2_ELC_ALK,?,,,,2.01327E-05,,0.00017238
Temoa,reference,AB,Activity|transportation|T_I_H2_ELC_PEM,?,,,,2.01716E-05,,0.000280715
Temoa,reference,AB,Activity|transportation|T_I_H2_SMR,?,19.52218067,25.15684025,25.15686121,25.15686546,23.89904358,21.26991019
Temoa,reference,AB,Activity|transportation|T_LDV_BEV_CHRG,?,0.117480202,0.272977493,0.366913548,0.429416275,2.368045449,7.42174729
Temoa,reference,AB,Activity|transportation|T_LDV_C_BEV150_EX,?,0.049221699,0.040743227,,,,
Temoa,reference,AB,Activity|transportation|T_LDV_C_BEV150_N,?,,,,,0.490961112,1.844601377
Temoa,reference,AB,Activity|transportation|T_LDV_C_BEV200_N,?,,,,,0.981924982,3.689206461
Temoa,reference,AB,Activity|transportation|T_LDV_C_BEV300_N,?,,,,,1.472889261,5.533811214
Temoa,reference,AB,Activity|transportation|T_LDV_C_BEV400_N,?,,,,,1.963853512,7.378416755
Temoa,reference,AB,Activity|transportation|T_LDV_C_DSL_EX,?,0.044021111,0.003097234,,,,
Temoa,reference,AB,Activity|transportation|T_LDV_C_GSL_EX,?,3.371264073,1.817098051,,,,
Temoa,reference,AB,Activity|transportation|T_LDV_C_GSL_HEV_EX,?,0.08857702,0.052166676,,,,
Temoa,reference,AB,Activity|transportation|T_LDV_C_GSL_HEV_N,?,21.55913293,26.04771579,30.14613801,32.31752483,29.54829321,18.45136945
Temoa,reference,AB,Activity|transportation|T_LDV_C_GSL_PHEV35_EX,?,0.030574676,0.024921202,,,,
Temoa,reference,AB,Activity|transportation|T_LDV_LTF_DSL_EX,?,0.207702971,0.170338138,0.031492443,,,
Temoa,reference,AB,Activity|transportation|T_LDV_LTF_GSL_EX,?,2.469684556,1.804635085,0.322929928,,,
Temoa,reference,AB,Activity|transportation|T_LDV_LTF_GSL_HEV_N,?,,,,,0.008411902,0.008733513
Temoa,reference,AB,Activity|transportation|T_LDV_LTF_GSL_PHEV35_EX,?,0.000594115,0.001912878,,,,
Temoa,reference,AB,Activity|transportation|T_LDV_LTF_GSL_PHEV35_N,?,3.865925714,5.308738627,7.494033682,8.414467675,8.962905175,9.597724341
Temoa,reference,AB,Activity|transportation|T_LDV_LTP_BEV300_EX,?,0.020444512,0.020728513,0.003521331,,,
Temoa,reference,AB,Activity|transportation|T_LDV_LTP_DSL_EX,?,0.32344154,0.206335799,0.034558928,,,
Temoa,reference,AB,Activity|transportation|T_LDV_LTP_GSL_EX,?,8.147689666,5.4320493,0.933959916,,,
Temoa,reference,AB,Activity|transportation|T_LDV_LTP_GSL_HEV_EX,?,0.057283887,0.05509777,0.010421967,,,
Temoa,reference,AB,Activity|transportation|T_LDV_LTP_GSL_HEV_N,?,,,7.170266141,35.05952012,47.4406727,52.14129847
Temoa,reference,AB,Activity|transportation|T_LDV_LTP_GSL_PHEV35_EX,?,0.011969428,0.013215308,0.000558514,,,
Temoa,reference,AB,Activity|transportation|T_LDV_LTP_GSL_PHEV35_N,?,27.31970012,34.21038989,34.86451327,11.06078779,1.733406177,0.514023689
Temoa,reference,AB,Activity|transportation|T_LDV_M_BEV_N,?,0.170012336,0.482096897,0.719178482,0.849490347,0.905742314,0.969868039
Temoa,reference,AB,Activity|transportation|T_LDV_M_GSL_EX,?,0.491062837,0.253709217,0.073314012,,,
Temoa,reference,AB,Activity|transportation|T_LDV_PHEV_CHRG,?,10.47700795,12.31147636,12.4194867,7.538993954,5.704525193,5.590400441
Temoa,reference,AB,Activity|transportation|T_MDV_CHRG,?,,6.362597273,13.5009168,21.91477507,26.54422663,27.68736365
Temoa,reference,AB,Activity|transportation|T_MDV_T_BEV_N,?,,4.397451859,10.22722413,17.2005269,21.5604173,23.24651744
Temoa,reference,AB,Activity|transportation|T_MDV_T_DSL_EX,?,6.906895826,5.115109728,2.304344936,,,
Temoa,reference,AB,Activity|transportation|T_MDV_T_FCHEV_N,?,4.666748571,5.062697559,5.206838972,3.330009346,0.329546359,0.193165213
Temoa,reference,AB,Activity|transportation|T_MDV_T_GSL_EX,?,4.398705874,3.203755601,1.412439049,,,
Temoa,reference,AB,Activity|transportation|T_OFF,?,14.4856338,16.12413786,17.36828071,18.61954345,19.85241577,21.2578839
Temoa,reference,AB,Capacity|commercial,?,603.9027299,625.9817037,645.4250053,670.7039146,699.1739785,741.937216
Temoa,reference,AB,Capacity|commercial|C_SPC_AC_ROOF-NEW,?,0.001839887,0.003934003,0.005825946,0.007888609,0.008537325,0.008785249
Temoa,reference,AB,Capacity|commercial|C_SPHC_HP_AIR-NEW,?,43.29929965,47.84332719,51.24403739,53.2464342,55.50899775,58.90547065
Temoa,reference,AB,Capacity|commercial|C_SPHC_HP_GEO-NEW,?,0.000684304,0.001469051,0.002208396,0.002497162,0.002692899,0.00286452
Temoa,reference,AB,Capacity|commercial|C_SPH_ELC-EXS,?,58.59759588,23.43903835,,,,
Temoa,reference,AB,Capacity|commercial|C_SPH_ELC_BLR-NEW,?,0.007654731,0.016398885,0.026488715,0.030477003,0.034293538,0.037761601
Temoa,reference,AB,Capacity|commercial|C_SPH_ELC_RES-NEW,?,0.007591936,0.016281717,0.026327256,0.033295577,0.036057509,0.038479078
Temoa,reference,AB,Capacity|commercial|C_SPH_NG-EXS,?,423.9713567,317.9785175,211.9856783,105.9928392,,
Temoa,reference,AB,Capacity|commercial|C_SPH_NG_FRN-NEW,?,78.0167068,236.682737,382.1344392,511.3904829,643.5833994,682.9438549
Temoa,reference,AB,Capacity|electricity,?,26.34627089,29.13665471,39.96200172,41.76413333,45.97608106,49.46977377
Temoa,reference,AB,Capacity|electricity|E_BAT_2H-EXS,?,0.37,0.37,0.256,,,
Temoa,reference,AB,Capacity|electricity|E_BAT_2H-NEW,?,0.000244702,0.000861163,0.203742425,0.354408252,0.518316617,0.49640735
Temoa,reference,AB,Capacity|electricity|E_BAT_4H-NEW,?,0.000143952,0.000421472,0.001132702,0.002358778,0.005090432,1.029489334
Temoa,reference,AB,Capacity|electricity|E_BIO_M-EXS,?,0.444,0.444,0.444,0.401,0.354,0.336
Temoa,reference,AB,Capacity|electricity|E_BIO_M-NEW,?,5.08369E-05,0.000108392,0.00017448,0.000246295,0.000322382,0.000404683
Temoa,reference,AB,Capacity|electricity|E_COAL-EXS,?,4.36,3.952,3.122,2.7,2.299,1.366
Temoa,reference,AB,Capacity|electricity|E_COAL_CCS_RFIT_90,?,2.80161E-05,5.86771E-05,9.19058E-05,0.000126167,0.000159719,0.000187856
Temoa,reference,AB,Capacity|electricity|E_COAL_CCS_RFIT_95,?,2.72414E-05,5.70828E-05,8.94694E-05,0.000122827,0.000155463,0.000182771
Temoa,reference,AB,Capacity|electricity|E_HYD_DLY-EXS,?,0.781,0.781,0.781,0.781,0.781,0.781
Temoa,reference,AB,Capacity|electricity|E_HYD_ROR-EXS,?,0.1464,0.1464,0.1464,0.1464,0.1464,0.1464
Temoa,reference,AB,Capacity|electricity|E_INT_IN-USA,?,0.294,0.294,0.294,0.294,0.294,0.294
Temoa,reference,AB,Capacity|electricity|E_NG_CC-EXS,?,6.1022,6.1022,6.1022,6.1022,5.452,5.452
Temoa,reference,AB,Capacity|electricity|E_NG_CC-NEW,?,0.582728533,0.587585475,0.590702117,0.601295528,3.271674779,4.824928254
Temoa,reference,AB,Capacity|electricity|E_NG_CCS-NEW,?,0.000170555,0.000378623,0.000640622,0.000954641,0.001304093,0.001712267
Temoa,reference,AB,Capacity|electricity|E_NG_CCS_RFIT_90,?,7.86954E-05,0.000170036,0.000276107,0.000394842,0.000527496,0.000675717
Temoa,reference,AB,Capacity|electricity|E_NG_CCS_RFIT_95,?,7.62805E-05,0.000164932,0.000268036,0.000383493,0.000512448,0.000656619
Temoa,reference,AB,Capacity|electricity|E_NG_CG-EXS,?,5.04905,5.04905,5.04905,5.04905,3.08705,1.99105
Temoa,reference,AB,Capacity|electricity|E_NG_CT-EXS,?,1.798,1.788,1.788,1.788,1.597,1.597
Temoa,reference,AB,Capacity|electricity|E_NG_CT-NEW,?,0.000161926,0.000405919,0.002236577,0.825091905,1.742185517,1.931133185
Temoa,reference,AB,Capacity|electricity|E_SOL_PV-EXS,?,1.695,1.695,1.695,1.695,1.658,0.3448
Temoa,reference,AB,Capacity|electricity|E_SOL_PV-NEW-1,?,0.00028282,0.001000583,2.706053478,3.486815705,3.497812465,3.499028912
Temoa,reference,AB,Capacity|electricity|E_SOL_PV-NEW-2,?,0.000283527,0.001005095,4.621685315,4.70318448,4.711501812,4.712624932
Temoa,reference,AB,Capacity|electricity|E_SOL_PV-NEW-3,?,0.00024035,0.00075547,0.002865941,0.007125709,0.702743191,3.355580487
Temoa,reference,AB,Capacity|electricity|E_SOL_PV-NEW-4,?,0.000268881,0.000921638,0.013847333,0.242686594,1.727235395,1.728916487
Temoa,reference,AB,Capacity|electricity|E_SOL_PV-NEW-5,?,0.000278585,0.000984114,1.39164752,1.484697639,1.492824064,1.493831601
Temoa,reference,AB,Capacity|electricity|E_WND_ON-EXS,?,4.7115,4.6421,4.3025,3.6253,3.2504,1.828
Temoa,reference,AB,Capacity|electricity|E_WND_ON-NEW-1,?,0.001158993,0.392512999,0.61747643,0.621751108,0.623340061,0.624347677
Temoa,reference,AB,Capacity|electricity|E_WND_ON-NEW-10,?,0.000570524,0.001927655,0.003485138,0.005346787,0.007954557,0.010617026
Temoa,reference,AB,Capacity|electricity|E_WND_ON-NEW-11,?,0.000541145,0.001820664,0.003460568,0.005399733,0.008078161,0.011139662
Temoa,reference,AB,Capacity|electricity|E_WND_ON-NEW-12,?,0.00072571,0.004934938,1.143407443,1.686466947,2.946448473,2.949846505
Temoa,reference,AB,Capacity|electricity|E_WND_ON-NEW-13,?,0.000607399,0.002192089,0.005136643,0.009177329,0.01657866,0.026458765
Temoa,reference,AB,Capacity|electricity|E_WND_ON-NEW-2,?,0.000918228,0.954320751,0.967893045,0.97208652,0.974067616,0.975091596
Temoa,reference,AB,Capacity|electricity|E_WND_ON-NEW-3,?,0.000736654,0.007112656,0.564096734,0.595311876,0.604360888,0.606276077
Temoa,reference,AB,Capacity|electricity|E_WND_ON-NEW-4,?,0.000869142,0.071197124,0.667799469,1.051705629,1.233988522,1.237023857
Temoa,reference,AB,Capacity|electricity|E_WND_ON-NEW-5,?,0.000590939,0.002548556,0.005130712,0.008210953,0.013294597,0.018799173
Temoa,reference,AB,Capacity|electricity|E_WND_ON-NEW-6,?,0.0007939,0.004978621,0.011111091,0.020022746,0.332705033,2.036163211
Temoa,reference,AB,Capacity|electricity|E_WND_ON-NEW-7,?,0.000687005,0.005845445,0.558515642,0.584868376,0.605884323,0.608823996
Temoa,reference,AB,Capacity|electricity|E_WND_ON-NEW-8,?,0.001067597,1.822370533,1.888467736,1.895100046,1.898147732,1.899201239
Temoa,reference,AB,Capacity|electricity|E_WND_ON-NEW-9,?,0.000788756,0.006264012,0.010417042,0.016842422,0.120016568,1.253974527
Temoa,reference,AB,Capacity|residential,?,270.1259846,287.4345214,316.008653,328.0041871,349.6183117,370.2219642
Temoa,reference,AB,Capacity|residential|R_APP_CL_WASH-EXS,?,1.10302725,0.4412109,,,,
Temoa,reference,AB,Capacity|residential|R_APP_CL_WASH-TYP-NEW,?,0.549266686,1.319714727,1.88671061,2.013395424,2.146109485,2.272747142
Temoa,reference,AB,Capacity|residential|R_APP_COOK_ELEC-EXS,?,1.112296059,0.684489882,0.188234718,,,
Temoa,reference,AB,Capacity|residential|R_APP_COOK_ELEC-TYP-NEW,?,0.000171983,0.000356131,0.000523471,0.000526821,0.000516355,0.00053729
Temoa,reference,AB,Capacity|residential|R_APP_COOK_NG-EXS,?,0.095068235,0.047534118,,,,
Temoa,reference,AB,Capacity|residential|R_APP_COOK_NG-TYP-NEW,?,0.56847238,1.160393209,1.839218635,2.16361909,2.306280395,2.442378934
Temoa,reference,AB,Capacity|residential|R_APP_DRY_ELEC-EXS,?,0.846105882,0.423052941,,,,
Temoa,reference,AB,Capacity|residential|R_APP_DRY_ELEC-TYP-NEW,?,0.00013795,0.000289319,0.0004064,0.000437883,0.000457411,0.000481917
Temoa,reference,AB,Capacity|residential|R_APP_DRY_NG-EXS,?,0.085561176,0.042780588,,,,
Temoa,reference,AB,Capacity|residential|R_APP_DRY_NG-TYP-NEW,?,0.839957864,1.422125467,2.022721244,2.158534278,2.300824629,2.436594238
Temoa,reference,AB,Capacity|residential|R_APP_DS_WASH-EXS,?,0.878428941,0.479143059,0.031942871,,,
Temoa,reference,AB,Capacity|residential|R_APP_DS_WASH-TYP-NEW,?,0.5920543,1.088018422,1.647163001,1.791850339,1.909961142,2.02266419
Temoa,reference,AB,Capacity|residential|R_APP_FREZ-EXS,?,0.9616135,0.678786,0.3959585,0.0452524,,
Temoa,reference,AB,Capacity|residential|R_APP_FREZ-TYP-NEW,?,0.402469735,0.774979506,1.161651412,1.616944442,1.771760821,1.876308937
Temoa,reference,AB,Capacity|residential|R_APP_REFR-EXS,?,1.216158417,0.138989533,,,,
Temoa,reference,AB,Capacity|residential|R_APP_REFR-TYP-NEW,?,1.069351829,2.296782433,2.609762122,2.784996537,2.968571052,3.143740501
Temoa,reference,AB,Capacity|residential|R_LGT_CFL-EXS,?,39.0558088,25.10730565,10.04292226,,,
Temoa,reference,AB,Capacity|residential|R_LGT_LED-EXS,?,57.71864168,57.71864168,57.71864168,57.71864168,46.17491335,31.74525293
Temoa,reference,AB,Capacity|residential|R_LGT_LED-TYP-NEW,?,142.9079192,177.0858241,223.3827382,248.0998584,284.2104339,319.7092178
Temoa,reference,AB,Capacity|residential|R_LGT_T12-EXS,?,15.7995264,12.36484675,8.930167098,5.495487445,1.511259047,
Temoa,reference,AB,Capacity|residential|R_SPC_CENT_AC-EXS,?,0.3635535,0.256626,0.1496985,0.0171084,,
Temoa,reference,AB,Capacity|residential|R_SPC_ROOM_AC-EXS,?,0.066019583,,,,,
Temoa,reference,AB,Capacity|residential|R_SPC_ROOM_AC-TYP-NEW,?,1.54201E-05,1.52633E-05,1.74036E-05,3.05152E-05,3.46688E-05,3.40233E-05
Temoa,reference,AB,Capacity|residential|R_SPHC_AIR_HP-TYP-NEW,?,0.006406791,0.010803626,0.014724245,0.019303397,0.021032783,0.022273305
Temoa,reference,AB,Capacity|residential|R_SPH_ELEC-EXS,?,0.2753955,0.202923,0.1304505,0.0521802,,
Temoa,reference,AB,Capacity|residential|R_SPH_HP-EXS,?,0.030237706,0.016493294,0.001099553,,,
Temoa,reference,AB,Capacity|residential|R_SPH_NG-EXS,?,1.101002682,0.777178364,0.453354045,0.051811891,,
Temoa,reference,AB,Capacity|residential|R_SPH_NG_FRN-TYP-NEW,?,,1.30287E-05,2.57784E-05,3.93525E-05,5.53037E-05,5.77722E-05
Temoa,reference,AB,Capacity|residential|R_SPH_OTH-EXS,?,0.013539727,0.009557455,0.005575182,0.000637164,,
Temoa,reference,AB,Capacity|residential|R_SPH_WOOD-TYP-NEW,?,0.506244986,0.843701715,1.258274347,1.696870993,1.869243577,1.979545029
Temoa,reference,AB,Capacity|residential|R_WAH_ELC-EXS,?,0.142512118,0.077733882,0.005182259,,,
Temoa,reference,AB,Capacity|residential|R_WAH_ELEC-TYP-NEW,?,6.1211E-05,0.000231582,0.000454065,0.000677575,0.000874597,0.001024301
Temoa,reference,AB,Capacity|residential|R_WAH_HP-TYP-NEW,?,7.6585E-05,0.000157134,0.000247519,0.000302126,0.000359628,0.000391326
Temoa,reference,AB,Capacity|residential|R_WAH_NG-EXS,?,0.937123529,0.468561765,,,,
Temoa,reference,AB,Capacity|residential|R_WAH_NG-TYP-NEW,?,0.881757007,1.495250346,2.130766657,2.275648443,2.425578975,2.568668683
Temoa,reference,AB,Capacity|residential|R_WAH_SOLAR-TYP-NEW,?,,1.04748E-05,2.07592E-05,3.23392E-05,4.45564E-05,4.59009E-05
Temoa,reference,AB,Capacity|transportation,?,4249.135016,4386.045807,4592.311955,4869.769582,5073.566952,5417.948127
Temoa,reference,AB,Capacity|transportation|T_ELC_AC_DC,?,0.000230565,0.000497485,0.000781668,0.001080308,0.001394765,0.001518134
Temoa,reference,AB,Capacity|transportation|T_H2_COMP_100_700,?,0.619061728,0.797808922,0.797884401,0.797922476,0.758010905,0.757935426
Temoa,reference,AB,Capacity|transportation|T_H2_COMP_10_100,?,0.619061841,0.797809011,0.797885316,0.79792292,0.75801122,0.757934915
Temoa,reference,AB,Capacity|transportation|T_H2_HDV_REFUEL,?,3.693045602,10.84143894,11.62367742,16.79132234,22.99920438,20.72900883
Temoa,reference,AB,Capacity|transportation|T_H2_LDV_REFUEL,?,,,1.35661E-05,3.41404E-05,0.000184923,0.000178656
Temoa,reference,AB,Capacity|transportation|T_H2_MDV_REFUEL,?,15.73205146,15.7320813,13.41242148,13.41243247,0.785686773,0.78564595
Temoa,reference,AB,Capacity|transportation|T_HDV_AJF_JFL_EX,?,0.095668971,0.083604321,0.059246335,0.0284181,,
Temoa,reference,AB,Capacity|transportation|T_HDV_AJF_JFL_N,?,0.30188708,0.358919524,0.417422089,0.482590252,0.544843594,0.583417177
Temoa,reference,AB,Capacity|transportation|T_HDV_AJP_JFL_EX,?,10.34123927,8.824361645,5.570254736,1.954375346,,
Temoa,reference,AB,Capacity|transportation|T_HDV_AJP_JFL_N,?,21.98867644,27.16246499,33.19332353,39.6018455,44.30781865,47.44462955
Temoa,reference,AB,Capacity|transportation|T_HDV_BIC_BEV_N,?,,,,,1.05048E-05,2.75611E-05
Temoa,reference,AB,Capacity|transportation|T_HDV_BIC_DSL_EX,?,0.157782129,0.061521134,,,,
Temoa,reference,AB,Capacity|transportation|T_HDV_BIC_DSL_HEV_N,?,2.30629E-05,4.10477E-05,5.06902E-05,4.76527E-05,4.43786E-05,4.38443E-05
Temoa,reference,AB,Capacity|transportation|T_HDV_BIC_DSL_N,?,3.10967E-05,5.19017E-05,5.76881E-05,4.83935E-05,4.33317E-05,4.26256E-05
Temoa,reference,AB,Capacity|transportation|T_HDV_BIC_FCEV_N,?,1.62046E-05,3.20382E-05,4.71941E-05,8.75357E-05,0.000168582,0.000190807
Temoa,reference,AB,Capacity|transportation|T_HDV_BIC_GSL_EX,?,0.018817597,0.010169498,,,,
Temoa,reference,AB,Capacity|transportation|T_HDV_BIC_GSL_N,?,1.081215936,1.159294584,1.325928858,1.42143459,1.515500686,1.622781891
Temoa,reference,AB,Capacity|transportation|T_HDV_BS_BEV_N,?,2.60528E-05,0.000282992,5.443381873,12.52712945,14.39621418,15.59343323
Temoa,reference,AB,Capacity|transportation|T_HDV_BS_CNG_EX,?,0.608201635,0.236213608,,,,
Temoa,reference,AB,Capacity|transportation|T_HDV_BS_CNG_N,?,2.05987E-05,3.38423E-05,2.50731E-05,2.41352E-05,2.70666E-05,2.94639E-05
Temoa,reference,AB,Capacity|transportation|T_HDV_BS_DSL_EX,?,2.038870597,0.713317168,,,,
Temoa,reference,AB,Capacity|transportation|T_HDV_BS_DSL_HEV_N,?,4.10104E-05,7.25557E-05,7.58644E-05,5.95651E-05,5.08257E-05,4.90898E-05
Temoa,reference,AB,Capacity|transportation|T_HDV_BS_DSL_N,?,2.94301E-05,4.78834E-05,4.99245E-05,3.90402E-05,3.08283E-05,3.25226E-05
Temoa,reference,AB,Capacity|transportation|T_HDV_BS_DSL_PHEV_N,?,1.28392E-05,3.48681E-05,4.96642E-05,6.54103E-05,7.00153E-05,7.78601E-05
Temoa,reference,AB,Capacity|transportation|T_HDV_BS_FCEV_N,?,9.74978E-05,0.000163468,0.000195018,0.000180476,0.00020433,0.000182976
Temoa,reference,AB,Capacity|transportation|T_HDV_BS_FCHEV_N,?,9.372463091,10.82259115,7.322625253,1.158670169,0.195789216,0.03167427
Temoa,reference,AB,Capacity|transportation|T_HDV_BS_GSL_EX,?,0.169236327,0.079228527,,,,
Temoa,reference,AB,Capacity|transportation|T_HDV_BS_GSL_N,?,6.04645E-05,9.36997E-05,0.000100563,8.328E-05,7.81247E-05,7.30647E-05
Temoa,reference,AB,Capacity|transportation|T_HDV_BT_BEV_EX,?,0.224922763,0.097701629,,,,
Temoa,reference,AB,Capacity|transportation|T_HDV_BT_BEV_N,?,2.49818E-05,0.296107135,2.885559048,2.89630701,1.761457646,3.456535007
Temoa,reference,AB,Capacity|transportation|T_HDV_BT_CNG_EX,?,0.07801738,0.027075005,,,,
Temoa,reference,AB,Capacity|transportation|T_HDV_BT_CNG_N,?,7.80873E-05,8.86055E-05,5.1942E-05,2.35274E-05,1.33386E-05,1.07539E-05
Temoa,reference,AB,Capacity|transportation|T_HDV_BT_DSL_EX,?,0.87110173,0.339063968,,,,
Temoa,reference,AB,Capacity|transportation|T_HDV_BT_DSL_HEV_N,?,1.10825E-05,1.10825E-05,,,,
Temoa,reference,AB,Capacity|transportation|T_HDV_BT_DSL_PHEV_N,?,,1.45608E-05,3.84737E-05,4.20273E-05,4.80183E-05,4.94584E-05
Temoa,reference,AB,Capacity|transportation|T_HDV_BT_FCEV_N,?,2.2486E-05,2.2486E-05,3.24247E-05,4.56101E-05,6.94985E-05,6.03501E-05
Temoa,reference,AB,Capacity|transportation|T_HDV_BT_FCHEV_N,?,4.575736701,4.789330628,3.097180749,3.517468522,5.076994713,3.866074545
Temoa,reference,AB,Capacity|transportation|T_HDV_BT_GSL_EX,?,0.009581276,0.005210234,,,,
Temoa,reference,AB,Capacity|transportation|T_HDV_CHRG,?,0.062069667,0.137274361,4.174024628,8.577088373,12.978224,16.68582896
Temoa,reference,AB,Capacity|transportation|T_HDV_RF_DSL_EX,?,247.0172058,247.0172058,145.9971928,100.3233419,15.48071505,
Temoa,reference,AB,Capacity|transportation|T_HDV_RF_DSL_N,?,2.81051E-05,6.51886E-05,0.000102844,0.000152343,0.00020254,0.00020254
Temoa,reference,AB,Capacity|transportation|T_HDV_RF_H2_N,?,,1.70973E-05,6.55879E-05,8.96545E-05,0.000139617,0.000165319
Temoa,reference,AB,Capacity|transportation|T_HDV_RF_LNG_N,?,108.4413502,122.4549835,133.1019565,159.2865825,169.8338679,181.8575481
Temoa,reference,AB,Capacity|transportation|T_HDV_RICP_DSL_EX,?,0.881569286,0.881569286,0.51329253,0.305700558,0.121725954,
Temoa,reference,AB,Capacity|transportation|T_HDV_RICP_DSL_N,?,,,0.011879907,0.257302627,0.478551569,0.642771224
Temoa,reference,AB,Capacity|transportation|T_HDV_T_BEV_N,?,,9.49163E-05,9.519175322,23.76607857,41.18701971,54.58646578
Temoa,reference,AB,Capacity|transportation|T_HDV_T_DSL_EX,?,61.67822388,46.94366169,25.77191603,,,
Temoa,reference,AB,Capacity|transportation|T_HDV_T_DSL_HEV_N,?,36.68369341,47.23649136,60.82500539,68.87522904,48.18165191,46.99579833
Temoa,reference,AB,Capacity|transportation|T_HDV_T_DSL_N,?,5.98466E-05,7.99272E-05,0.00010131,0.000110552,7.24789E-05,6.60176E-05
Temoa,reference,AB,Capacity|transportation|T_HDV_T_DSL_PHEV_N,?,,,,,1.10316E-05,2.42755E-05
Temoa,reference,AB,Capacity|transportation|T_HDV_T_FCEV_N,?,,1.67112E-05,3.1856E-05,5.06003E-05,6.74618E-05,7.06977E-05
Temoa,reference,AB,Capacity|transportation|T_HDV_T_FCHEV_N,?,3.13512E-05,9.735628444,14.57824224,24.64633593,35.68509333,34.67449583
Temoa,reference,AB,Capacity|transportation|T_HDV_WTF_HFO_EX,?,41.34476869,41.34476869,39.21310663,30.5597369,8.161665736,
Temoa,reference,AB,Capacity|transportation|T_HDV_WTF_HFO_N,?,2.83912E-05,6.35045E-05,0.000105879,0.000159472,0.000237267,0.999867387
Temoa,reference,AB,Capacity|transportation|T_HDV_WTF_LNG_N,?,2.52043E-05,5.50131E-05,9.08899E-05,0.000136984,0.000203288,0.000203288
Temoa,reference,AB,Capacity|transportation|T_HDV_WTF_MDO_EX,?,7.618054945,7.618054945,5.915243624,4.136201881,1.26014774,
Temoa,reference,AB,Capacity|transportation|T_HDV_WTF_MDO_N,?,1.43711E-05,3.7285E-05,5.71779E-05,7.73677E-05,7.73677E-05,7.73677E-05
Temoa,reference,AB,Capacity|transportation|T_I_H2_ELC_ALK,?,6.61755E-05,0.000151622,0.000252562,0.000362,0.000416392,0.000476062
Temoa,reference,AB,Capacity|transportation|T_I_H2_ELC_PEM,?,5.30186E-05,0.000129672,0.000225448,0.000335076,0.000408336,0.000490358
Temoa,reference,AB,Capacity|transportation|T_I_H2_SMR,?,0.651625801,0.839703455,0.839703455,0.839703455,0.839703455,0.709961851
Temoa,reference,AB,Capacity|transportation|T_LDV_BEV_CHRG,?,0.269974555,0.623151321,0.837927251,0.986591655,5.44061996,17.05157474
Temoa,reference,AB,Capacity|transportation|T_LDV_C_BEV150_EX,?,2.008769316,1.490410826,,,,
Temoa,reference,AB,Capacity|transportation|T_LDV_C_BEV150_N,?,3.2854E-05,0.000148339,0.000684771,0.002370564,17.95957109,67.47604534
Temoa,reference,AB,Capacity|transportation|T_LDV_C_BEV200_N,?,6.57112E-05,0.000296689,0.001369541,0.004741131,35.91914217,134.9520907
Temoa,reference,AB,Capacity|transportation|T_LDV_C_BEV300_N,?,9.85247E-05,0.000444982,0.002054272,0.007111687,53.87871325,202.428136
Temoa,reference,AB,Capacity|transportation|T_LDV_C_BEV400_N,?,0.00013135,0.000593287,0.002738994,0.009482225,71.83828431,269.9041814
Temoa,reference,AB,Capacity|transportation|T_LDV_C_CNG_N,?,0.000171454,0.000304447,0.000379956,0.000356465,0.000368035,0.000382769
Temoa,reference,AB,Capacity|transportation|T_LDV_C_DSL_EX,?,1.800448212,0.15292017,,,,
Temoa,reference,AB,Capacity|transportation|T_LDV_C_DSL_N,?,0.000108871,0.000204781,0.000266484,0.00025333,0.000255789,0.000254485
Temoa,reference,AB,Capacity|transportation|T_LDV_C_FCEV400_N,?,2.20482E-05,0.000163014,0.000337348,0.000642835,0.007727463,0.007880775
Temoa,reference,AB,Capacity|transportation|T_LDV_C_GSL_EX,?,137.4887115,66.46991144,,,,
Temoa,reference,AB,Capacity|transportation|T_LDV_C_GSL_HEV_EX,?,3.612455658,1.908287966,,,,
Temoa,reference,AB,Capacity|transportation|T_LDV_C_GSL_HEV_N,?,879.2341608,952.8310586,1102.752266,1182.182071,1080.882999,674.9551698
Temoa,reference,AB,Capacity|transportation|T_LDV_C_GSL_N,?,8.67285E-05,0.000215514,0.000287526,0.000308102,0.000338438,0.000366731
Temoa,reference,AB,Capacity|transportation|T_LDV_C_GSL_PHEV35_EX,?,1.246991962,0.911636801,,,,
Temoa,reference,AB,Capacity|transportation|T_LDV_C_GSL_PHEV35_N,?,0.000520854,0.002775976,0.00301174,0.002453882,0.001135099,0.001289467
Temoa,reference,AB,Capacity|transportation|T_LDV_C_GSL_PHEV50_N,?,0.000164829,0.000507401,0.000703927,0.00074058,0.000760799,0.000901578
Temoa,reference,AB,Capacity|transportation|T_LDV_LTF_BEV150_N,?,1.66148E-05,6.73091E-05,0.000143167,0.000248408,0.000330898,0.000405747
Temoa,reference,AB,Capacity|transportation|T_LDV_LTF_BEV200_N,?,3.32091E-05,0.000134581,0.000286297,0.000496797,0.000661786,0.000811497
Temoa,reference,AB,Capacity|transportation|T_LDV_LTF_BEV300_N,?,4.97875E-05,0.000201838,0.000429403,0.000745181,0.000992673,0.001217248
Temoa,reference,AB,Capacity|transportation|T_LDV_LTF_BEV400_N,?,6.64139E-05,0.000269142,0.000572557,0.001006844,0.001323552,0.001623003
Temoa,reference,AB,Capacity|transportation|T_LDV_LTF_CNG_N,?,0.000427649,0.000616762,0.000803349,0.000689918,0.000662042,0.000620176
Temoa,reference,AB,Capacity|transportation|T_LDV_LTF_DSL_EX,?,19.23647828,14.37609964,2.65790176,,,
Temoa,reference,AB,Capacity|transportation|T_LDV_LTF_DSL_N,?,6.9474E-05,0.000135141,0.00020516,0.000221035,0.000227507,0.000219598
Temoa,reference,AB,Capacity|transportation|T_LDV_LTF_FCEV400_N,?,1.77756E-05,9.95133E-05,0.000227472,0.000336412,0.000606289,0.000535968
Temoa,reference,AB,Capacity|transportation|T_LDV_LTF_GSL_EX,?,228.6505991,152.3061759,27.25440716,,,
Temoa,reference,AB,Capacity|transportation|T_LDV_LTF_GSL_HEV_EX,?,0.019029532,0.005189737,0.000345958,,,
Temoa,reference,AB,Capacity|transportation|T_LDV_LTF_GSL_HEV_N,?,0.000431906,0.000961963,0.001765859,0.007320487,0.742795949,0.771212496
Temoa,reference,AB,Capacity|transportation|T_LDV_LTF_GSL_N,?,8.24418E-05,0.00019398,0.000289262,0.000330825,0.000349192,0.000347543
Temoa,reference,AB,Capacity|transportation|T_LDV_LTF_GSL_PHEV35_EX,?,0.259318109,0.259318109,0.051863622,,,
Temoa,reference,AB,Capacity|transportation|T_LDV_LTF_GSL_PHEV35_N,?,357.918472,448.0426063,632.4753817,710.1574442,756.4440441,810.0210132
Temoa,reference,AB,Capacity|transportation|T_LDV_LTF_GSL_PHEV50_N,?,0.000428271,0.001053982,0.001563104,0.001830302,0.001866977,0.002035916
Temoa,reference,AB,Capacity|transportation|T_LDV_LTP_BEV150_N,?,1.43737E-05,6.4943E-05,0.000209638,0.000346581,0.000504332,0.000770706
Temoa,reference,AB,Capacity|transportation|T_LDV_LTP_BEV200_N,?,2.8739E-05,0.000129869,0.000419264,0.000693165,0.001008684,0.001541442
Temoa,reference,AB,Capacity|transportation|T_LDV_LTP_BEV300_EX,?,0.737514524,0.727983897,0.145120248,,,
Temoa,reference,AB,Capacity|transportation|T_LDV_LTP_BEV300_N,?,4.31124E-05,0.000194803,0.00062888,0.001039725,0.001513,0.002312155
Temoa,reference,AB,Capacity|transportation|T_LDV_LTP_BEV400_N,?,5.7469E-05,0.000259719,0.000838486,0.001397781,0.002017322,0.003082866
Temoa,reference,AB,Capacity|transportation|T_LDV_LTP_CNG_N,?,0.000457855,0.000694649,0.000906958,0.000726003,0.000626526,0.000589442
Temoa,reference,AB,Capacity|transportation|T_LDV_LTP_DSL_EX,?,11.65801056,6.769454793,1.133819603,,,
Temoa,reference,AB,Capacity|transportation|T_LDV_LTP_DSL_N,?,7.19128E-05,0.00015187,0.000234807,0.000256431,0.000259722,0.000250241
Temoa,reference,AB,Capacity|transportation|T_LDV_LTP_FCEV400_N,?,1.14279E-05,8.66197E-05,0.000192051,0.000251797,0.00044981,0.000419262
Temoa,reference,AB,Capacity|transportation|T_LDV_LTP_GSL_EX,?,293.6696286,178.2133244,30.64113669,,,
Temoa,reference,AB,Capacity|transportation|T_LDV_LTP_GSL_HEV_EX,?,2.064774624,1.807668126,0.3486783,,,
Temoa,reference,AB,Capacity|transportation|T_LDV_LTP_GSL_HEV_N,?,0.000629358,0.001464858,235.240318,1150.223793,1556.421465,1710.638401
Temoa,reference,AB,Capacity|transportation|T_LDV_LTP_GSL_N,?,8.91161E-05,0.000211657,0.000326329,0.000375952,0.000401398,0.000404931
Temoa,reference,AB,Capacity|transportation|T_LDV_LTP_GSL_PHEV35_EX,?,0.439998113,0.433607533,0.086401978,,,
Temoa,reference,AB,Capacity|transportation|T_LDV_LTP_GSL_PHEV35_N,?,984.6917788,1122.365658,1143.826005,362.8795672,56.86926961,16.86410221
Temoa,reference,AB,Capacity|transportation|T_LDV_LTP_GSL_PHEV50_N,?,0.000347832,0.000860786,0.0014076,0.001462833,0.001308988,0.001787361
Temoa,reference,AB,Capacity|transportation|T_LDV_M_BEV_N,?,28.90898868,88.60543858,132.1929562,156.1602836,166.5002018,178.2876313
Temoa,reference,AB,Capacity|transportation|T_LDV_M_GSL_EX,?,83.50228781,46.62642925,13.47322576,,,
Temoa,reference,AB,Capacity|transportation|T_LDV_M_GSL_N,?,0.000197791,0.000425051,0.000685556,0.00080336,0.00092287,0.001065345
Temoa,reference,AB,Capacity|transportation|T_LDV_PHEV_CHRG,?,10.4774801,12.31194945,12.41949141,7.538996577,5.704544704,5.590421944
Temoa,reference,AB,Capacity|transportation|T_MDV_CHRG,?,,6.362598693,13.50091978,21.91478012,26.54423299,27.68736819
Temoa,reference,AB,Capacity|transportation|T_MDV_T_BEV_N,?,0.000166783,162.937256,378.945777,637.3251353,798.8706354,861.3451218
Temoa,reference,AB,Capacity|transportation|T_MDV_T_DSL_EX,?,269.9462451,199.5035641,89.87587556,,,
Temoa,reference,AB,Capacity|transportation|T_MDV_T_DSL_HEV_N,?,6.7841E-05,9.96263E-05,0.000124649,0.000121545,9.24566E-05,8.64333E-05
Temoa,reference,AB,Capacity|transportation|T_MDV_T_DSL_N,?,4.79898E-05,7.58526E-05,9.57531E-05,9.55773E-05,7.52271E-05,6.96659E-05
Temoa,reference,AB,Capacity|transportation|T_MDV_T_DSL_PHEV_N,?,2.42255E-05,5.38927E-05,8.515E-05,0.000106193,0.000113661,0.000118849
Temoa,reference,AB,Capacity|transportation|T_MDV_T_FCEV_N,?,0.000715677,0.000972111,0.001060509,0.001007051,0.000569628,0.000618206
Temoa,reference,AB,Capacity|transportation|T_MDV_T_FCHEV_N,?,182.3932073,187.5863743,192.9271997,123.3857282,12.21060868,7.157336695
Temoa,reference,AB,Capacity|transportation|T_MDV_T_GSL_EX,?,171.9171612,124.9553738,55.08904901,,,
Temoa,reference,AB,Capacity|transportation|T_MDV_T_GSL_N,?,0.000300387,0.000369859,0.000418411,0.000344148,0.000181134,0.000159433
Temoa,reference,AB,Emissions|ch4,?,38881.78346,50481.11059,63589.36598,81977.54063,88791.15514,92667.54089
Temoa,reference,AB,Emissions|ch4|F_A_DSL,?,122.3219718,135.1593901,131.0205131,127.1084718,127.5155323,129.8032991
Temoa,reference,AB,Emissions|ch4|F_A_NG,?,5.728849108,6.330078223,6.136236155,5.953017464,5.972079899,6.07922317
Temoa,reference,AB,Emissions|ch4|F_C_NG,?,171.2486216,187.6844886,199.2650231,205.1466063,211.824016,222.1589569
Temoa,reference,AB,Emissions|ch4|F_E_BIO_M,?,0.952850202,1.518262106,1.973448872,2.63068434,3.557434424,4.416614433
Temoa,reference,AB,Emissions|ch4|F_E_COAL,?,0.003610993,0.005629407,0.007569037,0.010191911,0.013480764,0.016610826
Temoa,reference,AB,Emissions|ch4|F_E_NG,?,6271.486772,6158.626653,4217.646471,4372.011373,3992.255061,3894.083952
Temoa,reference,AB,Emissions|ch4|F_I_HFO,?,530.8733501,494.8017,478.2728,475.3114,480.591,489.6695
Temoa,reference,AB,Emissions|ch4|F_I_NG,?,2064.306487,1934.236998,1895.173727,1824.34799,1782.328687,1787.695175
Temoa,reference,AB,Emissions|ch4|F_R_LPG,?,1.289843633,0.910479765,0.531115063,0.060700281,,
Temoa,reference,AB,Emissions|ch4|F_R_NG,?,146.4369745,126.6976052,103.0278162,75.0669735,75.44910378,79.90018242
Temoa,reference,AB,Emissions|ch4|F_R_WOOD,?,20638.81018,34396.38974,51297.8627,69178.75747,76206.11621,80702.93239
Temoa,reference,AB,Emissions|ch4|F_T_CNG,?,0.249109709,0.110779042,0.000191758,0.000135464,0.000123106,0.000113994
Temoa,reference,AB,Emissions|ch4|F_T_DSL,?,514.8702074,452.9166616,352.943021,227.7812987,177.9552561,170.6473139
Temoa,reference,AB,Emissions|ch4|F_T_GSL,?,8268.031862,6423.070356,4736.802771,5304.224157,5540.935813,4985.971001
Temoa,reference,AB,Emissions|ch4|F_T_HFO,?,0.105776237,0.105772717,0.105768558,0.105762367,0.105757671,0.077746414
Temoa,reference,AB,Emissions|ch4|F_T_JTF,?,97.21115742,104.7958575,108.6695282,113.9267327,120.9696714,129.5338242
Temoa,reference,AB,Emissions|ch4|F_T_LNG,?,23.88689792,26.86306687,29.04014251,34.21049604,36.22305025,38.44009938
Temoa,reference,AB,Emissions|ch4|F_T_NG,?,23.9689395,30.88707166,30.88714056,30.88717021,29.34286066,26.11488
Temoa,reference,AB,Emissions|co2,?,270470.0678,259960.2338,247577.911,245957.4007,244456.4365,247045.7973
Temoa,reference,AB,Emissions|co2e,?,247895.7001,239839.1596,230179.2345,230526.0065,229732.2721,232474.2241
Temoa,reference,AB,Emissions|co2e|E_COAL_CCS_RFIT_90,?,-0.060887167,-0.132825261,-0.209650741,-0.302672301,-0.413424835,-0.522918942
Temoa,reference,AB,Emissions|co2e|E_COAL_CCS_RFIT_95,?,-0.063512353,-0.138606264,-0.219099791,-0.316375647,-0.431880693,-0.546001558
Temoa,reference,AB,Emissions|co2e|E_NG_CCS-NEW,?,-0.424808079,-0.88162801,-0.673290172,-1.014763817,-1.418795355,-1.820959861
Temoa,reference,AB,Emissions|co2e|E_NG_CCS_RFIT_90,?,-0.098862021,-0.226654153,-0.370099015,-0.537583376,-0.713377881,-0.904001297
Temoa,reference,AB,Emissions|co2e|E_NG_CCS_RFIT_95,?,-0.101378289,-0.232479706,-0.380526529,-0.553289052,-0.734579036,-0.931805224
Temoa,reference,AB,Emissions|co2e|F_A_DSL,?,2548.458636,2815.91369,2729.684236,2648.180682,2656.661389,2704.324772
Temoa,reference,AB,Emissions|co2e|F_A_NG,?,301.2431692,332.8579247,322.6650225,313.030735,314.0331053,319.6670779
Temoa,reference,AB,Emissions|co2e|F_C_NG,?,9004.858833,9869.11491,10478.06042,10787.33489,11138.45673,11681.90451
Temoa,reference,AB,Emissions|co2e|F_E_BIO_M,?,0.358524087,0.57126874,0.742539544,0.989834182,1.33853771,1.661816991
Temoa,reference,AB,Emissions|co2e|F_E_COAL,?,0.299142201,0.466351797,0.62703479,0.844319147,1.116774551,1.376075481
Temoa,reference,AB,Emissions|co2e|F_E_NG,?,25112.7865,24660.86302,16888.63569,17506.75592,15986.10547,15593.0009
Temoa,reference,AB,Emissions|co2e|F_I_BIO,?,3437.360141,3475.784,3523.208,3538.522,3455.036,3293.992
Temoa,reference,AB,Emissions|co2e|F_I_HFO,?,58433.21935,54462.81352,52643.47782,52317.51658,52898.64205,53897.91236
Temoa,reference,AB,Emissions|co2e|F_I_NG,?,108518.0813,101680.4865,99626.97786,95903.75499,93694.85134,93976.96108
Temoa,reference,AB,Emissions|co2e|F_R_LPG,?,73.56432403,51.92786688,30.29136215,3.461950782,,
Temoa,reference,AB,Emissions|co2e|F_R_NG,?,7700.174582,6662.208659,5417.56735,3947.287242,3967.381005,4201.434479
Temoa,reference,AB,Emissions|co2e|F_R_WOOD,?,7765.659863,12942.15417,19301.58521,26029.53831,28673.68675,30365.68084
Temoa,reference,AB,Emissions|co2e|F_T_CNG,?,13.09539443,5.823519504,0.010080494,0.007121156,0.006471551,0.00599251
Temoa,reference,AB,Emissions|co2e|F_T_DSL,?,10726.81716,9436.075635,7353.222622,4745.60056,3707.5237,3555.269871
Temoa,reference,AB,Emissions|co2e|F_T_ETH,?,859.7454426,953.6303728,703.2709813,787.5157799,822.6602532,740.2648766
Temoa,reference,AB,Emissions|co2e|F_T_GSL,?,7283.031773,5657.867103,4172.490582,4672.313038,4880.824391,4391.974514
Temoa,reference,AB,Emissions|co2e|F_T_HFO,?,11.64278838,11.64240094,11.64194309,11.64126165,11.64074476,8.557546294
Temoa,reference,AB,Emissions|co2e|F_T_JTF,?,3158.060196,3404.46133,3530.303729,3701.09244,3929.893588,4208.113811
Temoa,reference,AB,Emissions|co2e|F_T_LNG,?,1255.705171,1412.158753,1526.604972,1798.404169,1904.201695,2020.749272
Temoa,reference,AB,Emissions|co2e|F_T_MDO,?,0.000165013,0.000284462,0.000405258,0.000534127,0.000310758,0.000138393
Temoa,reference,AB,Emissions|co2e|F_T_NG,?,1260.017997,1623.695791,1623.699413,1623.700972,1542.518497,1372.82748
Temoa,reference,AB,Emissions|co2e|F_T_RDSL,?,432.2696521,380.255305,296.3204216,191.2383768,149.4059193,143.2703893
Temoa,reference,AB,Emissions|co2e|T_I_H2_SMR_CCS,?,-0.0005415,-0.000534456,-0.000534613,-0.000536221,-0.000537934,
Temoa,reference,AB,Emissions|co2|E_COAL_CCS_RFIT_90,?,-0.060887167,-0.132825261,-0.209650741,-0.302672301,-0.413424835,-0.522918942
Temoa,reference,AB,Emissions|co2|E_COAL_CCS_RFIT_95,?,-0.063512353,-0.138606264,-0.219099791,-0.316375647,-0.431880693,-0.546001558
Temoa,reference,AB,Emissions|co2|E_NG_CCS-NEW,?,-0.424808079,-0.88162801,-0.673290172,-1.014763817,-1.418795355,-1.820959861
Temoa,reference,AB,Emissions|co2|E_NG_CCS_RFIT_90,?,-0.098862021,-0.226654153,-0.370099015,-0.537583376,-0.713377881,-0.904001297
Temoa,reference,AB,Emissions|co2|E_NG_CCS_RFIT_95,?,-0.101378289,-0.232479706,-0.380526529,-0.553289052,-0.734579036,-0.931805224
Temoa,reference,AB,Emissions|co2|F_A_DSL,?,2444.678901,2701.242503,2618.524532,2540.34001,2548.475361,2594.19777
Temoa,reference,AB,Emissions|co2|F_A_NG,?,299.6033248,331.0459825,320.9085663,311.326724,312.3236378,317.9269413
Temoa,reference,AB,Emissions|co2|F_C_NG,?,8955.840072,9815.391493,10421.02215,10728.61306,11077.82353,11618.31301
Temoa,reference,AB,Emissions|co2|F_E_BIO_M,?,0.295667525,0.471113715,0.612357264,0.816296124,1.103864834,1.370466684
Temoa,reference,AB,Emissions|co2|F_E_COAL,?,0.298383893,0.465169621,0.625445293,0.842178846,1.113943591,1.372587207
Temoa,reference,AB,Emissions|co2|F_E_NG,?,24765.97328,24320.29097,16655.39984,17264.98369,15765.33376,15377.65806
Temoa,reference,AB,Emissions|co2|F_IMP_CNG,?,0.891509787,0.396454239,0.000686261,0.000484795,0.000440571,0.000407959
Temoa,reference,AB,Emissions|co2|F_IMP_COAL,?,0.052031602,0.081115372,0.109063932,0.146857506,0.194247313,0.239349083
Temoa,reference,AB,Emissions|co2|F_IMP_DSL,?,3358.0842,3099.235932,2550.549662,1870.314435,1609.870085,1583.41312
Temoa,reference,AB,Emissions|co2|F_IMP_GSL,?,1822.908908,1486.735399,1151.557195,1255.011549,1301.75658,1197.867168
Temoa,reference,AB,Emissions|co2|F_IMP_HFO,?,9827.076368,9159.481585,8853.573508,8798.765393,8896.477306,9063.978889
Temoa,reference,AB,Emissions|co2|F_IMP_JTF,?,681.7051712,734.8938114,762.0584026,798.9251944,848.3146664,908.3718385
Temoa,reference,AB,Emissions|co2|F_IMP_LPG,?,14.50620768,10.23969745,5.973177842,0.682664834,,
Temoa,reference,AB,Emissions|co2|F_IMP_MDO,?,2.79598E-05,4.81991E-05,6.86667E-05,9.05022E-05,5.26547E-05,2.34492E-05
Temoa,reference,AB,Emissions|co2|F_IMP_NG,?,10325.68991,9844.78826,9136.510774,8845.083037,8611.887743,8646.311168
Temoa,reference,AB,Emissions|co2|F_IMP_SPK,?,2.03298E-05,4.82224E-05,7.72665E-05,0.000106026,0.000133173,0.000105666
Temoa,reference,AB,Emissions|co2|F_I_BIO,?,3437.360141,3475.784,3523.208,3538.522,3455.036,3293.992
Temoa,reference,AB,Emissions|co2|F_I_HFO,?,58245.52234,54287.8701,52474.3784,52149.4642,52728.723,53724.7835
Temoa,reference,AB,Emissions|co2|F_I_NG,?,107957.65,101155.3673,99112.4638,95408.46916,93210.97319,93491.626
Temoa,reference,AB,Emissions|co2|F_R_LPG,?,72.12002918,50.9083625,29.69664917,3.393981998,,
Temoa,reference,AB,Emissions|co2|F_R_NG,?,7658.257988,6625.942325,5388.076333,3925.799828,3945.784209,4178.563592
Temoa,reference,AB,Emissions|co2|F_R_WOOD,?,6404.181795,10673.1314,15917.62488,21466.031,23646.60646,25041.95958
Temoa,reference,AB,Emissions|co2|F_T_CNG,?,13.02776451,5.793444491,0.010028434,0.007084379,0.006438129,0.005961562
Temoa,reference,AB,Emissions|co2|F_T_DSL,?,10289.99381,9051.814569,7053.780642,4552.347601,3556.543879,3410.490215
Temoa,reference,AB,Emissions|co2|F_T_ETH,?,859.7454426,953.6303728,703.2709813,787.5157799,822.6602532,740.2648766
Temoa,reference,AB,Emissions|co2|F_T_GSL,?,7009.713298,5445.537999,4015.904864,4496.969923,4697.656238,4227.151977
Temoa,reference,AB,Emissions|co2|F_T_HFO,?,11.60538985,11.60500365,11.60454728,11.60386803,11.60335279,8.530058063
Temoa,reference,AB,Emissions|co2|F_T_JTF,?,3079.035023,3319.270381,3441.963785,3608.478795,3831.554577,4102.812804
Temoa,reference,AB,Emissions|co2|F_T_LNG,?,1249.220201,1404.865794,1518.720966,1789.116481,1894.367627,2010.313304
Temoa,reference,AB,Emissions|co2|F_T_MDO,?,0.00016261,0.000280319,0.000399355,0.000526347,0.000306232,0.000136377
Temoa,reference,AB,Emissions|co2|F_T_NG,?,1253.510754,1615.310369,1615.313972,1615.315522,1534.552307,1365.737643
Temoa,reference,AB,Emissions|co2|F_T_RDSL,?,432.2696521,380.255305,296.3204216,191.2383768,149.4059193,143.2703893
Temoa,reference,AB,Emissions|co2|T_I_H2_SMR_CCS,?,-0.00054669,-0.000539578,-0.000539737,-0.00054136,-0.00054309,
Temoa,reference,AB,Emissions|n2o,?,8673.467984,10261.19799,12018.87868,14073.86251,14865.14473,15508.85637
Temoa,reference,AB,Emissions|n2o|F_A_DSL,?,367.599708,406.178478,393.740402,381.9840084,383.207299,390.0824531
Temoa,reference,AB,Emissions|n2o|F_A_NG,?,5.419181589,5.987911832,5.804547714,5.631232736,5.64926477,5.750616512
Temoa,reference,AB,Emissions|n2o|F_C_NG,?,161.9919394,177.5393811,188.4939408,194.0576006,200.3740692,210.1503646
Temoa,reference,AB,Emissions|n2o|F_E_BIO_M,?,0.132515591,0.211149035,0.274453154,0.365856763,0.494742536,0.614231146
Temoa,reference,AB,Emissions|n2o|F_E_COAL,?,0.002407329,0.003752938,0.005046025,0.006794607,0.008987176,0.011073884
Temoa,reference,AB,Emissions|n2o|F_E_NG,?,627.1486772,615.8626653,421.7646471,437.2011373,399.2255061,389.4083952
Temoa,reference,AB,Emissions|n2o|F_I_HFO,?,633.0862787,590.06949,570.35816,566.82658,573.1227,583.94915
Temoa,reference,AB,Emissions|n2o|F_I_NG,?,1841.138218,1725.130296,1690.290081,1627.12118,1589.644505,1594.430832
Temoa,reference,AB,Emissions|n2o|F_R_LPG,?,5.15816568,3.641065752,2.123962488,0.242744237,,
Temoa,reference,AB,Emissions|n2o|F_R_NG,?,138.5214624,119.849086,97.45874509,71.00929925,71.37077384,75.58125364
Temoa,reference,AB,Emissions|n2o|F_R_WOOD,?,2870.298105,4783.603871,7134.139846,9620.886801,10598.20159,11223.58662
Temoa,reference,AB,Emissions|n2o|F_T_CNG,?,0.22217893,0.098802929,0.000171028,0.000120819,0.000109798,0.00010167
Temoa,reference,AB,Emissions|n2o|F_T_DSL,?,1547.278343,1361.096703,1060.657783,684.52411,534.7878164,512.8261247
Temoa,reference,AB,Emissions|n2o|F_T_GSL,?,153.1633074,118.9858379,87.74813533,98.25948043,102.6445071,92.36391704
Temoa,reference,AB,Emissions|n2o|F_T_HFO,?,0.12614211,0.126137912,0.126132952,0.126125569,0.126119968,0.0927155
Temoa,reference,AB,Emissions|n2o|F_T_JTF,?,279.4991202,301.3064627,312.4439451,327.5593297,347.8090132,372.4324538
Temoa,reference,AB,Emissions|n2o|F_T_LNG,?,21.30453057,23.95895153,25.90066765,30.51206404,32.30704481,34.28441296
Temoa,reference,AB,Emissions|n2o|F_T_MDO,?,,1.47058E-05,2.09506E-05,2.76127E-05,1.60652E-05,
Temoa,reference,AB,Emissions|n2o|F_T_NG,?,21.37770279,27.54792878,27.54799023,27.54801667,26.17065951,23.29164973
Temoa,reference,AB-BC,Activity|electricity,?,1.28951016,1.321442174,0.97675103,0.005361984,0.0012395,0.056463077
Temoa,reference,AB-BC,Activity|electricity|E_INT,?,1.28951016,1.321442174,0.97675103,0.005361984,0.0012395,0.056463077
Temoa,reference,AB-BC,Capacity|electricity,?,1.188,1.188,1.188,1.188,1.188,1.188
Temoa,reference,AB-BC,Capacity|electricity|E_INT,?,1.188,1.188,1.188,1.188,1.188,1.188
Temoa,reference,AB-SK,Activity|electricity,?,0.080859564,0.108100114,0.217776695,0.282349735,0.34321105,0.390175621
Temoa,reference,AB-SK,Activity|electricity|E_INT,?,0.080859564,0.108100114,0.217776695,0.282349735,0.34321105,0.390175621
Temoa,reference,AB-SK,Capacity|electricity,?,0.153,0.153,0.153,0.153,0.153,0.153
Temoa,reference,AB-SK,Capacity|electricity|E_INT,?,0.153,0.153,0.153,0.153,0.153,0.153
Temoa,reference,BC,Activity|agriculture|A_AGRI,?,32,35.35832869,34.27557924,33.25217098,33.35865995,33.957151
Temoa,reference,BC,Activity|agriculture|E_A_ELC,?,3.200000751,3.535834471,3.427560742,3.32522138,3.335872454,3.39572398
Temoa,reference,BC,Activity|agriculture|F_A_DSL,?,14.6239999,16.15875621,15.66393971,15.19624214,15.2449076,15.518418
Temoa,reference,BC,Activity|agriculture|F_A_GSL,?,3.648,4.030849471,3.907416033,3.790747492,3.802887235,3.871115213
Temoa,reference,BC,Activity|agriculture|F_A_NG,?,10.52799935,11.63288854,11.27666275,10.93995997,10.97499267,11.1718938
Temoa,reference,BC,Activity|commercial,?,289.9609407,295.123276,315.5488391,317.353661,329.9889128,350.1719048
Temoa,reference,BC,Activity|commercial|C_OTHER,?,55.92439863,61.79353933,66.18779177,68.77774202,71.69791491,76.0830265
Temoa,reference,BC,Activity|commercial|C_SPC_ELC-EXS,?,22.94276798,7.859271766,7.81177721,0.729534986,,
Temoa,reference,BC,Activity|commercial|C_SPHC_HP_AIR-NEW,?,27.49220621,74.57123303,81.40669438,103.2572177,109.5696845,116.2707467
Temoa,reference,BC,Activity|commercial|C_SPH_NG-EXS,?,40.1981943,30.14841627,20.09876022,10.0487658,,
Temoa,reference,BC,Activity|commercial|C_SPH_NG_FRN-NEW,?,11.25734821,0.003613424,11.27186654,11.2716811,21.05831816,22.34681669
Temoa,reference,BC,Activity|commercial|E_C_ELC,?,60.04447822,74.92703593,81.86432369,89.56577707,95.15667942,102.534455
Temoa,reference,BC,Activity|commercial|F_C_NG,?,72.10154711,45.82016626,46.90762528,33.70294226,32.50631579,32.93685992
Temoa,reference,BC,Activity|electricity,?,1029.249156,1119.835379,1162.693779,1196.425658,1232.36227,1287.869834
Temoa,reference,BC,Activity|electricity|E_BAT_2H-NEW,?,0.001604355,0.020469406,0.052265401,0.040857319,0.051100545,0.036869287
Temoa,reference,BC,Activity|electricity|E_BAT_4H-NEW,?,0.000317669,0.001225982,0.001674704,0.002569045,0.0076717,0.017993833
Temoa,reference,BC,Activity|electricity|E_BIO_G-EXS,?,0.125367256,0.096528046,0.158382954,0.101147402,0.136408122,0.096764079
Temoa,reference,BC,Activity|electricity|E_ELC_DX_to_DEM,?,250.3011097,284.4120802,311.6000102,323.6154561,340.08396,363.3509677
Temoa,reference,BC,Activity|electricity|E_ELC_TX_to_DX,?,221.1789128,255.317855,282.4439925,297.5404733,313.9737552,337.2823804
Temoa,reference,BC,Activity|electricity|E_HYD_DLY-EXS,?,45.37973611,45.37971968,45.37957134,45.37958498,45.37969171,45.37944883
Temoa,reference,BC,Activity|electricity|E_HYD_MLY-EXS,?,143.2016236,144.5477203,142.646453,141.8858366,139.2445425,134.2119448
Temoa,reference,BC,Activity|electricity|E_HYD_MLY-EXS-IN,?,143.2016229,144.5477197,142.6464524,141.8858361,139.2445574,134.2119984
Temoa,reference,BC,Activity|electricity|E_HYD_ROR-EXS,?,25.97156917,25.97156218,25.97151443,25.97142874,25.97130876,25.97118867
Temoa,reference,BC,Activity|electricity|E_INT_IN-USA,?,11.82447536,11.82444346,11.82434835,11.82423133,11.80017286,11.72266273
Temoa,reference,BC,Activity|electricity|E_INT_OUT-USA,?,19.7142408,19.7142408,19.7142408,19.7142408,19.7142408,19.7142408
Temoa,reference,BC,Activity|electricity|E_NG_CC-EXS,?,2.00403777,1.947216612,1.431168881,1.391746229,,
Temoa,reference,BC,Activity|electricity|E_NG_CC-NEW,?,32.38359571,27.73309276,15.09584297,15.02717051,12.07715838,8.08565913
Temoa,reference,BC,Activity|electricity|E_NG_CCS-NEW,?,0.000643877,0.001269252,0.00188162,0.002561075,0.002755188,0.003197707
Temoa,reference,BC,Activity|electricity|E_NG_CC_RFIT_BYPASS,?,34.3852379,29.67508119,16.52168707,16.40782516,12.0681379,8.072772784
Temoa,reference,BC,Activity|electricity|E_NG_CG-EXS,?,3.023995836,3.0239958,3.023995082,,,
Temoa,reference,BC,Activity|electricity|E_NG_CT-EXS,?,0.110204764,0.052713807,0.000224532,0.000231754,,
Temoa,reference,BC,Activity|electricity|E_NG_CT-NEW,?,1.563636839,0.804870649,,,,0.051119671
Temoa,reference,BC,Activity|electricity|E_SOL_PV-EXS,?,0.006721786,0.006734738,0.006712106,,,
Temoa,reference,BC,Activity|electricity|E_SOL_PV-NEW-1,?,0.001099241,0.012907585,0.030246112,0.051861597,0.082540719,0.158127527
Temoa,reference,BC,Activity|electricity|E_SOL_PV-NEW-2,?,0.000995976,0.007940601,0.01822011,0.030282672,0.044727212,0.066584903
Temoa,reference,BC,Activity|electricity|E_SOL_PV-NEW-3,?,0.001492792,1.363259701,4.926059369,20.78697583,48.36502645,62.93729766
Temoa,reference,BC,Activity|electricity|E_SOL_PV-NEW-4,?,0.001309805,0.022499472,0.062873745,0.114894992,0.191574109,19.20102389
Temoa,reference,BC,Activity|electricity|E_SOL_PV-NEW-5,?,0.001402118,0.027070999,0.065824821,0.113536633,0.185670601,0.561002612
Temoa,reference,BC,Activity|electricity|E_WND_ON-EXS,?,8.192775634,8.192698385,8.192591117,3.605200467,0.491183976,
Temoa,reference,BC,Activity|electricity|E_WND_ON-NEW-1,?,3.95584747,13.33854021,13.37299677,13.39044081,13.36933229,13.31641908
Temoa,reference,BC,Activity|electricity|E_WND_ON-NEW-10,?,0.008172811,0.030811716,0.080269023,0.142493083,0.20342022,1.15504598
Temoa,reference,BC,Activity|electricity|E_WND_ON-NEW-11,?,0.001380521,0.003516768,0.005876412,0.008455832,0.010698974,0.013037588
Temoa,reference,BC,Activity|electricity|E_WND_ON-NEW-12,?,0.018139084,18.58366383,18.62065012,18.63508322,18.62515045,18.56961371
Temoa,reference,BC,Activity|electricity|E_WND_ON-NEW-13,?,0.007561867,0.075447745,16.06261521,16.07646725,16.06537665,16.01312691
Temoa,reference,BC,Activity|electricity|E_WND_ON-NEW-2,?,0.018547519,2.849288968,11.0189148,11.07647224,11.0562522,11.0005612
Temoa,reference,BC,Activity|electricity|E_WND_ON-NEW-3,?,0.015164867,0.110423954,15.09446906,15.27642237,15.29373894,15.24903246
Temoa,reference,BC,Activity|electricity|E_WND_ON-NEW-4,?,0.003107886,0.008009148,0.013888962,0.0206071,0.027379875,0.03786489
Temoa,reference,BC,Activity|electricity|E_WND_ON-NEW-5,?,8.983521635,10.05444951,10.13159717,10.14907983,10.13756097,10.10313126
Temoa,reference,BC,Activity|electricity|E_WND_ON-NEW-6,?,0.029791135,7.378267968,8.144950119,8.170306166,8.159773138,8.130442857
Temoa,reference,BC,Activity|electricity|E_WND_ON-NEW-7,?,0.002896966,0.008763753,0.015973812,0.024432554,0.032861277,0.045598584
Temoa,reference,BC,Activity|electricity|E_WND_ON-NEW-8,?,0.007741281,0.026044313,1.665780347,7.983430476,8.027569015,8.025136843
Temoa,reference,BC,Activity|electricity|E_WND_ON-NEW-9,?,0.002960455,0.008745094,0.015648147,0.023487097,0.031000651,0.040625919
Temoa,reference,BC,Activity|electricity|F_E_BIO_G,?,0.315947802,0.246175881,0.400469667,0.258368559,0.346547021,0.243010507
Temoa,reference,BC,Activity|electricity|F_E_BIO_M,?,0.000548857,0.003080989,0.005442295,0.007602074,0.010145555,0.012815579
Temoa,reference,BC,Activity|electricity|F_E_NG,?,73.30009575,62.40523245,36.22800365,29.68856065,21.84927849,14.78112478
Temoa,reference,BC,Activity|fuel|F_IMP_BIO,?,204.21,245.74,257.47,262.22,265.44,270.71
Temoa,reference,BC,Activity|fuel|F_IMP_BIO_G,?,0.315947802,0.246175881,0.400469667,0.258368559,0.346547021,0.243010507
Temoa,reference,BC,Activity|fuel|F_IMP_BIO_M,?,0.000548857,0.003080989,0.005442295,0.007602074,0.010145555,0.012815579
Temoa,reference,BC,Activity|fuel|F_IMP_CNG,?,2.650836941,2.946773708,1.251411474,0.106730222,0.026586815,0.001952351
Temoa,reference,BC,Activity|fuel|F_IMP_DSL,?,91.50569694,87.78729044,79.42360482,66.15404306,57.28513535,57.5120856
Temoa,reference,BC,Activity|fuel|F_IMP_ETH,?,12.00929989,13.73197916,10.22121904,12.27439985,12.30334876,11.06938488
Temoa,reference,BC,Activity|fuel|F_IMP_GSL,?,100.8141536,81.84539807,61.82765726,73.34567998,73.52186354,66.59762951
Temoa,reference,BC,Activity|fuel|F_IMP_HFO,?,118.3728026,125.2394099,128.5906812,131.5919356,138.2038047,147.1033696
Temoa,reference,BC,Activity|fuel|F_IMP_JTF,?,97.76094614,103.3845209,104.0066537,108.8612133,113.4458838,121.4773807
Temoa,reference,BC,Activity|fuel|F_IMP_LNG,?,10.04650686,11.56057169,12.66739369,17.18019284,18.2037574,19.33125668
Temoa,reference,BC,Activity|fuel|F_IMP_LPG,?,0.703725517,0.469569903,0.235421687,0.026907304,,
Temoa,reference,BC,Activity|fuel|F_IMP_NG,?,537.4026613,546.5013222,533.6811175,524.1744113,535.4086144,552.0953939
Temoa,reference,BC,Activity|fuel|F_IMP_OIL,?,0.417227368,0.107834188,0.066080091,0.022793073,,
Temoa,reference,BC,Activity|fuel|F_IMP_RDSL,?,3.203404043,2.984522259,2.656652713,2.123241705,1.751676156,1.74973615
Temoa,reference,BC,Activity|fuel|F_IMP_WOOD,?,4.189171591,3.10051564,1.594385532,0.079437373,,
Temoa,reference,BC,Activity|industrial|E_I_ELC,?,106.06,127.37,148.43,155.5,161.46,166.62
Temoa,reference,BC,Activity|industrial|F_I_BIO,?,204.21,245.74,257.47,262.22,265.44,270.71
Temoa,reference,BC,Activity|industrial|F_I_HFO,?,102.67,107.93,110.98,113.45,119.37,127.6
Temoa,reference,BC,Activity|industrial|F_I_NG,?,252.03,297.36,304.74,305.42,316.66,335.6
Temoa,reference,BC,Activity|industrial|I_IND,?,664.9700001,778.4,821.6200001,836.5900001,862.9300001,900.5300001
Temoa,reference,BC,Activity|residential,?,339.3433517,333.7349311,337.7205954,351.6089832,365.3373623,380.8164579
Temoa,reference,BC,Activity|residential|E_R_ELC,?,67.68251965,60.23484778,53.38889992,50.49221819,47.56643266,49.39255597
Temoa,reference,BC,Activity|residential|F_R_LPG,?,0.703725517,0.469569903,0.235421687,0.026907304,,
Temoa,reference,BC,Activity|residential|F_R_NG,?,105.6411917,105.4810587,110.7269205,121.8072151,130.8060628,136.4258226
Temoa,reference,BC,Activity|residential|F_R_OIL,?,0.417227368,0.107834188,0.066080091,0.022793073,,
Temoa,reference,BC,Activity|residential|F_R_WOOD,?,4.189171591,3.10051564,1.594385532,0.079437373,,
Temoa,reference,BC,Activity|residential|R_APP_CL_WASH-EXS,?,0.072661867,0.029055662,,,,
Temoa,reference,BC,Activity|residential|R_APP_CL_WASH-TYP-NEW,?,0.033583358,0.079581009,0.113520915,0.117171512,0.122368544,0.127648327
Temoa,reference,BC,Activity|residential|R_APP_COOK_ELEC-EXS,?,0.073272486,0.045090742,0.012032038,,,
Temoa,reference,BC,Activity|residential|R_APP_COOK_NG-EXS,?,0.005711147,0.002203178,,,,
Temoa,reference,BC,Activity|residential|R_APP_COOK_NG-TYP-NEW,?,0.033799423,0.06760288,0.106987604,0.125161572,0.131299748,0.136701345
Temoa,reference,BC,Activity|residential|R_APP_DRY_ELEC-EXS,?,0.055737187,0.027800266,,,,
Temoa,reference,BC,Activity|residential|R_APP_DRY_NG-EXS,?,0.005066672,0.001776709,,,,
Temoa,reference,BC,Activity|residential|R_APP_DRY_NG-TYP-NEW,?,0.051945933,0.084719204,0.119615212,0.125081171,0.131375004,0.136737224
Temoa,reference,BC,Activity|residential|R_APP_DS_WASH-EXS,?,0.057866455,0.031486954,0.000923673,,,
Temoa,reference,BC,Activity|residential|R_APP_DS_WASH-TYP-NEW,?,0.036641214,0.063916682,0.096670525,0.104609671,0.109701509,0.114249105
Temoa,reference,BC,Activity|residential|R_APP_FREZ-EXS,?,0.063346231,0.04471498,0.026083726,0.001483388,,
Temoa,reference,BC,Activity|residential|R_APP_FREZ-TYP-NEW,?,0.024199245,0.044811439,0.067460198,0.094635538,0.10185432,0.106230922
Temoa,reference,BC,Activity|residential|R_APP_OTH,?,2.326954836,2.379608108,2.486393215,2.594642246,2.707283048,2.823612938
Temoa,reference,BC,Activity|residential|R_APP_REFR-EXS,?,0.080114378,0.008674758,,,,
Temoa,reference,BC,Activity|residential|R_APP_REFR-TYP-NEW,?,0.066570008,0.140847576,0.156734912,0.163558613,0.170659158,0.177992252
Temoa,reference,BC,Activity|residential|R_LGT_CFL-EXS,?,3.15323008,2.027080698,0.770296543,,,
Temoa,reference,BC,Activity|residential|R_LGT_LED-EXS,?,4.50960713,4.509610377,4.284150207,4.509607423,3.60767784,2.480259415
Temoa,reference,BC,Activity|residential|R_LGT_LED-TYP-NEW,?,11.71837833,13.61438324,16.38842031,18.16018361,20.42175907,22.71256469
Temoa,reference,BC,Activity|residential|R_LGT_T12-EXS,?,1.380365039,1.080289784,0.741206129,0.480124427,0.125463107,
Temoa,reference,BC,Activity|residential|R_SPC_CENT_AC-EXS,?,5.675898093,4.006409133,2.337005107,0.267082332,,
Temoa,reference,BC,Activity|residential|R_SPC_ROOM_AC-EXS,?,1.047460387,,,,,
Temoa,reference,BC,Activity|residential|R_SPHC_AIR_HP-TYP-NEW,?,6.598851419,10.21090088,12.9002006,16.08268929,17.11682133,17.85228301
Temoa,reference,BC,Activity|residential|R_SPHC_GEO_HP-TYP-NEW,?,3.48223E-05,0.00013728,0.000525414,0.000966115,0.001703964,0.002110389
Temoa,reference,BC,Activity|residential|R_SPH_ELEC-EXS,?,18.591825,13.69924066,8.806654428,3.522663509,,
Temoa,reference,BC,Activity|residential|R_SPH_HP-EXS,?,3.208387854,1.750028449,0.116665491,,,
Temoa,reference,BC,Activity|residential|R_SPH_NG-ELC-EXS,?,0.96431431,0.680691128,0.397068206,0.045374406,,
Temoa,reference,BC,Activity|residential|R_SPH_NG-EXS,?,32.96914702,23.27233789,13.57552885,1.551486216,,
Temoa,reference,BC,Activity|residential|R_SPH_NG_FRN-TYP-NEW,?,34.7389242,53.45351455,74.69535201,97.20776009,106.7855171,111.3739701
Temoa,reference,BC,Activity|residential|R_SPH_OIL-ELC-EXS,?,0.060148102,0.042453526,0.024763661,0.006759289,,
Temoa,reference,BC,Activity|residential|R_SPH_OIL-EXS,?,0.056538041,0.04165714,0.02677881,0.010670823,,
Temoa,reference,BC,Activity|residential|R_SPH_OTH-EXS,?,0.285867948,0.201789321,0.117710844,0.013453652,,
Temoa,reference,BC,Activity|residential|R_SPH_WOOD-ELC-EXS,?,1.924840988,1.283225871,0.641612506,,,
Temoa,reference,BC,Activity|residential|R_SPH_WOOD-EXS,?,0.169711693,0.113140178,0.056569566,,,
Temoa,reference,BC,Activity|residential|R_SPH_WOOD-OIL-EXS,?,0.208751204,0.153816676,0.098882149,0.039551008,,
Temoa,reference,BC,Activity|residential|R_WAH_ELC-EXS,?,4.748442513,2.590053344,0.172672987,,,
Temoa,reference,BC,Activity|residential|R_WAH_ELEC-TYP-NEW,?,,8.944671291,21.561413,33.95335874,35.42812614,36.95082447
Temoa,reference,BC,Activity|residential|R_WAH_HP-TYP-NEW,?,13.49637915,13.49711847,10.79834912,0.00172622,0.002226409,0.002685837
Temoa,reference,BC,Activity|residential|R_WAH_LPG-EXS,?,0.076074709,0.038035309,,,,
Temoa,reference,BC,Activity|residential|R_WAH_NG-EXS,?,12.12551445,6.062754535,,,,
Temoa,reference,BC,Activity|residential|R_WAH_NG-TYP-NEW,?,0.013352987,0.015875014,0.010639733,0.000611287,0.001030556,0.000209379
Temoa,reference,BC,Activity|transportation,?,1138.100019,1161.459295,1145.383194,1172.009672,1206.601996,1249.931693
Temoa,reference,BC,Activity|transportation|E_T_ELC,?,13.31411106,18.34436205,24.48922588,24.73223947,32.56497549,41.40823274
Temoa,reference,BC,Activity|transportation|F_T_CNG,?,2.650836941,2.946773708,1.251411474,0.106730222,0.026586815,0.001952351
Temoa,reference,BC,Activity|transportation|F_T_DSL,?,76.88169703,71.62853423,63.7596651,50.95780092,42.04022775,41.99366759
Temoa,reference,BC,Activity|transportation|F_T_ETH,?,12.00929989,13.73197916,10.22121904,12.27439985,12.30334876,11.06938488
Temoa,reference,BC,Activity|transportation|F_T_GSL,?,97.16615363,77.8145486,57.92024122,69.55493248,69.71897631,62.7265143
Temoa,reference,BC,Activity|transportation|F_T_HFO,?,15.70280259,17.3094099,17.61068121,18.1419356,18.83380472,19.50336957
Temoa,reference,BC,Activity|transportation|F_T_JTF,?,97.76094614,103.3845209,104.0066537,108.8612133,113.4458838,121.4773807
Temoa,reference,BC,Activity|transportation|F_T_LNG,?,10.04650686,11.56057169,12.66739369,17.18019284,18.2037574,19.33125668
Temoa,reference,BC,Activity|transportation|F_T_NG,?,23.80182735,23.80197621,23.80190537,22.61573335,22.61196464,21.17969279
Temoa,reference,BC,Activity|transportation|F_T_RDSL,?,3.203404043,2.984522259,2.656652713,2.123241705,1.751676156,1.74973615
Temoa,reference,BC,Activity|transportation|T_BLND_ETH_GSL,?,109.1754535,91.54652776,68.14146026,81.82933233,82.02232507,73.79589917
Temoa,reference,BC,Activity|transportation|T_BLND_GSL_ELC_PHEV35,?,26.94617289,30.94432259,34.04629567,20.19743119,16.19923348,13.06647139
Temoa,reference,BC,Activity|transportation|T_BLND_JTF,?,97.76094466,103.3845176,104.0066485,108.8612062,113.4458751,121.4773737
Temoa,reference,BC,Activity|transportation|T_BLND_RDSL_DSL,?,80.08510108,74.61305649,66.41631782,53.08104262,43.79190391,43.74340374
Temoa,reference,BC,Activity|transportation|T_ELC_AC_DC,?,,0.002455319,,,,0.000382826
Temoa,reference,BC,Activity|transportation|T_H2_COMP_100_700,?,19.23087032,19.23087772,19.23058761,18.27368287,18.2736966,17.12079666
Temoa,reference,BC,Activity|transportation|T_H2_COMP_10_100,?,19.23087032,19.23087487,19.23054177,18.27363378,18.27364644,17.12079983
Temoa,reference,BC,Activity|transportation|T_H2_HDV_REFUEL,?,2.596609538,2.643649365,3.549786385,6.317912303,14.73970081,14.78533558
Temoa,reference,BC,Activity|transportation|T_H2_MDV_REFUEL,?,16.53810403,16.49469425,15.58805765,11.86823567,3.443082475,2.250062692
Temoa,reference,BC,Activity|transportation|T_H2_distribution,?,19.23087032,19.23464717,19.23420203,18.27761627,18.27439871,17.12122159
Temoa,reference,BC,Activity|transportation|T_HDV_AJF_JFL_EX,?,0.643243607,0.561659521,0.439410988,0.304682711,,
Temoa,reference,BC,Activity|transportation|T_HDV_AJF_JFL_N,?,0.217044954,0.395937553,0.59207378,0.801112532,1.179013589,1.262483857
Temoa,reference,BC,Activity|transportation|T_HDV_AJP_JFL_EX,?,48.88744704,43.75943078,32.37239026,21.92917076,,
Temoa,reference,BC,Activity|transportation|T_HDV_AJP_JFL_N,?,15.85418008,28.30527244,45.25284391,61.28841558,88.72774532,95.00930081
Temoa,reference,BC,Activity|transportation|T_HDV_BIC_DSL_EX,?,0.042516294,0.018062885,,,,
Temoa,reference,BC,Activity|transportation|T_HDV_BIC_GSL_EX,?,0.003183774,0.000525209,,,,
Temoa,reference,BC,Activity|transportation|T_HDV_BIC_GSL_N,?,0.696935334,0.807323157,0.891671829,0.955883913,1.019118101,1.091282399
Temoa,reference,BC,Activity|transportation|T_HDV_BS_BEV_N,?,,0.024040032,0.028285125,0.019548382,1.293384349,4.373357403
Temoa,reference,BC,Activity|transportation|T_HDV_BS_CNG_EX,?,0.055386476,0.024680105,,,,
Temoa,reference,BC,Activity|transportation|T_HDV_BS_DSL_EX,?,0.377430259,0.162304032,,,,
Temoa,reference,BC,Activity|transportation|T_HDV_BS_FCHEV_N,?,3.986988941,4.724791325,5.304656973,5.697647482,4.802365694,2.153981419
Temoa,reference,BC,Activity|transportation|T_HDV_BS_GSL_EX,?,0.028083365,0.015133203,,,,
Temoa,reference,BC,Activity|transportation|T_HDV_BT_BEV_EX,?,0.111601966,0.054192648,,,,
Temoa,reference,BC,Activity|transportation|T_HDV_BT_BEV_N,?,,,0.052746826,0.055187334,0.035703588,2.32147902
Temoa,reference,BC,Activity|transportation|T_HDV_BT_CNG_EX,?,0.00726181,0.000589613,,,,
Temoa,reference,BC,Activity|transportation|T_HDV_BT_CNG_N,?,1.195714858,1.444540751,0.645242264,0.057081859,0.014701458,
Temoa,reference,BC,Activity|transportation|T_HDV_BT_DSL_EX,?,0.190527876,0.082426547,,,,
Temoa,reference,BC,Activity|transportation|T_HDV_BT_FCHEV_N,?,1.873924714,2.178652503,3.356041476,4.233821914,4.583435449,2.638691501
Temoa,reference,BC,Activity|transportation|T_HDV_CHRG,?,0.048877112,0.027797578,0.025881325,0.025130302,0.728954651,1.977532779
Temoa,reference,BC,Activity|transportation|T_HDV_RF_DSL_EX,?,17.2712992,17.27127212,17.27121678,,,
Temoa,reference,BC,Activity|transportation|T_HDV_RF_LNG_N,?,45.24207587,52.31382843,57.68313535,80.3537467,85.67470816,91.74024672
Temoa,reference,BC,Activity|transportation|T_HDV_RICP_DSL_EX,?,0.169429029,0.169427222,0.165765149,0.120827681,0.085293877,
Temoa,reference,BC,Activity|transportation|T_HDV_RICP_DSL_N,?,0.050596182,0.075590136,0.099164618,0.163185198,0.21752011,0.3242497
Temoa,reference,BC,Activity|transportation|T_HDV_T_BEV_N,?,,,,,1.564493466,2.01452387
Temoa,reference,BC,Activity|transportation|T_HDV_T_DSL_EX,?,8.010716425,6.243758494,3.427804957,,,
Temoa,reference,BC,Activity|transportation|T_HDV_T_DSL_HEV_N,?,15.68687767,20.1343031,24.98478447,27.81627543,17.29623159,15.81102618
Temoa,reference,BC,Activity|transportation|T_HDV_T_FCHEV_N,?,,,,2.643125417,13.61647544,16.95100576
Temoa,reference,BC,Activity|transportation|T_HDV_WTF_HFO_EX,?,78.23250273,78.2324969,40.14447323,20.47606318,10.82966809,
Temoa,reference,BC,Activity|transportation|T_HDV_WTF_HFO_N,?,21.45161483,32.72709856,79.3767036,107.6556234,125.7859335,146.2875139
Temoa,reference,BC,Activity|transportation|T_I_H2_ELC_PEM,?,,,,,,4.04613E-05
Temoa,reference,BC,Activity|transportation|T_I_H2_SMR,?,19.2301505,19.23020355,19.23013088,18.27177454,18.2687164,17.11152265
Temoa,reference,BC,Activity|transportation|T_LDV_BEV_CHRG,?,0.098485451,0.190006531,0.226650267,0.265551847,3.184500575,9.850101497
Temoa,reference,BC,Activity|transportation|T_LDV_C_BEV150_EX,?,0.09080626,0.075140875,,,,
Temoa,reference,BC,Activity|transportation|T_LDV_C_BEV150_N,?,,,,,0.745430187,2.540042822
Temoa,reference,BC,Activity|transportation|T_LDV_C_BEV200_N,?,,,,,1.490863753,5.080089325
Temoa,reference,BC,Activity|transportation|T_LDV_C_BEV300_N,?,,,,,2.23629746,7.620136133
Temoa,reference,BC,Activity|transportation|T_LDV_C_BEV400_N,?,,,,,2.981731164,10.16018256
Temoa,reference,BC,Activity|transportation|T_LDV_C_DSL_EX,?,0.081295157,0.007156703,,,,
Temoa,reference,BC,Activity|transportation|T_LDV_C_GSL_EX,?,6.217447944,3.351177633,,,,
Temoa,reference,BC,Activity|transportation|T_LDV_C_GSL_HEV_EX,?,0.163359217,0.096208603,,,,
Temoa,reference,BC,Activity|transportation|T_LDV_C_GSL_HEV_N,?,26.3237984,33.08209297,39.48665841,42.32999759,37.6801193,22.92931443
Temoa,reference,BC,Activity|transportation|T_LDV_C_GSL_PHEV35_EX,?,0.056388899,0.04596115,,,,
Temoa,reference,BC,Activity|transportation|T_LDV_LTF_DSL_EX,?,0.113606957,0.093198181,0.017230564,,,
Temoa,reference,BC,Activity|transportation|T_LDV_LTF_GSL_EX,?,1.351257148,0.987383579,0.176686987,,,
Temoa,reference,BC,Activity|transportation|T_LDV_LTF_GSL_PHEV35_N,?,3.117833112,4.020650027,5.302397321,5.892568638,6.282735917,6.727525095
Temoa,reference,BC,Activity|transportation|T_LDV_LTP_BEV300_EX,?,0.014096184,0.013202463,0.001899322,,,
Temoa,reference,BC,Activity|transportation|T_LDV_LTP_DSL_EX,?,0.318962885,0.203478646,0.034080381,,,
Temoa,reference,BC,Activity|transportation|T_LDV_LTP_GSL_EX,?,8.034868703,5.356831817,0.92102738,,,
Temoa,reference,BC,Activity|transportation|T_LDV_LTP_GSL_HEV_EX,?,0.056490656,0.054334812,0.010277631,,,
Temoa,reference,BC,Activity|transportation|T_LDV_LTP_GSL_HEV_N,?,,,,27.89164037,37.94908393,47.58631625
Temoa,reference,BC,Activity|transportation|T_LDV_LTP_GSL_PHEV35_EX,?,0.011803647,0.013032308,0.000550778,,,
Temoa,reference,BC,Activity|transportation|T_LDV_LTP_GSL_PHEV35_N,?,27.4879365,34.34485922,42.10048573,18.28474394,11.28477204,5.132966923
Temoa,reference,BC,Activity|transportation|T_LDV_M_BEV_N,?,0.10491996,0.297505655,0.443773686,0.524133975,0.558865157,0.598412231
Temoa,reference,BC,Activity|transportation|T_LDV_M_GSL_EX,?,0.303048301,0.156569608,0.045244442,,,
Temoa,reference,BC,Activity|transportation|T_LDV_PHEV_CHRG,?,9.913540248,11.38451325,12.52598431,7.430859067,5.959880064,4.807311727
Temoa,reference,BC,Activity|transportation|T_MDV_CHRG,?,,2.980805976,7.337958536,12.70714494,17.60545563,18.91342856
Temoa,reference,BC,Activity|transportation|T_MDV_T_BEV_N,?,,2.060159627,5.558657249,9.973616672,14.29994374,15.87985513
Temoa,reference,BC,Activity|transportation|T_MDV_T_DSL_EX,?,4.021192109,2.978015265,1.341589023,,,
Temoa,reference,BC,Activity|transportation|T_MDV_T_FCHEV_N,?,4.905859531,5.883999242,6.051511867,4.792788445,1.444214985,0.978937146
Temoa,reference,BC,Activity|transportation|T_MDV_T_GSL_EX,?,2.560925048,1.865226106,0.822321754,,,
Temoa,reference,BC,Activity|transportation|T_OFF,?,19.85390319,22.0996248,23.80483785,25.51980937,27.20957511,29.13589939
Temoa,reference,BC,Capacity|commercial,?,606.7144419,554.2204749,418.2784973,331.8592114,338.6502008,359.3636344
Temoa,reference,BC,Capacity|commercial|C_SPC_AC_ROOF-NEW,?,0.001783786,0.003839996,0.005666927,0.007666504,0.008196515,0.008290309
Temoa,reference,BC,Capacity|commercial|C_SPC_ELC-EXS,?,289.6256759,199.1176522,108.6096285,7.240641898,,
Temoa,reference,BC,Capacity|commercial|C_SPHC_HP_AIR-NEW,?,65.43711993,177.494892,193.7648614,245.7739863,260.8057973,276.7556885
Temoa,reference,BC,Capacity|commercial|C_SPHC_HP_GEO-NEW,?,0.000659629,0.00140149,0.002121531,0.002451381,0.002721206,0.002937981
Temoa,reference,BC,Capacity|commercial|C_SPH_ELC-EXS,?,61.62622599,24.6504904,,,,
Temoa,reference,BC,Capacity|commercial|C_SPH_ELC_BLR-NEW,?,0.007512672,0.016125683,0.026091999,0.030102642,0.033938864,0.037404952
Temoa,reference,BC,Capacity|commercial|C_SPH_ELC_RES-NEW,?,0.007471063,0.016070634,0.026008923,0.032917867,0.035692806,0.03810036
Temoa,reference,BC,Capacity|commercial|C_SPH_NG-EXS,?,148.4378497,111.3283873,74.21892485,37.10946242,,
Temoa,reference,BC,Capacity|commercial|C_SPH_NG_FRN-NEW,?,41.57014318,41.59161525,41.62519323,41.66198245,77.7638541,82.5212123
Temoa,reference,BC,Capacity|electricity,?,34.73282493,37.44684507,41.50320322,43.99142627,47.14757792,51.55330345
Temoa,reference,BC,Capacity|electricity|E_BAT_2H-NEW,?,0.001401455,0.013433542,0.044762141,0.047855983,0.039541369,0.013065994
Temoa,reference,BC,Capacity|electricity|E_BAT_4H-NEW,?,0.000237488,0.000673224,0.001260988,0.001806297,0.002453244,0.003802642
Temoa,reference,BC,Capacity|electricity|E_BIO_G-EXS,?,0.02319,0.02319,0.02319,0.02319,0.01589,0.01463
Temoa,reference,BC,Capacity|electricity|E_BIO_M-EXS,?,1.0658,1.0658,1.0108,1.0108,1.009,0.9827
Temoa,reference,BC,Capacity|electricity|E_BIO_M-NEW,?,5.21431E-05,0.000109875,0.000171974,0.000238592,0.000309352,0.000386115
Temoa,reference,BC,Capacity|electricity|E_HYD_DLY-EXS,?,4.67849,4.67849,4.67849,4.67849,4.67849,4.67849
Temoa,reference,BC,Capacity|electricity|E_HYD_MLY-EXS,?,10.117,10.117,10.117,10.117,10.117,10.117
Temoa,reference,BC,Capacity|electricity|E_HYD_MLY-EXS-IN,?,10.117,10.117,10.117,10.117,10.117,10.117
Temoa,reference,BC,Capacity|electricity|E_HYD_ROR-EXS,?,1.80202,1.80202,1.80202,1.80202,1.80202,1.80202
Temoa,reference,BC,Capacity|electricity|E_INT_IN-USA,?,2.376,2.376,2.376,2.376,2.376,2.376
Temoa,reference,BC,Capacity|electricity|E_NG_CC-EXS,?,0.275,0.275,0.275,0.275,,
Temoa,reference,BC,Capacity|electricity|E_NG_CC-NEW,?,1.487355561,1.655324637,1.674462737,1.68295492,1.687685791,1.691794534
Temoa,reference,BC,Capacity|electricity|E_NG_CCS-NEW,?,0.000168877,0.000381975,0.000641352,0.000933037,0.001250549,0.001624171
Temoa,reference,BC,Capacity|electricity|E_NG_CCS_RFIT_90,?,7.52197E-05,0.000161376,0.000260082,0.000370082,0.000491278,0.000626873
Temoa,reference,BC,Capacity|electricity|E_NG_CCS_RFIT_95,?,7.2989E-05,0.000156712,0.000252809,0.000359956,0.000478017,0.000610166
Temoa,reference,BC,Capacity|electricity|E_NG_CG-EXS,?,0.12,0.12,0.12,,,
Temoa,reference,BC,Capacity|electricity|E_NG_CT-EXS,?,0.046,0.046,0.046,0.046,0.046,
Temoa,reference,BC,Capacity|electricity|E_NG_CT-NEW,?,1.167990887,1.236151264,2.180094612,2.955887328,3.672751976,4.472837579
Temoa,reference,BC,Capacity|electricity|E_SOL_PV-EXS,?,0.0011,0.0011,0.0011,,,
Temoa,reference,BC,Capacity|electricity|E_SOL_PV-NEW-1,?,0.000239404,0.001703605,0.003783042,0.006343299,0.010067675,0.018877377
Temoa,reference,BC,Capacity|electricity|E_SOL_PV-NEW-2,?,0.000223172,0.001137785,0.002421924,0.003925484,0.005808945,0.008586122
Temoa,reference,BC,Capacity|electricity|E_SOL_PV-NEW-3,?,0.000270191,0.156012408,0.552284408,2.283170995,5.248866152,6.817420629
Temoa,reference,BC,Capacity|electricity|E_SOL_PV-NEW-4,?,0.000254025,0.002773678,0.0074008,0.013267065,0.022077194,2.072915366
Temoa,reference,BC,Capacity|electricity|E_SOL_PV-NEW-5,?,0.000253943,0.003278238,0.007704295,0.013067836,0.021285815,0.062406949
Temoa,reference,BC,Capacity|electricity|E_WND_ON-EXS,?,0.747,0.747,0.747,0.3288,0.045,
Temoa,reference,BC,Capacity|electricity|E_WND_ON-NEW-1,?,0.215694094,0.708865761,0.710743486,0.711746918,0.712751683,0.713754876
Temoa,reference,BC,Capacity|electricity|E_WND_ON-NEW-10,?,0.000578285,0.002006032,0.005057512,0.008888495,0.012794978,0.070460078
Temoa,reference,BC,Capacity|electricity|E_WND_ON-NEW-11,?,0.000221671,0.000492867,0.000794911,0.001125086,0.001467405,0.001826852
Temoa,reference,BC,Capacity|electricity|E_WND_ON-NEW-12,?,0.001226774,1.150814682,1.153174406,1.154178238,1.155184367,1.15618716
Temoa,reference,BC,Capacity|electricity|E_WND_ON-NEW-13,?,0.000625839,0.00542115,1.115521066,1.116599512,1.117606079,1.118609482
Temoa,reference,BC,Capacity|electricity|E_WND_ON-NEW-2,?,0.001302433,0.183902669,0.708688131,0.712475923,0.713702326,0.714712099
Temoa,reference,BC,Capacity|electricity|E_WND_ON-NEW-3,?,0.00100681,0.006779638,0.901895552,0.912825058,0.915506883,0.916869887
Temoa,reference,BC,Capacity|electricity|E_WND_ON-NEW-4,?,0.000318499,0.00075493,0.001275922,0.00187978,0.002543695,0.0034825
Temoa,reference,BC,Capacity|electricity|E_WND_ON-NEW-5,?,0.481622573,0.537019381,0.541059638,0.542057251,0.543063188,0.544064978
Temoa,reference,BC,Capacity|electricity|E_WND_ON-NEW-6,?,0.001753951,0.407167327,0.44935545,0.450839342,0.451833761,0.452845256
Temoa,reference,BC,Capacity|electricity|E_WND_ON-NEW-7,?,0.000309085,0.00082434,0.001460778,0.002204516,0.003018524,0.004174698
Temoa,reference,BC,Capacity|electricity|E_WND_ON-NEW-8,?,0.000670371,0.002110274,0.123698511,0.590076635,0.595884963,0.599888799
Temoa,reference,BC,Capacity|electricity|E_WND_ON-NEW-9,?,0.000299186,0.000787702,0.001376695,0.002048645,0.00275271,0.003632265
Temoa,reference,BC,Capacity|residential,?,330.5064374,338.0354771,367.3617304,368.5462811,384.5548127,400.9762236
Temoa,reference,BC,Capacity|residential|R_APP_CL_WASH-EXS,?,1.4532375,0.581295,,,,
Temoa,reference,BC,Capacity|residential|R_APP_CL_WASH-TYP-NEW,?,0.671666603,1.591690813,2.270498821,2.369348492,2.472208834,2.578437652
Temoa,reference,BC,Capacity|residential|R_APP_COOK_ELEC-EXS,?,1.465450235,0.901815529,0.247999271,,,
Temoa,reference,BC,Capacity|residential|R_APP_COOK_ELEC-TYP-NEW,?,0.000147362,0.000318792,0.00050582,0.000544657,0.000571931,0.000594703
Temoa,reference,BC,Capacity|residential|R_APP_COOK_NG-EXS,?,0.125252353,0.062626176,,,,
Temoa,reference,BC,Capacity|residential|R_APP_COOK_NG-TYP-NEW,?,0.675988616,1.353371525,2.173653176,2.527065278,2.636768857,2.750070705
Temoa,reference,BC,Capacity|residential|R_APP_DRY_ELEC-EXS,?,1.114744118,0.557372059,,,,
Temoa,reference,BC,Capacity|residential|R_APP_DRY_ELEC-TYP-NEW,?,0.000129844,0.000258384,0.000363361,0.000416514,0.000465996,0.000511283
Temoa,reference,BC,Capacity|residential|R_APP_DRY_NG-EXS,?,0.112727059,0.056363529,,,,
Temoa,reference,BC,Capacity|residential|R_APP_DRY_NG-TYP-NEW,?,1.038918631,1.703812106,2.421453601,2.526838154,2.636504041,2.749767435
Temoa,reference,BC,Capacity|residential|R_APP_DS_WASH-EXS,?,1.157329412,0.631270588,0.042084706,,,
Temoa,reference,BC,Capacity|residential|R_APP_DS_WASH-TYP-NEW,?,0.732824166,1.301652937,1.977579066,2.107592623,2.199089267,2.293582505
Temoa,reference,BC,Capacity|residential|R_APP_FREZ-EXS,?,1.266925,0.8943,0.521675,0.05962,,
Temoa,reference,BC,Capacity|residential|R_APP_FREZ-TYP-NEW,?,0.483984996,0.896229045,1.349204283,1.892711048,2.037086725,2.124618863
Temoa,reference,BC,Capacity|residential|R_APP_REFR-EXS,?,1.60228775,0.1831186,,,,
Temoa,reference,BC,Capacity|residential|R_APP_REFR-TYP-NEW,?,1.331400222,2.816951608,3.134698457,3.27117251,3.413183441,3.559845362
Temoa,reference,BC,Capacity|residential|R_LGT_CFL-EXS,?,47.2749461,30.39103678,12.15641471,,,
Temoa,reference,BC,Capacity|residential|R_LGT_LED-EXS,?,67.6103681,67.6103681,67.6103681,67.6103681,54.08829448,37.18570246
Temoa,reference,BC,Capacity|residential|R_LGT_LED-TYP-NEW,?,175.6879835,204.1137098,255.1099397,272.2671091,306.1741986,340.5189543
Temoa,reference,BC,Capacity|residential|R_LGT_T12-EXS,?,20.69523297,16.19626928,11.69730559,7.198341904,1.979544023,
Temoa,reference,BC,Capacity|residential|R_SPC_CENT_AC-EXS,?,0.235429909,0.166185818,0.096941727,0.011079055,,
Temoa,reference,BC,Capacity|residential|R_SPC_ROOM_AC-EXS,?,0.136115833,,,,,
Temoa,reference,BC,Capacity|residential|R_SPC_ROOM_AC-TYP-NEW,?,1.58514E-05,1.91962E-05,3.57494E-05,4.15936E-05,4.61979E-05,4.45039E-05
Temoa,reference,BC,Capacity|residential|R_SPHC_AIR_HP-TYP-NEW,?,0.035575454,0.055048442,0.06954686,0.086706105,0.092280275,0.096244332
Temoa,reference,BC,Capacity|residential|R_SPH_ELEC-EXS,?,0.757738136,0.558333364,0.358928591,0.143571436,,
Temoa,reference,BC,Capacity|residential|R_SPH_ELEC_RAD-NEW,?,1.06157E-05,2.24557E-05,3.33592E-05,4.50295E-05,4.82972E-05,5.01773E-05
Temoa,reference,BC,Capacity|residential|R_SPH_HP-EXS,?,0.100774882,0.054968118,0.003664541,,,
Temoa,reference,BC,Capacity|residential|R_SPH_NG-ELC-EXS,?,0.016555682,0.011686364,0.006817045,0.000779091,,
Temoa,reference,BC,Capacity|residential|R_SPH_NG-EXS,?,0.737708045,0.520735091,0.303762136,0.034715673,,
Temoa,reference,BC,Capacity|residential|R_SPH_NG_FRN-TYP-NEW,?,0.777308064,1.196060696,1.671361892,2.1750932,2.389401606,2.492071514
Temoa,reference,BC,Capacity|residential|R_SPH_OIL-ELC-EXS,?,0.008039455,0.005674909,0.003310364,0.000945818,,
Temoa,reference,BC,Capacity|residential|R_SPH_OIL-EXS,?,0.027767636,0.020460364,0.013153091,0.005261236,,
Temoa,reference,BC,Capacity|residential|R_SPH_OTH-EXS,?,0.017244182,0.012172364,0.007100545,0.000811491,,
Temoa,reference,BC,Capacity|residential|R_SPH_WOOD-ELC-EXS,?,0.060595909,0.040397273,0.020198636,,,
Temoa,reference,BC,Capacity|residential|R_SPH_WOOD-EXS,?,0.016028182,0.010685455,0.005342727,,,
Temoa,reference,BC,Capacity|residential|R_SPH_WOOD-OIL-EXS,?,0.029476773,0.021719727,0.013962682,0.005585073,,
Temoa,reference,BC,Capacity|residential|R_WAH_ELC-EXS,?,0.625566765,0.341218235,0.022747882,,,
Temoa,reference,BC,Capacity|residential|R_WAH_ELEC-TYP-NEW,?,8.29758E-05,1.119469154,2.6985154,4.249427285,4.4340016,4.624574709
Temoa,reference,BC,Capacity|residential|R_WAH_HP-TYP-NEW,?,1.689137209,1.689364617,1.351801314,0.000752567,0.000816894,0.000869674
Temoa,reference,BC,Capacity|residential|R_WAH_LPG-EXS,?,0.011402353,0.005701176,,,,
Temoa,reference,BC,Capacity|residential|R_WAH_NG-EXS,?,0.721511765,0.360755882,,,,
Temoa,reference,BC,Capacity|residential|R_WAH_NG-TYP-NEW,?,0.000807212,0.000956562,0.000740357,0.000304287,0.000255388,0.000235202
Temoa,reference,BC,Capacity|residential|R_WAH_SOLAR-TYP-NEW,?,,1.12077E-05,2.18292E-05,3.37787E-05,4.62557E-05,4.81961E-05
Temoa,reference,BC,Capacity|transportation,?,4009.39745,4112.164412,4404.30131,4707.559091,4974.331947,5272.709593
Temoa,reference,BC,Capacity|transportation|T_ELC_AC_DC,?,0.000233816,0.000502308,0.000778603,0.001072506,0.001383638,0.001497299
Temoa,reference,BC,Capacity|transportation|T_H2_COMP_100_700,?,0.609807451,0.609927295,0.609927295,0.579575233,0.57947225,0.57947225
Temoa,reference,BC,Capacity|transportation|T_H2_COMP_10_100,?,0.609807441,0.609927449,0.609927449,0.579573952,0.579470693,0.579470693
Temoa,reference,BC,Capacity|transportation|T_H2_HDV_REFUEL,?,2.596610627,2.643652593,3.549789671,6.317916601,14.73970532,14.78533842
Temoa,reference,BC,Capacity|transportation|T_H2_LDV_REFUEL,?,,,2.05011E-05,5.20282E-05,0.000200539,0.00021903
Temoa,reference,BC,Capacity|transportation|T_H2_MDV_REFUEL,?,16.53810477,16.53826584,15.5882197,15.58810702,3.443132135,3.443083754
Temoa,reference,BC,Capacity|transportation|T_HDV_AJF_JFL_EX,?,0.643243969,0.56165984,0.439411238,0.304682856,,
Temoa,reference,BC,Capacity|transportation|T_HDV_AJF_JFL_N,?,0.217045061,0.395937791,0.592074175,0.801113149,1.179014491,1.262484663
Temoa,reference,BC,Capacity|transportation|T_HDV_AJP_JFL_EX,?,48.88744921,43.75943237,32.37239147,21.92917143,,
Temoa,reference,BC,Capacity|transportation|T_HDV_AJP_JFL_N,?,15.8541805,28.30527327,45.25284534,61.28841763,88.72774848,95.0093036
Temoa,reference,BC,Capacity|transportation|T_HDV_BIC_BEV_N,?,,,,,,1.60733E-05
Temoa,reference,BC,Capacity|transportation|T_HDV_BIC_DSL_EX,?,0.063359652,0.024909832,,,,
Temoa,reference,BC,Capacity|transportation|T_HDV_BIC_DSL_HEV_N,?,2.75847E-05,2.75847E-05,3.70975E-05,3.77138E-05,4.45571E-05,4.3545E-05
Temoa,reference,BC,Capacity|transportation|T_HDV_BIC_DSL_N,?,3.82339E-05,3.82339E-05,4.68946E-05,4.18913E-05,4.57129E-05,4.1764E-05
Temoa,reference,BC,Capacity|transportation|T_HDV_BIC_FCEV_N,?,1.70487E-05,1.70487E-05,8.70612E-05,0.000135734,0.0002175,0.000217921
Temoa,reference,BC,Capacity|transportation|T_HDV_BIC_GSL_EX,?,0.006405878,0.003411474,,,,
Temoa,reference,BC,Capacity|transportation|T_HDV_BIC_GSL_N,?,1.038536198,1.088218602,1.168306926,1.252443148,1.335298168,1.429853254
Temoa,reference,BC,Capacity|transportation|T_HDV_BS_BEV_N,?,2.77657E-05,0.043535897,0.051235176,0.035424726,2.341517409,7.917350846
Temoa,reference,BC,Capacity|transportation|T_HDV_BS_CNG_EX,?,0.114787292,0.044686013,,,,
Temoa,reference,BC,Capacity|transportation|T_HDV_BS_CNG_N,?,2.12913E-05,3.23584E-05,2.29371E-05,2.62317E-05,2.82381E-05,2.82835E-05
Temoa,reference,BC,Capacity|transportation|T_HDV_BS_DSL_EX,?,0.782219894,0.293971346,,,,
Temoa,reference,BC,Capacity|transportation|T_HDV_BS_DSL_HEV_N,?,5.59074E-05,7.81679E-05,7.44718E-05,5.43978E-05,5.22345E-05,5.11911E-05
Temoa,reference,BC,Capacity|transportation|T_HDV_BS_DSL_N,?,3.63757E-05,5.04255E-05,5.08399E-05,2.86836E-05,2.8157E-05,2.95591E-05
Temoa,reference,BC,Capacity|transportation|T_HDV_BS_DSL_PHEV_N,?,1.51204E-05,3.88858E-05,4.75943E-05,6.17195E-05,6.99601E-05,8.04168E-05
Temoa,reference,BC,Capacity|transportation|T_HDV_BS_FCEV_N,?,0.000104831,0.00014695,0.00019689,0.000197429,0.000229637,0.000192007
Temoa,reference,BC,Capacity|transportation|T_HDV_BS_FCHEV_N,?,8.262748544,8.553538109,9.603313801,10.31477015,8.693990827,3.899492182
Temoa,reference,BC,Capacity|transportation|T_HDV_BS_GSL_EX,?,0.058234092,0.027403276,,,,
Temoa,reference,BC,Capacity|transportation|T_HDV_BS_GSL_N,?,0.000100454,0.000125573,0.000113628,7.62246E-05,7.98729E-05,7.68438E-05
Temoa,reference,BC,Capacity|transportation|T_HDV_BT_BEV_EX,?,0.177766011,0.074780215,,,,
Temoa,reference,BC,Capacity|transportation|T_HDV_BT_BEV_N,?,5.52522E-05,5.52522E-05,0.072791499,0.076166218,0.04928912,3.2033706
Temoa,reference,BC,Capacity|transportation|T_HDV_BT_CNG_EX,?,0.012482954,0.00402908,,,,
Temoa,reference,BC,Capacity|transportation|T_HDV_BT_CNG_N,?,1.904399838,1.993295267,0.890363949,0.078781055,0.020304344,0.002423366
Temoa,reference,BC,Capacity|transportation|T_HDV_BT_DSL_EX,?,0.303460819,0.119723135,,,,
Temoa,reference,BC,Capacity|transportation|T_HDV_BT_DSL_HEV_N,?,1.54182E-05,1.54182E-05,,,,
Temoa,reference,BC,Capacity|transportation|T_HDV_BT_DSL_N,?,1.18503E-05,1.18503E-05,,,,
Temoa,reference,BC,Capacity|transportation|T_HDV_BT_DSL_PHEV_N,?,1.25003E-05,1.25003E-05,2.60172E-05,4.15811E-05,4.7956E-05,3.98266E-05
Temoa,reference,BC,Capacity|transportation|T_HDV_BT_FCEV_N,?,2.9137E-05,2.9137E-05,4.47337E-05,5.07661E-05,7.23167E-05,5.96308E-05
Temoa,reference,BC,Capacity|transportation|T_HDV_BT_FCHEV_N,?,2.984575823,3.118647189,4.630917772,5.842142846,6.324569337,3.641072728
Temoa,reference,BC,Capacity|transportation|T_HDV_BT_GSL_EX,?,0.002493823,0.001496294,,,,
Temoa,reference,BC,Capacity|transportation|T_HDV_CHRG,?,0.04907237,0.039008078,0.025886867,0.025132021,0.728958708,1.977537108
Temoa,reference,BC,Capacity|transportation|T_HDV_RF_DSL_EX,?,42.06820469,42.06820469,40.9922722,30.7540334,17.27131157,
Temoa,reference,BC,Capacity|transportation|T_HDV_RF_DSL_N,?,5.97762E-05,9.77825E-05,0.000144495,0.000192447,0.000242769,0.000242769
Temoa,reference,BC,Capacity|transportation|T_HDV_RF_H2_N,?,,7.77907E-05,0.000106081,0.00013143,0.000236917,0.00025609
Temoa,reference,BC,Capacity|transportation|T_HDV_RF_LNG_N,?,45.24207996,52.31383502,57.6831553,80.35378148,85.67484954,91.74031002
Temoa,reference,BC,Capacity|transportation|T_HDV_RICP_DSL_EX,?,0.170370825,0.170370825,0.165771683,0.120831467,0.085295219,
Temoa,reference,BC,Capacity|transportation|T_HDV_RICP_DSL_N,?,0.050596707,0.075591054,0.099166217,0.163188223,0.217524337,0.324254956
Temoa,reference,BC,Capacity|transportation|T_HDV_T_BEV_N,?,,,5.51494E-05,0.000170531,2.154781221,2.774628675
Temoa,reference,BC,Capacity|transportation|T_HDV_T_DSL_EX,?,11.89335019,9.052099307,4.969572778,,,
Temoa,reference,BC,Capacity|transportation|T_HDV_T_DSL_HEV_N,?,23.28998536,29.19037564,34.41149059,38.31234853,23.82220115,22.922599
Temoa,reference,BC,Capacity|transportation|T_HDV_T_DSL_N,?,7.32032E-05,8.9243E-05,0.000110077,0.00011707,6.83322E-05,6.23274E-05
Temoa,reference,BC,Capacity|transportation|T_HDV_T_DSL_PHEV_N,?,,,,,1.21362E-05,1.21362E-05
Temoa,reference,BC,Capacity|transportation|T_HDV_T_FCEV_N,?,1.41796E-05,1.41796E-05,2.56525E-05,4.05198E-05,5.4486E-05,5.67709E-05
Temoa,reference,BC,Capacity|transportation|T_HDV_T_FCHEV_N,?,7.22384E-05,8.96767E-05,0.001155019,3.640485329,18.75390428,23.96937552
Temoa,reference,BC,Capacity|transportation|T_HDV_WTF_HFO_EX,?,78.23250871,78.23250871,40.1444905,20.47608492,10.82969444,
Temoa,reference,BC,Capacity|transportation|T_HDV_WTF_HFO_N,?,21.45162063,32.72711155,79.37672728,107.6556652,125.7859994,146.2876
Temoa,reference,BC,Capacity|transportation|T_HDV_WTF_LNG_N,?,0.000104354,0.000204785,0.000319891,0.000500047,0.000769157,0.000769157
Temoa,reference,BC,Capacity|transportation|T_HDV_WTF_MDO_EX,?,93.75382249,93.75382249,83.99256367,75.38028209,46.78750232,
Temoa,reference,BC,Capacity|transportation|T_HDV_WTF_MDO_N,?,1.69923E-05,3.9615E-05,6.32737E-05,8.68955E-05,8.68955E-05,8.68955E-05
Temoa,reference,BC,Capacity|transportation|T_I_H2_ELC_ALK,?,6.78102E-05,0.000156021,0.00025207,0.000358941,0.000409856,0.000461513
Temoa,reference,BC,Capacity|transportation|T_I_H2_ELC_PEM,?,5.41601E-05,0.000132822,0.000224282,0.000331332,0.000401281,0.000474623
Temoa,reference,BC,Capacity|transportation|T_I_H2_SMR,?,0.641878106,0.641878106,0.641878106,0.641878106,0.641878106,0.571159091
Temoa,reference,BC,Capacity|transportation|T_LDV_BEV_CHRG,?,0.229489534,0.438725021,0.518805274,0.610107241,7.316435948,22.63075383
Temoa,reference,BC,Capacity|transportation|T_LDV_C_BEV150_EX,?,3.704664513,2.748684009,,,,
Temoa,reference,BC,Capacity|transportation|T_LDV_C_BEV150_N,?,3.52717E-05,0.000166352,0.000838713,0.006087733,27.26811667,92.91544631
Temoa,reference,BC,Capacity|transportation|T_LDV_C_BEV200_N,?,7.0545E-05,0.000332703,0.001677432,0.012175476,54.53623335,185.8308926
Temoa,reference,BC,Capacity|transportation|T_LDV_C_BEV300_N,?,0.000105768,0.000498995,0.002516102,0.018263205,81.80435002,278.7463389
Temoa,reference,BC,Capacity|transportation|T_LDV_C_BEV400_N,?,0.000141016,0.000665304,0.003354776,0.024350919,109.0724667,371.6617853
Temoa,reference,BC,Capacity|transportation|T_LDV_C_CNG_N,?,0.00019533,0.000322223,0.000399876,0.000347977,0.000348249,0.000354549
Temoa,reference,BC,Capacity|transportation|T_LDV_C_DSL_EX,?,3.320469176,0.282022392,,,,
Temoa,reference,BC,Capacity|transportation|T_LDV_C_DSL_N,?,0.000117232,0.000208914,0.000256636,0.000245753,0.000243223,0.000256895
Temoa,reference,BC,Capacity|transportation|T_LDV_C_FCEV400_N,?,3.77572E-05,0.000162818,0.000418337,0.000643602,0.00784637,0.008548918
Temoa,reference,BC,Capacity|transportation|T_LDV_C_GSL_EX,?,253.5629882,122.5868596,,,,
Temoa,reference,BC,Capacity|transportation|T_LDV_C_GSL_HEV_EX,?,6.662256424,3.519352198,,,,
Temoa,reference,BC,Capacity|transportation|T_LDV_C_GSL_HEV_N,?,1073.548869,1210.150084,1444.430505,1548.440475,1378.34693,838.7593568
Temoa,reference,BC,Capacity|transportation|T_LDV_C_GSL_N,?,0.000102393,0.00022339,0.0003029,0.000327707,0.000348564,0.000369337
Temoa,reference,BC,Capacity|transportation|T_LDV_C_GSL_PHEV35_EX,?,2.299759774,1.681282404,,,,
Temoa,reference,BC,Capacity|transportation|T_LDV_C_GSL_PHEV35_N,?,0.000532894,0.003125601,0.003326182,0.002706581,0.001271232,0.001419824
Temoa,reference,BC,Capacity|transportation|T_LDV_C_GSL_PHEV50_N,?,0.000192557,0.000559914,0.000786418,0.000855052,0.000968244,0.001048968
Temoa,reference,BC,Capacity|transportation|T_LDV_LTF_BEV150_N,?,1.66629E-05,6.84173E-05,0.000143985,0.000250628,0.000308346,0.000356452
Temoa,reference,BC,Capacity|transportation|T_LDV_LTF_BEV200_N,?,3.33091E-05,0.000136802,0.000287937,0.000501236,0.000616681,0.000712904
Temoa,reference,BC,Capacity|transportation|T_LDV_LTF_BEV300_N,?,4.99716E-05,0.000205202,0.000431896,0.000751839,0.000925016,0.001069358
Temoa,reference,BC,Capacity|transportation|T_LDV_LTF_BEV400_N,?,6.66018E-05,0.00027357,0.000575824,0.001015759,0.001233343,0.001425817
Temoa,reference,BC,Capacity|transportation|T_LDV_LTF_CNG_N,?,0.000420091,0.000602802,0.000792788,0.000685223,0.000618479,0.000596402
Temoa,reference,BC,Capacity|transportation|T_LDV_LTF_DSL_EX,?,10.52500287,7.865706384,1.45423831,,,
Temoa,reference,BC,Capacity|transportation|T_LDV_LTF_DSL_N,?,8.273E-05,0.000145539,0.00021596,0.000221238,0.000220698,0.00021912
Temoa,reference,BC,Capacity|transportation|T_LDV_LTF_FCEV400_N,?,2.72444E-05,0.000103852,0.000281356,0.000599258,0.00078101,0.000965813
Temoa,reference,BC,Capacity|transportation|T_LDV_LTF_GSL_EX,?,125.1033675,83.33245387,14.9119142,,,
Temoa,reference,BC,Capacity|transportation|T_LDV_LTF_GSL_HEV_EX,?,0.009465343,0.001893069,,,,
Temoa,reference,BC,Capacity|transportation|T_LDV_LTF_GSL_HEV_N,?,0.00053073,0.000936303,0.0017897,0.00717046,0.007678398,0.007811225
Temoa,reference,BC,Capacity|transportation|T_LDV_LTF_GSL_N,?,9.0008E-05,0.000198876,0.000294802,0.000331764,0.000332339,0.000340704
Temoa,reference,BC,Capacity|transportation|T_LDV_LTF_GSL_PHEV35_EX,?,0.141882719,0.141882719,0.028376544,,,
Temoa,reference,BC,Capacity|transportation|T_LDV_LTF_GSL_PHEV35_N,?,288.6579182,339.3315593,447.5074495,497.3162739,530.2453137,567.7842869
Temoa,reference,BC,Capacity|transportation|T_LDV_LTF_GSL_PHEV50_N,?,0.000434334,0.001246794,0.001783369,0.002024296,0.001975553,0.002422402
Temoa,reference,BC,Capacity|transportation|T_LDV_LTP_BEV150_N,?,2.08174E-05,6.85768E-05,0.000205256,0.000341212,0.000508294,0.000909508
Temoa,reference,BC,Capacity|transportation|T_LDV_LTP_BEV200_N,?,4.16547E-05,0.000137165,0.000410517,0.000682414,0.001035692,0.001819031
Temoa,reference,BC,Capacity|transportation|T_LDV_LTP_BEV300_EX,?,0.508708253,0.502134404,0.100098188,,,
Temoa,reference,BC,Capacity|transportation|T_LDV_LTP_BEV300_N,?,6.24519E-05,0.000205713,0.000615737,0.001036106,0.001553535,0.002728559
Temoa,reference,BC,Capacity|transportation|T_LDV_LTP_BEV400_N,?,8.32652E-05,0.000274275,0.000820971,0.001381464,0.00207138,0.003638078
Temoa,reference,BC,Capacity|transportation|T_LDV_LTP_CNG_N,?,0.000538365,0.000746338,0.000961225,0.000744173,0.000650391,0.000629199
Temoa,reference,BC,Capacity|transportation|T_LDV_LTP_DSL_EX,?,11.49658233,6.675718297,1.118119627,,,
Temoa,reference,BC,Capacity|transportation|T_LDV_LTP_DSL_N,?,8.79789E-05,0.00016929,0.000251055,0.00026201,0.000255426,0.00025598
Temoa,reference,BC,Capacity|transportation|T_LDV_LTP_FCEV400_N,?,2.91819E-05,0.000129222,0.000331454,0.000603134,0.000746137,0.000988872
Temoa,reference,BC,Capacity|transportation|T_LDV_LTP_GSL_EX,?,289.6031915,175.7456083,30.21684953,,,
Temoa,reference,BC,Capacity|transportation|T_LDV_LTP_GSL_HEV_EX,?,2.036183734,1.782637384,0.343850159,,,
Temoa,reference,BC,Capacity|transportation|T_LDV_LTP_GSL_HEV_N,?,0.000768533,0.001419308,0.051661679,915.0618477,1245.023875,1561.199726
Temoa,reference,BC,Capacity|transportation|T_LDV_LTP_GSL_N,?,0.000114811,0.000228559,0.00033744,0.00037606,0.000391811,0.000416325
Temoa,reference,BC,Capacity|transportation|T_LDV_LTP_GSL_PHEV35_EX,?,0.433905468,0.427603378,0.085205571,,,
Temoa,reference,BC,Capacity|transportation|T_LDV_LTP_GSL_PHEV35_N,?,990.7555708,1126.777293,1381.221926,599.881256,370.2280126,168.4012028
Temoa,reference,BC,Capacity|transportation|T_LDV_LTP_GSL_PHEV50_N,?,0.000413885,0.001038792,0.001565228,0.001601535,0.00178692,0.002323621
Temoa,reference,BC,Capacity|transportation|T_LDV_M_BEV_N,?,17.8406561,54.68130511,81.58055857,96.37149418,102.7525517,110.0269491
Temoa,reference,BC,Capacity|transportation|T_LDV_M_GSL_EX,?,51.53208551,28.7747462,8.314783223,,,
Temoa,reference,BC,Capacity|transportation|T_LDV_M_GSL_N,?,0.000205449,0.000403661,0.000648094,0.00081594,0.000949525,0.001061362
Temoa,reference,BC,Capacity|transportation|T_LDV_PHEV_CHRG,?,9.913759159,11.38473437,12.52598859,7.430860743,5.959885531,4.807315785
Temoa,reference,BC,Capacity|transportation|T_MDV_CHRG,?,,2.980807303,7.337962039,12.70714975,17.60546137,18.91343348
Temoa,reference,BC,Capacity|transportation|T_MDV_T_BEV_N,?,0.000161044,76.33438532,205.9630027,369.5489609,529.8508505,588.3907616
Temoa,reference,BC,Capacity|transportation|T_MDV_T_DSL_EX,?,157.1626279,116.1509188,52.32570942,,,
Temoa,reference,BC,Capacity|transportation|T_MDV_T_DSL_HEV_N,?,7.89668E-05,0.000108899,0.000132815,0.000124562,8.89583E-05,8.40616E-05
Temoa,reference,BC,Capacity|transportation|T_MDV_T_DSL_N,?,4.57421E-05,6.9746E-05,8.96534E-05,9.00726E-05,7.23432E-05,6.87416E-05
Temoa,reference,BC,Capacity|transportation|T_MDV_T_DSL_PHEV_N,?,2.76182E-05,5.7251E-05,8.79779E-05,0.00010707,0.000111816,0.000116808
Temoa,reference,BC,Capacity|transportation|T_MDV_T_FCEV_N,?,0.000599996,0.000917939,0.000995846,0.001027228,0.000609048,0.000588575
Temoa,reference,BC,Capacity|transportation|T_MDV_T_FCHEV_N,?,191.7385176,218.0178255,224.2245729,177.5857341,53.51254718,36.27244617
Temoa,reference,BC,Capacity|transportation|T_MDV_T_GSL_EX,?,100.0901228,72.74898341,32.07282881,,,
Temoa,reference,BC,Capacity|transportation|T_MDV_T_GSL_N,?,0.000368856,0.000434948,0.000482381,0.000379155,0.000174303,0.000153825
Temoa,reference,BC,Emissions|ch4,?,10805.70847,8865.518052,6519.519792,6840.545535,6730.167836,6147.259083
Temoa,reference,BC,Emissions|ch4|F_A_DSL,?,50.80377566,56.13551908,54.41652656,52.79174519,52.960809,53.91098415
Temoa,reference,BC,Emissions|ch4|F_A_NG,?,10.44332375,11.53932644,11.18596574,10.85197102,10.88672195,11.08203943
Temoa,reference,BC,Emissions|ch4|F_C_NG,?,71.52164194,45.45163948,46.53035218,33.43187303,32.24487091,32.67195222
Temoa,reference,BC,Emissions|ch4|F_E_BIO_M,?,0.781416059,1.255600302,1.84711156,2.472952512,3.124203844,3.870304783
Temoa,reference,BC,Emissions|ch4|F_E_NG,?,962.9235097,819.8006407,475.9174742,390.0105822,287.0280552,194.1756338
Temoa,reference,BC,Emissions|ch4|F_I_HFO,?,68.7889,72.3131,74.35660001,76.0115,79.97790001,85.49200001
Temoa,reference,BC,Emissions|ch4|F_I_NG,?,250.0029492,294.9683648,302.2890082,302.963539,314.1131369,332.9008045
Temoa,reference,BC,Emissions|ch4|F_R_LPG,?,0.750875127,0.501031086,0.25119494,0.028710094,,
Temoa,reference,BC,Emissions|ch4|F_R_NG,?,104.7915307,104.6326856,109.8363555,120.8275325,129.7540033,135.328564
Temoa,reference,BC,Emissions|ch4|F_R_OIL,?,1.449447875,0.374615969,0.229562237,0.079183137,,
Temoa,reference,BC,Emissions|ch4|F_R_WOOD,?,1265.129821,936.3557233,481.5044306,23.99008668,0.115338837,0.121876247
Temoa,reference,BC,Emissions|ch4|F_T_CNG,?,2.629516537,2.923073117,1.241346503,0.105871802,0.02637298,0.003110634
Temoa,reference,BC,Emissions|ch4|F_T_DSL,?,267.0870155,248.8375279,221.5010766,177.0274004,146.0477512,145.8860012
Temoa,reference,BC,Emissions|ch4|F_T_GSL,?,7495.397091,6002.614279,4467.967408,5365.467492,5378.121832,4838.723313
Temoa,reference,BC,Emissions|ch4|F_T_HFO,?,10.52087773,11.59730464,11.79915641,12.15509685,12.61864916,13.06725761
Temoa,reference,BC,Emissions|ch4|F_T_JTF,?,209.1106638,221.1394902,222.4702322,232.8541353,242.6607454,259.8401174
Temoa,reference,BC,Emissions|ch4|F_T_LNG,?,9.965703864,11.46759122,12.56551117,17.04201436,18.05734649,19.17577742
Temoa,reference,BC,Emissions|ch4|F_T_MDO,?,1.79861E-05,,1.03732E-05,1.18848E-05,,
Temoa,reference,BC,Emissions|ch4|F_T_NG,?,23.61039175,23.61053942,23.61046914,22.43383738,22.43009898,21.00934674
Temoa,reference,BC,Emissions|co2,?,76194.37686,77971.83897,75403.64273,75638.94696,76620.83716,78665.50774
Temoa,reference,BC,Emissions|co2e,?,69126.20951,70986.71737,68756.6255,68957.54968,69891.47907,71746.48878
Temoa,reference,BC,Emissions|co2e|E_NG_CCS-NEW,?,-0.227083111,-0.508296662,-0.586661378,-0.849582267,-0.930686079,-1.153396727
Temoa,reference,BC,Emissions|co2e|E_NG_CCS_RFIT_90,?,-0.101245996,-0.220833318,-0.333758785,-0.494444843,-0.60614085,-0.771632997
Temoa,reference,BC,Emissions|co2e|E_NG_CCS_RFIT_95,?,-0.104071275,-0.227091535,-0.344204765,-0.510224958,-0.627172039,-0.798832404
Temoa,reference,BC,Emissions|co2e|F_A_DSL,?,1058.446974,1169.528633,1133.715105,1099.864374,1103.386653,1123.182623
Temoa,reference,BC,Emissions|co2e|F_A_NG,?,549.1469377,606.7786392,588.1976825,570.6350579,572.4623848,582.7328693
Temoa,reference,BC,Emissions|co2e|F_C_NG,?,3760.861157,2390.008126,2446.730659,1757.96625,1695.549476,1718.006923
Temoa,reference,BC,Emissions|co2e|F_E_BIO_G,?,15.60782141,12.16108853,19.78320153,12.7634068,17.11942285,12.00471905
Temoa,reference,BC,Emissions|co2e|F_E_BIO_M,?,0.294019436,0.472438323,0.695003248,0.930485231,1.175528249,1.456259845
Temoa,reference,BC,Emissions|co2e|F_E_NG,?,3855.814959,3282.710975,1905.70663,1561.711415,1149.340584,777.5335279
Temoa,reference,BC,Emissions|co2e|F_I_BIO,?,10087.974,12139.556,12719.018,12953.668,13112.736,13373.074
Temoa,reference,BC,Emissions|co2e|F_I_HFO,?,7571.592889,7959.501514,8184.42952,8366.58433,8803.165902,9410.102782
Temoa,reference,BC,Emissions|co2e|F_I_NG,?,13142.35098,15506.12818,15890.9655,15926.42477,16512.54557,17500.1904
Temoa,reference,BC,Emissions|co2e|F_R_LPG,?,42.82505237,28.57556703,14.32653191,1.637437728,,
Temoa,reference,BC,Emissions|co2e|F_R_NG,?,5510.3097,5501.957065,5775.584447,6353.539448,6822.924891,7116.055027
Temoa,reference,BC,Emissions|co2e|F_R_OIL,?,30.19782874,7.804757298,4.782704666,1.6497032,,
Temoa,reference,BC,Emissions|co2e|F_R_WOOD,?,476.0239462,352.3177932,181.1732167,9.026627582,0.043397956,0.045857754
Temoa,reference,BC,Emissions|co2e|F_T_CNG,?,138.2304862,153.6623986,65.2560759,5.565551887,1.386395479,0.163522248
Temoa,reference,BC,Emissions|co2e|F_T_DSL,?,5564.496724,5184.2865,4614.758275,3688.192733,3042.762044,3039.392141
Temoa,reference,BC,Emissions|co2e|F_T_ETH,?,779.4035626,891.2054478,663.3571157,796.6085503,798.4873345,718.4030784
Temoa,reference,BC,Emissions|co2e|F_T_GSL,?,6602.443734,5287.501456,3935.682534,4726.260236,4737.40702,4262.268967
Temoa,reference,BC,Emissions|co2e|F_T_HFO,?,1158.032808,1276.515096,1298.732917,1337.911275,1388.934469,1438.312792
Temoa,reference,BC,Emissions|co2e|F_T_JTF,?,6793.29494,7184.070638,7227.301923,7564.639651,7883.223094,8441.322517
Temoa,reference,BC,Emissions|co2e|F_T_LNG,?,523.8849314,602.8373232,660.5536395,895.8779675,949.2527429,1008.047296
Temoa,reference,BC,Emissions|co2e|F_T_MDO,?,0.001182908,0.000624861,0.000682226,0.000781638,0.000385247,
Temoa,reference,BC,Emissions|co2e|F_T_NG,?,1241.169578,1241.177341,1241.173647,1179.319546,1179.123023,1104.435806
Temoa,reference,BC,Emissions|co2e|F_T_RDSL,?,224.238283,208.9165582,185.9656899,148.6269193,122.6173309,122.4815305
Temoa,reference,BC,Emissions|co2e|T_I_H2_SMR_CCS,?,-0.000577889,-0.000575453,-0.00057804,-0.000580499,-0.000581468,
Temoa,reference,BC,Emissions|co2|E_NG_CCS-NEW,?,-0.227083111,-0.508296662,-0.586661378,-0.849582267,-0.930686079,-1.153396727
Temoa,reference,BC,Emissions|co2|E_NG_CCS_RFIT_90,?,-0.101245996,-0.220833318,-0.333758785,-0.494444843,-0.60614085,-0.771632997
Temoa,reference,BC,Emissions|co2|E_NG_CCS_RFIT_95,?,-0.104071275,-0.227091535,-0.344204765,-0.510224958,-0.627172039,-0.798832404
Temoa,reference,BC,Emissions|co2|F_A_DSL,?,1015.344313,1121.902444,1087.547334,1055.075092,1058.453935,1077.443762
Temoa,reference,BC,Emissions|co2|F_A_NG,?,546.1576068,603.475585,584.9957754,567.5287546,569.3461342,579.5607103
Temoa,reference,BC,Emissions|co2|F_C_NG,?,3740.38857,2376.997901,2433.41166,1748.396602,1686.319599,1708.654797
Temoa,reference,BC,Emissions|co2|F_E_BIO_G,?,15.60782141,12.16108853,19.78320153,12.7634068,17.11942285,12.00471905
Temoa,reference,BC,Emissions|co2|F_E_BIO_M,?,0.242471851,0.389610279,0.573155047,0.767352251,0.969434246,1.200947885
Temoa,reference,BC,Emissions|co2|F_E_NG,?,3802.565289,3237.376,1879.388393,1540.14383,1133.467932,766.7956152
Temoa,reference,BC,Emissions|co2|F_IMP_CNG,?,9.410471139,10.46104666,4.442510734,0.378892289,0.094383193,0.011132287
Temoa,reference,BC,Emissions|co2|F_IMP_DSL,?,1675.325087,1607.246925,1454.121023,1211.176262,1048.80054,1052.955641
Temoa,reference,BC,Emissions|co2|F_IMP_GSL,?,1512.212304,1227.680971,927.4148588,1100.1852,1102.827953,998.9644426
Temoa,reference,BC,Emissions|co2|F_IMP_HFO,?,1467.822752,1552.968683,1594.524447,1631.740001,1713.727179,1824.081783
Temoa,reference,BC,Emissions|co2|F_IMP_JTF,?,1466.414192,1550.767813,1560.099805,1632.9182,1701.688257,1822.160711
Temoa,reference,BC,Emissions|co2|F_IMP_LPG,?,8.444706205,5.634838835,2.825060245,0.32288765,,
Temoa,reference,BC,Emissions|co2|F_IMP_MDO,?,0.000200431,0.000105876,0.000115596,0.00013244,6.5276E-05,
Temoa,reference,BC,Emissions|co2|F_IMP_NG,?,1907.779448,1940.079694,1894.567967,1860.81916,1900.700581,1959.938648
Temoa,reference,BC,Emissions|co2|F_IMP_OIL,?,6.258410515,1.617512821,0.991201368,0.341896099,,
Temoa,reference,BC,Emissions|co2|F_IMP_SPK,?,2.22109E-05,5.00164E-05,7.67471E-05,0.000106318,0.000129693,0.000105908
Temoa,reference,BC,Emissions|co2|F_I_BIO,?,10087.974,12139.556,12719.018,12953.668,13112.736,13373.074
Temoa,reference,BC,Emissions|co2|F_I_HFO,?,7547.2717,7933.9343,8158.139801,8339.7095,8774.888701,9379.876001
Temoa,reference,BC,Emissions|co2|F_I_NG,?,13074.47855,15426.04826,15808.89812,15844.17426,16427.2681,17409.81233
Temoa,reference,BC,Emissions|co2|F_R_LPG,?,41.98426435,28.01454041,14.04525785,1.605289769,,
Temoa,reference,BC,Emissions|co2|F_R_NG,?,5480.313832,5472.006665,5744.144533,6318.953383,6785.783684,7077.31814
Temoa,reference,BC,Emissions|co2|F_R_OIL,?,28.96809614,7.486927675,4.587940734,1.582523078,,
Temoa,reference,BC,Emissions|co2|F_R_WOOD,?,392.5672698,290.5493206,149.4098682,7.444076235,0.035789412,0.037817957
Temoa,reference,BC,Emissions|co2|F_T_CNG,?,137.516608,152.8688237,64.9190671,5.536809123,1.379235571,0.162677752
Temoa,reference,BC,Emissions|co2|F_T_DSL,?,5337.896225,4973.169131,4426.833548,3538.000118,2918.853013,2915.620341
Temoa,reference,BC,Emissions|co2|F_T_ETH,?,779.4035626,891.2054478,663.3571157,796.6085503,798.4873345,718.4030784
Temoa,reference,BC,Emissions|co2|F_T_GSL,?,6354.666447,5089.071478,3787.983776,4548.892584,4559.62105,4102.314035
Temoa,reference,BC,Emissions|co2|F_T_HFO,?,1154.313018,1272.414722,1294.561176,1333.613686,1384.472985,1433.692697
Temoa,reference,BC,Emissions|co2|F_T_JTF,?,6623.304101,7004.301291,7046.450785,7375.347201,7685.958627,8230.092546
Temoa,reference,BC,Emissions|co2|F_T_LNG,?,521.1793775,599.7240271,657.142273,891.2512909,944.3504174,1002.841332
Temoa,reference,BC,Emissions|co2|F_T_MDO,?,0.001165677,0.000615759,0.000672289,0.000770252,0.000379635,
Temoa,reference,BC,Emissions|co2|F_T_NG,?,1234.759676,1234.767399,1234.763724,1173.229062,1173.033554,1098.732052
Temoa,reference,BC,Emissions|co2|F_T_RDSL,?,224.238283,208.9165582,185.9656899,148.6269193,122.6173309,122.4815305
Temoa,reference,BC,Emissions|co2|T_I_H2_SMR_CCS,?,-0.000583428,-0.000580969,-0.000583581,-0.000586063,-0.000587042,
Temoa,reference,BC,Emissions|n2o,?,2501.613187,2428.943307,2232.31971,2069.414568,2014.784948,2076.81412
Temoa,reference,BC,Emissions|n2o|F_A_DSL,?,152.674559,168.6974149,163.5315306,158.6487679,159.1568353,162.012284
Temoa,reference,BC,Emissions|n2o|F_A_NG,?,9.878819766,10.91557906,10.58131894,10.26537799,10.29825049,10.48301027
Temoa,reference,BC,Emissions|n2o|F_C_NG,?,67.65560724,42.9947941,44.01519801,31.62474476,30.50190491,30.90590074
Temoa,reference,BC,Emissions|n2o|F_E_BIO_M,?,0.108673756,0.174619909,0.256883065,0.343920548,0.434491925,0.538254308
Temoa,reference,BC,Emissions|n2o|F_E_NG,?,96.29235097,81.98006407,47.59174742,39.00105822,28.70280552,19.41756338
Temoa,reference,BC,Emissions|n2o|F_I_HFO,?,82.03333,86.23607,88.67302001,90.64655,95.37663001,101.9524
Temoa,reference,BC,Emissions|n2o|F_I_NG,?,222.9756033,263.0798929,269.6091154,270.210724,280.1549599,296.9115283
Temoa,reference,BC,Emissions|n2o|F_R_LPG,?,3.002796781,2.003654776,1.004544339,0.114813467,,
Temoa,reference,BC,Emissions|n2o|F_R_NG,?,99.12712362,98.97686479,103.8992552,114.2963145,122.7402734,128.0135065
Temoa,reference,BC,Emissions|n2o|F_R_OIL,?,4.355853718,1.125788923,0.689876152,0.237959685,,
Temoa,reference,BC,Emissions|n2o|F_R_WOOD,?,175.9452068,130.2216569,66.96419233,3.336369671,0.016040501,0.016949677
Temoa,reference,BC,Emissions|n2o|F_T_CNG,?,2.345244479,2.607065212,1.107146881,0.094426202,0.023521847,0.002774349
Temoa,reference,BC,Emissions|n2o|F_T_DSL,?,802.644917,747.8018973,665.6509037,531.9994416,438.8999777,438.4138897
Temoa,reference,BC,Emissions|n2o|F_T_GSL,?,138.8504335,111.1969899,82.76802471,99.39399852,99.62841714,89.63618893
Temoa,reference,BC,Emissions|n2o|F_T_HFO,?,12.54653927,13.83021851,14.07093429,14.49540654,15.04820997,15.58319228
Temoa,reference,BC,Emissions|n2o|F_T_JTF,?,601.2298188,635.8148035,639.64092,669.4964618,697.6921853,747.0858916
Temoa,reference,BC,Emissions|n2o|F_T_LNG,?,8.888330473,10.22785163,11.20707753,15.19963442,16.10520092,17.1027204
Temoa,reference,BC,Emissions|n2o|F_T_MDO,?,6.11526E-05,3.23034E-05,3.5269E-05,4.04082E-05,1.9916E-05,
Temoa,reference,BC,Emissions|n2o|F_T_NG,?,21.05791697,21.05804867,21.05798599,20.00855766,20.00522342,18.73806601
Temoa,reference,BC-AB,Activity|electricity,?,0.003802384,,0.013263053,0.077692332,0.122215257,0.283302409
Temoa,reference,BC-AB,Activity|electricity|E_INT,?,0.003802384,,0.013263053,0.077692332,0.122215257,0.283302409
Temoa,reference,BC-AB,Capacity|electricity,?,1.188,1.188,1.188,1.188,1.188,1.188
Temoa,reference,BC-AB,Capacity|electricity|E_INT,?,1.188,1.188,1.188,1.188,1.188,1.188
Temoa,reference,MB,Activity|agriculture|A_AGRI,?,26.1,28.83913695,27.9560195,27.1213022,27.20815733,27.69630125
Temoa,reference,MB,Activity|agriculture|E_A_ELC,?,3.445201045,3.806768297,3.690198127,3.580017222,3.591484256,3.655922015
Temoa,reference,MB,Activity|agriculture|F_A_DSL,?,16.3386,18.05329973,17.50046821,16.97793518,17.03230649,17.33788458
Temoa,reference,MB,Activity|agriculture|F_A_GSL,?,6.2118,6.863714594,6.653532641,6.454869924,6.475541445,6.591719696
Temoa,reference,MB,Activity|agriculture|F_A_NG,?,0.104398955,0.115354328,0.111820525,0.108479878,0.108825141,0.110774954
Temoa,reference,MB,Activity|commercial,?,110.4679653,114.359017,114.6264521,113.4405867,110.1661313,112.7982104
Temoa,reference,MB,Activity|commercial|C_OTHER,?,15.02575224,16.60267137,17.78331792,18.47918505,19.26377631,20.4419669
Temoa,reference,MB,Activity|commercial|C_SPC_ELC-EXS,?,3.985981406,,,,,
Temoa,reference,MB,Activity|commercial|C_SPHC_HP_AIR-NEW,?,3.29396392,15.08058992,30.81953136,38.15294805,48.46744427,55.79971484
Temoa,reference,MB,Activity|commercial|C_SPH_ELC-EXS,?,5.149819715,7.082156885,,,,
Temoa,reference,MB,Activity|commercial|C_SPH_NG-EXS,?,21.75260444,16.3148715,10.87637107,5.434799977,,
Temoa,reference,MB,Activity|commercial|C_SPH_NG_FRN-NEW,?,6.858506936,6.869731673,6.876037634,6.884405167,4.145748086,0.032637992
Temoa,reference,MB,Activity|commercial|E_C_ELC,?,17.29334892,21.97017701,24.60468603,27.67970995,31.73562977,35.304035
Temoa,reference,MB,Activity|commercial|F_C_NG,?,37.10798772,30.4388186,23.66650805,16.8095385,6.553532867,1.219855715
Temoa,reference,MB,Activity|electricity,?,327.4441858,333.5684756,342.0010207,363.1496407,389.7968867,406.6385043
Temoa,reference,MB,Activity|electricity|E_BAT_2H-NEW,?,0.008594928,0.019630175,0.024582435,0.026730067,0.028209909,0.033195686
Temoa,reference,MB,Activity|electricity|E_BAT_4H-NEW,?,0.00026338,0.002160044,0.004200829,0.00902782,0.015244904,0.023075241
Temoa,reference,MB,Activity|electricity|E_ELC_DX_to_DEM,?,78.58550328,82.28959715,84.62500736,92.84173626,101.1089969,108.2057344
Temoa,reference,MB,Activity|electricity|E_ELC_TX_to_DX,?,78.27753755,81.98138116,84.31658917,92.53341144,100.8008059,107.897714
Temoa,reference,MB,Activity|electricity|E_HYD_DLY-EXS,?,20.86641099,19.81055364,22.56697151,24.68908188,24.69018093,24.68911061
Temoa,reference,MB,Activity|electricity|E_HYD_MLY-EXS,?,73.01481081,72.84991171,73.05495081,73.26301741,73.02818292,70.92449875
Temoa,reference,MB,Activity|electricity|E_HYD_MLY-EXS-IN,?,73.01481015,72.8499122,73.05495134,73.26301792,73.02818342,70.92449925
Temoa,reference,MB,Activity|electricity|E_HYD_ROR-EXS,?,0.307965727,0.308215992,0.308418187,0.308324817,0.308191015,0.308020373
Temoa,reference,MB,Activity|electricity|E_NG_CC-NEW,?,,,,0.001330433,0.003566668,0.008177749
Temoa,reference,MB,Activity|electricity|E_NG_CCS-NEW,?,,,,4.96266E-05,0.000182464,0.000441545
Temoa,reference,MB,Activity|electricity|E_NG_CC_RFIT_BYPASS,?,,,,0.001283819,0.003655305,0.008742117
Temoa,reference,MB,Activity|electricity|E_NG_CT-EXS,?,,,,0.000520463,,
Temoa,reference,MB,Activity|electricity|E_NG_CT-NEW,?,,,,0.001364679,0.016581359,0.042517407
Temoa,reference,MB,Activity|electricity|E_SOL_PV-NEW-1,?,,7.37603E-05,0.000865928,0.002011405,0.003719875,0.006380496
Temoa,reference,MB,Activity|electricity|E_SOL_PV-NEW-2,?,,6.35637E-05,0.000840452,0.001980743,0.003651587,0.006211552
Temoa,reference,MB,Activity|electricity|E_SOL_PV-NEW-3,?,,4.18099E-05,0.000777127,0.001850243,0.003296276,0.005497165
Temoa,reference,MB,Activity|electricity|E_SOL_PV-NEW-4,?,,5.23561E-05,0.000806034,0.001867462,0.003348167,0.005631637
Temoa,reference,MB,Activity|electricity|E_SOL_PV-NEW-5,?,,4.12066E-05,0.000755121,0.001818737,0.0033103,0.005475879
Temoa,reference,MB,Activity|electricity|E_WND_ON-EXS,?,3.312010269,3.278012576,3.338544608,,,
Temoa,reference,MB,Activity|electricity|E_WND_ON-NEW-1,?,0.000863377,0.001825251,0.004019123,0.006801422,0.010027957,0.01363036
Temoa,reference,MB,Activity|electricity|E_WND_ON-NEW-10,?,0.001304379,0.003495021,0.008788018,0.015104573,0.022221637,0.030576536
Temoa,reference,MB,Activity|electricity|E_WND_ON-NEW-11,?,0.001142514,0.002544748,0.005703653,0.009061268,0.012972322,0.017217038
Temoa,reference,MB,Activity|electricity|E_WND_ON-NEW-12,?,0.001575436,0.004057755,0.009747061,0.016260857,0.023627686,0.031828467
Temoa,reference,MB,Activity|electricity|E_WND_ON-NEW-13,?,0.002280132,0.005500885,0.012963758,0.020565931,0.02921716,0.038357355
Temoa,reference,MB,Activity|electricity|E_WND_ON-NEW-2,?,0.006501961,0.023246972,0.081171854,0.166244735,0.344342951,0.647403925
Temoa,reference,MB,Activity|electricity|E_WND_ON-NEW-3,?,0.006129043,0.022280427,0.075364574,0.152158624,0.297000409,0.499447034
Temoa,reference,MB,Activity|electricity|E_WND_ON-NEW-4,?,0.007082215,0.030117562,0.239695662,5.206563189,13.81215025,13.90987947
Temoa,reference,MB,Activity|electricity|E_WND_ON-NEW-5,?,0.003068838,0.007779034,0.017311351,0.026716851,0.037670559,0.0492962
Temoa,reference,MB,Activity|electricity|E_WND_ON-NEW-6,?,0.005921301,0.022671155,0.084642315,0.191744223,0.454041849,0.833747792
Temoa,reference,MB,Activity|electricity|E_WND_ON-NEW-7,?,0.006202967,0.024024307,0.099765165,0.274474033,1.496018077,7.123521728
Temoa,reference,MB,Activity|electricity|E_WND_ON-NEW-8,?,0.004869699,0.015346979,0.03972928,0.06819754,0.104710898,0.144432027
Temoa,reference,MB,Activity|electricity|E_WND_ON-NEW-9,?,0.000967052,0.002290702,0.005741816,0.009834015,0.014538009,0.020081691
Temoa,reference,MB,Activity|electricity|F_E_BIO_M,?,,,0.000513046,0.002320955,0.004235773,0.006186254
Temoa,reference,MB,Activity|electricity|F_E_NG,?,0.00836978,0.013647465,0.017603083,0.035167211,0.084803279,0.177974522
Temoa,reference,MB,Activity|fuel|F_IMP_BIO,?,11.67,12.59,13.05,13.28,13.38,13.46
Temoa,reference,MB,Activity|fuel|F_IMP_BIO_M,?,,,0.000513046,0.002320955,0.004235773,0.006186254
Temoa,reference,MB,Activity|fuel|F_IMP_CNG,?,0.01434181,0.005496282,,,,
Temoa,reference,MB,Activity|fuel|F_IMP_DSL,?,43.63841354,45.32614261,43.7985678,38.05586895,29.25635161,27.76281346
Temoa,reference,MB,Activity|fuel|F_IMP_ETH,?,2.30954812,3.005894202,2.393950836,1.227954738,1.356462914,1.421848369
Temoa,reference,MB,Activity|fuel|F_IMP_GSL,?,24.89814388,23.89711507,20.21925405,13.41328011,14.16216462,14.64886045
Temoa,reference,MB,Activity|fuel|F_IMP_HFO,?,37.907875,39.3778698,40.57786365,41.78785458,43.13784726,44.78604105
Temoa,reference,MB,Activity|fuel|F_IMP_JTF,?,11.08136955,12.24212117,13.06544038,13.98054286,14.85285605,15.90437861
Temoa,reference,MB,Activity|fuel|F_IMP_LNG,?,10.380593,11.75705019,12.76328199,15.74788597,16.67856216,17.70357424
Temoa,reference,MB,Activity|fuel|F_IMP_NG,?,103.2616898,99.49682248,97.40004296,94.27579556,88.02304416,85.66554356
Temoa,reference,MB,Activity|fuel|F_IMP_RDSL,?,1.137492231,1.136368453,1.09575415,0.878247241,0.509335213,0.434372037
Temoa,reference,MB,Activity|fuel|F_IMP_WOOD,?,1.393440832,0.929460562,0.465592783,,,
Temoa,reference,MB,Activity|industrial|E_I_ELC,?,24.34000001,26.57000003,28.50000003,29.92000003,31.15000003,32.22000003
Temoa,reference,MB,Activity|industrial|F_I_BIO,?,11.67,12.59,13.05,13.28,13.38,13.46
Temoa,reference,MB,Activity|industrial|F_I_HFO,?,37.75000002,39.22000001,40.42000002,41.63000001,42.98000002,44.67000001
Temoa,reference,MB,Activity|industrial|F_I_NG,?,41.35000002,41.85000002,43.73000002,44.20000002,45.20000001,46.97000002
Temoa,reference,MB,Activity|industrial|I_IND,?,115.1100001,120.2300001,125.7000001,129.0300001,132.7100001,137.3200001
Temoa,reference,MB,Activity|residential,?,104.3983879,103.4824436,104.2675896,107.248068,110.7453552,114.9339642
Temoa,reference,MB,Activity|residential|E_R_ELC,?,26.91167082,23.1696594,19.79541423,17.92936696,16.31610301,16.85725105
Temoa,reference,MB,Activity|residential|F_R_NG,?,23.68540627,26.12227194,28.87031066,32.16754062,35.1207524,36.47682945
Temoa,reference,MB,Activity|residential|F_R_WOOD,?,1.393440832,0.929460562,0.465592783,,,
Temoa,reference,MB,Activity|residential|R_APP_CL_WASH-EXS,?,0.016580462,0.0061749,,,,
Temoa,reference,MB,Activity|residential|R_APP_CL_WASH-TYP-NEW,?,0.006553026,0.017370668,0.024523404,0.024858844,0.025402641,0.027194344
Temoa,reference,MB,Activity|residential|R_APP_COOK_ELEC-EXS,?,0.019031886,0.011517358,0.00226728,,,
Temoa,reference,MB,Activity|residential|R_APP_COOK_NG-TYP-NEW,?,0.007084489,0.014759117,0.023780659,0.028869815,0.029368192,0.030541808
Temoa,reference,MB,Activity|residential|R_APP_DRY_ELEC-EXS,?,0.012242956,0.005663713,,,,
Temoa,reference,MB,Activity|residential|R_APP_DRY_NG-TYP-NEW,?,0.011297485,0.017554748,0.023901377,0.02635559,0.026637608,0.027605959
Temoa,reference,MB,Activity|residential|R_APP_DS_WASH-EXS,?,0.011231085,0.005712629,,,,
Temoa,reference,MB,Activity|residential|R_APP_DS_WASH-TYP-NEW,?,0.006324057,0.011801671,0.018029204,0.018590691,0.018985568,0.019489319
Temoa,reference,MB,Activity|residential|R_APP_FREZ-EXS,?,0.015598215,0.010630778,0.005896346,,,
Temoa,reference,MB,Activity|residential|R_APP_FREZ-TYP-NEW,?,0.005297818,0.008827736,0.012739831,0.018637991,0.021793127,0.022968191
Temoa,reference,MB,Activity|residential|R_APP_OTH,?,0.584606434,0.594237133,0.615187801,0.63765438,0.66171461,0.687265874
Temoa,reference,MB,Activity|residential|R_APP_REFR-EXS,?,0.021134828,0.000678602,,,,
Temoa,reference,MB,Activity|residential|R_APP_REFR-TYP-NEW,?,0.017245595,0.035319936,0.040388143,0.041863113,0.043442708,0.045120193
Temoa,reference,MB,Activity|residential|R_LGT_CFL-EXS,?,1.174291708,0.755283483,0.287011892,,,
Temoa,reference,MB,Activity|residential|R_LGT_LED-EXS,?,1.723335493,1.723720003,1.637540767,1.723715062,1.378965841,0.948028742
Temoa,reference,MB,Activity|residential|R_LGT_LED-TYP-NEW,?,4.312280986,4.962370951,5.911437378,6.499466189,7.285130362,8.096377849
Temoa,reference,MB,Activity|residential|R_LGT_T12-EXS,?,0.483548874,0.378823355,0.25991988,0.16835749,0.044055701,
Temoa,reference,MB,Activity|residential|R_SPC_CENT_AC-EXS,?,4.921942492,3.475562256,2.026614407,0.23171357,,
Temoa,reference,MB,Activity|residential|R_SPC_ROOM_AC-EXS,?,0.195409544,,,,,
Temoa,reference,MB,Activity|residential|R_SPHC_AIR_HP-TYP-NEW,?,4.376443465,6.168691987,8.597211498,11.54015443,12.31422532,12.78999691
Temoa,reference,MB,Activity|residential|R_SPHC_GEO_HP-TYP-NEW,?,,,,,0.000108195,0.000113263
Temoa,reference,MB,Activity|residential|R_SPHC_NG_HP-TYP-NEW,?,,,0.000109178,0.000109356,0.000231818,0.000148381
Temoa,reference,MB,Activity|residential|R_SPH_ELEC-EXS,?,9.151372997,6.743117688,4.334866397,1.733946447,,
Temoa,reference,MB,Activity|residential|R_SPH_ELEC_RAD-NEW,?,,,,,,0.000133265
Temoa,reference,MB,Activity|residential|R_SPH_HP-EXS,?,0.540576577,0.294860094,0.0196119,,,
Temoa,reference,MB,Activity|residential|R_SPH_NG-EXS,?,12.96299381,9.150347251,5.337701103,0.610020114,,
Temoa,reference,MB,Activity|residential|R_SPH_NG_FRN-TYP-NEW,?,4.027163932,11.18032794,18.24922535,26.09780335,29.41658706,30.5520764
Temoa,reference,MB,Activity|residential|R_SPH_WOOD-ELC-EXS,?,0.696556301,0.46436896,0.232184401,,,
Temoa,reference,MB,Activity|residential|R_WAH_ELC-EXS,?,2.137321437,1.165811515,0.077751141,,,
Temoa,reference,MB,Activity|residential|R_WAH_ELEC-TYP-NEW,?,,1.978002423,4.845131089,7.738358538,8.028188128,8.337528059
Temoa,reference,MB,Activity|residential|R_WAH_HP-TYP-NEW,?,3.184466162,3.186568599,2.55324153,0.010685404,0.013662914,0.015295139
Temoa,reference,MB,Activity|residential|R_WAH_NG-EXS,?,1.785937871,0.892946173,,,,
Temoa,reference,MB,Activity|transportation,?,273.0067879,287.7198117,292.1431564,291.0292225,294.6530838,307.9855864
Temoa,reference,MB,Activity|transportation|E_T_ELC,?,6.595282486,6.77299241,8.034708945,13.7326421,18.31577982,20.1685263
Temoa,reference,MB,Activity|transportation|F_T_CNG,?,0.01434181,0.005496282,,,,
Temoa,reference,MB,Activity|transportation|F_T_DSL,?,27.29981354,27.27284288,26.29809959,21.07793377,12.22404512,10.42492888
Temoa,reference,MB,Activity|transportation|F_T_ETH,?,2.30954812,3.005894202,2.393950836,1.227954738,1.356462914,1.421848369
Temoa,reference,MB,Activity|transportation|F_T_GSL,?,18.68634388,17.03340048,13.5657214,6.958410182,7.686623178,8.057140757
Temoa,reference,MB,Activity|transportation|F_T_HFO,?,0.157874982,0.157869793,0.157863639,0.157854571,0.157847241,0.116041039
Temoa,reference,MB,Activity|transportation|F_T_JTF,?,11.08136955,12.24212117,13.06544038,13.98054286,14.85285605,15.90437861
Temoa,reference,MB,Activity|transportation|F_T_LNG,?,10.380593,11.75705019,12.76328199,15.74788597,16.67856216,17.70357424
Temoa,reference,MB,Activity|transportation|F_T_NG,?,1.005141113,0.956730127,1.003800633,0.955069338,0.955130464,0.710108905
Temoa,reference,MB,Activity|transportation|F_T_RDSL,?,1.137492231,1.136368453,1.09575415,0.878247241,0.509335213,0.434372037
Temoa,reference,MB,Activity|transportation|T_BLND_ETH_GSL,?,20.995892,20.03929468,15.95967224,8.18636492,9.043086092,9.478989126
Temoa,reference,MB,Activity|transportation|T_BLND_GSL_ELC_PHEV35,?,11.65300795,12.137178,11.91139172,12.23150646,11.74749323,11.74749195
Temoa,reference,MB,Activity|transportation|T_BLND_JTF,?,11.08136807,12.24211787,13.0654354,13.9805358,14.85284697,15.90437129
Temoa,reference,MB,Activity|transportation|T_BLND_RDSL_DSL,?,28.43730577,28.40921133,27.39385374,21.95618101,12.73338033,10.85930092
Temoa,reference,MB,Activity|transportation|T_ELC_AC_DC,?,0.04704733,0.007548873,0.009965778,0.000501202,,0.015243443
Temoa,reference,MB,Activity|transportation|T_H2_COMP_100_700,?,0.848102601,0.779946049,0.820832287,0.779945509,0.779818815,0.58975097
Temoa,reference,MB,Activity|transportation|T_H2_COMP_10_100,?,0.848102601,0.779926473,0.820811503,0.779895714,0.779771474,0.58972563
Temoa,reference,MB,Activity|transportation|T_H2_HDV_REFUEL,?,0.131026426,0.131026493,0.207089744,0.40212656,0.352771079,0.17942977
Temoa,reference,MB,Activity|transportation|T_H2_LDV_REFUEL,?,,,,,0.38718424,0.387181612
Temoa,reference,MB,Activity|transportation|T_H2_MDV_REFUEL,?,0.712831067,0.643496687,0.608128091,0.374075819,0.035960308,0.020295871
Temoa,reference,MB,Activity|transportation|T_H2_distribution,?,0.848102601,0.780050491,0.820978724,0.780301342,0.779996188,0.589875657
Temoa,reference,MB,Activity|transportation|T_HDV_AJF_JFL_EX,?,0.008608079,0.008365648,0.008365627,0.006499589,,
Temoa,reference,MB,Activity|transportation|T_HDV_AJF_JFL_N,?,0.097594995,0.110312237,0.121180505,0.1320916,0.148330196,0.158666504
Temoa,reference,MB,Activity|transportation|T_HDV_AJP_JFL_EX,?,0.855865102,0.764876919,0.582046707,0.445091356,,
Temoa,reference,MB,Activity|transportation|T_HDV_AJP_JFL_N,?,7.627630759,8.678205755,9.589665762,10.4594202,11.62654016,12.44965269
Temoa,reference,MB,Activity|transportation|T_HDV_BIC_DSL_EX,?,0.005089022,0.00025249,,,,
Temoa,reference,MB,Activity|transportation|T_HDV_BIC_GSL_N,?,0.171937658,0.196122406,0.214637458,0.229994228,0.245003039,0.262426591
Temoa,reference,MB,Activity|transportation|T_HDV_BS_BEV_N,?,,,0.002093421,0.563689784,0.79850962,1.120201686
Temoa,reference,MB,Activity|transportation|T_HDV_BS_DSL_EX,?,0.04307139,0.018142994,,,,
Temoa,reference,MB,Activity|transportation|T_HDV_BS_FCHEV_N,?,0.723173507,0.840387193,0.926995591,0.433741379,0.264953306,0.018606055
Temoa,reference,MB,Activity|transportation|T_HDV_BS_GSL_EX,?,0.009498845,0.004365278,,,,
Temoa,reference,MB,Activity|transportation|T_HDV_BT_BEV_EX,?,0.020685006,0.009692647,,,,
Temoa,reference,MB,Activity|transportation|T_HDV_BT_BEV_N,?,0.431246373,0.518155827,0.501982922,0.203310655,0.260119185,0.483894881
Temoa,reference,MB,Activity|transportation|T_HDV_BT_CNG_EX,?,0.006660593,0.000580563,,,,
Temoa,reference,MB,Activity|transportation|T_HDV_BT_DSL_EX,?,0.028766847,0.012680166,,,,
Temoa,reference,MB,Activity|transportation|T_HDV_BT_FCHEV_N,?,,,0.0839682,0.424854354,0.409627276,0.233297176
Temoa,reference,MB,Activity|transportation|T_HDV_CHRG,?,0.248041906,0.253005696,0.225049956,1.507626045,5.573491598,6.949113588
Temoa,reference,MB,Activity|transportation|T_HDV_RF_DSL_EX,?,10.08563235,10.08565015,10.08564634,,,
Temoa,reference,MB,Activity|transportation|T_HDV_RF_LNG_N,?,46.74661208,53.1756829,58.05706265,73.0506448,77.88883865,83.40304046
Temoa,reference,MB,Activity|transportation|T_HDV_RICP_DSL_EX,?,0.151209488,0.151207752,0.123861475,0.071373841,0.050423136,
Temoa,reference,MB,Activity|transportation|T_HDV_RICP_DSL_N,?,0.049673607,0.072395243,0.116991981,0.186828118,0.224871942,0.294783412
Temoa,reference,MB,Activity|transportation|T_HDV_T_BEV_N,?,,,,3.321324066,13.60937668,17.52430276
Temoa,reference,MB,Activity|transportation|T_HDV_T_DSL_EX,?,3.231172549,2.518459469,1.382628058,,,
Temoa,reference,MB,Activity|transportation|T_HDV_T_DSL_HEV_N,?,11.71876055,14.12243799,16.54055474,15.88857855,6.870918735,4.405502807
Temoa,reference,MB,Activity|transportation|T_HDV_T_FCHEV_N,?,,,,0.005938626,0.007605569,0.00897507
Temoa,reference,MB,Activity|transportation|T_HDV_WTF_HFO_EX,?,0.999951542,0.999896272,0.999831423,0.999740977,0.999647233,
Temoa,reference,MB,Activity|transportation|T_HDV_WTF_HFO_N,?,,,,,,0.99964208
Temoa,reference,MB,Activity|transportation|T_I_H2_ELC_ALK,?,0.032122663,2.20108E-05,,,,
Temoa,reference,MB,Activity|transportation|T_I_H2_ELC_PEM,?,0.002511637,,,,,7.11377E-05
Temoa,reference,MB,Activity|transportation|T_I_H2_SMR,?,0.812066888,0.772939997,0.810954522,0.77156817,0.771488021,0.573488327
Temoa,reference,MB,Activity|transportation|T_LDV_BEV_CHRG,?,0.04177259,0.076143103,1.264266051,4.781079369,4.79412435,5.026564654
Temoa,reference,MB,Activity|transportation|T_LDV_C_BEV150_EX,?,0.049222138,0.038708414,,,,
Temoa,reference,MB,Activity|transportation|T_LDV_C_BEV150_N,?,,,0.279954318,1.157522993,1.202237943,1.305141617
Temoa,reference,MB,Activity|transportation|T_LDV_C_BEV200_N,?,,,0.559910251,2.315048399,2.404478278,2.610285832
Temoa,reference,MB,Activity|transportation|T_LDV_C_BEV300_N,?,,,0.839867316,3.472573925,3.606718661,3.915430154
Temoa,reference,MB,Activity|transportation|T_LDV_C_BEV400_N,?,,,1.119823126,4.630099457,4.808958587,5.220574035
Temoa,reference,MB,Activity|transportation|T_LDV_C_DSL_EX,?,0.002722964,,,,,
Temoa,reference,MB,Activity|transportation|T_LDV_C_FCEV400_N,?,,,,,0.54495757,0.55784773
Temoa,reference,MB,Activity|transportation|T_LDV_C_GSL_EX,?,0.314308534,0.160944222,,,,
Temoa,reference,MB,Activity|transportation|T_LDV_C_GSL_HEV_EX,?,0.007665675,0.003679075,,,,
Temoa,reference,MB,Activity|transportation|T_LDV_C_GSL_HEV_N,?,8.901279793,10.12290398,8.327091716,0.352929609,0.150786949,0.008963218
Temoa,reference,MB,Activity|transportation|T_LDV_C_GSL_PHEV35_EX,?,0.000847641,0.00024334,,,,
Temoa,reference,MB,Activity|transportation|T_LDV_LTF_DSL_EX,?,0.00488377,0.004979805,,,,
Temoa,reference,MB,Activity|transportation|T_LDV_LTF_GSL_EX,?,0.081144563,0.059295315,0.010405687,,,
Temoa,reference,MB,Activity|transportation|T_LDV_LTF_GSL_PHEV35_N,?,1.291999179,1.471145144,1.642981164,1.773816331,1.891248846,2.025125075
Temoa,reference,MB,Activity|transportation|T_LDV_LTP_DSL_EX,?,0.03109578,0.019837938,0.002068306,,,
Temoa,reference,MB,Activity|transportation|T_LDV_LTP_GSL_EX,?,0.78339023,0.5222852,0.089798691,,,
Temoa,reference,MB,Activity|transportation|T_LDV_LTP_GSL_HEV_EX,?,0.004899274,0.00447959,,,,
Temoa,reference,MB,Activity|transportation|T_LDV_LTP_GSL_HEV_N,?,,,,,1.313740092,1.958300616
Temoa,reference,MB,Activity|transportation|T_LDV_LTP_GSL_PHEV35_N,?,12.08615214,13.81854212,15.38242374,16.59100606,16.37690504,16.98465867
Temoa,reference,MB,Activity|transportation|T_LDV_M_BEV_N,?,0.041760329,0.118368771,0.176528783,0.208525976,0.222229648,0.237962979
Temoa,reference,MB,Activity|transportation|T_LDV_M_GSL_EX,?,0.120614173,0.06231434,0.018008332,,,
Temoa,reference,MB,Activity|transportation|T_LDV_PHEV_CHRG,?,4.287260303,4.465404522,4.382349186,4.500125213,4.3219756,4.321968346
Temoa,reference,MB,Activity|transportation|T_MDV_CHRG,?,1.229879013,1.213534183,1.265705655,1.482356515,1.707009097,1.777025534
Temoa,reference,MB,Activity|transportation|T_MDV_T_BEV_N,?,0.715978266,0.83872492,0.958801553,1.163479381,1.386507368,1.492001355
Temoa,reference,MB,Activity|transportation|T_MDV_T_DSL_EX,?,0.058198826,0.043100961,0.019417199,,,
Temoa,reference,MB,Activity|transportation|T_MDV_T_FCHEV_N,?,0.211435079,0.229521882,0.236056558,0.151044266,0.015082556,0.008430891
Temoa,reference,MB,Activity|transportation|T_MDV_T_GSL_EX,?,0.037064192,0.026995634,0.011672394,,,
Temoa,reference,MB,Activity|transportation|T_OFF,?,4.32504295,4.814258715,5.185728223,5.559323552,5.927427965,6.347065111
Temoa,reference,MB,Capacity|commercial,?,238.5093925,189.5569307,190.4381357,186.3725287,196.1019725,209.0151463
Temoa,reference,MB,Capacity|commercial|C_SPC_AC_ROOF-NEW,?,0.001881943,0.003930332,0.005777912,0.00774691,0.008310713,0.008479085
Temoa,reference,MB,Capacity|commercial|C_SPC_ELC-EXS,?,37.03486162,24.68990775,12.34495387,,,
Temoa,reference,MB,Capacity|commercial|C_SPHC_HP_AIR-NEW,?,8.694464912,39.80539096,105.5779407,136.005336,179.0968955,208.7926553
Temoa,reference,MB,Capacity|commercial|C_SPHC_HP_GEO-NEW,?,0.000740853,0.001595419,0.002434731,0.002797804,0.003030957,0.003204858
Temoa,reference,MB,Capacity|commercial|C_SPH_ELC-EXS,?,75.9858962,30.39435848,,,,
Temoa,reference,MB,Capacity|commercial|C_SPH_ELC_BLR-NEW,?,0.006863599,0.014781105,0.023886465,0.027521761,0.030894441,0.033963093
Temoa,reference,MB,Capacity|commercial|C_SPH_ELC_RES-NEW,?,0.00684126,0.014707057,0.023742916,0.030015944,0.03244958,0.034551898
Temoa,reference,MB,Capacity|commercial|C_SPH_NG-EXS,?,88.78521971,66.58891478,44.39260986,22.19630493,,
Temoa,reference,MB,Capacity|commercial|C_SPH_NG_FRN-NEW,?,27.99262243,28.04334477,28.06678919,28.10280535,16.93039129,0.142292072
Temoa,reference,MB,Capacity|electricity,?,12.11735795,12.21306218,12.33565619,12.53225647,13.12496757,13.74026124
Temoa,reference,MB,Capacity|electricity|E_BAT_2H-NEW,?,0.001531818,0.003817671,0.005633933,0.005662811,0.005224005,0.005788061
Temoa,reference,MB,Capacity|electricity|E_BAT_4H-NEW,?,0.000277387,0.000714063,0.001323712,0.001877092,0.002591012,0.003541563
Temoa,reference,MB,Capacity|electricity|E_BIO_M-NEW,?,4.69797E-05,9.60356E-05,0.000149124,0.000205925,0.000267067,0.000332362
Temoa,reference,MB,Capacity|electricity|E_HYD_DLY-EXS,?,1.433,1.433,1.433,1.433,1.433,1.433
Temoa,reference,MB,Capacity|electricity|E_HYD_MLY-EXS,?,4.648,4.648,4.648,4.648,4.648,4.648
Temoa,reference,MB,Capacity|electricity|E_HYD_MLY-EXS-IN,?,4.648,4.648,4.648,4.648,4.648,4.648
Temoa,reference,MB,Capacity|electricity|E_HYD_ROR-EXS,?,0.023,0.023,0.023,0.023,0.023,0.023
Temoa,reference,MB,Capacity|electricity|E_NG_CC-NEW,?,0.001190388,0.002624786,0.004517376,0.006731541,0.009490779,0.012391425
Temoa,reference,MB,Capacity|electricity|E_NG_CCS-NEW,?,0.00013234,0.000289363,0.000491282,0.00072141,0.000991971,0.001298292
Temoa,reference,MB,Capacity|electricity|E_NG_CCS_RFIT_90,?,5.73721E-05,0.000122991,0.000198711,0.000284009,0.000379159,0.000486733
Temoa,reference,MB,Capacity|electricity|E_NG_CCS_RFIT_95,?,5.58746E-05,0.000119825,0.000193735,0.00027702,0.00036989,0.000474938
Temoa,reference,MB,Capacity|electricity|E_NG_CT-EXS,?,0.28,0.28,0.28,0.28,,
Temoa,reference,MB,Capacity|electricity|E_NG_CT-NEW,?,0.817890424,0.899018953,0.986356087,1.145381943,1.459731977,1.720283144
Temoa,reference,MB,Capacity|electricity|E_SOL_PV-NEW-1,?,9.53421E-05,0.000225439,0.000422845,0.000667515,0.000985208,0.001411736
Temoa,reference,MB,Capacity|electricity|E_SOL_PV-NEW-2,?,9.59132E-05,0.000226847,0.000424851,0.000670449,0.000985409,0.001405905
Temoa,reference,MB,Capacity|electricity|E_SOL_PV-NEW-3,?,9.37181E-05,0.000221252,0.000412317,0.000645746,0.000942806,0.001320928
Temoa,reference,MB,Capacity|electricity|E_SOL_PV-NEW-4,?,9.37302E-05,0.000221421,0.000413816,0.000648348,0.000948043,0.001330254
Temoa,reference,MB,Capacity|electricity|E_SOL_PV-NEW-5,?,9.47399E-05,0.000223831,0.000417553,0.000654273,0.000951262,0.001323413
Temoa,reference,MB,Capacity|electricity|E_WND_ON-EXS,?,0.25845,0.25845,0.25845,,,
Temoa,reference,MB,Capacity|electricity|E_WND_ON-NEW-1,?,0.000226234,0.000461934,0.000756343,0.00112413,0.001551678,0.002024152
Temoa,reference,MB,Capacity|electricity|E_WND_ON-NEW-10,?,0.00029783,0.000688634,0.001208675,0.001846323,0.002601342,0.00348911
Temoa,reference,MB,Capacity|electricity|E_WND_ON-NEW-11,?,0.00029468,0.000632955,0.001051989,0.001530221,0.00207565,0.002670961
Temoa,reference,MB,Capacity|electricity|E_WND_ON-NEW-12,?,0.000309536,0.000710445,0.001237545,0.001869439,0.002618485,0.003481781
Temoa,reference,MB,Capacity|electricity|E_WND_ON-NEW-13,?,0.00034534,0.000783615,0.001366307,0.002053758,0.002856619,0.003729522
Temoa,reference,MB,Capacity|electricity|E_WND_ON-NEW-2,?,0.000561152,0.001725145,0.005005634,0.009872601,0.019934433,0.036898455
Temoa,reference,MB,Capacity|electricity|E_WND_ON-NEW-3,?,0.000520486,0.001605557,0.004513684,0.008769681,0.016712066,0.027765403
Temoa,reference,MB,Capacity|electricity|E_WND_ON-NEW-4,?,0.000568423,0.002041556,0.013230669,0.274991428,0.726764913,0.732263336
Temoa,reference,MB,Capacity|electricity|E_WND_ON-NEW-5,?,0.000418821,0.000968087,0.00171613,0.002537043,0.003516719,0.004589408
Temoa,reference,MB,Capacity|electricity|E_WND_ON-NEW-6,?,0.000493937,0.00159192,0.004893738,0.01061347,0.024421481,0.044314138
Temoa,reference,MB,Capacity|electricity|E_WND_ON-NEW-7,?,0.000504353,0.001657113,0.005633474,0.014753886,0.077372152,0.36378337
Temoa,reference,MB,Capacity|electricity|E_WND_ON-NEW-8,?,0.000436773,0.001204374,0.002577066,0.004267239,0.006451092,0.008893566
Temoa,reference,MB,Capacity|electricity|E_WND_ON-NEW-9,?,0.000274357,0.000618374,0.001059595,0.001599172,0.002232354,0.002969287
Temoa,reference,MB,Capacity|residential,?,119.9998862,121.8214845,132.4092107,130.4977171,135.4358412,140.6306709
Temoa,reference,MB,Capacity|residential|R_APP_CL_WASH-EXS,?,0.3338445,0.1335378,,,,
Temoa,reference,MB,Capacity|residential|R_APP_CL_WASH-TYP-NEW,?,0.141277626,0.349411383,0.499976079,0.518235404,0.53778973,0.558555848
Temoa,reference,MB,Capacity|residential|R_APP_COOK_ELEC-EXS,?,0.383928235,0.236263529,0.064972471,,,
Temoa,reference,MB,Capacity|residential|R_APP_COOK_ELEC-TYP-NEW,?,0.000281381,0.000568936,0.000927296,0.000988322,0.001025118,0.001010838
Temoa,reference,MB,Capacity|residential|R_APP_COOK_NG-EXS,?,0.012178824,0.006089412,,,,
Temoa,reference,MB,Capacity|residential|R_APP_COOK_NG-TYP-NEW,?,0.151640627,0.314135755,0.510797428,0.596769255,0.619292156,0.643254738
Temoa,reference,MB,Capacity|residential|R_APP_DRY_ELEC-EXS,?,0.24966,0.12483,,,,
Temoa,reference,MB,Capacity|residential|R_APP_DRY_ELEC-TYP-NEW,?,0.000559047,0.000989355,0.001176674,0.001083014,0.001037474,0.001032154
Temoa,reference,MB,Capacity|residential|R_APP_DRY_NG-EXS,?,0.018267647,0.009133824,,,,
Temoa,reference,MB,Capacity|residential|R_APP_DRY_NG-TYP-NEW,?,0.230971803,0.372733595,0.524408875,0.543697678,0.564298671,0.586133741
Temoa,reference,MB,Capacity|residential|R_APP_DS_WASH-EXS,?,0.231088,0.126048,0.0084032,,,
Temoa,reference,MB,Capacity|residential|R_APP_DS_WASH-TYP-NEW,?,0.13793087,0.249050437,0.37991992,0.402504261,0.417691828,0.433820563
Temoa,reference,MB,Capacity|residential|R_APP_FREZ-EXS,?,0.311964682,0.220210364,0.128456045,0.014680691,,
Temoa,reference,MB,Capacity|residential|R_APP_FREZ-TYP-NEW,?,0.116018352,0.214823315,0.321915507,0.452138464,0.484432795,0.503138622
Temoa,reference,MB,Capacity|residential|R_APP_REFR-EXS,?,0.42269675,0.0483082,,,,
Temoa,reference,MB,Capacity|residential|R_APP_REFR-TYP-NEW,?,0.344911963,0.731946041,0.807763076,0.837262516,0.868854469,0.902404209
Temoa,reference,MB,Capacity|residential|R_LGT_CFL-EXS,?,17.61450473,11.32361018,4.529444073,,,
Temoa,reference,MB,Capacity|residential|R_LGT_LED-EXS,?,25.84289459,25.84289459,25.84289459,25.84289459,20.67431567,14.21359203
Temoa,reference,MB,Capacity|residential|R_LGT_LED-TYP-NEW,?,64.65876275,74.39836888,93.29150421,97.44381931,109.2232394,121.3858967
Temoa,reference,MB,Capacity|residential|R_LGT_T12-EXS,?,7.257173833,5.679527347,4.101880862,2.524234377,0.694164454,
Temoa,reference,MB,Capacity|residential|R_SPC_CENT_AC-EXS,?,0.313583545,0.221353091,0.129122636,0.014756873,,
Temoa,reference,MB,Capacity|residential|R_SPC_ROOM_AC-EXS,?,0.033789167,,,,,
Temoa,reference,MB,Capacity|residential|R_SPC_ROOM_AC-TYP-NEW,?,1.51215E-05,1.57153E-05,1.79262E-05,3.16152E-05,3.53552E-05,3.48392E-05
Temoa,reference,MB,Capacity|residential|R_SPHC_AIR_HP-TYP-NEW,?,0.030816275,0.031240952,0.043537995,0.058439037,0.062356178,0.064764266
Temoa,reference,MB,Capacity|residential|R_SPHC_GEO_HP-TYP-NEW,?,,,,,1.02474E-05,2.14118E-05
Temoa,reference,MB,Capacity|residential|R_SPHC_NG_HP-TYP-NEW,?,,,,1.05532E-05,2.2971E-05,3.6141E-05
Temoa,reference,MB,Capacity|residential|R_SPH_ELEC-EXS,?,0.184616091,0.136032909,0.087449727,0.034979891,,
Temoa,reference,MB,Capacity|residential|R_SPH_HP-EXS,?,0.009469706,0.005165294,0.000344353,,,
Temoa,reference,MB,Capacity|residential|R_SPH_NG-EXS,?,0.231549273,0.163446545,0.095343818,0.010896436,,
Temoa,reference,MB,Capacity|residential|R_SPH_NG_FRN-TYP-NEW,?,0.07193455,0.199707168,0.325974121,0.466168073,0.525448705,0.545731201
Temoa,reference,MB,Capacity|residential|R_SPH_WOOD-ELC-EXS,?,0.013030227,0.008686818,0.004343409,,,
Temoa,reference,MB,Capacity|residential|R_SPH_WOOD-TYP-NEW,?,,1.0816E-05,2.45387E-05,3.72958E-05,4.10278E-05,4.27822E-05
Temoa,reference,MB,Capacity|residential|R_WAH_ELC-EXS,?,0.213005294,0.116184706,0.007745647,,,
Temoa,reference,MB,Capacity|residential|R_WAH_ELEC-TYP-NEW,?,5.98806E-05,0.187271999,0.45872373,0.73264632,0.760086601,0.789374102
Temoa,reference,MB,Capacity|residential|R_WAH_HP-TYP-NEW,?,0.301496417,0.30183632,0.242010951,0.001286081,0.001534011,0.001660445
Temoa,reference,MB,Capacity|residential|R_WAH_NG-EXS,?,0.135923529,0.067961765,,,,
Temoa,reference,MB,Capacity|residential|R_WAH_NG-TYP-NEW,?,2.92509E-05,6.38525E-05,9.23346E-05,0.000103611,0.000107173,0.000107181
Temoa,reference,MB,Capacity|residential|R_WAH_SOLAR-TYP-NEW,?,1.16837E-05,2.55457E-05,3.9153E-05,5.34365E-05,5.71525E-05,5.90761E-05
Temoa,reference,MB,Capacity|transportation,?,1213.679142,1239.53752,1319.40516,1404.403872,1462.413584,1546.512811
Temoa,reference,MB,Capacity|transportation|T_ELC_AC_DC,?,0.001560537,0.001870846,0.002194398,0.002527232,0.002882777,0.001733506
Temoa,reference,MB,Capacity|transportation|T_H2_COMP_100_700,?,0.026893349,0.026893349,0.026893349,0.024732271,0.024732271,0.024732271
Temoa,reference,MB,Capacity|transportation|T_H2_COMP_10_100,?,0.02689339,0.02689339,0.02689339,0.024730725,0.024730725,0.024730725
Temoa,reference,MB,Capacity|transportation|T_H2_HDV_REFUEL,?,0.131027708,0.132631872,0.208695465,0.402130995,0.35277549,0.179432714
Temoa,reference,MB,Capacity|transportation|T_H2_LDV_REFUEL,?,,1.25556E-05,4.15963E-05,0.000177378,0.387334065,0.387199298
Temoa,reference,MB,Capacity|transportation|T_H2_MDV_REFUEL,?,0.712831809,0.712847709,0.608145431,0.608165059,0.035997235,0.035961707
Temoa,reference,MB,Capacity|transportation|T_HDV_AJF_JFL_EX,?,0.010951472,0.010511474,0.008751482,0.007001185,,
Temoa,reference,MB,Capacity|transportation|T_HDV_AJF_JFL_N,?,0.097595094,0.110312468,0.121394618,0.132520475,0.148759325,0.159291757
Temoa,reference,MB,Capacity|transportation|T_HDV_AJP_JFL_EX,?,0.855867293,0.764878718,0.582048003,0.445092063,,
Temoa,reference,MB,Capacity|transportation|T_HDV_AJP_JFL_N,?,7.627631185,8.678206572,9.589667278,10.45942243,11.62654339,12.44965524
Temoa,reference,MB,Capacity|transportation|T_HDV_BIC_BEV_N,?,,,,,1.11136E-05,3.02399E-05
Temoa,reference,MB,Capacity|transportation|T_HDV_BIC_DSL_EX,?,0.008526506,0.003157716,,,,
Temoa,reference,MB,Capacity|transportation|T_HDV_BIC_DSL_HEV_N,?,2.90166E-05,2.90166E-05,3.66512E-05,3.80595E-05,4.45074E-05,4.3118E-05
Temoa,reference,MB,Capacity|transportation|T_HDV_BIC_DSL_N,?,3.7757E-05,3.7757E-05,4.5795E-05,4.06801E-05,4.46377E-05,4.1043E-05
Temoa,reference,MB,Capacity|transportation|T_HDV_BIC_FCEV_N,?,1.69267E-05,1.69267E-05,0.000140363,0.000297586,0.000601049,0.000543139
Temoa,reference,MB,Capacity|transportation|T_HDV_BIC_GSL_EX,?,0.002176676,0.001306006,,,,
Temoa,reference,MB,Capacity|transportation|T_HDV_BIC_GSL_N,?,0.256212763,0.268282895,0.281237086,0.301361419,0.321030246,0.343862379
Temoa,reference,MB,Capacity|transportation|T_HDV_BS_BEV_N,?,7.2613E-05,7.2613E-05,0.006107782,1.020505821,1.445623679,2.028005772
Temoa,reference,MB,Capacity|transportation|T_HDV_BS_CNG_N,?,2.72809E-05,2.72809E-05,2.46084E-05,2.96336E-05,2.87337E-05,2.68926E-05
Temoa,reference,MB,Capacity|transportation|T_HDV_BS_DSL_EX,?,0.089281518,0.034571869,,,,
Temoa,reference,MB,Capacity|transportation|T_HDV_BS_DSL_HEV_N,?,5.70098E-05,5.70098E-05,6.10755E-05,5.18648E-05,5.84916E-05,5.21917E-05
Temoa,reference,MB,Capacity|transportation|T_HDV_BS_DSL_N,?,3.99947E-05,3.99947E-05,4.01192E-05,3.45543E-05,3.26658E-05,4.01279E-05
Temoa,reference,MB,Capacity|transportation|T_HDV_BS_DSL_PHEV_N,?,2.66919E-05,2.66919E-05,4.57797E-05,5.88403E-05,7.28879E-05,7.65392E-05
Temoa,reference,MB,Capacity|transportation|T_HDV_BS_FCEV_N,?,0.000154408,0.000154408,0.000196187,0.000195322,0.000214781,0.000153871
Temoa,reference,MB,Capacity|transportation|T_HDV_BS_FCHEV_N,?,1.498725803,1.550443654,1.678214495,0.785258306,0.479692758,0.033721791
Temoa,reference,MB,Capacity|transportation|T_HDV_BS_GSL_EX,?,0.0201039,0.009833124,,,,
Temoa,reference,MB,Capacity|transportation|T_HDV_BS_GSL_N,?,0.000134082,0.000134082,0.000106671,5.98198E-05,7.7083E-05,7.353E-05
Temoa,reference,MB,Capacity|transportation|T_HDV_BT_BEV_EX,?,0.033014551,0.014340814,,,,
Temoa,reference,MB,Capacity|transportation|T_HDV_BT_BEV_N,?,0.686840732,0.718727863,0.692686054,0.280561741,0.358953876,0.66774009
Temoa,reference,MB,Capacity|transportation|T_HDV_BT_CNG_EX,?,0.011451526,0.003974116,,,,
Temoa,reference,MB,Capacity|transportation|T_HDV_BT_CNG_N,?,8.78008E-05,8.78008E-05,3.51203E-05,,,
Temoa,reference,MB,Capacity|transportation|T_HDV_BT_DSL_EX,?,0.045825768,0.018417264,,,,
Temoa,reference,MB,Capacity|transportation|T_HDV_BT_DSL_N,?,1.03466E-05,1.03466E-05,,,,
Temoa,reference,MB,Capacity|transportation|T_HDV_BT_DSL_PHEV_N,?,2.15066E-05,2.15066E-05,3.75569E-05,4.14672E-05,5.02453E-05,4.87186E-05
Temoa,reference,MB,Capacity|transportation|T_HDV_BT_FCEV_N,?,1.56371E-05,1.56371E-05,3.92167E-05,7.84448E-05,8.4284E-05,4.50627E-05
Temoa,reference,MB,Capacity|transportation|T_HDV_BT_FCHEV_N,?,4.10926E-05,4.10926E-05,0.115873723,0.58625867,0.565254586,0.321946518
Temoa,reference,MB,Capacity|transportation|T_HDV_BT_GSL_EX,?,0.001213707,0.000728224,,,,
Temoa,reference,MB,Capacity|transportation|T_HDV_CHRG,?,0.248044624,0.253010022,0.225370791,1.50794716,5.573813239,6.949118532
Temoa,reference,MB,Capacity|transportation|T_HDV_RF_DSL_EX,?,38.44740657,38.44740657,31.42115099,18.8598879,10.08565691,
Temoa,reference,MB,Capacity|transportation|T_HDV_RF_DSL_N,?,0.000196181,0.000235213,0.000273618,0.000322725,0.000373168,0.000373168
Temoa,reference,MB,Capacity|transportation|T_HDV_RF_H2_N,?,,0.000258059,0.000280739,0.000530313,0.000541854,0.000772349
Temoa,reference,MB,Capacity|transportation|T_HDV_RF_LNG_N,?,46.74661758,53.17569153,58.05708073,73.0507072,77.88898198,83.40324194
Temoa,reference,MB,Capacity|transportation|T_HDV_RICP_DSL_EX,?,0.151213996,0.151213996,0.123867559,0.071377308,0.050424223,
Temoa,reference,MB,Capacity|transportation|T_HDV_RICP_DSL_N,?,0.04967417,0.072396156,0.116993846,0.186830806,0.224875912,0.294788127
Temoa,reference,MB,Capacity|transportation|T_HDV_T_BEV_N,?,1.76383E-05,1.76383E-05,0.000115491,4.574447938,18.7441275,24.13620376
Temoa,reference,MB,Capacity|transportation|T_HDV_T_DSL_EX,?,4.797259873,3.651222917,2.004509385,,,
Temoa,reference,MB,Capacity|transportation|T_HDV_T_DSL_HEV_N,?,17.39860338,20.47447388,23.98009306,21.88355415,9.46362754,6.387039934
Temoa,reference,MB,Capacity|transportation|T_HDV_T_DSL_N,?,7.48319E-05,9.15231E-05,0.000111488,0.00011616,6.49558E-05,4.761E-05
Temoa,reference,MB,Capacity|transportation|T_HDV_T_DSL_PHEV_N,?,,,,1.05843E-05,2.28666E-05,2.28666E-05
Temoa,reference,MB,Capacity|transportation|T_HDV_T_FCEV_N,?,1.33358E-05,1.33358E-05,3.19278E-05,5.22942E-05,6.57184E-05,6.2E-05
Temoa,reference,MB,Capacity|transportation|T_HDV_T_FCHEV_N,?,9.31634E-05,0.000151569,0.002474335,0.008899758,0.011354013,0.013736331
Temoa,reference,MB,Capacity|transportation|T_HDV_WTF_HFO_EX,?,41.34476869,41.34476869,39.21310663,30.5597369,8.161665736,
Temoa,reference,MB,Capacity|transportation|T_HDV_WTF_HFO_N,?,2.83928E-05,6.35179E-05,0.000105981,0.000159597,0.000237761,0.999879841
Temoa,reference,MB,Capacity|transportation|T_HDV_WTF_LNG_N,?,2.51736E-05,5.49903E-05,9.08853E-05,0.000137013,0.000203174,0.000203174
Temoa,reference,MB,Capacity|transportation|T_HDV_WTF_MDO_EX,?,7.618054945,7.618054945,5.915243624,4.136201881,1.26014774,
Temoa,reference,MB,Capacity|transportation|T_HDV_WTF_MDO_N,?,1.43708E-05,3.31717E-05,5.30633E-05,7.32551E-05,7.32551E-05,7.32551E-05
Temoa,reference,MB,Capacity|transportation|T_I_H2_ELC_ALK,?,0.001050968,0.001151779,0.001268591,0.001393001,0.000484587,0.000561998
Temoa,reference,MB,Capacity|transportation|T_I_H2_ELC_PEM,?,0.000137145,0.000226855,0.000337397,0.00046202,0.000474125,0.000578975
Temoa,reference,MB,Capacity|transportation|T_I_H2_SMR,?,0.0271058,0.0271058,0.0271058,0.0271058,0.0271058,0.019142234
Temoa,reference,MB,Capacity|transportation|T_LDV_BEV_CHRG,?,0.099183727,0.178178474,2.904673237,10.98459963,11.01457016,11.54860488
Temoa,reference,MB,Capacity|transportation|T_LDV_C_BEV150_EX,?,2.008769316,1.490410826,,,,
Temoa,reference,MB,Capacity|transportation|T_LDV_C_BEV150_N,?,7.04988E-05,8.71375E-05,10.24086112,42.34252893,43.97820785,47.74245692
Temoa,reference,MB,Capacity|transportation|T_LDV_C_BEV200_N,?,0.000141001,0.000174278,20.48172223,84.68505785,87.95641569,95.48491386
Temoa,reference,MB,Capacity|transportation|T_LDV_C_BEV300_N,?,0.000211459,0.000261367,30.72258331,127.0275868,131.9346235,143.2273708
Temoa,reference,MB,Capacity|transportation|T_LDV_C_BEV400_N,?,0.000281929,0.000348468,40.96344439,169.3701157,175.9128314,190.9698277
Temoa,reference,MB,Capacity|transportation|T_LDV_C_CNG_N,?,0.00022441,0.000254596,0.000358403,0.000320211,0.000392382,0.00037239
Temoa,reference,MB,Capacity|transportation|T_LDV_C_DSL_EX,?,0.167862067,0.014257281,,,,
Temoa,reference,MB,Capacity|transportation|T_LDV_C_DSL_N,?,0.000143518,0.000171154,0.000244738,0.000215416,0.00026302,0.00025558
Temoa,reference,MB,Capacity|transportation|T_LDV_C_FCEV400_N,?,0.000102916,0.000147917,0.000818286,0.004598391,19.93476932,20.40628528
Temoa,reference,MB,Capacity|transportation|T_LDV_C_GSL_EX,?,12.81855217,6.19722171,,,,
Temoa,reference,MB,Capacity|transportation|T_LDV_C_GSL_HEV_EX,?,0.336801842,0.177916344,,,,
Temoa,reference,MB,Capacity|transportation|T_LDV_C_GSL_HEV_N,?,363.0159582,370.802818,304.6068821,12.91032901,5.515920305,0.343115928
Temoa,reference,MB,Capacity|transportation|T_LDV_C_GSL_N,?,0.000140887,0.000171169,0.000264738,0.000289913,0.000370773,0.000371848
Temoa,reference,MB,Capacity|transportation|T_LDV_C_GSL_PHEV35_EX,?,0.11626141,0.084995079,,,,
Temoa,reference,MB,Capacity|transportation|T_LDV_C_GSL_PHEV35_N,?,0.001303185,0.001350679,0.006149679,0.005525192,0.00494096,0.001262512
Temoa,reference,MB,Capacity|transportation|T_LDV_C_GSL_PHEV50_N,?,0.000381789,0.000416471,0.001233044,0.001259949,0.001396438,0.000965551
Temoa,reference,MB,Capacity|transportation|T_LDV_LTF_BEV150_N,?,2.16813E-05,7.78295E-05,0.000123378,0.00021747,0.000317587,0.000408916
Temoa,reference,MB,Capacity|transportation|T_LDV_LTF_BEV200_N,?,4.33582E-05,0.000155638,0.000246735,0.000434919,0.000635163,0.000836053
Temoa,reference,MB,Capacity|transportation|T_LDV_LTF_BEV300_N,?,6.4987E-05,0.000233399,0.000370035,0.000665362,0.000952739,0.001254082
Temoa,reference,MB,Capacity|transportation|T_LDV_LTF_BEV400_N,?,8.668E-05,0.000311224,0.0004934,0.000887143,0.001270307,0.001672115
Temoa,reference,MB,Capacity|transportation|T_LDV_LTF_CNG_N,?,0.000328388,0.000506695,0.000652476,0.000591513,0.000560007,0.000579809
Temoa,reference,MB,Capacity|transportation|T_LDV_LTF_DSL_EX,?,0.632065508,0.472364878,0.087332411,,,
Temoa,reference,MB,Capacity|transportation|T_LDV_LTF_DSL_N,?,7.73451E-05,0.000138936,0.000204609,0.000210937,0.000213794,0.000216642
Temoa,reference,MB,Capacity|transportation|T_LDV_LTF_FCEV400_N,?,4.255E-05,0.000227921,0.0003864,0.001394234,0.001676801,0.001690145
Temoa,reference,MB,Capacity|transportation|T_LDV_LTF_GSL_EX,?,7.512921801,5.004423316,0.895515824,,,
Temoa,reference,MB,Capacity|transportation|T_LDV_LTF_GSL_HEV_N,?,0.000312807,0.000634697,0.000990929,0.001953524,0.003064991,0.004024448
Temoa,reference,MB,Capacity|transportation|T_LDV_LTF_GSL_N,?,8.70114E-05,0.000172734,0.00025742,0.000291783,0.000316692,0.000338797
Temoa,reference,MB,Capacity|transportation|T_LDV_LTF_GSL_PHEV35_EX,?,0.008520584,0.008520584,0.001704117,,,
Temoa,reference,MB,Capacity|transportation|T_LDV_LTF_GSL_PHEV35_N,?,119.616988,124.160534,138.6630495,149.7051875,159.6161786,170.9149772
Temoa,reference,MB,Capacity|transportation|T_LDV_LTF_GSL_PHEV50_N,?,0.000368239,0.00114074,0.001947682,0.002353446,0.002193904,0.002342239
Temoa,reference,MB,Capacity|transportation|T_LDV_LTP_BEV150_N,?,3.13805E-05,8.9037E-05,0.000226246,0.000384455,0.000491736,0.000879729
Temoa,reference,MB,Capacity|transportation|T_LDV_LTP_BEV200_N,?,6.27808E-05,0.000178085,0.000452497,0.000781454,0.000983473,0.001759474
Temoa,reference,MB,Capacity|transportation|T_LDV_LTP_BEV300_EX,?,0.040881875,0.040881875,0.008176375,,,
Temoa,reference,MB,Capacity|transportation|T_LDV_LTP_BEV300_N,?,9.4141E-05,0.000267093,0.000678706,0.001172169,0.001475209,0.002639223
Temoa,reference,MB,Capacity|transportation|T_LDV_LTP_BEV400_N,?,0.000125517,0.000356113,0.000904928,0.001562876,0.001966929,0.003518955
Temoa,reference,MB,Capacity|transportation|T_LDV_LTP_CNG_N,?,0.000350403,0.000519689,0.000705489,0.0006216,0.000580442,0.000599634
Temoa,reference,MB,Capacity|transportation|T_LDV_LTP_DSL_EX,?,1.120907516,0.650877156,0.109015763,,,
Temoa,reference,MB,Capacity|transportation|T_LDV_LTP_DSL_N,?,8.11341E-05,0.000153026,0.000229938,0.000246756,0.000252052,0.000257021
Temoa,reference,MB,Capacity|transportation|T_LDV_LTP_FCEV400_N,?,4.27535E-05,0.000169105,0.00036013,0.001367734,0.001621641,0.001862743
Temoa,reference,MB,Capacity|transportation|T_LDV_LTP_GSL_EX,?,28.23607787,17.13505523,2.946118486,,,
Temoa,reference,MB,Capacity|transportation|T_LDV_LTP_GSL_HEV_EX,?,0.198526274,0.173805709,0.033525114,,,
Temoa,reference,MB,Capacity|transportation|T_LDV_LTP_GSL_HEV_N,?,0.000423904,0.000911592,0.00134374,0.034135355,43.10098705,64.24758739
Temoa,reference,MB,Capacity|transportation|T_LDV_LTP_GSL_N,?,0.000106425,0.000220283,0.000322416,0.000365464,0.00038628,0.000415038
Temoa,reference,MB,Capacity|transportation|T_LDV_LTP_GSL_PHEV35_EX,?,0.041537373,0.041537373,0.008307475,,,
Temoa,reference,MB,Capacity|transportation|T_LDV_LTP_GSL_PHEV35_N,?,435.624648,453.3551927,504.6628216,544.3135435,537.2893954,557.2284413
Temoa,reference,MB,Capacity|transportation|T_LDV_LTP_GSL_PHEV50_N,?,0.000369691,0.000989008,0.001706297,0.001993333,0.001995692,0.002097432
Temoa,reference,MB,Capacity|transportation|T_LDV_M_BEV_N,?,7.100968914,21.76442996,32.47088761,38.35792987,40.897709,43.79298552
Temoa,reference,MB,Capacity|transportation|T_LDV_M_GSL_EX,?,20.51113535,11.45311136,3.309504018,,,
Temoa,reference,MB,Capacity|transportation|T_LDV_M_GSL_N,?,0.000208794,0.000389238,0.000654135,0.000839643,0.000948575,0.001132957
Temoa,reference,MB,Capacity|transportation|T_LDV_PHEV_CHRG,?,4.287260712,4.465405348,4.465405348,4.500127018,4.322057926,4.322057926
Temoa,reference,MB,Capacity|transportation|T_MDV_CHRG,?,1.229879682,1.229879682,1.26570888,1.482360244,1.707016144,1.777030768
Temoa,reference,MB,Capacity|transportation|T_MDV_T_BEV_N,?,27.98299008,31.07699336,35.5261607,43.11002873,51.37381336,55.28265422
Temoa,reference,MB,Capacity|transportation|T_MDV_T_DSL_EX,?,2.274646181,1.681075504,0.75732047,,,
Temoa,reference,MB,Capacity|transportation|T_MDV_T_DSL_HEV_N,?,8.90107E-05,0.000111646,0.000134247,0.000120493,8.11209E-05,8.04828E-05
Temoa,reference,MB,Capacity|transportation|T_MDV_T_DSL_N,?,4.62035E-05,6.45337E-05,8.30545E-05,8.23526E-05,6.58164E-05,6.56088E-05
Temoa,reference,MB,Capacity|transportation|T_MDV_T_DSL_PHEV_N,?,2.95794E-05,5.42444E-05,8.36797E-05,0.000101098,0.000105636,0.000113106
Temoa,reference,MB,Capacity|transportation|T_MDV_T_FCEV_N,?,0.000812208,0.001142642,0.001244333,0.001130352,0.000579853,0.000486631
Temoa,reference,MB,Capacity|transportation|T_MDV_T_FCHEV_N,?,8.263641383,8.504403392,8.746545062,5.596659612,0.558888855,0.326826347
Temoa,reference,MB,Capacity|transportation|T_MDV_T_GSL_EX,?,1.448624388,1.052910603,0.464196473,,,
Temoa,reference,MB,Capacity|transportation|T_MDV_T_GSL_N,?,0.000425089,0.000465216,0.000507376,0.000377418,0.000146511,0.000141327
Temoa,reference,MB,Emissions|ch4,?,2176.093525,1915.649796,1504.580812,838.0423063,862.1807462,889.275479
Temoa,reference,MB,Emissions|ch4|F_A_DSL,?,56.7602964,62.71716327,60.79662655,58.98134681,59.17023275,60.23181103
Temoa,reference,MB,Emissions|ch4|F_A_NG,?,0.103559285,0.114426545,0.110921164,0.107607385,0.107949872,0.109884003
Temoa,reference,MB,Emissions|ch4|F_C_NG,?,36.80953207,30.19400238,23.47616081,16.67434115,6.50082349,1.210044544
Temoa,reference,MB,Emissions|ch4|F_E_BIO_M,?,0.259821009,0.433161552,0.730430706,1.125827631,1.512543322,2.012386533
Temoa,reference,MB,Emissions|ch4|F_E_NG,?,0.115021339,0.179283052,0.23124694,0.461982134,1.114037711,2.33800311
Temoa,reference,MB,Emissions|ch4|F_I_HFO,?,25.29250001,26.27740001,27.08140001,27.89210001,28.79660001,29.92890001
Temoa,reference,MB,Emissions|ch4|F_I_NG,?,41.01742631,41.51340486,43.37828422,43.84450406,44.83646116,46.59222524
Temoa,reference,MB,Emissions|ch4|F_R_NG,?,23.49490703,25.91217325,28.63810978,31.90882047,34.83827987,36.18345014
Temoa,reference,MB,Emissions|ch4|F_R_WOOD,?,420.8191312,280.6970898,140.6090206,0.470402405,0.523379931,0.561829149
Temoa,reference,MB,Emissions|ch4|F_T_CNG,?,0.01422646,0.006127255,0.000162969,0.000111927,0.00011002,0.000107168
Temoa,reference,MB,Emissions|ch4|F_T_DSL,?,94.83955223,94.74585615,91.35959799,73.22474193,42.46633273,36.21620293
Temoa,reference,MB,Emissions|ch4|F_T_GSL,?,1441.464567,1313.956513,1046.459749,536.7717615,592.946112,621.527838
Temoa,reference,MB,Emissions|ch4|F_T_HFO,?,0.105776238,0.105772761,0.105768638,0.105762562,0.105757651,0.077747496
Temoa,reference,MB,Emissions|ch4|F_T_JTF,?,23.70304946,26.18589718,27.94697696,29.90438118,31.77025909,34.01946584
Temoa,reference,MB,Emissions|ch4|F_T_LNG,?,10.29710298,11.66248947,12.66062825,15.62122737,16.54441824,17.56118625
Temoa,reference,MB,Emissions|ch4|F_T_NG,?,0.997056868,0.949035247,0.99572717,0.947387815,0.94744845,0.704397574
Temoa,reference,MB,Emissions|co2,?,16797.22924,16953.80095,16581.32579,15581.40722,14745.45605,14799.80461
Temoa,reference,MB,Emissions|co2e,?,14885.69813,14997.32961,14667.02179,13815.49619,13098.05922,13143.03316
Temoa,reference,MB,Emissions|co2e|E_NG_CCS-NEW,?,-0.068267799,-0.107213564,-0.153081366,-0.262400659,-0.339858452,-0.486628581
Temoa,reference,MB,Emissions|co2e|E_NG_CCS_RFIT_90,?,-0.051509032,-0.103151193,-0.155853788,-0.246323385,-0.315709305,-0.427138462
Temoa,reference,MB,Emissions|co2e|E_NG_CCS_RFIT_95,?,-0.053778112,-0.107615717,-0.16262296,-0.256656804,-0.329063665,-0.444893434
Temoa,reference,MB,Emissions|co2e|F_A_DSL,?,1182.545257,1306.650752,1266.638248,1228.81867,1232.753924,1254.870869
Temoa,reference,MB,Emissions|co2e|F_A_NG,?,5.44551385,6.016952877,5.83262753,5.658377311,5.676386451,5.77808991
Temoa,reference,MB,Emissions|co2e|F_C_NG,?,1935.575521,1587.707547,1234.459653,876.7958933,341.8363154,63.62842628
Temoa,reference,MB,Emissions|co2e|F_E_BIO_M,?,0.097761526,0.162983488,0.274835437,0.423609422,0.569116963,0.757190419
Temoa,reference,MB,Emissions|co2e|F_E_NG,?,0.460577601,0.717899467,0.925977403,1.84990563,4.460918473,9.36201814
Temoa,reference,MB,Emissions|co2e|F_I_BIO,?,576.4980002,621.946,644.67,656.032,660.972,664.9239998
Temoa,reference,MB,Emissions|co2e|F_I_HFO,?,2783.944986,2892.352909,2980.849174,3070.082907,3169.641204,3294.273443
Temoa,reference,MB,Emissions|co2e|F_I_NG,?,2156.236214,2182.309203,2280.343643,2304.852253,2356.998231,2449.296613
Temoa,reference,MB,Emissions|co2e|F_R_NG,?,1235.445396,1362.553812,1505.893206,1677.878754,1831.920101,1902.653917
Temoa,reference,MB,Emissions|co2e|F_R_WOOD,?,158.3394686,105.6164626,52.90623916,0.176995914,0.196929498,0.211396589
Temoa,reference,MB,Emissions|co2e|F_T_CNG,?,0.747867708,0.322102355,0.008567072,0.005883882,0.005783592,0.005633677
Temoa,reference,MB,Emissions|co2e|F_T_DSL,?,1975.889306,1973.93724,1903.387863,1525.565875,884.7445051,754.5291641
Temoa,reference,MB,Emissions|co2e|F_T_ETH,?,149.889673,195.0825337,155.3674093,79.6942625,88.0344431,92.27795914
Temoa,reference,MB,Emissions|co2e|F_T_GSL,?,1269.737758,1157.420193,921.7912714,472.8242293,522.3063294,547.4830126
Temoa,reference,MB,Emissions|co2e|F_T_HFO,?,11.64278849,11.64240581,11.64195193,11.64128319,11.64074264,8.557665423
Temoa,reference,MB,Emissions|co2e|F_T_JTF,?,770.0315375,850.6908238,907.9023219,971.4917338,1032.107767,1105.176852
Temoa,reference,MB,Emissions|co2e|F_T_LNG,?,541.30618,613.0828868,665.5538287,821.1889238,869.7199447,923.1702025
Temoa,reference,MB,Emissions|co2e|F_T_MDO,?,0.000165048,0.000275932,0.000397063,0.000520143,0.000300557,
Temoa,reference,MB,Emissions|co2e|F_T_NG,?,52.4140669,49.88962868,52.34416627,49.80302519,49.80621267,37.02932373
Temoa,reference,MB,Emissions|co2e|F_T_RDSL,?,79.62445615,79.54579172,76.70279049,61.47730684,35.65346492,30.40604256
Temoa,reference,MB,Emissions|co2e|T_I_H2_SMR_CCS,?,-0.000804552,-0.000812831,-0.000817594,-0.000835214,-0.000768801,
Temoa,reference,MB,Emissions|co2|E_NG_CCS-NEW,?,-0.068267799,-0.107213564,-0.153081366,-0.262400659,-0.339858452,-0.486628581
Temoa,reference,MB,Emissions|co2|E_NG_CCS_RFIT_90,?,-0.051509032,-0.103151193,-0.155853788,-0.246323385,-0.315709305,-0.427138462
Temoa,reference,MB,Emissions|co2|E_NG_CCS_RFIT_95,?,-0.053778112,-0.107615717,-0.16262296,-0.256656804,-0.329063665,-0.444893434
Temoa,reference,MB,Emissions|co2|F_A_DSL,?,1134.388998,1253.4406,1215.057508,1178.778039,1182.55304,1203.769326
Temoa,reference,MB,Emissions|co2|F_A_NG,?,5.415870704,5.984199052,5.800877096,5.627575424,5.645486529,5.746636356
Temoa,reference,MB,Emissions|co2|F_C_NG,?,1925.039041,1579.064718,1227.73976,872.0229758,339.9754986,63.28205921
Temoa,reference,MB,Emissions|co2|F_E_BIO_M,?,0.080621943,0.134409169,0.226651197,0.349342077,0.469339188,0.624439543
Temoa,reference,MB,Emissions|co2|F_E_NG,?,0.454216921,0.707985114,0.913189447,1.824358018,4.399312188,9.232726567
Temoa,reference,MB,Emissions|co2|F_IMP_CNG,?,0.050913425,0.021928122,0.00058323,0.000400564,0.000393736,0.00038353
Temoa,reference,MB,Emissions|co2|F_IMP_DSL,?,798.9505725,829.8502317,801.8827447,696.7429799,535.6376864,508.2933569
Temoa,reference,MB,Emissions|co2|F_IMP_GSL,?,373.4721581,358.4567261,303.2888107,201.1992016,212.4324693,219.7329068
Temoa,reference,MB,Emissions|co2|F_IMP_HFO,?,470.05765,488.2855856,503.1655093,518.1693968,534.909306,555.346909
Temoa,reference,MB,Emissions|co2|F_IMP_JTF,?,166.2205432,183.6318176,195.9816056,209.7081429,222.7928407,238.5656791
Temoa,reference,MB,Emissions|co2|F_IMP_MDO,?,2.79656E-05,4.67539E-05,6.72781E-05,8.81327E-05,5.09262E-05,
Temoa,reference,MB,Emissions|co2|F_IMP_NG,?,366.5789987,353.2137198,345.7701525,334.6790742,312.4818068,304.1126797
Temoa,reference,MB,Emissions|co2|F_IMP_SPK,?,2.2198E-05,4.94873E-05,7.46861E-05,0.000105818,0.000136259,0.000109701
Temoa,reference,MB,Emissions|co2|F_I_BIO,?,576.4980002,621.946,644.67,656.032,660.972,664.9239998
Temoa,reference,MB,Emissions|co2|F_I_HFO,?,2775.002501,2883.062201,2971.274201,3060.221301,3159.459801,3283.691701
Temoa,reference,MB,Emissions|co2|F_I_NG,?,2145.100537,2171.038875,2268.567025,2292.949062,2344.825738,2436.647454
Temoa,reference,MB,Emissions|co2|F_R_NG,?,1228.720137,1355.136627,1497.69574,1668.74507,1821.947879,1892.296648
Temoa,reference,MB,Emissions|co2|F_R_WOOD,?,130.5793403,87.0997493,43.63069973,0.145964932,0.162403753,0.174334469
Temoa,reference,MB,Emissions|co2|F_T_CNG,?,0.744005417,0.320438888,0.008522828,0.005853495,0.005753723,0.005604582
Temoa,reference,MB,Emissions|co2|F_T_DSL,?,1895.426054,1893.553481,1825.877055,1463.440942,848.7154524,723.8028121
Temoa,reference,MB,Emissions|co2|F_T_ETH,?,149.889673,195.0825337,155.3674093,79.6942625,88.0344431,92.27795914
Temoa,reference,MB,Emissions|co2|F_T_GSL,?,1222.08689,1113.984391,887.1981798,455.0800259,502.7051558,526.9370055
Temoa,reference,MB,Emissions|co2|F_T_HFO,?,11.60538996,11.6050085,11.60455609,11.60388949,11.60335068,8.530176809
Temoa,reference,MB,Emissions|co2|F_T_JTF,?,750.7627867,829.4037093,885.1835854,947.1817787,1006.280997,1077.521651
Temoa,reference,MB,Emissions|co2|F_T_LNG,?,538.5106557,609.9166785,662.1166392,816.9479716,865.2283587,918.4025777
Temoa,reference,MB,Emissions|co2|F_T_MDO,?,0.000162644,0.000271913,0.000391279,0.000512566,0.000296179,
Temoa,reference,MB,Emissions|co2|F_T_NG,?,52.14337944,49.63197844,52.0738398,49.5458222,49.54899322,36.83808931
Temoa,reference,MB,Emissions|co2|F_T_RDSL,?,79.62445615,79.54579172,76.70279049,61.47730684,35.65346492,30.40604256
Temoa,reference,MB,Emissions|co2|T_I_H2_SMR_CCS,?,-0.000812264,-0.000820622,-0.00082543,-0.000843219,-0.00077617,
Temoa,reference,MB,Emissions|n2o,?,743.1104579,744.8738499,709.3673467,626.8247983,537.4241612,528.8676243
Temoa,reference,MB,Emissions|n2o|F_A_DSL,?,170.574984,188.4764492,182.7048881,177.2496433,177.8172798,181.007515
Temoa,reference,MB,Emissions|n2o|F_A_NG,?,0.097961486,0.108241327,0.104925426,0.10179077,0.102114743,0.103944327
Temoa,reference,MB,Emissions|n2o|F_C_NG,?,34.81982763,28.56189414,22.20717914,15.77302541,6.149427626,1.14463673
Temoa,reference,MB,Emissions|n2o|F_E_BIO_M,?,0.036134048,0.060241011,0.101583078,0.156572055,0.210353707,0.279868326
Temoa,reference,MB,Emissions|n2o|F_E_NG,?,0.011502134,0.017928305,0.023124694,0.046198213,0.111403771,0.233800311
Temoa,reference,MB,Emissions|n2o|F_I_HFO,?,30.16225002,31.33678001,32.29558001,33.26237001,34.34102001,35.69133001
Temoa,reference,MB,Emissions|n2o|F_I_NG,?,36.58310995,37.0254692,38.68873998,39.10455767,39.98927616,41.55522791
Temoa,reference,MB,Emissions|n2o|F_R_NG,?,22.22491206,24.51151523,27.09010384,30.18401936,32.95512961,34.22758797
Temoa,reference,MB,Emissions|n2o|F_R_WOOD,?,58.52451493,39.03734362,19.5548969,0.065420202,0.072787937,0.07813518
Temoa,reference,MB,Emissions|n2o|F_T_CNG,?,0.012688464,0.005464849,0.000145351,9.9827E-05,9.81255E-05,9.5582E-05
Temoa,reference,MB,Emissions|n2o|F_T_DSL,?,285.0100533,284.7284796,274.5521598,220.0536286,127.619031,108.8362575
Temoa,reference,MB,Emissions|n2o|F_T_GSL,?,26.7027854,24.34072929,19.38541589,9.94356815,10.98418452,11.51365414
Temoa,reference,MB,Emissions|n2o|F_T_HFO,?,0.126142111,0.126137965,0.126133047,0.126125802,0.126119946,0.092716791
Temoa,reference,MB,Emissions|n2o|F_T_JTF,?,68.15042271,75.2890452,80.35245831,85.98033858,91.3450647,97.81192844
Temoa,reference,MB,Emissions|n2o|F_T_LNG,?,9.18390266,10.40167979,11.29191168,13.93244603,14.75583248,15.66267963
Temoa,reference,MB,Emissions|n2o|F_T_MDO,?,,1.42648E-05,2.05269E-05,2.68897E-05,1.55379E-05,
Temoa,reference,MB,Emissions|n2o|F_T_NG,?,0.889266937,0.846436842,0.888080989,0.844967511,0.84502159,0.628246485
Temoa,reference,MB-ON,Activity|electricity,?,1.327852187,0.866382403,1.798463042,0.653409519,0.908499957,0.142129842
Temoa,reference,MB-ON,Activity|electricity|E_INT,?,1.327852187,0.866382403,1.798463042,0.653409519,0.908499957,0.142129842
Temoa,reference,MB-ON,Capacity|electricity,?,0.1,0.1,0.1,0.1,0.1,0.1
Temoa,reference,MB-ON,Capacity|electricity|E_INT,?,0.1,0.1,0.1,0.1,0.1,0.1
Temoa,reference,MB-SK,Activity|electricity,?,8.899682919,4.635636591,4.601391129,1.623073118,2.468798055,0.371027528
Temoa,reference,MB-SK,Activity|electricity|E_INT,?,8.899682919,4.635636591,4.601391129,1.623073118,2.468798055,0.371027528
Temoa,reference,MB-SK,Capacity|electricity,?,0.415,0.415,0.415,0.415,0.415,0.415
Temoa,reference,MB-SK,Capacity|electricity|E_INT,?,0.415,0.415,0.415,0.415,0.415,0.415
Temoa,reference,NB,Activity|agriculture|A_AGRI,?,1.661076067,1.835402289,1.779198339,1.726074762,1.731602514,1.762669391
Temoa,reference,NB,Activity|agriculture|E_A_ELC,?,0.471725746,0.51944615,0.503542905,0.488505516,0.49006955,0.498876043
Temoa,reference,NB,Activity|agriculture|F_A_DSL,?,1.003309897,1.108582939,1.074635797,1.042549156,1.045887919,1.064652312
Temoa,reference,NB,Activity|agriculture|F_A_GSL,?,0.186040423,0.2073732,0.201019638,0.19502009,0.195645045,0.199141036
Temoa,reference,NB,Activity|commercial,?,38.1448034,40.10178677,39.40007362,40.13664157,41.8397261,44.399434
Temoa,reference,NB,Activity|commercial|C_OTHER,?,8.383616447,9.263458264,9.92219985,10.31045882,10.74822141,11.40559269
Temoa,reference,NB,Activity|commercial|C_SPC_ELC-EXS,?,5.074378893,4.040759814,1.615887317,,,
Temoa,reference,NB,Activity|commercial|C_SPHC_HP_AIR-NEW,?,1.522583319,5.447759932,12.35711921,15.36272948,16.01396313,16.99414175
Temoa,reference,NB,Activity|commercial|C_SPH_NG-EXS,?,4.03333715,2.971887333,0.811584027,,,
Temoa,reference,NB,Activity|commercial|C_SPH_NG_FRN-NEW,?,1.862329664,1.342844368,,,,
Temoa,reference,NB,Activity|commercial|E_C_ELC,?,8.833548229,10.53583239,12.51087365,13.39325549,14.16727226,15.25168399
Temoa,reference,NB,Activity|commercial|F_C_NG,?,8.435009698,6.499244676,2.182409572,1.070197774,0.910269302,0.748015567
Temoa,reference,NB,Activity|electricity,?,269.7148646,270.5655107,273.0755303,294.7266005,291.1877394,291.9818003
Temoa,reference,NB,Activity|electricity|E_BAT_2H-NEW,?,0.003721609,0.008667751,0.021368718,0.028253508,0.036991903,0.060256471
Temoa,reference,NB,Activity|electricity|E_BAT_4H-NEW,?,0.000362924,0.001451162,0.004755441,0.010243375,0.013612984,0.020137939
Temoa,reference,NB,Activity|electricity|E_ELC_DX_to_DEM,?,49.78768072,52.16895311,56.79467044,61.45836889,63.65862786,64.90306229
Temoa,reference,NB,Activity|electricity|E_ELC_TX_to_DX,?,48.60152887,50.98285147,55.60866877,60.27245646,62.4728455,64.33555991
Temoa,reference,NB,Activity|electricity|E_HYD_DLY-EXS,?,9.542183299,9.54214157,9.542144316,9.54214183,9.4632767,9.406713557
Temoa,reference,NB,Activity|electricity|E_HYD_ROR-EXS,?,0.56803362,0.567984147,0.567885075,0.567796257,0.567666648,0.56750238
Temoa,reference,NB,Activity|electricity|E_INT_IN-USA,?,0.209219838,0.206638436,0.204196609,0.205083063,0.203184571,0.201880049
Temoa,reference,NB,Activity|electricity|E_INT_OUT-USA,?,13.9290012,13.9290012,13.9290012,13.9290012,13.9290012,13.9290012
Temoa,reference,NB,Activity|electricity|E_NG_CC-EXS,?,5.861032158,4.641228219,3.130227193,1.879283705,,
Temoa,reference,NB,Activity|electricity|E_NG_CC-NEW,?,4.302826408,4.040811791,3.302500417,7.034418533,6.020715017,5.632037384
Temoa,reference,NB,Activity|electricity|E_NG_CCS-NEW,?,0.000949208,0.002550378,0.001168557,0.000614943,0.00351203,0.005037883
Temoa,reference,NB,Activity|electricity|E_NG_CC_RFIT_BYPASS,?,10.16170989,8.678703613,6.429685981,8.90755701,6.012411618,5.623777185
Temoa,reference,NB,Activity|electricity|E_NG_CG-EXS,?,0.617021133,0.616383817,0.617507416,0.617569771,0.617531417,
Temoa,reference,NB,Activity|electricity|E_NG_CT-EXS,?,0.001681685,0.035120225,,,,
Temoa,reference,NB,Activity|electricity|E_NG_CT-NEW,?,0.00035599,0.001792561,,,,0.002251236
Temoa,reference,NB,Activity|electricity|E_NUC_CANDU-EXS,?,20.69039584,19.74938332,18.64934304,18.42553009,17.93554397,17.44959154
Temoa,reference,NB,Activity|electricity|E_SOL_PV-NEW-1,?,0.000519834,0.003344774,0.011634777,0.050971979,0.091619915,0.126808046
Temoa,reference,NB,Activity|electricity|E_SOL_PV-NEW-2,?,0.000516416,0.003657526,0.013623399,0.992590315,4.265109353,6.184014455
Temoa,reference,NB,Activity|electricity|E_SOL_PV-NEW-3,?,0.000464968,0.002960796,0.009877954,0.030639148,0.053993718,0.074347947
Temoa,reference,NB,Activity|electricity|E_SOL_PV-NEW-4,?,0.000643013,0.004136777,0.015026313,1.452328676,1.954289567,2.120631345
Temoa,reference,NB,Activity|electricity|E_SOL_PV-NEW-5,?,0.000496901,0.002930643,0.009811911,0.030004795,0.05368564,0.073717853
Temoa,reference,NB,Activity|electricity|E_WND_ON-EXS,?,3.417862756,3.40285458,3.379272023,0.873684002,0.856084939,0.270795813
Temoa,reference,NB,Activity|electricity|E_WND_ON-NEW-1,?,14.71529233,14.70771721,14.6994339,14.75770375,14.66134706,14.60627005
Temoa,reference,NB,Activity|electricity|E_WND_ON-NEW-10,?,0.002238302,0.005620385,0.008377565,0.012301058,0.016080898,0.020880441
Temoa,reference,NB,Activity|electricity|E_WND_ON-NEW-11,?,0.00187829,0.004697706,0.006823615,0.009961976,0.013066168,0.016970629
Temoa,reference,NB,Activity|electricity|E_WND_ON-NEW-12,?,0.002626819,0.005927554,0.008643723,0.012414909,0.01625186,0.020721311
Temoa,reference,NB,Activity|electricity|E_WND_ON-NEW-13,?,0.003038946,0.007360327,0.011099923,0.016143359,0.021317791,0.027085145
Temoa,reference,NB,Activity|electricity|E_WND_ON-NEW-2,?,0.080393549,0.243757201,2.279288717,5.378097926,6.439697118,7.193958181
Temoa,reference,NB,Activity|electricity|E_WND_ON-NEW-3,?,0.032188419,0.088240894,0.209480412,0.441345435,0.686499684,1.387496358
Temoa,reference,NB,Activity|electricity|E_WND_ON-NEW-4,?,0.033650792,0.059464092,0.075013804,0.090557747,0.107037833,0.127554651
Temoa,reference,NB,Activity|electricity|E_WND_ON-NEW-5,?,4.075706488,9.206390765,13.41089057,13.87954678,13.88939369,13.8851422
Temoa,reference,NB,Activity|electricity|E_WND_ON-NEW-6,?,0.007190628,0.017243225,0.027898913,0.041024433,0.054950494,0.070456204
Temoa,reference,NB,Activity|electricity|E_WND_ON-NEW-7,?,0.005891925,0.012546545,0.018120851,0.024477799,0.031399066,0.039153837
Temoa,reference,NB,Activity|electricity|E_WND_ON-NEW-8,?,0.004122883,0.010088616,0.015218256,0.02165237,0.028834579,0.037023636
Temoa,reference,NB,Activity|electricity|E_WND_ON-NEW-9,?,0.004259459,0.011385953,0.018730993,0.028235603,0.038053625,0.047217285
Temoa,reference,NB,Activity|electricity|F_E_BIO_M,?,0.000527638,0.00241488,0.004320726,0.006296743,0.00868256,0.010515063
Temoa,reference,NB,Activity|electricity|F_E_COAL,?,0.000840476,0.003480887,0.005352517,,,
Temoa,reference,NB,Activity|electricity|F_E_NG,?,19.73470458,17.15299712,12.96785032,17.31613947,12.08303141,10.10884199
Temoa,reference,NB,Activity|electricity|F_E_U_NAT,?,63.31210478,60.43262951,57.06661596,56.3821636,54.88239106,53.39538886
Temoa,reference,NB,Activity|fuel|F_IMP_BIO,?,29.24000001,28.46000001,28.55000001,28.19000001,27.63000001,27.35000001
Temoa,reference,NB,Activity|fuel|F_IMP_BIO_M,?,0.000527638,0.00241488,0.004320726,0.006296743,0.00868256,0.010515063
Temoa,reference,NB,Activity|fuel|F_IMP_CNG,?,0.022689264,0.009837839,,,,
Temoa,reference,NB,Activity|fuel|F_IMP_COAL,?,0.000840476,0.003480887,0.005352517,,,
Temoa,reference,NB,Activity|fuel|F_IMP_DSL,?,45.08488339,39.03028789,29.34297633,15.73587021,12.0938705,11.18818465
Temoa,reference,NB,Activity|fuel|F_IMP_ETH,?,2.718562096,2.650398132,1.249095589,0.890258611,1.043704563,1.251398111
Temoa,reference,NB,Activity|fuel|F_IMP_GSL,?,22.1816792,15.22629595,7.279227975,5.239818886,6.109970901,7.290396999
Temoa,reference,NB,Activity|fuel|F_IMP_HFO,?,60.36857272,56.95865596,55.18714381,54.5140054,53.70857155,54.30917818
Temoa,reference,NB,Activity|fuel|F_IMP_JTF,?,22.03005507,20.95633836,20.24366922,19.5990679,19.35454265,19.51156093
Temoa,reference,NB,Activity|fuel|F_IMP_LNG,?,13.37859309,13.38593693,13.39266243,16.20049634,16.20502049,16.2081146
Temoa,reference,NB,Activity|fuel|F_IMP_MDO,?,0.029196667,,,,,
Temoa,reference,NB,Activity|fuel|F_IMP_NG,?,69.06531169,62.72177419,53.07066188,55.55159909,49.46748649,47.88013662
Temoa,reference,NB,Activity|fuel|F_IMP_OIL,?,3.535278173,1.958492349,1.259028748,0.503609085,,
Temoa,reference,NB,Activity|fuel|F_IMP_RDSL,?,1.836721275,1.580056903,1.177847522,0.612221711,0.460332608,0.421813848
Temoa,reference,NB,Activity|fuel|F_IMP_U_NAT,?,63.31210478,60.43262951,57.06661596,56.3821636,54.88239106,53.39538886
Temoa,reference,NB,Activity|fuel|F_IMP_WOOD,?,2.35654212,2.580079796,1.435112462,0.261155181,,
Temoa,reference,NB,Activity|industrial|E_I_ELC,?,19.44000002,19.73000002,20.62000002,21.57000003,22.22000002,22.49000002
Temoa,reference,NB,Activity|industrial|F_I_BIO,?,29.24000001,28.46000001,28.55000001,28.19000001,27.63000001,27.35000001
Temoa,reference,NB,Activity|industrial|F_I_HFO,?,43.88000003,40.47000003,38.79000003,38.51000002,38.91000003,40.03000002
Temoa,reference,NB,Activity|industrial|F_I_NG,?,29.13000001,26.63000001,24.83000001,23.95,23.74,24.15
Temoa,reference,NB,Activity|industrial|I_IND,?,121.6900001,115.2900001,112.7900001,112.2200001,112.5000001,114.0200001
Temoa,reference,NB,Activity|residential,?,54.30478846,53.34263556,51.25855532,49.94702731,49.5969676,50.88055516
Temoa,reference,NB,Activity|residential|E_R_ELC,?,18.79134985,17.42220966,15.71701315,15.54096793,15.20580688,15.56646771
Temoa,reference,NB,Activity|residential|F_R_NG,?,1.255051744,1.873025814,2.523816734,2.648618141,2.695779146,2.7679971
Temoa,reference,NB,Activity|residential|F_R_OIL,?,3.535278173,1.958492349,1.259028748,0.503609085,,
Temoa,reference,NB,Activity|residential|F_R_WOOD,?,2.35654212,2.580079796,1.435112462,0.261155181,,
Temoa,reference,NB,Activity|residential|R_APP_CL_WASH-EXS,?,0.011920223,0.004237729,,,,
Temoa,reference,NB,Activity|residential|R_APP_CL_WASH-TYP-NEW,?,0.004622586,0.012989339,0.01787545,0.017722665,0.017997495,0.019033775
Temoa,reference,NB,Activity|residential|R_APP_COOK_ELEC-EXS,?,0.011504559,0.007326824,0.001028037,,,
Temoa,reference,NB,Activity|residential|R_APP_COOK_NG-TYP-NEW,?,0.00471169,0.009649475,0.01548007,0.018552186,0.018456443,0.018875995
Temoa,reference,NB,Activity|residential|R_APP_DRY_ELEC-EXS,?,0.0085895,0.003740869,,,,
Temoa,reference,NB,Activity|residential|R_APP_DRY_NG-TYP-NEW,?,0.007005516,0.011501754,0.015384329,0.016669332,0.016743319,0.01727015
Temoa,reference,NB,Activity|residential|R_APP_DS_WASH-EXS,?,0.006781331,0.003043181,,,,
Temoa,reference,NB,Activity|residential|R_APP_DS_WASH-TYP-NEW,?,0.003510078,0.007389857,0.011267101,0.010875528,0.010539264,0.011078708
Temoa,reference,NB,Activity|residential|R_APP_FREZ-EXS,?,0.007810942,0.005348318,0.001929821,,,
Temoa,reference,NB,Activity|residential|R_APP_FREZ-TYP-NEW,?,0.001643009,0.002855524,0.003760412,0.005822334,0.006983607,0.007320784
Temoa,reference,NB,Activity|residential|R_APP_OTH,?,0.368031382,0.382957647,0.393583457,0.402281198,0.411407398,0.422434247
Temoa,reference,NB,Activity|residential|R_APP_REFR-EXS,?,0.012227386,,,,,
Temoa,reference,NB,Activity|residential|R_APP_REFR-TYP-NEW,?,0.009606934,0.020441591,0.023672925,0.024316412,0.02482849,0.02553459
Temoa,reference,NB,Activity|residential|R_LGT_CFL-EXS,?,0.754599294,0.485120847,0.184349554,,,
Temoa,reference,NB,Activity|residential|R_LGT_LED-EXS,?,1.12159884,1.121616966,1.065545098,1.121610868,0.897270664,0.616868208
Temoa,reference,NB,Activity|residential|R_LGT_LED-TYP-NEW,?,2.7484657,3.283059809,3.855987046,4.157575107,4.581297264,5.036645363
Temoa,reference,NB,Activity|residential|R_LGT_T12-EXS,?,0.300804289,0.235432954,0.16153747,0.104625368,0.027364939,
Temoa,reference,NB,Activity|residential|R_SPC_CENT_AC-EXS,?,0.405508806,0.286248797,0.166916117,0.019097619,,
Temoa,reference,NB,Activity|residential|R_SPC_ROOM_AC-EXS,?,0.288399953,,,,,
Temoa,reference,NB,Activity|residential|R_SPHC_AIR_HP-TYP-NEW,?,6.018040609,11.32083684,16.31430275,19.63406799,21.54180837,22.11926586
Temoa,reference,NB,Activity|residential|R_SPH_ELEC-EXS,?,4.632455776,3.413393687,2.194323787,0.877733687,,
Temoa,reference,NB,Activity|residential|R_SPH_ELEC_RAD-NEW,?,,,8.19294E-05,9.58632E-05,0.000699254,0.000551109
Temoa,reference,NB,Activity|residential|R_SPH_HP-EXS,?,3.752478875,2.046805823,0.136451825,,,
Temoa,reference,NB,Activity|residential|R_SPH_NG-EXS,?,0.24509847,0.173010026,0.100921436,0.011398614,,
Temoa,reference,NB,Activity|residential|R_SPH_OIL-EXS,?,2.073206687,1.527624032,0.982042423,0.392815087,,
Temoa,reference,NB,Activity|residential|R_SPH_WOOD-ELC-EXS,?,0.875298163,0.583530971,0.291764653,,,
Temoa,reference,NB,Activity|residential|R_SPH_WOOD-EXS,?,0.302784347,0.201855511,0.100928409,,,
Temoa,reference,NB,Activity|residential|R_SPH_WOOD-OIL-EXS,?,0.684310287,0.504228633,0.324145457,0.129657286,,
Temoa,reference,NB,Activity|residential|R_WAH_ELC-EXS,?,2.026301425,1.105256836,0.073689199,,,
Temoa,reference,NB,Activity|residential|R_WAH_ELEC-TYP-NEW,?,,1.096820788,2.582891067,4.032595999,4.12188419,4.231804332
Temoa,reference,NB,Activity|residential|R_WAH_HP-TYP-NEW,?,1.619052232,1.62240983,1.303724402,0.015163839,0.01810088,0.019407236
Temoa,reference,NB,Activity|residential|R_WAH_NG-EXS,?,0.06019768,0.030093477,,,,
Temoa,reference,NB,Activity|transportation,?,504.4612157,481.1206311,450.2995213,424.4264614,416.2907445,415.4923709
Temoa,reference,NB,Activity|transportation|E_T_ELC,?,2.251056875,3.961464888,7.443240713,10.46563994,11.57547915,11.09603453
Temoa,reference,NB,Activity|transportation|F_T_CNG,?,0.022689264,0.009837839,,,,
Temoa,reference,NB,Activity|transportation|F_T_DSL,?,44.08131059,37.92136567,28.26834053,14.69332106,11.04798258,10.12353234
Temoa,reference,NB,Activity|transportation|F_T_ETH,?,2.718562096,2.650398132,1.249095589,0.890258611,1.043704563,1.251398111
Temoa,reference,NB,Activity|transportation|F_T_GSL,?,21.99563878,15.01892275,7.078208337,5.044798796,5.914325856,7.091255964
Temoa,reference,NB,Activity|transportation|F_T_HFO,?,16.4885727,16.48865594,16.39714378,16.00400537,14.79857153,14.27917816
Temoa,reference,NB,Activity|transportation|F_T_JTF,?,22.03005507,20.95633836,20.24366922,19.5990679,19.35454265,19.51156093
Temoa,reference,NB,Activity|transportation|F_T_LNG,?,13.37859309,13.38593693,13.39266243,16.20049634,16.20502049,16.2081146
Temoa,reference,NB,Activity|transportation|F_T_MDO,?,0.029196667,,,,,
Temoa,reference,NB,Activity|transportation|F_T_NG,?,10.51054566,10.56650657,10.56658525,10.56664371,10.03840663,10.10528196
Temoa,reference,NB,Activity|transportation|F_T_RDSL,?,1.836721275,1.580056903,1.177847522,0.612221711,0.460332608,0.421813848
Temoa,reference,NB,Activity|transportation|T_BLND_ETH_GSL,?,24.71420087,17.66932088,8.327303926,5.935057407,6.958030418,8.342654075
Temoa,reference,NB,Activity|transportation|T_BLND_GSL_ELC_PHEV35,?,2.654542229,3.811826415,5.418121757,4.733052168,3.575884585,1.961433306
Temoa,reference,NB,Activity|transportation|T_BLND_JTF,?,22.03005362,20.95633504,20.24366411,19.59906083,19.35453361,19.51155347
Temoa,reference,NB,Activity|transportation|T_BLND_RDSL_DSL,?,45.91803187,39.50142257,29.44618806,15.30554277,11.50831519,10.54534619
Temoa,reference,NB,Activity|transportation|T_ELC_AC_DC,?,3.55161E-05,0.000667941,0.003819271,0.008091216,,0.004813275
Temoa,reference,NB,Activity|transportation|T_H2_COMP_100_700,?,8.492574302,8.541018886,8.540916585,8.545585889,8.114314768,8.175104423
Temoa,reference,NB,Activity|transportation|T_H2_COMP_10_100,?,8.492574301,8.541018757,8.540906018,8.545566035,8.114325457,8.17509464
Temoa,reference,NB,Activity|transportation|T_H2_HDV_REFUEL,?,0.504360579,1.330100626,1.727053843,4.341161773,6.710858766,6.947203253
Temoa,reference,NB,Activity|transportation|T_H2_LDV_REFUEL,?,,,,,0.308270601,0.308268689
Temoa,reference,NB,Activity|transportation|T_H2_MDV_REFUEL,?,7.945746416,7.168177347,6.774214524,4.164799917,1.056170351,0.878821456
Temoa,reference,NB,Activity|transportation|T_H2_distribution,?,8.492574301,8.541018756,8.544050923,8.548814096,8.115984438,8.175210808
Temoa,reference,NB,Activity|transportation|T_HDV_AJF_JFL_EX,?,0.131791206,0.106890196,0.088410788,0.055333477,,
Temoa,reference,NB,Activity|transportation|T_HDV_AJF_JFL_N,?,0.045390688,0.073774425,0.095149157,0.130506989,0.187669079,0.189354673
Temoa,reference,NB,Activity|transportation|T_HDV_AJP_JFL_EX,?,10.48554202,8.740391687,6.852395878,3.692943182,,
Temoa,reference,NB,Activity|transportation|T_HDV_AJP_JFL_N,?,3.911696112,5.910560755,8.009490732,11.33510213,15.16129352,15.2840062
Temoa,reference,NB,Activity|transportation|T_HDV_BIC_DSL_EX,?,0.036351512,0.015335034,,,,
Temoa,reference,NB,Activity|transportation|T_HDV_BIC_FCEV_N,?,,,,,0.037024963,0.03886229
Temoa,reference,NB,Activity|transportation|T_HDV_BIC_GSL_EX,?,0.003752989,0.000569143,,,,
Temoa,reference,NB,Activity|transportation|T_HDV_BIC_GSL_N,?,0.156356028,0.185256391,0.208135227,0.211971018,0.178041841,0.179038759
Temoa,reference,NB,Activity|transportation|T_HDV_BS_BEV_N,?,,,0.647332706,1.374312358,1.154541277,1.17662441
Temoa,reference,NB,Activity|transportation|T_HDV_BS_CNG_EX,?,0.029638517,0.013194738,,,,
Temoa,reference,NB,Activity|transportation|T_HDV_BS_DSL_EX,?,0.411128163,0.182092308,,,,
Temoa,reference,NB,Activity|transportation|T_HDV_BS_FCHEV_N,?,0.94137962,1.237033737,0.834334309,0.128378845,0.364973238,0.35840875
Temoa,reference,NB,Activity|transportation|T_HDV_BS_GSL_EX,?,0.040922159,0.022132402,,,,
Temoa,reference,NB,Activity|transportation|T_HDV_BT_BEV_EX,?,0.073887382,0.037528727,,,,
Temoa,reference,NB,Activity|transportation|T_HDV_BT_BEV_N,?,0.243576702,0.338548426,0.616627107,0.870419764,0.711487028,0.722374364
Temoa,reference,NB,Activity|transportation|T_HDV_BT_CNG_EX,?,0.002169288,,,,,
Temoa,reference,NB,Activity|transportation|T_HDV_BT_DSL_EX,?,0.174317967,0.074479099,,,,
Temoa,reference,NB,Activity|transportation|T_HDV_BT_FCHEV_N,?,0.333707282,0.403152425,0.260706637,0.023521088,0.195765174,0.197149663
Temoa,reference,NB,Activity|transportation|T_HDV_CHRG,?,0.167458749,0.180370963,1.012830984,1.392331387,1.505070473,1.52772082
Temoa,reference,NB,Activity|transportation|T_HDV_RF_DSL_EX,?,14.09026102,14.08973716,14.08765627,0.004875786,,
Temoa,reference,NB,Activity|transportation|T_HDV_RF_LNG_N,?,60.24736277,60.28160732,60.3141539,74.41961774,74.44300278,74.45971521
Temoa,reference,NB,Activity|transportation|T_HDV_RICP_DSL_EX,?,0.210697618,0.210695494,0.153147846,0.120009409,0.076716205,
Temoa,reference,NB,Activity|transportation|T_HDV_RICP_DSL_N,?,0.052057792,0.052057857,0.109707135,0.142924887,0.186277202,0.263049486
Temoa,reference,NB,Activity|transportation|T_HDV_T_BEV_N,?,,,1.579331899,2.210758787,2.846707374,3.052468424
Temoa,reference,NB,Activity|transportation|T_HDV_T_DSL_EX,?,12.83216713,10.00172322,5.490914778,,,
Temoa,reference,NB,Activity|transportation|T_HDV_T_DSL_HEV_N,?,5.904354725,8.195639238,10.55319125,11.94619094,8.352735022,7.528651264
Temoa,reference,NB,Activity|transportation|T_HDV_T_FCHEV_N,?,,0.805888447,1.601549517,5.242353682,8.339574808,9.087643852
Temoa,reference,NB,Activity|transportation|T_HDV_WTF_HFO_EX,?,61.71193361,61.71192519,58.53016568,45.61398805,12.18221938,
Temoa,reference,NB,Activity|transportation|T_HDV_WTF_HFO_N,?,43.17557384,43.17557091,46.21056052,59.01104181,92.35001683,104.4469508
Temoa,reference,NB,Activity|transportation|T_HDV_WTF_MDO_EX,?,0.17707647,,,,,
Temoa,reference,NB,Activity|transportation|T_I_H2_ELC_ALK,?,,5.73304E-05,0.000422025,0.000968919,,4.3415E-05
Temoa,reference,NB,Activity|transportation|T_I_H2_ELC_PEM,?,,3.09944E-05,0.00033896,0.000777213,,0.00017909
Temoa,reference,NB,Activity|transportation|T_I_H2_SMR,?,8.491751505,8.536949556,8.536970581,8.536988311,8.110136235,8.164134088
Temoa,reference,NB,Activity|transportation|T_LDV_BEV_CHRG,?,0.032746482,0.057029332,0.069092449,0.076116852,0.077024851,0.337356045
Temoa,reference,NB,Activity|transportation|T_LDV_C_BEV150_EX,?,0.003223249,0.002258334,,,,
Temoa,reference,NB,Activity|transportation|T_LDV_C_BEV150_N,?,,,,,,0.069122414
Temoa,reference,NB,Activity|transportation|T_LDV_C_BEV200_N,?,,,,,,0.138248931
Temoa,reference,NB,Activity|transportation|T_LDV_C_BEV300_N,?,,,,,,0.207375727
Temoa,reference,NB,Activity|transportation|T_LDV_C_BEV400_N,?,,,,,,0.276502569
Temoa,reference,NB,Activity|transportation|T_LDV_C_DSL_EX,?,0.002365198,,,,,
Temoa,reference,NB,Activity|transportation|T_LDV_C_FCEV400_N,?,,,,,0.433744492,0.444121347
Temoa,reference,NB,Activity|transportation|T_LDV_C_GSL_EX,?,0.300165594,0.161789017,,,,
Temoa,reference,NB,Activity|transportation|T_LDV_C_GSL_HEV_EX,?,0.007320487,0.00369748,,,,
Temoa,reference,NB,Activity|transportation|T_LDV_C_GSL_HEV_N,?,0.022857979,0.169148673,0.701579115,0.984439708,0.778374039,0.288028561
Temoa,reference,NB,Activity|transportation|T_LDV_C_GSL_PHEV35_EX,?,0.000577094,0.000244469,,,,
Temoa,reference,NB,Activity|transportation|T_LDV_LTF_DSL_EX,?,0.069660772,0.057172234,0.010366178,,,
Temoa,reference,NB,Activity|transportation|T_LDV_LTF_GSL_EX,?,0.8289286,0.605710262,0.108388524,,,
Temoa,reference,NB,Activity|transportation|T_LDV_LTF_GSL_HEV_N,?,,,,,0.219623883,0.647997455
Temoa,reference,NB,Activity|transportation|T_LDV_LTF_GSL_PHEV35_N,?,0.716358705,0.992848628,1.571473961,1.717294843,1.519110512,1.110437767
Temoa,reference,NB,Activity|transportation|T_LDV_LTP_BEV300_EX,?,0.011727296,0.010764934,0.000549063,,,
Temoa,reference,NB,Activity|transportation|T_LDV_LTP_DSL_EX,?,0.097139142,0.06196928,0.010178778,,,
Temoa,reference,NB,Activity|transportation|T_LDV_LTP_GSL_EX,?,2.447047447,1.63144216,0.280501937,,,
Temoa,reference,NB,Activity|transportation|T_LDV_LTP_GSL_HEV_EX,?,0.017203034,0.01654716,0.001986597,,,
Temoa,reference,NB,Activity|transportation|T_LDV_LTP_GSL_HEV_N,?,,,,1.772075189,3.148765699,4.965963677
Temoa,reference,NB,Activity|transportation|T_LDV_LTP_GSL_PHEV35_EX,?,0.002281002,0.002711011,,,,
Temoa,reference,NB,Activity|transportation|T_LDV_LTP_GSL_PHEV35_N,?,1.447465882,2.69895598,4.461527587,3.250375992,2.084451789,0.46132437
Temoa,reference,NB,Activity|transportation|T_LDV_M_BEV_N,?,0.049465267,0.097033819,0.133424622,0.149540258,0.151722227,0.153876247
Temoa,reference,NB,Activity|transportation|T_LDV_M_GSL_EX,?,0.089485023,0.046230785,0.013360796,,,
Temoa,reference,NB,Activity|transportation|T_LDV_PHEV_CHRG,?,0.975456234,1.401246293,1.993412081,1.74137056,1.315576037,0.721449701
Temoa,reference,NB,Activity|transportation|T_MDV_CHRG,?,,1.067653686,2.762560842,5.342464041,6.703744625,6.571807171
Temoa,reference,NB,Activity|transportation|T_MDV_T_BEV_N,?,,0.737905521,2.092703428,4.193205553,5.445081597,5.517736268
Temoa,reference,NB,Activity|transportation|T_MDV_T_DSL_EX,?,2.111697128,1.563881234,0.704525045,,,
Temoa,reference,NB,Activity|transportation|T_MDV_T_FCHEV_N,?,2.357011738,2.55701221,2.629819985,1.681896909,0.443035782,0.382353089
Temoa,reference,NB,Activity|transportation|T_MDV_T_GSL_EX,?,1.344849432,0.979509155,0.43183599,,,
Temoa,reference,NB,Activity|transportation|T_OFF,?,2.85624402,3.014285071,3.145678001,3.249180186,3.332182315,3.408620004
Temoa,reference,NB,Capacity|commercial,?,111.2525321,87.4528177,68.7380384,57.8013142,53.90716593,52.55660339
Temoa,reference,NB,Capacity|commercial|C_SPC_AC_ROOF-NEW,?,0.00195127,0.004497787,0.007074671,0.010550553,0.012572294,0.013964533
Temoa,reference,NB,Capacity|commercial|C_SPC_ELC-EXS,?,71.20458863,45.77437841,18.30975136,,,
Temoa,reference,NB,Capacity|commercial|C_SPHC_HP_AIR-NEW,?,4.273858018,15.29164214,34.68594016,47.37356986,49.38385572,52.40385638
Temoa,reference,NB,Capacity|commercial|C_SPHC_HP_GEO-NEW,?,0.000738522,0.001599219,0.002522104,0.003068591,0.00349122,0.003794001
Temoa,reference,NB,Capacity|commercial|C_SPH_ELC-EXS,?,12.60172988,7.351009095,0.840115325,,,
Temoa,reference,NB,Capacity|commercial|C_SPH_ELC_BLR-NEW,?,0.007405721,0.015933072,0.025775544,0.029799222,0.033647395,0.037420857
Temoa,reference,NB,Capacity|commercial|C_SPH_ELC_RES-NEW,?,0.007370281,0.015842572,0.025744307,0.032618986,0.035435711,0.038047953
Temoa,reference,NB,Capacity|commercial|C_SPH_NG-EXS,?,15.84062138,11.67203681,7.503452234,3.001380894,,
Temoa,reference,NB,Capacity|commercial|C_SPH_NG_FRN-NEW,?,7.314268367,7.325878596,7.337662697,7.350326091,4.438163593,0.059519664
Temoa,reference,NB,Capacity|electricity,?,5.128019614,5.509012949,5.464760773,5.851532919,6.416903871,6.778878785
Temoa,reference,NB,Capacity|electricity|E_BAT_2H-NEW,?,0.001610298,0.003493093,0.005274455,0.005876531,0.007519852,0.012155574
Temoa,reference,NB,Capacity|electricity|E_BAT_4H-NEW,?,0.000282679,0.000698425,0.001222063,0.001653981,0.002192314,0.003057534
Temoa,reference,NB,Capacity|electricity|E_BIO_M-EXS,?,0.1208,0.1208,0.1208,0.1208,0.1208,0.1208
Temoa,reference,NB,Capacity|electricity|E_BIO_M-NEW,?,4.71809E-05,9.70082E-05,0.000150222,0.0002084,0.000269449,0.000332953
Temoa,reference,NB,Capacity|electricity|E_COAL-EXS,?,0.466,0.466,0.466,,,
Temoa,reference,NB,Capacity|electricity|E_COAL_CCS_RFIT_90,?,1.87822E-05,3.72521E-05,5.28767E-05,,,
Temoa,reference,NB,Capacity|electricity|E_COAL_CCS_RFIT_95,?,1.82259E-05,3.61469E-05,5.13003E-05,,,
Temoa,reference,NB,Capacity|electricity|E_DSL_CT-EXS,?,0.5,0.495,,,,
Temoa,reference,NB,Capacity|electricity|E_HYD_DLY-EXS,?,0.898,0.898,0.898,0.898,0.898,0.898
Temoa,reference,NB,Capacity|electricity|E_HYD_ROR-EXS,?,0.0451,0.0451,0.0451,0.0451,0.0451,0.0451
Temoa,reference,NB,Capacity|electricity|E_INT_IN-USA,?,0.229,0.229,0.229,0.229,0.229,0.229
Temoa,reference,NB,Capacity|electricity|E_NG_CC-EXS,?,0.29,0.29,0.29,0.29,,
Temoa,reference,NB,Capacity|electricity|E_NG_CC-NEW,?,0.169836536,0.178635792,0.184203113,0.426234616,0.593544007,0.658439283
Temoa,reference,NB,Capacity|electricity|E_NG_CCS-NEW,?,0.000155938,0.000338972,0.000565942,0.000843814,0.001154686,0.001510188
Temoa,reference,NB,Capacity|electricity|E_NG_CCS_RFIT_90,?,6.66481E-05,0.000141054,0.000224707,0.000318261,0.000421704,0.000532971
Temoa,reference,NB,Capacity|electricity|E_NG_CCS_RFIT_95,?,6.46798E-05,0.000136978,0.000218388,0.00030946,0.000410135,0.000518508
Temoa,reference,NB,Capacity|electricity|E_NG_CG-EXS,?,0.098,0.098,0.098,0.098,0.098,
Temoa,reference,NB,Capacity|electricity|E_NG_CT-EXS,?,0.028,0.028,,,,
Temoa,reference,NB,Capacity|electricity|E_NG_CT-NEW,?,0.000650618,0.001320679,0.002475926,0.281725884,0.283299547,0.284097286
Temoa,reference,NB,Capacity|electricity|E_NUC_CANDU-EXS,?,0.66,0.66,0.66,0.66,0.66,0.66
Temoa,reference,NB,Capacity|electricity|E_SOL_PV-NEW-1,?,0.000174573,0.000639107,0.001817315,0.007544164,0.013709595,0.019304346
Temoa,reference,NB,Capacity|electricity|E_SOL_PV-NEW-2,?,0.000176892,0.000691644,0.002129667,0.134629529,0.580802586,0.850202143
Temoa,reference,NB,Capacity|electricity|E_SOL_PV-NEW-3,?,0.000166472,0.000582117,0.001581297,0.00472477,0.008293509,0.011692386
Temoa,reference,NB,Capacity|electricity|E_SOL_PV-NEW-4,?,0.000191306,0.000737008,0.002269715,0.190142165,0.267061072,0.294747624
Temoa,reference,NB,Capacity|electricity|E_SOL_PV-NEW-5,?,0.000165928,0.000568576,0.00156576,0.004600247,0.008173796,0.011481623
Temoa,reference,NB,Capacity|electricity|E_WND_ON-EXS,?,0.39745,0.39745,0.39745,0.10345,0.10345,0.0336
Temoa,reference,NB,Capacity|electricity|E_WND_ON-NEW-1,?,0.925180475,0.927668489,0.928773931,0.929757372,0.930769384,0.93171577
Temoa,reference,NB,Capacity|electricity|E_WND_ON-NEW-10,?,0.000351192,0.000816613,0.001349665,0.001969746,0.002667708,0.003514994
Temoa,reference,NB,Capacity|electricity|E_WND_ON-NEW-11,?,0.000311568,0.00072122,0.001184914,0.001724481,0.002336639,0.003040309
Temoa,reference,NB,Capacity|electricity|E_WND_ON-NEW-12,?,0.000369165,0.000802883,0.001300784,0.001877714,0.002537935,0.003335491
Temoa,reference,NB,Capacity|electricity|E_WND_ON-NEW-13,?,0.000388366,0.000894567,0.001479886,0.002166354,0.002934594,0.003838341
Temoa,reference,NB,Capacity|electricity|E_WND_ON-NEW-2,?,0.006475552,0.019283725,0.178080616,0.415698,0.511958921,0.580868804
Temoa,reference,NB,Capacity|electricity|E_WND_ON-NEW-3,?,0.002572113,0.006920215,0.016905793,0.035614912,0.05679342,0.114128913
Temoa,reference,NB,Capacity|electricity|E_WND_ON-NEW-4,?,0.002457246,0.00436164,0.005878791,0.007288429,0.0089034,0.010967081
Temoa,reference,NB,Capacity|electricity|E_WND_ON-NEW-5,?,0.28169359,0.626843899,0.912980404,0.939540091,0.959522722,0.970476649
Temoa,reference,NB,Capacity|electricity|E_WND_ON-NEW-6,?,0.000690081,0.001610766,0.002757938,0.004134955,0.005667509,0.007458544
Temoa,reference,NB,Capacity|electricity|E_WND_ON-NEW-7,?,0.000578094,0.001227583,0.001925991,0.002672219,0.003505471,0.004489742
Temoa,reference,NB,Capacity|electricity|E_WND_ON-NEW-8,?,0.00048634,0.001132325,0.001857353,0.002687781,0.003656212,0.004799317
Temoa,reference,NB,Capacity|electricity|E_WND_ON-NEW-9,?,0.000489074,0.001225172,0.00213196,0.003239043,0.004447706,0.005672413
Temoa,reference,NB,Capacity|residential,?,76.68720419,79.68213577,86.01915796,83.64815785,85.56354261,87.83508598
Temoa,reference,NB,Capacity|residential|R_APP_CL_WASH-EXS,?,0.24284325,0.0971373,,,,
Temoa,reference,NB,Capacity|residential|R_APP_CL_WASH-TYP-NEW,?,0.104075624,0.263852124,0.371005183,0.37920428,0.387807001,0.398201342
Temoa,reference,NB,Capacity|residential|R_APP_COOK_ELEC-EXS,?,0.252817882,0.155580235,0.042784565,,,
Temoa,reference,NB,Capacity|residential|R_APP_COOK_ELEC-TYP-NEW,?,0.000222822,0.000473194,0.000780969,0.000862502,0.000890251,0.000933467
Temoa,reference,NB,Capacity|residential|R_APP_COOK_NG-TYP-NEW,?,0.107375979,0.218980753,0.341874904,0.393095018,0.402004968,0.412760624
Temoa,reference,NB,Capacity|residential|R_APP_DRY_ELEC-EXS,?,0.178435882,0.089217941,,,,
Temoa,reference,NB,Capacity|residential|R_APP_DRY_ELEC-TYP-NEW,?,0.000156661,0.000343863,0.000511553,0.00059599,0.000624665,0.000661131
Temoa,reference,NB,Capacity|residential|R_APP_DRY_NG-TYP-NEW,?,0.148581952,0.250882225,0.349378174,0.357026097,0.365110646,0.374877012
Temoa,reference,NB,Capacity|residential|R_APP_DS_WASH-EXS,?,0.145555882,0.079394118,0.005292941,,,
Temoa,reference,NB,Capacity|residential|R_APP_DS_WASH-TYP-NEW,?,0.086679795,0.162260711,0.243067256,0.253848277,0.259607187,0.266565462
Temoa,reference,NB,Capacity|residential|R_APP_FREZ-EXS,?,0.165923864,0.117122727,0.068321591,0.007808182,,
Temoa,reference,NB,Capacity|residential|R_APP_FREZ-TYP-NEW,?,0.0619416,0.119984413,0.175364611,0.241263336,0.254721398,0.26154876
Temoa,reference,NB,Capacity|residential|R_APP_REFR-EXS,?,0.244547917,0.027948333,,,,
Temoa,reference,NB,Capacity|residential|R_APP_REFR-TYP-NEW,?,0.200375087,0.435019511,0.475813533,0.486328506,0.497361448,0.51069214
Temoa,reference,NB,Capacity|residential|R_LGT_CFL-EXS,?,11.3138561,7.273193205,2.909277282,,,
Temoa,reference,NB,Capacity|residential|R_LGT_LED-EXS,?,16.81586206,16.81586206,16.81586206,16.81586206,13.45268964,9.248724131
Temoa,reference,NB,Capacity|residential|R_LGT_LED-TYP-NEW,?,41.2067135,49.22130205,60.85351435,62.33300816,68.68600184,75.51267378
Temoa,reference,NB,Capacity|residential|R_LGT_T12-EXS,?,4.510228723,3.529744218,2.549259713,1.568775208,0.431413182,
Temoa,reference,NB,Capacity|residential|R_SPC_CENT_AC-EXS,?,0.044656682,0.031522364,0.018388045,0.002101491,,
Temoa,reference,NB,Capacity|residential|R_SPC_ROOM_AC-EXS,?,0.07960125,,,,,
Temoa,reference,NB,Capacity|residential|R_SPC_ROOM_AC-TYP-NEW,?,1.33573E-05,1.36869E-05,1.59569E-05,1.84149E-05,3.02967E-05,2.90929E-05
Temoa,reference,NB,Capacity|residential|R_SPHC_AIR_HP-TYP-NEW,?,0.106858408,0.203433347,0.299907431,0.362571445,0.399577991,0.41028195
Temoa,reference,NB,Capacity|residential|R_SPHC_GEO_HP-TYP-NEW,?,,,,,1.0232E-05,2.05463E-05
Temoa,reference,NB,Capacity|residential|R_SPHC_NG_HP-TYP-NEW,?,,,1.02675E-05,2.17603E-05,3.46549E-05,3.69941E-05
Temoa,reference,NB,Capacity|residential|R_SPH_ELEC-EXS,?,0.1148835,0.084651,0.0544185,0.0217674,,
Temoa,reference,NB,Capacity|residential|R_SPH_ELEC_RAD-NEW,?,1.05146E-05,2.65333E-05,4.09082E-05,5.72237E-05,6.60786E-05,7.04425E-05
Temoa,reference,NB,Capacity|residential|R_SPH_HP-EXS,?,0.074874412,0.040840588,0.002722706,,,
Temoa,reference,NB,Capacity|residential|R_SPH_NG-EXS,?,0.011784864,0.008318727,0.004852591,0.000554582,,
Temoa,reference,NB,Capacity|residential|R_SPH_NG_FRN-TYP-NEW,?,1.39807E-05,3.23676E-05,5.31382E-05,7.53145E-05,8.55139E-05,9.05574E-05
Temoa,reference,NB,Capacity|residential|R_SPH_OIL-EXS,?,0.026844409,0.019780091,0.012715773,0.005086309,,
Temoa,reference,NB,Capacity|residential|R_SPH_WOOD-ELC-EXS,?,0.021066818,0.014044545,0.007022273,,,
Temoa,reference,NB,Capacity|residential|R_SPH_WOOD-EXS,?,0.012129545,0.008086364,0.004043182,,,
Temoa,reference,NB,Capacity|residential|R_SPH_WOOD-OIL-EXS,?,0.011397409,0.008398091,0.005398773,0.002159509,,
Temoa,reference,NB,Capacity|residential|R_SPH_WOOD-TYP-NEW,?,1.0754E-05,2.42016E-05,4.08842E-05,4.59604E-05,5.03544E-05,6.10993E-05
Temoa,reference,NB,Capacity|residential|R_WAH_ELC-EXS,?,0.219010647,0.119460353,0.007964024,,,
Temoa,reference,NB,Capacity|residential|R_WAH_ELEC-TYP-NEW,?,4.73221E-05,0.112621604,0.265211013,0.41406631,0.423234446,0.43452112
Temoa,reference,NB,Capacity|residential|R_WAH_HP-TYP-NEW,?,0.166244045,0.166733628,0.134115731,0.001797471,0.00205575,0.002168002
Temoa,reference,NB,Capacity|residential|R_WAH_NG-EXS,?,0.01152,0.00576,,,,
Temoa,reference,NB,Capacity|residential|R_WAH_NG-TYP-NEW,?,2.9077E-05,6.19079E-05,8.66158E-05,9.96874E-05,0.000104218,0.000105446
Temoa,reference,NB,Capacity|residential|R_WAH_SOLAR-TYP-NEW,?,1.26259E-05,2.73937E-05,4.14636E-05,5.73643E-05,6.08519E-05,6.28745E-05
Temoa,reference,NB,Capacity|transportation,?,850.3582421,837.2211899,848.9601867,875.2295127,869.339552,871.7219422
Temoa,reference,NB,Capacity|transportation|T_ELC_AC_DC,?,0.000264466,0.000568768,0.000893953,0.001234124,0.001556348,0.001659224
Temoa,reference,NB,Capacity|transportation|T_H2_COMP_100_700,?,0.26929802,0.270836732,0.27093938,0.271081983,0.269543271,0.269440623
Temoa,reference,NB,Capacity|transportation|T_H2_COMP_10_100,?,0.269298064,0.270837235,0.270940525,0.271082008,0.269542837,0.269439546
Temoa,reference,NB,Capacity|transportation|T_H2_HDV_REFUEL,?,0.504361635,1.330103737,1.727057757,4.341165517,6.710864545,6.947205435
Temoa,reference,NB,Capacity|transportation|T_H2_LDV_REFUEL,?,,1.21714E-05,2.95464E-05,4.37185E-05,0.30829857,0.30828443
Temoa,reference,NB,Capacity|transportation|T_H2_MDV_REFUEL,?,7.945746945,7.94578283,6.774251469,6.774296548,1.056252581,1.05620061
Temoa,reference,NB,Capacity|transportation|T_HDV_AJF_JFL_EX,?,0.131791565,0.106890513,0.088411037,0.055333622,,
Temoa,reference,NB,Capacity|transportation|T_HDV_AJF_JFL_N,?,0.045390786,0.073774665,0.09514956,0.130507608,0.187669972,0.189355501
Temoa,reference,NB,Capacity|transportation|T_HDV_AJP_JFL_EX,?,10.48554416,8.740393389,6.852397084,3.692943821,,
Temoa,reference,NB,Capacity|transportation|T_HDV_AJP_JFL_N,?,3.911696537,5.910561592,8.009492204,11.33510426,15.16129629,15.2840088
Temoa,reference,NB,Capacity|transportation|T_HDV_BIC_BEV_N,?,,,,,,1.64901E-05
Temoa,reference,NB,Capacity|transportation|T_HDV_BIC_DSL_EX,?,0.054173194,0.021147588,,,,
Temoa,reference,NB,Capacity|transportation|T_HDV_BIC_DSL_HEV_N,?,2.91992E-05,2.91992E-05,3.66416E-05,3.80576E-05,4.29542E-05,4.07326E-05
Temoa,reference,NB,Capacity|transportation|T_HDV_BIC_DSL_N,?,4.05097E-05,4.05097E-05,4.26979E-05,3.7108E-05,4.19997E-05,3.98973E-05
Temoa,reference,NB,Capacity|transportation|T_HDV_BIC_FCEV_N,?,2.48755E-05,2.48755E-05,3.57467E-05,4.89284E-05,0.048533682,0.050944004
Temoa,reference,NB,Capacity|transportation|T_HDV_BIC_GSL_EX,?,0.007028228,0.00369712,,,,
Temoa,reference,NB,Capacity|transportation|T_HDV_BIC_GSL_N,?,0.232993827,0.244395175,0.272717733,0.277746853,0.23329596,0.234604959
Temoa,reference,NB,Capacity|transportation|T_HDV_BS_BEV_N,?,3.1726E-05,0.001086181,1.171926275,2.488022,2.090166427,2.130151233
Temoa,reference,NB,Capacity|transportation|T_HDV_BS_CNG_EX,?,0.061426714,0.023893203,,,,
Temoa,reference,NB,Capacity|transportation|T_HDV_BS_CNG_N,?,2.10786E-05,3.44072E-05,2.59377E-05,2.9018E-05,2.88035E-05,2.69649E-05
Temoa,reference,NB,Capacity|transportation|T_HDV_BS_DSL_EX,?,0.852057145,0.329700793,,,,
Temoa,reference,NB,Capacity|transportation|T_HDV_BS_DSL_HEV_N,?,4.14772E-05,7.2901E-05,7.92419E-05,6.57518E-05,5.62003E-05,5.34414E-05
Temoa,reference,NB,Capacity|transportation|T_HDV_BS_DSL_N,?,2.78738E-05,4.49971E-05,4.98791E-05,4.45509E-05,3.24271E-05,4.06398E-05
Temoa,reference,NB,Capacity|transportation|T_HDV_BS_DSL_PHEV_N,?,1.88868E-05,4.19604E-05,6.21651E-05,6.88901E-05,6.94045E-05,7.60345E-05
Temoa,reference,NB,Capacity|transportation|T_HDV_BS_FCEV_N,?,0.000113376,0.000176058,0.00019396,0.000179134,0.000220982,0.000202017
Temoa,reference,NB,Capacity|transportation|T_HDV_BS_FCHEV_N,?,1.950943017,2.239477489,1.510465085,0.232439571,0.660770652,0.648893714
Temoa,reference,NB,Capacity|transportation|T_HDV_BS_GSL_EX,?,0.084842361,0.040073556,,,,
Temoa,reference,NB,Capacity|transportation|T_HDV_BS_GSL_N,?,6.47975E-05,0.000102506,0.000105786,8.8524E-05,7.88523E-05,7.25645E-05
Temoa,reference,NB,Capacity|transportation|T_HDV_BT_BEV_EX,?,0.1178198,0.051785482,,,,
Temoa,reference,NB,Capacity|transportation|T_HDV_BT_BEV_N,?,0.387941853,0.467159103,0.850879615,1.201086114,0.981785746,0.99681055
Temoa,reference,NB,Capacity|transportation|T_HDV_BT_CNG_EX,?,0.005575236,0.001801361,,,,
Temoa,reference,NB,Capacity|transportation|T_HDV_BT_CNG_N,?,8.52317E-05,8.52317E-05,4.40988E-05,2.38865E-05,1.38804E-05,1.12472E-05
Temoa,reference,NB,Capacity|transportation|T_HDV_BT_DSL_EX,?,0.277644086,0.108118092,,,,
Temoa,reference,NB,Capacity|transportation|T_HDV_BT_DSL_HEV_N,?,1.03304E-05,1.03304E-05,,,,
Temoa,reference,NB,Capacity|transportation|T_HDV_BT_DSL_PHEV_N,?,1.61484E-05,3.03044E-05,3.35036E-05,4.51201E-05,3.73811E-05,3.77831E-05
Temoa,reference,NB,Capacity|transportation|T_HDV_BT_FCEV_N,?,3.04257E-05,3.04257E-05,2.83525E-05,4.44792E-05,6.41773E-05,6.37064E-05
Temoa,reference,NB,Capacity|transportation|T_HDV_BT_FCHEV_N,?,0.531491854,0.556302555,0.359752983,0.032469884,0.270147757,0.27206095
Temoa,reference,NB,Capacity|transportation|T_HDV_BT_GSL_EX,?,0.002929256,0.001757554,,,,
Temoa,reference,NB,Capacity|transportation|T_HDV_CHRG,?,0.298355296,0.180487976,1.012947921,1.39244995,1.505076155,1.527725915
Temoa,reference,NB,Capacity|transportation|T_HDV_RF_DSL_EX,?,56.53575702,56.53575702,42.61428291,31.96106145,14.09028582,
Temoa,reference,NB,Capacity|transportation|T_HDV_RF_DSL_N,?,0.000111963,0.000152541,0.000204226,0.000253994,0.000305179,0.000305179
Temoa,reference,NB,Capacity|transportation|T_HDV_RF_H2_N,?,,5.87634E-05,0.000128188,0.00049212,0.001022327,0.001492854
Temoa,reference,NB,Capacity|transportation|T_HDV_RF_LNG_N,?,60.24736906,60.28161414,60.31416998,74.41973519,74.44312675,74.46016836
Temoa,reference,NB,Capacity|transportation|T_HDV_RICP_DSL_EX,?,0.210701978,0.210701978,0.153153398,0.120012852,0.076717249,
Temoa,reference,NB,Capacity|transportation|T_HDV_RICP_DSL_N,?,0.052058348,0.052184204,0.109834183,0.14305239,0.186406176,0.263179497
Temoa,reference,NB,Capacity|transportation|T_HDV_T_BEV_N,?,,6.01705E-05,2.175205598,3.044873634,3.920778188,4.424924607
Temoa,reference,NB,Capacity|transportation|T_HDV_T_DSL_EX,?,19.05166038,14.50033161,7.960634413,,,
Temoa,reference,NB,Capacity|transportation|T_HDV_T_DSL_HEV_N,?,8.76607508,11.28781208,14.53494884,16.45378979,11.50529922,10.91492773
Temoa,reference,NB,Capacity|transportation|T_HDV_T_DSL_N,?,6.30832E-05,8.32323E-05,0.000105216,0.000114857,7.29264E-05,5.24103E-05
Temoa,reference,NB,Capacity|transportation|T_HDV_T_DSL_PHEV_N,?,,1.02299E-05,2.06913E-05,3.22593E-05,2.20293E-05,1.1568E-05
Temoa,reference,NB,Capacity|transportation|T_HDV_T_FCEV_N,?,,1.88025E-05,3.74851E-05,6.08898E-05,8.30569E-05,7.45133E-05
Temoa,reference,NB,Capacity|transportation|T_HDV_T_FCHEV_N,?,7.1333E-05,1.109957034,2.205825522,7.220508628,11.48607678,13.1752314
Temoa,reference,NB,Capacity|transportation|T_HDV_WTF_HFO_EX,?,61.71193775,61.71193775,58.53018101,45.61400731,12.18224757,
Temoa,reference,NB,Capacity|transportation|T_HDV_WTF_HFO_N,?,43.17557867,43.17618234,46.21117883,59.01167433,92.35067716,104.4476271
Temoa,reference,NB,Capacity|transportation|T_HDV_WTF_LNG_N,?,0.000103528,0.000198275,0.000328202,0.000524833,0.000760385,0.000760385
Temoa,reference,NB,Capacity|transportation|T_HDV_WTF_MDO_EX,?,11.37084442,11.37084442,8.829197934,6.173768559,1.880918949,
Temoa,reference,NB,Capacity|transportation|T_HDV_WTF_MDO_N,?,2.05374E-05,4.7331E-05,7.74565E-05,0.000101654,0.000101654,0.000101654
Temoa,reference,NB,Capacity|transportation|T_I_H2_ELC_ALK,?,8.15722E-05,0.000188816,0.000313738,0.000449685,0.000492818,0.000536761
Temoa,reference,NB,Capacity|transportation|T_I_H2_ELC_PEM,?,6.18947E-05,0.000155312,0.000272088,0.000408319,0.000477122,0.000548772
Temoa,reference,NB,Capacity|transportation|T_I_H2_SMR,?,0.283444109,0.284952643,0.284952643,0.284952643,0.284952643,0.272507621
Temoa,reference,NB,Capacity|transportation|T_LDV_BEV_CHRG,?,0.076680326,0.132718014,0.159313558,0.175439043,0.177313486,0.768023795
Temoa,reference,NB,Capacity|transportation|T_LDV_C_BEV150_EX,?,0.178856481,0.13270296,,,,
Temoa,reference,NB,Capacity|transportation|T_LDV_C_BEV150_N,?,4.42651E-05,0.000233958,0.002195944,0.005859411,0.006034186,2.528656173
Temoa,reference,NB,Capacity|transportation|T_LDV_C_BEV200_N,?,8.85333E-05,0.000467919,0.004391881,0.011718802,0.012068348,5.05731234
Temoa,reference,NB,Capacity|transportation|T_LDV_C_BEV300_N,?,0.000132758,0.000701828,0.006587784,0.017578197,0.018102517,7.585968506
Temoa,reference,NB,Capacity|transportation|T_LDV_C_BEV400_N,?,0.000176994,0.000935748,0.008783687,0.023437582,0.024136678,10.11462467
Temoa,reference,NB,Capacity|transportation|T_LDV_C_CNG_N,?,0.00021767,0.000348268,0.000426238,0.000377201,0.000352319,0.000361982
Temoa,reference,NB,Capacity|transportation|T_LDV_C_DSL_EX,?,0.160308019,0.013615682,,,,
Temoa,reference,NB,Capacity|transportation|T_LDV_C_DSL_N,?,0.000130879,0.000219912,0.00028201,0.000260634,0.000248263,0.000252988
Temoa,reference,NB,Capacity|transportation|T_LDV_C_FCEV400_N,?,6.71538E-05,0.000254013,0.000573812,0.000976885,15.86657247,16.2461594
Temoa,reference,NB,Capacity|transportation|T_LDV_C_GSL_EX,?,12.24169787,5.918337328,,,,
Temoa,reference,NB,Capacity|transportation|T_LDV_C_GSL_HEV_EX,?,0.321645248,0.169909838,,,,
Temoa,reference,NB,Capacity|transportation|T_LDV_C_GSL_HEV_N,?,0.932213513,6.187526707,25.66398777,36.01110274,28.47319428,10.53626433
Temoa,reference,NB,Capacity|transportation|T_LDV_C_GSL_N,?,0.000120573,0.00023697,0.000327334,0.000347799,0.000342141,0.000360191
Temoa,reference,NB,Capacity|transportation|T_LDV_C_GSL_PHEV35_EX,?,0.111029471,0.081170171,,,,
Temoa,reference,NB,Capacity|transportation|T_LDV_C_GSL_PHEV35_N,?,0.000520798,0.003123826,0.003785211,0.003439386,0.00145047,0.00115004
Temoa,reference,NB,Capacity|transportation|T_LDV_C_GSL_PHEV50_N,?,0.000239933,0.000665587,0.000948242,0.001029696,0.000826923,0.00083041
Temoa,reference,NB,Capacity|transportation|T_LDV_LTF_BEV150_N,?,2.25595E-05,6.54821E-05,0.000160117,0.000250836,0.000303415,0.00042338
Temoa,reference,NB,Capacity|transportation|T_LDV_LTF_BEV200_N,?,4.50986E-05,0.000130927,0.000320198,0.000501655,0.000623995,0.000846773
Temoa,reference,NB,Capacity|transportation|T_LDV_LTF_BEV300_N,?,6.76218E-05,0.000196357,0.000480255,0.000765993,0.000935987,0.001270161
Temoa,reference,NB,Capacity|transportation|T_LDV_LTF_BEV400_N,?,9.0193E-05,0.000261834,0.00064036,0.001021316,0.00124797,0.001693553
Temoa,reference,NB,Capacity|transportation|T_LDV_LTF_CNG_N,?,0.000449371,0.000653875,0.000851006,0.000686554,0.000616851,0.000611307
Temoa,reference,NB,Capacity|transportation|T_LDV_LTF_DSL_EX,?,6.456564437,4.825218645,0.892102688,,,
Temoa,reference,NB,Capacity|transportation|T_LDV_LTF_DSL_N,?,7.74908E-05,0.000144135,0.00021852,0.000223848,0.000224198,0.000220952
Temoa,reference,NB,Capacity|transportation|T_LDV_LTF_FCEV400_N,?,5.40413E-05,0.000144119,0.000256851,0.00031905,0.001781332,0.002105106
Temoa,reference,NB,Capacity|transportation|T_LDV_LTF_GSL_EX,?,76.74467774,51.1203051,9.147715784,,,
Temoa,reference,NB,Capacity|transportation|T_LDV_LTF_GSL_HEV_EX,?,0.005806516,0.001161303,,,,
Temoa,reference,NB,Capacity|transportation|T_LDV_LTF_GSL_HEV_N,?,0.000477811,0.000875097,0.001762757,0.00446963,18.53575537,54.68929912
Temoa,reference,NB,Capacity|transportation|T_LDV_LTF_GSL_N,?,9.48187E-05,0.000200826,0.000298026,0.000323848,0.00033661,0.000350165
Temoa,reference,NB,Capacity|transportation|T_LDV_LTF_GSL_PHEV35_EX,?,0.087037973,0.087037973,0.017407595,,,
Temoa,reference,NB,Capacity|transportation|T_LDV_LTF_GSL_PHEV35_N,?,66.32254558,83.7936549,132.628033,144.9349337,128.2087535,93.71794496
Temoa,reference,NB,Capacity|transportation|T_LDV_LTF_GSL_PHEV50_N,?,0.000441873,0.001079707,0.001730092,0.001971944,0.00212844,0.002272336
Temoa,reference,NB,Capacity|transportation|T_LDV_LTP_BEV150_N,?,2.04129E-05,5.98048E-05,0.000181094,0.000261955,0.000394899,0.00066042
Temoa,reference,NB,Capacity|transportation|T_LDV_LTP_BEV200_N,?,4.08176E-05,0.000119592,0.000362168,0.000523902,0.00080556,0.001320858
Temoa,reference,NB,Capacity|transportation|T_LDV_LTP_BEV300_EX,?,0.431638251,0.42606035,0.084933175,,,
Temoa,reference,NB,Capacity|transportation|T_LDV_LTP_BEV300_N,?,6.12304E-05,0.000179388,0.000543246,0.000798092,0.00120834,0.001981298
Temoa,reference,NB,Capacity|transportation|T_LDV_LTP_BEV400_N,?,8.16271E-05,0.000239164,0.000724305,0.001064103,0.001611103,0.002641722
Temoa,reference,NB,Capacity|transportation|T_LDV_LTP_CNG_N,?,0.000517741,0.000695533,0.000918391,0.000713305,0.00065417,0.000625277
Temoa,reference,NB,Capacity|transportation|T_LDV_LTP_DSL_EX,?,3.501327868,2.033115393,0.340527584,,,
Temoa,reference,NB,Capacity|transportation|T_LDV_LTP_DSL_N,?,9.03752E-05,0.000161927,0.000247582,0.000253848,0.000257177,0.000253935
Temoa,reference,NB,Capacity|transportation|T_LDV_LTP_FCEV400_N,?,4.96E-05,0.000148419,0.000260953,0.00030975,0.001116711,0.001427487
Temoa,reference,NB,Capacity|transportation|T_LDV_LTP_GSL_EX,?,88.19975327,53.52399332,9.202656431,,,
Temoa,reference,NB,Capacity|transportation|T_LDV_LTP_GSL_HEV_EX,?,0.620127499,0.542908994,0.104720874,,,
Temoa,reference,NB,Capacity|transportation|T_LDV_LTP_GSL_HEV_N,?,0.000621164,0.001162347,0.019747393,58.13790546,103.3040313,162.9222174
Temoa,reference,NB,Capacity|transportation|T_LDV_LTP_GSL_N,?,0.000112856,0.000220333,0.000340055,0.000373453,0.000398321,0.000410829
Temoa,reference,NB,Capacity|transportation|T_LDV_LTP_GSL_PHEV35_EX,?,0.13214756,0.130228235,0.025949681,,,
Temoa,reference,NB,Capacity|transportation|T_LDV_LTP_GSL_PHEV35_N,?,52.17143399,88.54668298,146.3727136,106.6376006,68.38628341,15.13516088
Temoa,reference,NB,Capacity|transportation|T_LDV_LTP_GSL_PHEV50_N,?,0.000421142,0.000966379,0.001581437,0.001674245,0.001599738,0.001503658
Temoa,reference,NB,Capacity|transportation|T_LDV_M_BEV_N,?,8.411119227,17.84103267,24.54894285,27.52891927,27.94963756,28.33707618
Temoa,reference,NB,Capacity|transportation|T_LDV_M_GSL_EX,?,15.217769,8.497374719,2.455411014,,,
Temoa,reference,NB,Capacity|transportation|T_LDV_M_GSL_N,?,0.000218141,0.000404589,0.000675715,0.000855226,0.000992412,0.001124437
Temoa,reference,NB,Capacity|transportation|T_LDV_PHEV_CHRG,?,0.97664166,1.402433175,1.993416648,1.741373238,1.315642806,0.721674297
Temoa,reference,NB,Capacity|transportation|T_MDV_CHRG,?,1.30643E-05,1.067668328,2.762577596,5.342468869,6.703751081,6.571813026
Temoa,reference,NB,Capacity|transportation|T_MDV_T_BEV_N,?,0.000244446,27.34136679,77.54022929,155.3694116,201.7547438,204.4468004
Temoa,reference,NB,Capacity|transportation|T_MDV_T_DSL_EX,?,82.5327256,60.99574715,27.47843731,,,
Temoa,reference,NB,Capacity|transportation|T_MDV_T_DSL_HEV_N,?,7.05306E-05,0.00010107,0.000126437,0.000122118,9.1586E-05,8.54831E-05
Temoa,reference,NB,Capacity|transportation|T_MDV_T_DSL_N,?,4.8699E-05,7.1262E-05,9.12422E-05,9.09052E-05,7.22265E-05,6.91869E-05
Temoa,reference,NB,Capacity|transportation|T_MDV_T_DSL_PHEV_N,?,2.47854E-05,5.37227E-05,8.53334E-05,0.00010661,0.000113746,0.000118141
Temoa,reference,NB,Capacity|transportation|T_MDV_T_FCEV_N,?,0.000815477,0.00097858,0.001054161,0.000888517,0.000612065,0.000674741
Temoa,reference,NB,Capacity|transportation|T_MDV_T_FCHEV_N,?,92.12044127,94.74409092,97.44181624,62.31877817,16.4156976,14.16722689
Temoa,reference,NB,Capacity|transportation|T_MDV_T_GSL_EX,?,52.56154565,38.20356002,16.84279536,,,
Temoa,reference,NB,Capacity|transportation|T_MDV_T_GSL_N,?,0.000384798,0.000448462,0.00049621,0.000387377,0.000174786,0.000155664
Temoa,reference,NB,Emissions|ch4,?,2987.158417,2448.127445,1390.974621,886.4114321,790.8822009,854.2379093
Temoa,reference,NB,Emissions|ch4|F_A_DSL,?,3.485498584,3.851217131,3.733284758,3.62181577,3.63341463,3.698602133
Temoa,reference,NB,Emissions|ch4|F_C_NG,?,8.3671678,6.446971933,2.164856681,1.061590286,0.902948101,0.741999356
Temoa,reference,NB,Emissions|ch4|F_E_BIO_M,?,0.751205761,1.171387595,1.542879225,2.048328762,2.74303824,3.237989557
Temoa,reference,NB,Emissions|ch4|F_E_COAL,?,0.002940757,0.004551446,0.006261998,,,
Temoa,reference,NB,Emissions|ch4|F_E_DSL,?,0.000913319,0.001178681,,,,
Temoa,reference,NB,Emissions|ch4|F_E_NG,?,259.2494703,225.3342785,170.3551382,227.4774353,158.7315118,132.79712
Temoa,reference,NB,Emissions|ch4|F_I_HFO,?,29.39960002,27.11490002,25.98930002,25.80170001,26.06970002,26.82010002
Temoa,reference,NB,Emissions|ch4|F_I_NG,?,28.89571048,26.41581772,24.63029493,23.75737267,23.54906167,23.95576409
Temoa,reference,NB,Emissions|ch4|F_R_NG,?,1.244957494,1.857961264,2.503517941,2.627315583,2.674097278,2.74573439
Temoa,reference,NB,Emissions|ch4|F_R_OIL,?,12.28155637,6.803802419,4.373865871,1.749537962,,
Temoa,reference,NB,Emissions|ch4|F_R_WOOD,?,711.6757203,779.1840983,433.4039634,78.86886468,0.619759187,0.647813272
Temoa,reference,NB,Emissions|ch4|F_T_CNG,?,0.022506777,0.009950599,0.000198628,0.000136149,0.00011831,0.000111238
Temoa,reference,NB,Emissions|ch4|F_T_DSL,?,153.138473,131.7388243,98.20421502,51.04459735,38.3806915,35.16915135
Temoa,reference,NB,Emissions|ch4|F_T_GSL,?,1696.743575,1158.559701,546.0129912,389.1557791,456.2310965,547.019485
Temoa,reference,NB,Emissions|ch4|F_T_HFO,?,11.04734371,11.04739948,10.98608633,10.7226836,9.915042924,9.567049366
Temoa,reference,NB,Emissions|ch4|F_T_JTF,?,47.12228779,44.82560776,43.30120845,41.92240624,41.39936672,41.73522882
Temoa,reference,NB,Emissions|ch4|F_T_LNG,?,13.27099047,13.27827525,13.28494665,16.07019745,16.07468521,16.07775444
Temoa,reference,NB,Emissions|ch4|F_T_MDO,?,0.032488182,,1.23165E-05,1.38215E-05,,
Temoa,reference,NB,Emissions|ch4|F_T_NG,?,10.42601044,10.48152127,10.48159931,10.4816573,9.957668777,10.02400624
Temoa,reference,NB,Emissions|co2,?,19530.7624,17529.37184,15013.65362,13573.2316,12801.68417,12790.39879
Temoa,reference,NB,Emissions|co2e,?,17325.28716,15602.60376,13380.99744,12172.16608,11477.28907,11460.16244
Temoa,reference,NB,Emissions|co2e|E_COAL_CCS_RFIT_90,?,-0.049759564,-0.105155628,-0.16318155,,,
Temoa,reference,NB,Emissions|co2e|E_COAL_CCS_RFIT_95,?,-0.051944904,-0.1097159,-0.170165366,,,
Temoa,reference,NB,Emissions|co2e|E_NG_CCS-NEW,?,-0.232398739,-0.497442391,-0.499248291,-0.683581217,-1.035425258,-1.284835638
Temoa,reference,NB,Emissions|co2e|E_NG_CCS_RFIT_90,?,-0.092658628,-0.182818844,-0.236099382,-0.34342362,-0.457086868,-0.522790424
Temoa,reference,NB,Emissions|co2e|E_NG_CCS_RFIT_95,?,-0.095408617,-0.188292495,-0.24345185,-0.353985346,-0.471372571,-0.539719167
Temoa,reference,NB,Emissions|co2e|F_A_DSL,?,72.61695375,80.23634195,77.77933633,75.45698898,75.69863988,77.05675776
Temoa,reference,NB,Emissions|co2e|F_C_NG,?,439.975307,339.0046099,113.835829,55.82217581,47.48020807,39.01695322
Temoa,reference,NB,Emissions|co2e|F_E_BIO_M,?,0.282652361,0.440752037,0.580531298,0.770714218,1.032109011,1.218341819
Temoa,reference,NB,Emissions|co2e|F_E_COAL,?,0.243618442,0.377051287,0.518756943,,,
Temoa,reference,NB,Emissions|co2e|F_E_DSL,?,0.019028112,0.024556676,,,,
Temoa,reference,NB,Emissions|co2e|F_E_NG,?,1038.107363,902.3014529,682.1496034,910.8832521,635.6053534,531.7567975
Temoa,reference,NB,Emissions|co2e|F_I_BIO,?,1444.456,1405.924,1410.37,1392.586,1364.922,1351.09
Temoa,reference,NB,Emissions|co2e|F_I_HFO,?,3236.013403,2984.536519,2860.641749,2839.99262,2869.491375,2952.087888
Temoa,reference,NB,Emissions|co2e|F_I_NG,?,1519.012356,1388.647409,1294.784648,1248.896186,1237.945531,1259.325382
Temoa,reference,NB,Emissions|co2e|F_R_NG,?,65.46427285,97.69818143,131.6438371,138.1535554,140.6135025,144.3804355
Temoa,reference,NB,Emissions|co2e|F_R_OIL,?,255.8742141,141.7505685,91.12521724,36.44991218,,
Temoa,reference,NB,Emissions|co2e|F_R_WOOD,?,267.7785942,293.1796273,163.0746992,29.67558553,0.233193629,0.243749397
Temoa,reference,NB,Emissions|co2e|F_T_CNG,?,1.183153891,0.523090883,0.01044163,0.007157184,0.00621943,0.005847628
Temoa,reference,NB,Emissions|co2e|F_T_DSL,?,3190.490297,2744.649548,2045.988764,1063.464258,799.6241663,732.7148687
Temoa,reference,NB,Emissions|co2e|F_T_ETH,?,176.43468,172.0108388,81.06630372,57.77778386,67.73642612,81.21573742
Temoa,reference,NB,Emissions|co2e|F_T_GSL,?,1494.604469,1020.536357,480.9645184,342.7942649,401.8786607,481.8511051
Temoa,reference,NB,Emissions|co2e|F_T_HFO,?,1215.980907,1215.987046,1209.23831,1180.245576,1091.348582,1053.044938
Temoa,reference,NB,Emissions|co2e|F_T_JTF,?,1530.843016,1456.231685,1406.709132,1361.916533,1344.924756,1355.835774
Temoa,reference,NB,Emissions|co2e|F_T_LNG,?,697.6398285,698.0227801,698.3734877,844.7907347,845.0266508,845.1879965
Temoa,reference,NB,Emissions|co2e|F_T_MDO,?,2.136683828,0.000602512,0.000810031,0.000909014,0.000424781,0.000427084
Temoa,reference,NB,Emissions|co2e|F_T_NG,?,548.0826884,551.0008251,551.0049276,551.0079761,523.4625367,526.9498162
Temoa,reference,NB,Emissions|co2e|F_T_RDSL,?,128.5704892,110.6039832,82.44932656,42.85551975,32.22328254,29.52696933
Temoa,reference,NB,Emissions|co2e|T_I_H2_SMR_CCS,?,-0.00065019,-0.000641302,-0.00063956,-0.000637193,-0.000666255,
Temoa,reference,NB,Emissions|co2|E_COAL_CCS_RFIT_90,?,-0.049759564,-0.105155628,-0.16318155,,,
Temoa,reference,NB,Emissions|co2|E_COAL_CCS_RFIT_95,?,-0.051944904,-0.1097159,-0.170165366,,,
Temoa,reference,NB,Emissions|co2|E_NG_CCS-NEW,?,-0.232398739,-0.497442391,-0.499248291,-0.683581217,-1.035425258,-1.284835638
Temoa,reference,NB,Emissions|co2|E_NG_CCS_RFIT_90,?,-0.092658628,-0.182818844,-0.236099382,-0.34342362,-0.457086868,-0.522790424
Temoa,reference,NB,Emissions|co2|E_NG_CCS_RFIT_95,?,-0.095408617,-0.188292495,-0.24345185,-0.353985346,-0.471372571,-0.539719167
Temoa,reference,NB,Emissions|co2|F_A_DSL,?,69.65980618,76.96891346,74.61196338,72.38418793,72.6159982,73.91881005
Temoa,reference,NB,Emissions|co2|F_C_NG,?,437.5802618,337.1592077,113.2161534,55.51830276,47.22174527,38.80456091
Temoa,reference,NB,Emissions|co2|F_E_BIO_M,?,0.233097655,0.363479244,0.478752358,0.635592345,0.851159316,1.004741727
Temoa,reference,NB,Emissions|co2|F_E_COAL,?,0.243000883,0.376095483,0.517441923,,,
Temoa,reference,NB,Emissions|co2|F_E_DSL,?,0.018253238,0.023556665,,,,
Temoa,reference,NB,Emissions|co2|F_E_NG,?,1023.770867,889.8404672,672.7289642,898.3037498,626.8275007,524.4131167
Temoa,reference,NB,Emissions|co2|F_IMP_CNG,?,0.080546888,0.035611042,0.000710847,0.000487248,0.000423407,0.000398095
Temoa,reference,NB,Emissions|co2|F_IMP_COAL,?,0.04237402,0.065582798,0.090230514,,,
Temoa,reference,NB,Emissions|co2|F_IMP_DSL,?,825.4331557,714.5830549,537.2236486,288.098982,221.4197075,204.8380271
Temoa,reference,NB,Emissions|co2|F_IMP_GSL,?,332.725188,228.3944393,109.1884196,78.59728329,91.64956352,109.355955
Temoa,reference,NB,Emissions|co2|F_IMP_HFO,?,748.5703017,706.287334,684.3205832,675.9736669,665.9862873,673.4338095
Temoa,reference,NB,Emissions|co2|F_IMP_JTF,?,330.450826,314.3450755,303.6550382,293.9860185,290.3181397,292.6734139
Temoa,reference,NB,Emissions|co2|F_IMP_MDO,?,0.36203867,0.000102089,0.000137251,0.000154023,7.19747E-05,7.23649E-05
Temoa,reference,NB,Emissions|co2|F_IMP_NG,?,245.1818565,222.6622984,188.4008497,197.2081768,175.609577,169.974485
Temoa,reference,NB,Emissions|co2|F_IMP_OIL,?,53.02917259,29.37738523,18.88543122,7.55413628,,
Temoa,reference,NB,Emissions|co2|F_IMP_SPK,?,2.1675E-05,4.992E-05,7.65368E-05,0.000106033,0.000135564,0.000111897
Temoa,reference,NB,Emissions|co2|F_I_BIO,?,1444.456,1405.924,1410.37,1392.586,1364.922,1351.09
Temoa,reference,NB,Emissions|co2|F_I_HFO,?,3225.618802,2974.949702,2851.452902,2830.870102,2860.274102,2942.605302
Temoa,reference,NB,Emissions|co2|F_I_NG,?,1511.167561,1381.475872,1288.097856,1242.446381,1231.552279,1252.821716
Temoa,reference,NB,Emissions|co2|F_R_NG,?,65.10791217,97.16635256,130.927222,137.4015041,139.8480603,143.5944876
Temoa,reference,NB,Emissions|co2|F_R_OIL,?,245.4543635,135.9781238,87.41436598,34.96557879,,
Temoa,reference,NB,Emissions|co2|F_R_WOOD,?,220.8315621,241.7792777,134.4843888,24.47285202,0.192310044,0.201015171
Temoa,reference,NB,Emissions|co2|F_T_CNG,?,1.177043606,0.52038943,0.010387705,0.007120221,0.00618731,0.005817428
Temoa,reference,NB,Emissions|co2|F_T_DSL,?,3060.565394,2632.880418,1962.670883,1020.157281,767.0614308,702.8768504
Temoa,reference,NB,Emissions|co2|F_T_ETH,?,176.43468,172.0108388,81.06630372,57.77778386,67.73642612,81.21573742
Temoa,reference,NB,Emissions|co2|F_T_GSL,?,1438.514776,982.2375479,462.9148253,329.9298413,386.796911,463.76814
Temoa,reference,NB,Emissions|co2|F_T_HFO,?,1212.074979,1212.081098,1205.354039,1176.454435,1087.842993,1049.662386
Temoa,reference,NB,Emissions|co2|F_T_JTF,?,1492.536231,1419.791924,1371.508589,1327.83685,1311.270264,1321.908253
Temoa,reference,NB,Emissions|co2|F_T_LNG,?,694.0369339,694.4179078,694.7668042,840.4278933,840.662591,840.8231034
Temoa,reference,NB,Emissions|co2|F_T_MDO,?,2.105560138,0.000593736,0.000798232,0.000895773,0.000418594,0.000420863
Temoa,reference,NB,Emissions|co2|F_T_NG,?,545.2521675,548.1552337,548.159315,548.1623478,520.7591642,524.228434
Temoa,reference,NB,Emissions|co2|F_T_RDSL,?,128.5704892,110.6039832,82.44932656,42.85551975,32.22328254,29.52696933
Temoa,reference,NB,Emissions|co2|T_I_H2_SMR_CCS,?,-0.000656422,-0.000647449,-0.00064569,-0.0006433,-0.000672641,
Temoa,reference,NB,Emissions|n2o,?,903.881829,807.4552226,623.3027699,423.2013333,360.6010723,352.0925366
Temoa,reference,NB,Emissions|n2o|F_A_DSL,?,10.47455533,11.57360588,11.21919772,10.88421319,10.91906987,11.11497014
Temoa,reference,NB,Emissions|n2o|F_C_NG,?,7.914888459,6.098486964,2.0478374,1.004207027,0.854140096,0.701891283
Temoa,reference,NB,Emissions|n2o|F_E_BIO_M,?,0.104472324,0.162908209,0.214572607,0.284866914,0.381482139,0.450316429
Temoa,reference,NB,Emissions|n2o|F_E_COAL,?,0.001960505,0.003034297,0.004174665,,,
Temoa,reference,NB,Emissions|n2o|F_E_DSL,?,0.00274469,0.003542152,,,,
Temoa,reference,NB,Emissions|n2o|F_E_NG,?,25.92494703,22.53342785,17.03551382,22.74774353,15.87315118,13.279712
Temoa,reference,NB,Emissions|n2o|F_I_HFO,?,35.06012002,32.33553002,30.99321002,30.76949002,31.08909002,31.98397002
Temoa,reference,NB,Emissions|n2o|F_I_NG,?,25.77184988,23.56005364,21.96756034,21.18900805,21.00321717,21.36595175
Temoa,reference,NB,Emissions|n2o|F_R_NG,?,1.177662495,1.757530926,2.368192647,2.485298525,2.529551479,2.597316315
Temoa,reference,NB,Emissions|n2o|F_R_OIL,?,36.90830412,20.44666012,13.14426013,5.257678851,,
Temoa,reference,NB,Emissions|n2o|F_R_WOOD,?,98.97476905,108.3633514,60.27472339,10.9685176,0.086191675,0.090093237
Temoa,reference,NB,Emissions|n2o|F_T_CNG,?,0.020073612,0.008874858,0.000177155,0.00012143,0.00010552,9.9212E-05
Temoa,reference,NB,Emissions|n2o|F_T_DSL,?,460.2088826,395.8990576,295.1214752,153.3982718,115.3409382,105.6896776
Temoa,reference,NB,Emissions|n2o|F_T_GSL,?,31.43176781,21.46204061,10.11475971,7.20901748,8.451571648,10.13340477
Temoa,reference,NB,Emissions|n2o|F_T_HFO,?,13.17436958,13.1744361,13.10131788,12.78720029,11.82405865,11.40906335
Temoa,reference,NB,Emissions|n2o|F_T_JTF,?,135.4848387,128.8814809,124.4985657,120.5342676,119.0304373,119.9960997
Temoa,reference,NB,Emissions|n2o|F_T_LNG,?,11.8362888,11.84278603,11.8487362,14.33287881,14.3368814,14.33961882
Temoa,reference,NB,Emissions|n2o|F_T_MDO,?,0.110459867,3.1148E-05,4.18761E-05,4.69932E-05,2.19599E-05,2.20789E-05
Temoa,reference,NB,Emissions|n2o|F_T_NG,?,9.298874178,9.348383834,9.348453438,9.34850516,8.881164044,8.940329885
Temoa,reference,NB-NS,Activity|electricity,?,0.280755762,0.366997499,0.620830272,0.496896709,0.381757259,0.416341679
Temoa,reference,NB-NS,Activity|electricity|E_INT,?,0.280755762,0.366997499,0.620830272,0.496896709,0.381757259,0.416341679
Temoa,reference,NB-NS,Capacity|electricity,?,0.35,0.35,0.35,0.35,0.35,0.35
Temoa,reference,NB-NS,Capacity|electricity|E_INT,?,0.35,0.35,0.35,0.35,0.35,0.35
Temoa,reference,NB-PEI,Activity|electricity,?,0.175789123,0.179366535,0.944120701,0.260338834,0.406826753,0.716566602
Temoa,reference,NB-PEI,Activity|electricity|E_INT,?,0.175789123,0.179366535,0.944120701,0.260338834,0.406826753,0.716566602
Temoa,reference,NB-PEI,Capacity|electricity,?,0.3,0.3,0.3,0.3,0.3,0.3
Temoa,reference,NB-PEI,Capacity|electricity|E_INT,?,0.3,0.3,0.3,0.3,0.3,0.3
Temoa,reference,NB-QC,Activity|electricity,?,0.1331702,0.223388518,0.181881452,0.567886011,0.5998057,0.793152902
Temoa,reference,NB-QC,Activity|electricity|E_INT,?,0.1331702,0.223388518,0.181881452,0.567886011,0.5998057,0.793152902
Temoa,reference,NB-QC,Capacity|electricity,?,1.2,1.2,1.2,1.2,1.2,1.2
Temoa,reference,NB-QC,Capacity|electricity|E_INT,?,1.2,1.2,1.2,1.2,1.2,1.2
Temoa,reference,NLLAB,Activity|agriculture|A_AGRI,?,0.868608534,0.95976706,0.930377066,0.902597713,0.905488307,0.921733802
Temoa,reference,NLLAB,Activity|agriculture|E_A_ELC,?,0.246682985,0.272564552,0.264215656,0.256313666,0.257068876,0.261656381
Temoa,reference,NLLAB,Activity|agriculture|F_A_DSL,?,0.52464149,0.579702015,0.561947748,0.545169019,0.546914937,0.556727216
Temoa,reference,NLLAB,Activity|agriculture|F_A_GSL,?,0.097284059,0.107500493,0.104213662,0.101115028,0.101504493,0.103350204
Temoa,reference,NLLAB,Activity|commercial,?,32.35197908,31.43584984,33.61678023,34.88733458,36.36827791,38.59250602
Temoa,reference,NLLAB,Activity|commercial|C_OTHER,?,5.913111546,6.533679393,6.998301374,7.272147228,7.58090885,8.044564331
Temoa,reference,NLLAB,Activity|commercial|C_SPC_AC_ROOF-NEW,?,,,2.01645E-05,3.24039E-05,4.34311E-05,8.64132E-05
Temoa,reference,NLLAB,Activity|commercial|C_SPC_ELC-EXS,?,4.325275175,2.908298465,1.377952422,,,
Temoa,reference,NLLAB,Activity|commercial|C_SPHC_HP_AIR-NEW,?,4.36311145,11.4627,14.01447901,15.994384,16.67315852,17.69277589
Temoa,reference,NLLAB,Activity|commercial|C_SPH_OIL-EXS,?,4.318028206,,,,,
Temoa,reference,NLLAB,Activity|commercial|E_C_ELC,?,8.313577887,10.53117198,11.22602726,11.62077095,12.11416711,12.85507938
Temoa,reference,NLLAB,Activity|commercial|F_C_OIL,?,5.118874814,,,,,
Temoa,reference,NLLAB,Activity|electricity,?,214.8568445,225.7887276,244.2540522,294.4894673,318.2221458,311.4638531
Temoa,reference,NLLAB,Activity|electricity|E_BAT_2H-NEW,?,0.006418527,0.012944228,0.01933077,0.021492245,0.032472891,0.045002885
Temoa,reference,NLLAB,Activity|electricity|E_BAT_4H-NEW,?,4.21298E-05,0.000842587,0.001605794,0.005428705,0.011050616,0.017329419
Temoa,reference,NLLAB,Activity|electricity|E_ELC_DX_to_DEM,?,44.04922138,46.12808384,51.38114894,59.31405515,60.00645942,61.4322446
Temoa,reference,NLLAB,Activity|electricity|E_ELC_TX_to_DX,?,43.99842945,46.07734196,51.33046967,59.26352598,59.95610622,61.38205027
Temoa,reference,NLLAB,Activity|electricity|E_HYD_DLY-EXS,?,0.007595283,0.007569643,0.008701003,0.010273779,0.012347261,0.015118347
Temoa,reference,NLLAB,Activity|electricity|E_HYD_MLY-EXS,?,63.03707696,66.42288077,70.38920434,87.88706329,99.0397656,94.20298073
Temoa,reference,NLLAB,Activity|electricity|E_HYD_MLY-EXS-IN,?,63.03707639,66.42288113,70.38920471,87.88706365,99.03976598,94.20298111
Temoa,reference,NLLAB,Activity|electricity|E_HYD_ROR-EXS,?,0.050791923,0.050741875,0.050679271,0.050529164,0.050353207,0.050194324
Temoa,reference,NLLAB,Activity|electricity|E_SOL_PV-NEW-1,?,,,,,3.04984E-05,0.000283964
Temoa,reference,NLLAB,Activity|electricity|E_SOL_PV-NEW-2,?,,,,,2.12557E-05,0.000234653
Temoa,reference,NLLAB,Activity|electricity|E_SOL_PV-NEW-3,?,,,,4.16621E-05,0.000182671,0.000535919
Temoa,reference,NLLAB,Activity|electricity|E_SOL_PV-NEW-4,?,,,,,,0.000175975
Temoa,reference,NLLAB,Activity|electricity|E_SOL_PV-NEW-5,?,,,,1.03079E-05,0.000136969,0.00045448
Temoa,reference,NLLAB,Activity|electricity|E_WND_ON-EXS,?,0.658300182,0.64419648,0.651280013,,,
Temoa,reference,NLLAB,Activity|electricity|E_WND_ON-NEW-1,?,0.000756444,0.001259002,0.002029551,0.002959608,0.004356086,0.006219504
Temoa,reference,NLLAB,Activity|electricity|E_WND_ON-NEW-10,?,0.000323047,0.000543281,0.00077284,0.001094606,0.002110883,0.004515989
Temoa,reference,NLLAB,Activity|electricity|E_WND_ON-NEW-11,?,0.000453244,0.000778999,0.001198948,0.00186691,0.003234985,0.005700953
Temoa,reference,NLLAB,Activity|electricity|E_WND_ON-NEW-12,?,0.000151977,0.000345597,0.000500572,0.000834341,0.001708344,0.003677829
Temoa,reference,NLLAB,Activity|electricity|E_WND_ON-NEW-13,?,0.000245673,0.000423071,0.000595907,0.001047808,0.001926741,0.00400308
Temoa,reference,NLLAB,Activity|electricity|E_WND_ON-NEW-2,?,0.000473292,0.000907858,0.001580724,0.002548579,0.004031444,0.005864762
Temoa,reference,NLLAB,Activity|electricity|E_WND_ON-NEW-3,?,0.000756851,0.001178668,0.001807692,0.002813434,0.004380365,0.006600323
Temoa,reference,NLLAB,Activity|electricity|E_WND_ON-NEW-4,?,0.000481458,0.000813527,0.00139381,0.002174445,0.003467538,0.005336558
Temoa,reference,NLLAB,Activity|electricity|E_WND_ON-NEW-5,?,0.000871092,0.001493943,0.002412807,0.003646043,0.005695559,0.008524075
Temoa,reference,NLLAB,Activity|electricity|E_WND_ON-NEW-6,?,0.0005845,0.001092636,0.001661713,0.002416598,0.003881166,0.006787524
Temoa,reference,NLLAB,Activity|electricity|E_WND_ON-NEW-7,?,0.000471867,0.000793218,0.001101285,0.001863657,0.003159509,0.005592196
Temoa,reference,NLLAB,Activity|electricity|E_WND_ON-NEW-8,?,0.000424102,0.00072785,0.001021147,0.001707975,0.002854204,0.005319631
Temoa,reference,NLLAB,Activity|electricity|E_WND_ON-NEW-9,?,0.000609836,0.001109135,0.001546337,0.002328398,0.003576133,0.006265592
Temoa,reference,NLLAB,Activity|electricity|F_E_BIO_M,?,,0.000528923,0.002212201,0.003847959,0.005476489,0.007387375
Temoa,reference,NLLAB,Activity|electricity|F_E_NG,?,0.00528891,0.009249332,0.01259216,0.018832968,0.023593801,0.032471076
Temoa,reference,NLLAB,Activity|fuel|F_IMP_BIO,?,5.359999999,6.169999995,6.809999991,7.359999993,7.699999994,7.969999997
Temoa,reference,NLLAB,Activity|fuel|F_IMP_BIO_M,?,,0.000528923,0.002212201,0.003847959,0.005476489,0.007387375
Temoa,reference,NLLAB,Activity|fuel|F_IMP_CNG,?,0.018943955,0.007746294,,,,
Temoa,reference,NLLAB,Activity|fuel|F_IMP_DSL,?,40.80055947,35.11605508,25.85516299,10.57062151,6.572415591,4.988357723
Temoa,reference,NLLAB,Activity|fuel|F_IMP_ETH,?,4.152448088,4.486641548,2.450866781,0.457115387,0.441063895,0.48783507
Temoa,reference,NLLAB,Activity|fuel|F_IMP_GSL,?,33.69458118,25.532078,13.99278293,2.691820767,2.601342842,2.868296556
Temoa,reference,NLLAB,Activity|fuel|F_IMP_HFO,?,40.3690861,36.20916928,33.9840775,33.57202264,32.86703149,33.7154129
Temoa,reference,NLLAB,Activity|fuel|F_IMP_JTF,?,19.60985299,18.58067869,17.88396108,17.26159784,17.00322387,17.10295644
Temoa,reference,NLLAB,Activity|fuel|F_IMP_LNG,?,13.34045262,13.34461245,13.34926754,16.14772026,16.15010646,16.15214098
Temoa,reference,NLLAB,Activity|fuel|F_IMP_MDO,?,0.018587329,,,,,
Temoa,reference,NLLAB,Activity|fuel|F_IMP_NG,?,22.35343615,33.39428549,30.4171181,19.06963428,10.55480089,8.3915835
Temoa,reference,NLLAB,Activity|fuel|F_IMP_OIL,?,7.2520822,1.532477304,0.931454584,0.370395973,,
Temoa,reference,NLLAB,Activity|fuel|F_IMP_RDSL,?,1.678153462,1.439002213,1.053870191,0.417711637,0.251045206,0.184631983
Temoa,reference,NLLAB,Activity|fuel|F_IMP_WOOD,?,6.782042461,9.204389868,12.0944188,14.68607245,16.37215865,16.21924147
Temoa,reference,NLLAB,Activity|industrial|E_I_ELC,?,18.19000002,18.69000003,18.97000003,19.48000003,20.01000005,20.84000005
Temoa,reference,NLLAB,Activity|industrial|F_I_BIO,?,5.359999999,6.169999995,6.809999991,7.359999993,7.699999994,7.969999997
Temoa,reference,NLLAB,Activity|industrial|F_I_HFO,?,23.70000002,19.54,17.4,17.38000001,17.89000002,19.26000002
Temoa,reference,NLLAB,Activity|industrial|F_I_NG,?,21.74000001,32.36000002,28.93000002,17.49000001,9.000000001,6.869999995
Temoa,reference,NLLAB,Activity|industrial|I_IND,?,68.99000004,76.76000004,72.11000004,61.71000005,54.60000006,54.94000006
Temoa,reference,NLLAB,Activity|residential,?,38.64074284,38.30370819,38.11096805,37.99174859,37.52364323,37.14089049
Temoa,reference,NLLAB,Activity|residential|E_R_ELC,?,11.7269855,9.385563441,6.716789489,4.828753764,3.430982463,3.372283208
Temoa,reference,NLLAB,Activity|residential|F_R_NG,?,0.498059318,0.915123862,1.370442872,1.456714283,1.427070824,1.41553655
Temoa,reference,NLLAB,Activity|residential|F_R_OIL,?,2.132787888,1.532079899,0.931015756,0.369901804,,
Temoa,reference,NLLAB,Activity|residential|F_R_WOOD,?,6.782042461,9.204389868,12.0944188,14.68607245,16.37215865,16.21924147
Temoa,reference,NLLAB,Activity|residential|R_APP_CL_WASH-EXS,?,0.00764295,0.002304236,,,,
Temoa,reference,NLLAB,Activity|residential|R_APP_CL_WASH-TYP-NEW,?,0.001959387,0.007188959,0.009363186,0.008710617,0.008670817,0.008509554
Temoa,reference,NLLAB,Activity|residential|R_APP_COOK_ELEC-EXS,?,0.008059733,0.004561892,0.00028999,,,
Temoa,reference,NLLAB,Activity|residential|R_APP_COOK_NG-TYP-NEW,?,0.001792862,0.003921005,0.008276997,0.009133071,0.008412044,0.00840145
Temoa,reference,NLLAB,Activity|residential|R_APP_DRY_ELEC-EXS,?,0.005597649,0.002100015,,,,
Temoa,reference,NLLAB,Activity|residential|R_APP_DRY_NG-TYP-NEW,?,0.003742367,0.006417791,0.008931568,0.008272677,0.007908912,0.00780854
Temoa,reference,NLLAB,Activity|residential|R_APP_DS_WASH-EXS,?,0.003391142,0.001213358,,,,
Temoa,reference,NLLAB,Activity|residential|R_APP_DS_WASH-TYP-NEW,?,0.001121936,0.003037415,0.005303824,0.003994807,0.003055349,0.003714323
Temoa,reference,NLLAB,Activity|residential|R_APP_FREZ-EXS,?,0.007158338,0.004690008,0.001667381,,,
Temoa,reference,NLLAB,Activity|residential|R_APP_FREZ-TYP-NEW,?,0.00071952,0.000900842,0.001360554,0.002101915,0.002328703,0.002237234
Temoa,reference,NLLAB,Activity|residential|R_APP_OTH,?,0.23701654,0.233941201,0.230335422,0.225687009,0.220864822,0.218734806
Temoa,reference,NLLAB,Activity|residential|R_APP_REFR-EXS,?,0.007391505,,,,,
Temoa,reference,NLLAB,Activity|residential|R_APP_REFR-TYP-NEW,?,0.0053068,0.01051999,0.012283542,0.011995405,0.011720243,0.011576684
Temoa,reference,NLLAB,Activity|residential|R_LGT_CFL-EXS,?,0.347469817,0.223416568,0.084906445,,,
Temoa,reference,NLLAB,Activity|residential|R_LGT_LED-EXS,?,0.520992323,0.520996294,0.495301012,0.520455389,0.416744924,0.286532495
Temoa,reference,NLLAB,Activity|residential|R_LGT_LED-TYP-NEW,?,1.260328684,1.384023409,1.547047251,1.590359751,1.680309462,1.802951578
Temoa,reference,NLLAB,Activity|residential|R_LGT_T12-EXS,?,0.135382074,0.106000268,0.072738413,0.044772761,0.012483924,
Temoa,reference,NLLAB,Activity|residential|R_SPC_CENT_AC-EXS,?,0.145756366,0.102877806,0.059885135,0.006763277,,
Temoa,reference,NLLAB,Activity|residential|R_SPC_ROOM_AC-EXS,?,0.022499505,,,,,
Temoa,reference,NLLAB,Activity|residential|R_SPHC_AIR_HP-TYP-NEW,?,0.183254224,0.274172079,0.332991382,0.379370214,0.380262979,0.376929979
Temoa,reference,NLLAB,Activity|residential|R_SPH_ELEC-EXS,?,5.838705314,4.527769315,2.910692644,1.164279167,,
Temoa,reference,NLLAB,Activity|residential|R_SPH_ELEC_RAD-NEW,?,0.003905336,0.013052957,0.015962968,0.018358797,0.017788745,0.010744101
Temoa,reference,NLLAB,Activity|residential|R_SPH_HP-EXS,?,0.717279111,0.39124257,0.026081081,,,
Temoa,reference,NLLAB,Activity|residential|R_SPH_OIL-EXS,?,1.522787536,1.122052779,0.721317501,0.288523407,,
Temoa,reference,NLLAB,Activity|residential|R_SPH_WOOD-ELC-EXS,?,0.820296205,0.546860107,0.273427985,,,
Temoa,reference,NLLAB,Activity|residential|R_SPH_WOOD-TYP-NEW,?,3.650429536,5.758575454,8.198769612,10.42711144,11.62423264,11.51566144
Temoa,reference,NLLAB,Activity|residential|R_WAH_ELC-EXS,?,1.202864499,0.62335452,0.041607998,,,
Temoa,reference,NLLAB,Activity|residential|R_WAH_ELEC-TYP-NEW,?,0.001367596,0.598551086,1.340949518,1.939647131,1.897497443,1.878722293
Temoa,reference,NLLAB,Activity|residential|R_WAH_HP-TYP-NEW,?,0.744746485,0.745176458,0.596791138,0.000769458,0.001150295,0.001304776
Temoa,reference,NLLAB,Activity|residential|R_WAH_OIL-EXS,?,0.091902329,0.047632737,0.002018581,,,
Temoa,reference,NLLAB,Activity|transportation,?,480.0918945,456.6020257,427.1655792,387.4182723,378.6420112,375.1883001
Temoa,reference,NLLAB,Activity|transportation|E_T_ELC,?,5.571974986,7.248783837,14.20411652,23.12821674,24.19424093,24.10322558
Temoa,reference,NLLAB,Activity|transportation|F_T_CNG,?,0.018943955,0.007746294,,,,
Temoa,reference,NLLAB,Activity|transportation|F_T_DSL,?,40.2756831,34.5360531,25.29288457,10.02507929,6.025084946,4.431167584
Temoa,reference,NLLAB,Activity|transportation|F_T_ETH,?,4.152448088,4.486641548,2.450866781,0.457115387,0.441063895,0.48783507
Temoa,reference,NLLAB,Activity|transportation|F_T_GSL,?,33.59707999,25.42430211,13.88824509,2.590320524,2.499362071,2.764398731
Temoa,reference,NLLAB,Activity|transportation|F_T_HFO,?,16.66908609,16.66916928,16.58407749,16.19202262,14.97703147,14.45541288
Temoa,reference,NLLAB,Activity|transportation|F_T_JTF,?,19.60985299,18.58067869,17.88396108,17.26159784,17.00322387,17.10295644
Temoa,reference,NLLAB,Activity|transportation|F_T_LNG,?,13.34045262,13.34461245,13.34926754,16.14772026,16.15010646,16.15214098
Temoa,reference,NLLAB,Activity|transportation|F_T_MDO,?,0.018587329,,,,,
Temoa,reference,NLLAB,Activity|transportation|F_T_NG,?,0.10943294,0.109485802,0.104083042,0.104087015,0.104136264,0.073575879
Temoa,reference,NLLAB,Activity|transportation|F_T_RDSL,?,1.678153462,1.439002213,1.053870191,0.417711637,0.251045206,0.184631983
Temoa,reference,NLLAB,Activity|transportation|T_BLND_ETH_GSL,?,37.74952808,29.91094365,16.33911187,3.04743591,2.940425966,3.252233801
Temoa,reference,NLLAB,Activity|transportation|T_BLND_GSL_ELC_PHEV35,?,1.723874291,3.043780716,4.020957319,4.098315118,3.250821932,2.734994937
Temoa,reference,NLLAB,Activity|transportation|T_BLND_JTF,?,19.60985152,18.58067541,17.8839559,17.2615907,17.00321466,17.10294907
Temoa,reference,NLLAB,Activity|transportation|T_BLND_RDSL_DSL,?,41.95383656,35.97505532,26.34675476,10.44279093,6.276130152,4.615799567
Temoa,reference,NLLAB,Activity|transportation|T_ELC_AC_DC,?,0.081177354,0.093515712,0.018834587,0.017338668,,0.025181248
Temoa,reference,NLLAB,Activity|transportation|T_H2_COMP_100_700,?,0.150813405,0.159194003,0.096367894,0.097990438,0.0896217,0.079891219
Temoa,reference,NLLAB,Activity|transportation|T_H2_COMP_10_100,?,0.150813405,0.159194347,0.097152984,0.097927145,0.089569629,0.07982661
Temoa,reference,NLLAB,Activity|transportation|T_H2_HDV_REFUEL,?,0.147625287,0.157493803,0.096800512,0.097678708,0.092750902,0.081979436
Temoa,reference,NLLAB,Activity|transportation|T_H2_MDV_REFUEL,?,0.000515718,0.00024145,,,,
Temoa,reference,NLLAB,Activity|transportation|T_H2_distribution,?,0.150813405,0.160721655,0.09972202,0.099878248,0.093898864,0.082863566
Temoa,reference,NLLAB,Activity|transportation|T_HDV_AJF_JFL_EX,?,0.114762201,0.092849125,0.07698702,0.048183713,,
Temoa,reference,NLLAB,Activity|transportation|T_HDV_AJF_JFL_N,?,0.0410166,0.064911963,0.08284227,0.11309374,0.162438609,0.163509452
Temoa,reference,NLLAB,Activity|transportation|T_HDV_AJP_JFL_EX,?,9.266796279,7.7244871,6.055934818,3.263708544,,
Temoa,reference,NLLAB,Activity|transportation|T_HDV_AJP_JFL_N,?,3.571602842,5.275060744,7.077589323,9.975352431,13.32369408,13.40163721
Temoa,reference,NLLAB,Activity|transportation|T_HDV_BIC_DSL_EX,?,0.029369607,0.01215133,,,,
Temoa,reference,NLLAB,Activity|transportation|T_HDV_BIC_FCEV_N,?,,,,0.087494876,0.092444569,0.138797616
Temoa,reference,NLLAB,Activity|transportation|T_HDV_BIC_GSL_EX,?,0.002370925,,,,,
Temoa,reference,NLLAB,Activity|transportation|T_HDV_BIC_GSL_N,?,0.128166217,0.150496671,0.168081039,0.083091367,0.080080656,0.035528088
Temoa,reference,NLLAB,Activity|transportation|T_HDV_BS_BEV_N,?,,0.064600333,0.618235729,1.214641193,1.271386615,1.29515445
Temoa,reference,NLLAB,Activity|transportation|T_HDV_BS_CNG_EX,?,0.025271093,0.011032743,,,,
Temoa,reference,NLLAB,Activity|transportation|T_HDV_BS_DSL_EX,?,0.350544869,0.15523076,,,,
Temoa,reference,NLLAB,Activity|transportation|T_HDV_BS_FCHEV_N,?,0.815289375,0.996340905,0.644952722,0.061899787,0.015857553,
Temoa,reference,NLLAB,Activity|transportation|T_HDV_BS_GSL_EX,?,0.034889978,0.018870309,,,,
Temoa,reference,NLLAB,Activity|transportation|T_HDV_BT_BEV_EX,?,0.05936045,0.030140264,,,,
Temoa,reference,NLLAB,Activity|transportation|T_HDV_BT_BEV_N,?,0.471385591,0.599198729,0.704507512,0.645863076,0.651082926,0.684423645
Temoa,reference,NLLAB,Activity|transportation|T_HDV_BT_CNG_EX,?,0.000592881,,,,,
Temoa,reference,NLLAB,Activity|transportation|T_HDV_BT_DSL_EX,?,0.139998147,0.059787942,,,,
Temoa,reference,NLLAB,Activity|transportation|T_HDV_BT_FCHEV_N,?,,,,0.069210927,0.07243729,0.046877185
Temoa,reference,NLLAB,Activity|transportation|T_HDV_CHRG,?,0.287269605,0.600992703,1.711344433,4.420457195,5.770479023,6.273615144
Temoa,reference,NLLAB,Activity|transportation|T_HDV_RF_DSL_EX,?,14.04486428,14.04729136,14.04437116,,,
Temoa,reference,NLLAB,Activity|transportation|T_HDV_RF_LNG_N,?,60.07560569,60.09497899,60.11748203,74.17580849,74.18784502,74.19858259
Temoa,reference,NLLAB,Activity|transportation|T_HDV_RICP_DSL_EX,?,0.210018933,0.210016365,0.152653578,0.119622331,0.076468899,
Temoa,reference,NLLAB,Activity|transportation|T_HDV_RICP_DSL_N,?,0.051971678,0.051971832,0.109396615,0.142474482,0.185666494,0.262160949
Temoa,reference,NLLAB,Activity|transportation|T_HDV_T_BEV_N,?,,0.606173656,3.101238681,9.763546776,13.61708813,15.51525207
Temoa,reference,NLLAB,Activity|transportation|T_HDV_T_DSL_EX,?,11.61989729,9.056848544,4.97218151,,,
Temoa,reference,NLLAB,Activity|transportation|T_HDV_T_DSL_HEV_N,?,5.477578428,7.603243469,9.333400107,7.744701579,3.977598758,2.159136389
Temoa,reference,NLLAB,Activity|transportation|T_HDV_T_FCHEV_N,?,,,,0.009928632,0.012838421,0.014918268
Temoa,reference,NLLAB,Activity|transportation|T_HDV_WTF_HFO_EX,?,62.41921476,62.41920629,59.20098067,46.13676996,12.32184092,
Temoa,reference,NLLAB,Activity|transportation|T_HDV_WTF_HFO_N,?,43.61624534,43.61624229,46.74119508,59.73184831,93.48777774,105.755471
Temoa,reference,NLLAB,Activity|transportation|T_HDV_WTF_MDO_EX,?,0.112728374,,,,,
Temoa,reference,NLLAB,Activity|transportation|T_I_H2_ELC_ALK,?,0.059008299,0.063763007,0.005259654,,,0.004826324
Temoa,reference,NLLAB,Activity|transportation|T_I_H2_ELC_PEM,?,0.002208112,0.005883716,,,,0.005443767
Temoa,reference,NLLAB,Activity|transportation|T_I_H2_SMR,?,0.088401946,0.088417854,0.0840392,0.084026626,0.084020572,0.059308433
Temoa,reference,NLLAB,Activity|transportation|T_LDV_BEV_CHRG,?,0.04590734,0.061513553,3.51111963,7.596596517,7.759639029,7.570264649
Temoa,reference,NLLAB,Activity|transportation|T_LDV_C_BEV150_EX,?,0.049222074,0.040743286,,,,
Temoa,reference,NLLAB,Activity|transportation|T_LDV_C_BEV150_N,?,,,0.823741642,1.865786531,1.976892291,1.997178934
Temoa,reference,NLLAB,Activity|transportation|T_LDV_C_BEV200_N,?,,,1.647485118,3.73157561,3.953786422,3.994360276
Temoa,reference,NLLAB,Activity|transportation|T_LDV_C_BEV300_N,?,,,2.471228378,5.597364728,5.930680074,5.991541557
Temoa,reference,NLLAB,Activity|transportation|T_LDV_C_BEV400_N,?,,,3.294971562,7.463153977,7.907574803,7.988722918
Temoa,reference,NLLAB,Activity|transportation|T_LDV_C_DSL_EX,?,0.044023233,0.003097282,,,,
Temoa,reference,NLLAB,Activity|transportation|T_LDV_C_GSL_EX,?,3.371264285,1.817098228,,,,
Temoa,reference,NLLAB,Activity|transportation|T_LDV_C_GSL_HEV_EX,?,0.088577021,0.05216673,,,,
Temoa,reference,NLLAB,Activity|transportation|T_LDV_C_GSL_HEV_N,?,11.41610506,13.00095685,10.68003372,0.452834884,0.193262916,0.011713828
Temoa,reference,NLLAB,Activity|transportation|T_LDV_C_GSL_PHEV35_EX,?,0.030574687,0.024921259,,,,
Temoa,reference,NLLAB,Activity|transportation|T_LDV_C_GSL_PHEV35_N,?,,1.059701132,1.082456679,0.889192209,0.03770342,0.016094338
Temoa,reference,NLLAB,Activity|transportation|T_LDV_LTF_DSL_EX,?,0.057990922,0.047784127,0.008444875,,,
Temoa,reference,NLLAB,Activity|transportation|T_LDV_LTF_GSL_EX,?,0.692812038,0.506247891,0.090590448,,,
Temoa,reference,NLLAB,Activity|transportation|T_LDV_LTF_GSL_PHEV35_N,?,0.613588815,0.83649513,1.31329684,1.429830534,1.443408396,1.45588505
Temoa,reference,NLLAB,Activity|transportation|T_LDV_LTP_BEV300_EX,?,0.009798481,0.008566859,,,,
Temoa,reference,NLLAB,Activity|transportation|T_LDV_LTP_DSL_EX,?,0.041301577,0.026348492,0.003513125,,,
Temoa,reference,NLLAB,Activity|transportation|T_LDV_LTP_GSL_EX,?,1.040478647,0.693685527,0.119268551,,,
Temoa,reference,NLLAB,Activity|transportation|T_LDV_LTP_GSL_HEV_EX,?,0.006789714,0.006531331,,,,
Temoa,reference,NLLAB,Activity|transportation|T_LDV_LTP_GSL_HEV_N,?,,,,,0.656690774,1.535364587
Temoa,reference,NLLAB,Activity|transportation|T_LDV_LTP_GSL_PHEV35_N,?,0.457431772,1.073405173,1.897359038,2.191783146,1.668982826,0.912957082
Temoa,reference,NLLAB,Activity|transportation|T_LDV_M_BEV_N,?,0.040759103,0.077991015,0.106391667,0.118726328,0.120091417,0.121515904
Temoa,reference,NLLAB,Activity|transportation|T_LDV_M_GSL_EX,?,0.071399758,0.036887645,0.010455381,,,
Temoa,reference,NLLAB,Activity|transportation|T_LDV_PHEV_CHRG,?,0.633768736,1.119390072,1.479384832,1.507846784,1.196042905,1.006267035
Temoa,reference,NLLAB,Activity|transportation|T_MDV_CHRG,?,3.95711958,4.638976372,6.053634969,7.262230809,7.028272019,6.808326018
Temoa,reference,NLLAB,Activity|transportation|T_MDV_T_BEV_N,?,2.303651552,3.20618204,4.585749993,5.699997414,5.708677523,5.71631938
Temoa,reference,NLLAB,Activity|transportation|T_MDV_T_DSL_EX,?,2.050951158,1.518902713,0.684262341,,,
Temoa,reference,NLLAB,Activity|transportation|T_MDV_T_GSL_EX,?,1.306170358,0.951336992,0.419415972,,,
Temoa,reference,NLLAB,Activity|transportation|T_OFF,?,1.885234215,1.98561558,2.069071123,2.134811578,2.187531216,2.236081383
Temoa,reference,NLLAB,Capacity|commercial,?,95.78027661,82.22818792,65.8039298,58.41603389,57.68584715,61.21568971
Temoa,reference,NLLAB,Capacity|commercial|C_SPC_AC_ROOF-NEW,?,0.002390931,0.005622467,0.009397359,0.013453137,0.0158061,0.017266499
Temoa,reference,NLLAB,Capacity|commercial|C_SPC_ELC-EXS,?,66.39398694,42.68184875,17.0727395,,,
Temoa,reference,NLLAB,Capacity|commercial|C_SPHC_HP_AIR-NEW,?,9.940941554,26.11663849,42.02287366,55.24823823,57.59255072,61.11466007
Temoa,reference,NLLAB,Capacity|commercial|C_SPHC_HP_GEO-NEW,?,0.000735728,0.001666523,0.002704181,0.003277441,0.003679753,0.00394282
Temoa,reference,NLLAB,Capacity|commercial|C_SPH_ELC-EXS,?,7.090438837,4.136089322,0.472695922,,,
Temoa,reference,NLLAB,Capacity|commercial|C_SPH_ELC_BLR-NEW,?,0.0079695,0.017244586,0.027849541,0.032071273,0.035954768,0.039552745
Temoa,reference,NLLAB,Capacity|commercial|C_SPH_ELC_RES-NEW,?,0.007992171,0.017212079,0.027759165,0.035038569,0.037855806,0.040267574
Temoa,reference,NLLAB,Capacity|commercial|C_SPH_OIL-EXS,?,12.33582095,9.251865714,6.167910476,3.083955238,,
Temoa,reference,NLLAB,Capacity|electricity,?,15.43153683,15.43813609,15.42002825,15.37344452,15.38336172,15.38753544
Temoa,reference,NLLAB,Capacity|electricity|E_BAT_2H-NEW,?,0.000972728,0.001991221,0.002903316,0.003163779,0.00444674,0.00600163
Temoa,reference,NLLAB,Capacity|electricity|E_BAT_4H-NEW,?,0.000237747,0.000562193,0.000928616,0.001211173,0.001665189,0.002290465
Temoa,reference,NLLAB,Capacity|electricity|E_BIO_M-EXS,?,0.0153,0.0153,0.0153,0.0153,0.0153,0.0153
Temoa,reference,NLLAB,Capacity|electricity|E_BIO_M-NEW,?,4.38618E-05,8.98076E-05,0.000138802,0.000192793,0.000251785,0.000314581
Temoa,reference,NLLAB,Capacity|electricity|E_DSL_CT-EXS,?,0.0442,0.0442,0.0442,0.0442,0.0392,0.0392
Temoa,reference,NLLAB,Capacity|electricity|E_GSL_CT-EXS,?,0.2765,0.2765,0.2515,0.2515,0.2515,0.2435
Temoa,reference,NLLAB,Capacity|electricity|E_HYD_DLY-EXS,?,0.56277,0.56277,0.56277,0.56277,0.56277,0.56277
Temoa,reference,NLLAB,Capacity|electricity|E_HYD_MLY-EXS,?,6.98935,6.98935,6.98935,6.98935,6.98935,6.98935
Temoa,reference,NLLAB,Capacity|electricity|E_HYD_MLY-EXS-IN,?,6.98935,6.98935,6.98935,6.98935,6.98935,6.98935
Temoa,reference,NLLAB,Capacity|electricity|E_HYD_ROR-EXS,?,0.004,0.004,0.004,0.004,0.004,0.004
Temoa,reference,NLLAB,Capacity|electricity|E_NG_CC-NEW,?,0.000630032,0.001360063,0.002091287,0.003192968,0.004981199,0.006519574
Temoa,reference,NLLAB,Capacity|electricity|E_NG_CCS-NEW,?,0.000112382,0.000245039,0.00040317,0.000599043,0.0008429,0.001109848
Temoa,reference,NLLAB,Capacity|electricity|E_NG_CCS_RFIT_90,?,5.4663E-05,0.000116804,0.000188222,0.000268334,0.000357733,0.000458886
Temoa,reference,NLLAB,Capacity|electricity|E_NG_CCS_RFIT_95,?,5.32684E-05,0.000113877,0.000183646,0.000261935,0.000349264,0.000448125
Temoa,reference,NLLAB,Capacity|electricity|E_NG_CT-NEW,?,0.000604256,0.001145429,0.001572818,0.002498058,0.008226224,0.009955295
Temoa,reference,NLLAB,Capacity|electricity|E_OIL_ST-EXS,?,0.49,0.49,0.49,0.49,0.49,0.49
Temoa,reference,NLLAB,Capacity|electricity|E_SOL_PV-NEW-1,?,9.13736E-05,0.000215684,0.000373353,0.000570299,0.000802352,0.001076983
Temoa,reference,NLLAB,Capacity|electricity|E_SOL_PV-NEW-2,?,8.55623E-05,0.000199379,0.000346958,0.000527676,0.000743573,0.001002337
Temoa,reference,NLLAB,Capacity|electricity|E_SOL_PV-NEW-3,?,8.58684E-05,0.000199485,0.000347222,0.000528005,0.000743585,0.000999828
Temoa,reference,NLLAB,Capacity|electricity|E_SOL_PV-NEW-4,?,8.93075E-05,0.000210346,0.000364146,0.00055529,0.000781864,0.001051728
Temoa,reference,NLLAB,Capacity|electricity|E_SOL_PV-NEW-5,?,8.74503E-05,0.000203373,0.000354428,0.000539108,0.00075762,0.001013633
Temoa,reference,NLLAB,Capacity|electricity|E_WND_ON-EXS,?,0.054,0.054,0.054,,,
Temoa,reference,NLLAB,Capacity|electricity|E_WND_ON-NEW-1,?,0.000243713,0.000498727,0.000771015,0.001049386,0.001366438,0.001726283
Temoa,reference,NLLAB,Capacity|electricity|E_WND_ON-NEW-10,?,0.000206777,0.000426483,0.000663889,0.000914833,0.001202896,0.001564572
Temoa,reference,NLLAB,Capacity|electricity|E_WND_ON-NEW-11,?,0.000225834,0.0004657,0.00072694,0.001000654,0.001318626,0.001716638
Temoa,reference,NLLAB,Capacity|electricity|E_WND_ON-NEW-12,?,0.000210005,0.000431902,0.000672349,0.000923602,0.001215942,0.001576066
Temoa,reference,NLLAB,Capacity|electricity|E_WND_ON-NEW-13,?,0.000209082,0.000430813,0.000672469,0.000925512,0.001220553,0.001583772
Temoa,reference,NLLAB,Capacity|electricity|E_WND_ON-NEW-2,?,0.000217112,0.000456093,0.000721781,0.001003756,0.001319373,0.001644712
Temoa,reference,NLLAB,Capacity|electricity|E_WND_ON-NEW-3,?,0.000238613,0.000490103,0.000765451,0.001054045,0.001396287,0.001792342
Temoa,reference,NLLAB,Capacity|electricity|E_WND_ON-NEW-4,?,0.000230223,0.000471704,0.00073455,0.001009725,0.001333876,0.001714936
Temoa,reference,NLLAB,Capacity|electricity|E_WND_ON-NEW-5,?,0.0002365,0.000487482,0.000760787,0.001047383,0.001393355,0.001791234
Temoa,reference,NLLAB,Capacity|electricity|E_WND_ON-NEW-6,?,0.000233243,0.000478949,0.000742291,0.001015544,0.001333749,0.001730749
Temoa,reference,NLLAB,Capacity|electricity|E_WND_ON-NEW-7,?,0.00022923,0.000471922,0.000727989,0.000993269,0.001304303,0.001681623
Temoa,reference,NLLAB,Capacity|electricity|E_WND_ON-NEW-8,?,0.000220606,0.000454679,0.000705205,0.000967977,0.001271308,0.001655578
Temoa,reference,NLLAB,Capacity|electricity|E_WND_ON-NEW-9,?,0.000217389,0.000448831,0.000697546,0.000960376,0.001264986,0.00164402
Temoa,reference,NLLAB,Capacity|residential,?,35.78456234,35.29749123,35.58536354,34.07432063,33.3026636,32.97707332
Temoa,reference,NLLAB,Capacity|residential|R_APP_CL_WASH-EXS,?,0.15995775,0.0639831,,,,
Temoa,reference,NLLAB,Capacity|residential|R_APP_CL_WASH-TYP-NEW,?,0.059473907,0.152601361,0.213246219,0.208942933,0.204478564,0.202506629
Temoa,reference,NLLAB,Capacity|residential|R_APP_COOK_ELEC-EXS,?,0.169961235,0.104591529,0.028762671,,,
Temoa,reference,NLLAB,Capacity|residential|R_APP_COOK_ELEC-TYP-NEW,?,0.00072125,0.001535914,0.002617382,0.002767203,0.002708388,0.002570709
Temoa,reference,NLLAB,Capacity|residential|R_APP_COOK_NG-TYP-NEW,?,0.056911359,0.11851379,0.189798505,0.213947837,0.209376372,0.207468665
Temoa,reference,NLLAB,Capacity|residential|R_APP_DRY_ELEC-EXS,?,0.122815882,0.061407941,,,,
Temoa,reference,NLLAB,Capacity|residential|R_APP_DRY_ELEC-TYP-NEW,?,0.003684864,0.00491118,0.005581903,0.004156122,0.00363079,0.003044064
Temoa,reference,NLLAB,Capacity|residential|R_APP_DRY_NG-TYP-NEW,?,0.089948977,0.147322472,0.20476646,0.201947366,0.198069004,0.196710543
Temoa,reference,NLLAB,Capacity|residential|R_APP_DS_WASH-EXS,?,0.084254176,0.045956824,0.003063788,,,
Temoa,reference,NLLAB,Capacity|residential|R_APP_DS_WASH-TYP-NEW,?,0.045114544,0.081733929,0.122659121,0.12318526,0.120553464,0.11939091
Temoa,reference,NLLAB,Capacity|residential|R_APP_FREZ-EXS,?,0.152661545,0.107761091,0.062860636,0.007184073,,
Temoa,reference,NLLAB,Capacity|residential|R_APP_FREZ-TYP-NEW,?,0.048410982,0.090702655,0.13254429,0.184277534,0.187370234,0.185563392
Temoa,reference,NLLAB,Capacity|residential|R_APP_REFR-EXS,?,0.157151167,0.017960133,,,,
Temoa,reference,NLLAB,Capacity|residential|R_APP_REFR-TYP-NEW,?,0.117065096,0.252698302,0.266486612,0.261108673,0.255529679,0.2530654
Temoa,reference,NLLAB,Capacity|residential|R_LGT_CFL-EXS,?,5.210461228,3.349582218,1.339832887,,,
Temoa,reference,NLLAB,Capacity|residential|R_LGT_LED-EXS,?,7.811047042,7.811047042,7.811047042,7.811047042,6.248837633,4.296075873
Temoa,reference,NLLAB,Capacity|residential|R_LGT_LED-TYP-NEW,?,18.89553642,20.75535688,23.53428697,23.85099369,25.19408055,27.03155223
Temoa,reference,NLLAB,Capacity|residential|R_LGT_T12-EXS,?,2.030667521,1.58921806,1.147768599,0.706319138,0.194237763,
Temoa,reference,NLLAB,Capacity|residential|R_SPC_CENT_AC-EXS,?,0.023993955,0.016936909,0.009879864,0.001129127,,
Temoa,reference,NLLAB,Capacity|residential|R_SPC_ROOM_AC-EXS,?,0.011209167,,,,,
Temoa,reference,NLLAB,Capacity|residential|R_SPC_ROOM_AC-TYP-NEW,?,1.3355E-05,1.27923E-05,1.45329E-05,1.65721E-05,1.84013E-05,2.69895E-05
Temoa,reference,NLLAB,Capacity|residential|R_SPHC_AIR_HP-TYP-NEW,?,0.00100517,0.001650427,0.002094602,0.002088823,0.002091797,0.002070212
Temoa,reference,NLLAB,Capacity|residential|R_SPHC_GEO_HP-TYP-NEW,?,,,,,,1.00652E-05
Temoa,reference,NLLAB,Capacity|residential|R_SPHC_NG_HP-TYP-NEW,?,,,,,1.0332E-05,2.13311E-05
Temoa,reference,NLLAB,Capacity|residential|R_SPH_ELEC-EXS,?,0.139128364,0.102515636,0.065902909,0.026361164,,
Temoa,reference,NLLAB,Capacity|residential|R_SPH_ELEC_RAD-NEW,?,0.000108458,0.000318177,0.000396904,0.000468743,0.000459448,0.000354378
Temoa,reference,NLLAB,Capacity|residential|R_SPH_HP-EXS,?,0.015673706,0.008549294,0.000569953,,,
Temoa,reference,NLLAB,Capacity|residential|R_SPH_OIL-EXS,?,0.032484818,0.023936182,0.015387545,0.006155018,,
Temoa,reference,NLLAB,Capacity|residential|R_SPH_WOOD-ELC-EXS,?,0.010539545,0.007026364,0.003513182,,,
Temoa,reference,NLLAB,Capacity|residential|R_SPH_WOOD-TYP-NEW,?,0.074214939,0.117074521,0.166684803,0.211988031,0.236326059,0.234118768
Temoa,reference,NLLAB,Capacity|residential|R_WAH_ELC-EXS,?,0.154781647,0.084426353,0.005628424,,,
Temoa,reference,NLLAB,Capacity|residential|R_WAH_ELEC-TYP-NEW,?,0.000347227,0.077020278,0.172550152,0.249588764,0.244165122,0.24174923
Temoa,reference,NLLAB,Capacity|residential|R_WAH_HP-TYP-NEW,?,0.095832038,0.096002792,0.077040071,0.000596907,0.00066747,0.000719531
Temoa,reference,NLLAB,Capacity|residential|R_WAH_OIL-EXS,?,0.009373294,0.005112706,0.000340847,,,
Temoa,reference,NLLAB,Capacity|residential|R_WAH_SOLAR-TYP-NEW,?,1.17196E-05,2.43739E-05,3.66705E-05,5.06124E-05,5.25277E-05,5.43956E-05
Temoa,reference,NLLAB,Capacity|transportation,?,1316.287615,1280.461945,1428.057052,1447.89645,1432.678395,1423.164891
Temoa,reference,NLLAB,Capacity|transportation|T_ELC_AC_DC,?,0.00265247,0.00319337,0.003566954,0.003948871,0.00434368,0.002161985
Temoa,reference,NLLAB,Capacity|transportation|T_H2_COMP_100_700,?,0.0047827,0.005097037,0.005109213,0.003169288,0.002979205,0.002967029
Temoa,reference,NLLAB,Capacity|transportation|T_H2_COMP_10_100,?,0.004782851,0.005097145,0.005111389,0.003169349,0.002979117,0.002964873
Temoa,reference,NLLAB,Capacity|transportation|T_H2_HDV_REFUEL,?,0.147626292,0.157693449,0.09699695,0.097900592,0.092964952,0.082055519
Temoa,reference,NLLAB,Capacity|transportation|T_H2_LDV_REFUEL,?,,1.06128E-05,3.10717E-05,4.51631E-05,7.30087E-05,0.000112009
Temoa,reference,NLLAB,Capacity|transportation|T_H2_MDV_REFUEL,?,0.002432044,0.002470053,0.002203851,0.00229951,0.000403616,0.000301266
Temoa,reference,NLLAB,Capacity|transportation|T_HDV_AJF_JFL_EX,?,0.114762558,0.093078962,0.07698727,0.048183858,,
Temoa,reference,NLLAB,Capacity|transportation|T_HDV_AJF_JFL_N,?,0.041016699,0.064912196,0.082842659,0.113094343,0.162439502,0.163510245
Temoa,reference,NLLAB,Capacity|transportation|T_HDV_AJP_JFL_EX,?,9.266798406,7.724488812,6.055936072,3.263709221,,
Temoa,reference,NLLAB,Capacity|transportation|T_HDV_AJP_JFL_N,?,3.571603265,5.275061621,7.077590668,9.975354601,13.32369714,13.40163981
Temoa,reference,NLLAB,Capacity|transportation|T_HDV_BIC_BEV_N,?,,,1.03417E-05,2.04123E-05,2.23829E-05,2.89329E-05
Temoa,reference,NLLAB,Capacity|transportation|T_HDV_BIC_DSL_EX,?,0.043769128,0.017086164,,,,
Temoa,reference,NLLAB,Capacity|transportation|T_HDV_BIC_DSL_HEV_N,?,2.40726E-05,2.40726E-05,3.35608E-05,3.54236E-05,4.25695E-05,2.86824E-05
Temoa,reference,NLLAB,Capacity|transportation|T_HDV_BIC_DSL_N,?,3.98591E-05,3.98591E-05,4.20211E-05,3.64424E-05,4.32851E-05,3.85235E-05
Temoa,reference,NLLAB,Capacity|transportation|T_HDV_BIC_FCEV_N,?,1.86253E-05,1.86253E-05,9.60291E-05,0.114651298,0.121145278,0.181883087
Temoa,reference,NLLAB,Capacity|transportation|T_HDV_BIC_GSL_EX,?,0.005678456,0.002987082,,,,
Temoa,reference,NLLAB,Capacity|transportation|T_HDV_BIC_GSL_N,?,0.190986875,0.200249162,0.220237467,0.108885045,0.104943837,0.04657314
Temoa,reference,NLLAB,Capacity|transportation|T_HDV_BS_BEV_N,?,4.58111E-05,0.116963979,1.119252486,2.198961746,2.301696555,2.344731434
Temoa,reference,NLLAB,Capacity|transportation|T_HDV_BS_CNG_EX,?,0.052375156,0.020372419,,,,
Temoa,reference,NLLAB,Capacity|transportation|T_HDV_BS_CNG_N,?,1.82445E-05,2.92103E-05,2.63139E-05,2.9097E-05,2.54092E-05,2.61786E-05
Temoa,reference,NLLAB,Capacity|transportation|T_HDV_BS_DSL_EX,?,0.726501552,0.281117477,,,,
Temoa,reference,NLLAB,Capacity|transportation|T_HDV_BS_DSL_HEV_N,?,5.23815E-05,7.46506E-05,7.35243E-05,5.59895E-05,5.37713E-05,5.17759E-05
Temoa,reference,NLLAB,Capacity|transportation|T_HDV_BS_DSL_N,?,2.83631E-05,4.29343E-05,4.893E-05,3.4218E-05,4.01521E-05,3.80899E-05
Temoa,reference,NLLAB,Capacity|transportation|T_HDV_BS_DSL_PHEV_N,?,2.18896E-05,4.49526E-05,6.14239E-05,6.82607E-05,7.31428E-05,7.89756E-05
Temoa,reference,NLLAB,Capacity|transportation|T_HDV_BS_FCEV_N,?,0.000106679,0.000167105,0.000191614,0.000204745,0.000197415,0.000186362
Temoa,reference,NLLAB,Capacity|transportation|T_HDV_BS_FCHEV_N,?,1.689630037,1.803738987,1.167618182,0.11209539,0.028740246,0.003558577
Temoa,reference,NLLAB,Capacity|transportation|T_HDV_BS_GSL_EX,?,0.072340376,0.034168491,,,,
Temoa,reference,NLLAB,Capacity|transportation|T_HDV_BS_GSL_N,?,8.6394E-05,0.000110651,0.000105534,7.51826E-05,7.56694E-05,7.03363E-05
Temoa,reference,NLLAB,Capacity|transportation|T_HDV_BT_BEV_EX,?,0.094624257,0.041590323,,,,
Temoa,reference,NLLAB,Capacity|transportation|T_HDV_BT_BEV_N,?,0.75077011,0.82682371,0.972144602,0.891227732,0.89843442,0.944444579
Temoa,reference,NLLAB,Capacity|transportation|T_HDV_BT_CNG_EX,?,0.004477629,0.001446722,,,,
Temoa,reference,NLLAB,Capacity|transportation|T_HDV_BT_CNG_N,?,3.78705E-05,3.78705E-05,1.51482E-05,,,
Temoa,reference,NLLAB,Capacity|transportation|T_HDV_BT_DSL_EX,?,0.222983406,0.086832534,,,,
Temoa,reference,NLLAB,Capacity|transportation|T_HDV_BT_DSL_PHEV_N,?,1.24217E-05,2.44443E-05,3.27324E-05,3.90142E-05,4.88995E-05,4.78432E-05
Temoa,reference,NLLAB,Capacity|transportation|T_HDV_BT_FCEV_N,?,1.16341E-05,1.16341E-05,1.40778E-05,5.40898E-05,5.63493E-05,7.34617E-05
Temoa,reference,NLLAB,Capacity|transportation|T_HDV_BT_FCHEV_N,?,2.09345E-05,3.2093E-05,6.41885E-05,0.095510127,0.099975548,0.064711022
Temoa,reference,NLLAB,Capacity|transportation|T_HDV_BT_GSL_EX,?,0.002352562,0.001411537,,,,
Temoa,reference,NLLAB,Capacity|transportation|T_HDV_CHRG,?,0.287272835,0.600996987,1.711348807,4.420463139,5.770484854,6.273620124
Temoa,reference,NLLAB,Capacity|transportation|T_HDV_RF_DSL_EX,?,56.35360128,56.35360128,42.47698073,31.8580846,14.04488557,
Temoa,reference,NLLAB,Capacity|transportation|T_HDV_RF_DSL_N,?,0.00021161,0.00024934,0.00028759,0.000336785,0.00038718,0.00038718
Temoa,reference,NLLAB,Capacity|transportation|T_HDV_RF_H2_N,?,,0.000100514,0.000659606,0.000797215,0.000883976,0.000920073
Temoa,reference,NLLAB,Capacity|transportation|T_HDV_RF_LNG_N,?,60.07561096,60.09498667,60.1174973,74.17585176,74.18814415,74.19910182
Temoa,reference,NLLAB,Capacity|transportation|T_HDV_RICP_DSL_EX,?,0.210023131,0.210023131,0.152659663,0.119625986,0.076470068,
Temoa,reference,NLLAB,Capacity|transportation|T_HDV_RICP_DSL_N,?,0.051972213,0.052052242,0.109477891,0.142556468,0.185749785,0.262244846
Temoa,reference,NLLAB,Capacity|transportation|T_HDV_RICP_H2_N,?,,,,,,1.27949E-05
Temoa,reference,NLLAB,Capacity|transportation|T_HDV_T_BEV_N,?,1.3314E-05,0.834883326,4.271326649,13.44729107,18.75475486,22.17349653
Temoa,reference,NLLAB,Capacity|transportation|T_HDV_T_DSL_EX,?,17.25182708,13.13046788,7.208584053,,,
Temoa,reference,NLLAB,Capacity|transportation|T_HDV_T_DSL_HEV_N,?,8.132448751,10.47190915,12.8548988,11.22850328,5.478530009,3.13038366
Temoa,reference,NLLAB,Capacity|transportation|T_HDV_T_DSL_N,?,6.48185E-05,8.34781E-05,0.000101114,0.00010419,5.9282E-05,4.08272E-05
Temoa,reference,NLLAB,Capacity|transportation|T_HDV_T_DSL_PHEV_N,?,,1.03036E-05,1.03036E-05,2.06854E-05,2.28303E-05,2.28303E-05
Temoa,reference,NLLAB,Capacity|transportation|T_HDV_T_FCEV_N,?,,1.5841E-05,3.16162E-05,5.66305E-05,7.24674E-05,6.71251E-05
Temoa,reference,NLLAB,Capacity|transportation|T_HDV_T_FCHEV_N,?,3.23968E-05,0.000887537,0.001284562,0.013958756,0.01772536,0.021663538
Temoa,reference,NLLAB,Capacity|transportation|T_HDV_WTF_HFO_EX,?,62.41921887,62.41921887,59.20099602,46.1367893,12.32186903,
Temoa,reference,NLLAB,Capacity|transportation|T_HDV_WTF_HFO_N,?,43.61625014,43.61685369,46.74181334,59.73248026,93.48843808,105.7561481
Temoa,reference,NLLAB,Capacity|transportation|T_HDV_WTF_LNG_N,?,0.000103764,0.000198102,0.000327978,0.000524878,0.000760983,0.000760983
Temoa,reference,NLLAB,Capacity|transportation|T_HDV_WTF_MDO_EX,?,11.50116606,11.50116606,8.930390174,6.244526464,1.902476604,
Temoa,reference,NLLAB,Capacity|transportation|T_HDV_WTF_MDO_N,?,1.75014E-05,4.02291E-05,7.03037E-05,9.44626E-05,9.44626E-05,9.44626E-05
Temoa,reference,NLLAB,Capacity|transportation|T_I_H2_ELC_ALK,?,0.001900382,0.002127069,0.002259893,0.002402608,0.000661398,0.000655983
Temoa,reference,NLLAB,Capacity|transportation|T_I_H2_ELC_PEM,?,0.000129767,0.000298712,0.000423538,0.00056651,0.000603939,0.000679014
Temoa,reference,NLLAB,Capacity|transportation|T_I_H2_SMR,?,0.002950818,0.002950818,0.002950818,0.002950818,0.002950818,0.001979052
Temoa,reference,NLLAB,Capacity|transportation|T_LDV_BEV_CHRG,?,0.108252311,0.144720188,8.019477984,17.25972453,17.65221189,17.23439853
Temoa,reference,NLLAB,Capacity|transportation|T_LDV_C_BEV150_EX,?,2.008769316,1.490410826,,,,
Temoa,reference,NLLAB,Capacity|transportation|T_LDV_C_BEV150_N,?,5.40485E-05,0.000649102,30.13270971,68.25096458,72.31521868,73.05732942
Temoa,reference,NLLAB,Capacity|transportation|T_LDV_C_BEV200_N,?,0.000108101,0.001298213,60.26541942,136.5019291,144.6304373,146.1146589
Temoa,reference,NLLAB,Capacity|transportation|T_LDV_C_BEV300_N,?,0.000162109,0.001947269,90.39812909,204.7528937,216.945656,219.1719883
Temoa,reference,NLLAB,Capacity|transportation|T_LDV_C_BEV400_N,?,0.000216129,0.002596337,120.5308387,273.0038583,289.2608747,292.2293177
Temoa,reference,NLLAB,Capacity|transportation|T_LDV_C_CNG_N,?,0.000202539,0.000330322,0.000393185,0.000314476,0.000303154,0.000316319
Temoa,reference,NLLAB,Capacity|transportation|T_LDV_C_DSL_EX,?,1.800448212,0.15292017,,,,
Temoa,reference,NLLAB,Capacity|transportation|T_LDV_C_DSL_N,?,0.000126541,0.000217826,0.000267719,0.000238001,0.000232257,0.000239084
Temoa,reference,NLLAB,Capacity|transportation|T_LDV_C_FCEV400_N,?,3.62904E-05,0.000219644,0.000593561,0.00103467,0.001707759,0.003656326
Temoa,reference,NLLAB,Capacity|transportation|T_LDV_C_GSL_EX,?,137.4887115,66.46991144,,,,
Temoa,reference,NLLAB,Capacity|transportation|T_LDV_C_GSL_HEV_EX,?,3.612455658,1.908287966,,,,
Temoa,reference,NLLAB,Capacity|transportation|T_LDV_C_GSL_HEV_N,?,465.5766855,475.5778203,390.6779991,16.56488671,7.069701953,0.437041377
Temoa,reference,NLLAB,Capacity|transportation|T_LDV_C_GSL_N,?,0.00011969,0.000244024,0.000299048,0.000291928,0.000297284,0.000327657
Temoa,reference,NLLAB,Capacity|transportation|T_LDV_C_GSL_PHEV35_EX,?,1.246991962,0.911636801,,,,
Temoa,reference,NLLAB,Capacity|transportation|T_LDV_C_GSL_PHEV35_N,?,0.001435498,38.76412046,39.59655024,32.52691354,1.379290954,0.588841837
Temoa,reference,NLLAB,Capacity|transportation|T_LDV_C_GSL_PHEV50_N,?,0.000290791,0.001034455,0.001198441,0.001087344,0.000715709,0.000745021
Temoa,reference,NLLAB,Capacity|transportation|T_LDV_LTF_BEV150_N,?,2.87476E-05,8.1214E-05,0.000209075,0.000331503,0.000397506,0.000681116
Temoa,reference,NLLAB,Capacity|transportation|T_LDV_LTF_BEV200_N,?,5.74747E-05,0.000162391,0.000418113,0.000674481,0.000795005,0.00136224
Temoa,reference,NLLAB,Capacity|transportation|T_LDV_LTF_BEV300_N,?,8.61859E-05,0.000243553,0.000627128,0.001011701,0.001192501,0.002043362
Temoa,reference,NLLAB,Capacity|transportation|T_LDV_LTF_BEV400_N,?,0.000114945,0.000324762,0.00083619,0.001348928,0.001589989,0.002724488
Temoa,reference,NLLAB,Capacity|transportation|T_LDV_LTF_CNG_N,?,0.000292374,0.000438696,0.000615223,0.00055227,0.000545146,0.000551832
Temoa,reference,NLLAB,Capacity|transportation|T_LDV_LTF_DSL_EX,?,5.396360796,4.032890873,0.745614448,,,
Temoa,reference,NLLAB,Capacity|transportation|T_LDV_LTF_DSL_N,?,6.66403E-05,0.000124768,0.000195591,0.000206356,0.000211902,0.000212578
Temoa,reference,NLLAB,Capacity|transportation|T_LDV_LTF_FCEV400_N,?,3.11975E-05,0.000113174,0.000269765,0.00038988,0.000668367,0.000724865
Temoa,reference,NLLAB,Capacity|transportation|T_LDV_LTF_GSL_EX,?,64.14276481,42.72606104,7.645609033,,,
Temoa,reference,NLLAB,Capacity|transportation|T_LDV_LTF_GSL_HEV_EX,?,0.004853073,0.000970615,,,,
Temoa,reference,NLLAB,Capacity|transportation|T_LDV_LTF_GSL_HEV_N,?,0.00029229,0.000544202,0.001021308,0.001448512,0.00258005,0.003679244
Temoa,reference,NLLAB,Capacity|transportation|T_LDV_LTF_GSL_N,?,8.39108E-05,0.000178757,0.000269055,0.000295261,0.000309606,0.000328349
Temoa,reference,NLLAB,Capacity|transportation|T_LDV_LTF_GSL_PHEV35_EX,?,0.072745888,0.072745888,0.014549178,,,
Temoa,reference,NLLAB,Capacity|transportation|T_LDV_LTF_GSL_PHEV35_N,?,56.80781513,70.59786089,110.8386124,120.6737574,121.8197082,122.8727237
Temoa,reference,NLLAB,Capacity|transportation|T_LDV_LTF_GSL_PHEV50_N,?,0.000475452,0.001062193,0.001959364,0.002086817,0.002008742,0.002096416
Temoa,reference,NLLAB,Capacity|transportation|T_LDV_LTP_BEV150_N,?,2.90958E-05,7.90746E-05,0.000252979,0.000384548,0.000660872,0.002819653
Temoa,reference,NLLAB,Capacity|transportation|T_LDV_LTP_BEV200_N,?,5.81834E-05,0.000158133,0.000505934,0.000780719,0.001341734,0.005639318
Temoa,reference,NLLAB,Capacity|transportation|T_LDV_LTP_BEV300_EX,?,0.360760873,0.356098887,0.070986678,,,
Temoa,reference,NLLAB,Capacity|transportation|T_LDV_LTP_BEV300_N,?,8.72791E-05,0.000237199,0.000758896,0.001171074,0.002012602,0.00845899
Temoa,reference,NLLAB,Capacity|transportation|T_LDV_LTP_BEV400_N,?,0.000116359,0.00031625,0.001011843,0.001561422,0.002683466,0.011278654
Temoa,reference,NLLAB,Capacity|transportation|T_LDV_LTP_CNG_N,?,0.000307891,0.000450723,0.000622348,0.000574634,0.000577964,0.000605404
Temoa,reference,NLLAB,Capacity|transportation|T_LDV_LTP_DSL_EX,?,1.488758602,0.864477171,0.144791744,,,
Temoa,reference,NLLAB,Capacity|transportation|T_LDV_LTP_DSL_N,?,8.07853E-05,0.000145449,0.000221405,0.000235191,0.000243815,0.000252027
Temoa,reference,NLLAB,Capacity|transportation|T_LDV_LTP_FCEV400_N,?,3.93357E-05,0.000124683,0.000242788,0.000316838,0.000555051,0.000714815
Temoa,reference,NLLAB,Capacity|transportation|T_LDV_LTP_GSL_EX,?,37.50239046,22.75831541,3.912954713,,,
Temoa,reference,NLLAB,Capacity|transportation|T_LDV_LTP_GSL_HEV_EX,?,0.263677192,0.230844013,0.044527144,,,
Temoa,reference,NLLAB,Capacity|transportation|T_LDV_LTP_GSL_HEV_N,?,0.000356348,0.000694771,0.001349029,0.002712966,21.54468217,50.37200984
Temoa,reference,NLLAB,Capacity|transportation|T_LDV_LTP_GSL_N,?,9.78518E-05,0.000192134,0.00029427,0.000337223,0.000369162,0.000403706
Temoa,reference,NLLAB,Capacity|transportation|T_LDV_LTP_GSL_PHEV35_EX,?,0.056188913,0.055372821,0.01103376,,,
Temoa,reference,NLLAB,Capacity|transportation|T_LDV_LTP_GSL_PHEV35_N,?,16.48735118,35.21603178,62.24813539,71.90756118,54.75568588,29.9522116
Temoa,reference,NLLAB,Capacity|transportation|T_LDV_LTP_GSL_PHEV50_N,?,0.000414321,0.000889727,0.001440048,0.001747753,0.00190041,0.002214284
Temoa,reference,NLLAB,Capacity|transportation|T_LDV_M_BEV_N,?,6.93072011,14.34242776,19.58644435,21.87879174,22.14599436,22.39200009
Temoa,reference,NLLAB,Capacity|transportation|T_LDV_M_GSL_EX,?,12.14278294,6.780348476,1.959257154,,,
Temoa,reference,NLLAB,Capacity|transportation|T_LDV_M_GSL_N,?,0.000202394,0.000369164,0.000606418,0.000793617,0.000904623,0.001074551
Temoa,reference,NLLAB,Capacity|transportation|T_LDV_PHEV_CHRG,?,0.634240928,1.119863404,1.479388035,1.507850222,1.196047018,1.006270673
Temoa,reference,NLLAB,Capacity|transportation|T_MDV_CHRG,?,3.957120789,4.638979556,6.053639574,7.262236636,7.028279082,6.808331142
Temoa,reference,NLLAB,Capacity|transportation|T_MDV_T_BEV_N,?,90.03493336,118.7975529,169.9142094,211.2000429,211.5216714,211.8048311
Temoa,reference,NLLAB,Capacity|transportation|T_MDV_T_DSL_EX,?,80.15901576,59.24145992,26.68813554,,,
Temoa,reference,NLLAB,Capacity|transportation|T_MDV_T_DSL_HEV_N,?,6.61156E-05,9.07715E-05,0.000113013,0.000107961,8.01308E-05,7.77271E-05
Temoa,reference,NLLAB,Capacity|transportation|T_MDV_T_DSL_N,?,4.69901E-05,6.61922E-05,8.41888E-05,8.28388E-05,6.48501E-05,6.39288E-05
Temoa,reference,NLLAB,Capacity|transportation|T_MDV_T_DSL_PHEV_N,?,2.86521E-05,5.46846E-05,8.44753E-05,0.00010268,0.000104508,0.000110589
Temoa,reference,NLLAB,Capacity|transportation|T_MDV_T_FCEV_N,?,0.000529748,0.000675672,0.000785593,0.000740361,0.000420302,0.000336094
Temoa,reference,NLLAB,Capacity|transportation|T_MDV_T_FCHEV_N,?,0.027691572,0.028684381,0.030935174,0.020952415,0.005800825,0.004503895
Temoa,reference,NLLAB,Capacity|transportation|T_MDV_T_GSL_EX,?,51.04982808,37.10479138,16.35838169,,,
Temoa,reference,NLLAB,Capacity|transportation|T_MDV_T_GSL_N,?,0.00026998,0.000313534,0.00035127,0.000280412,0.000138811,0.000132057
Temoa,reference,NLLAB,Emissions|ch4,?,4911.868252,4979.539566,4922.597839,4769.087039,5247.088694,5215.145306
Temoa,reference,NLLAB,Emissions|ch4|F_A_DSL,?,1.822604537,2.013884799,1.952206477,1.893917171,1.899982493,1.934070349
Temoa,reference,NLLAB,Emissions|ch4|F_C_OIL,?,17.78297111,1.2367E-05,,1.04877E-05,,
Temoa,reference,NLLAB,Emissions|ch4|F_E_BIO_M,?,0.550996795,0.753035337,1.073073891,1.459641175,1.858716876,2.403111048
Temoa,reference,NLLAB,Emissions|ch4|F_E_DSL,?,0.000815988,0.00104207,0.001148734,0.001296471,0.001444168,0.001608194
Temoa,reference,NLLAB,Emissions|ch4|F_E_GSL,?,0.016749737,0.02124407,0.025007066,0.029715512,0.03674008,0.042243463
Temoa,reference,NLLAB,Emissions|ch4|F_E_NG,?,0.07808318,0.127108548,0.165419793,0.247403598,0.309945375,0.426563733
Temoa,reference,NLLAB,Emissions|ch4|F_E_OIL,?,0.000281064,0.000263876,0.000292178,0.000329071,0.000389581,0.000427174
Temoa,reference,NLLAB,Emissions|ch4|F_I_HFO,?,15.87900001,13.0918,11.658,11.64460001,11.98630001,12.90420001
Temoa,reference,NLLAB,Emissions|ch4|F_I_NG,?,21.56514747,32.09973193,28.69731907,17.34932978,8.927613946,6.814745306
Temoa,reference,NLLAB,Emissions|ch4|F_R_NG,?,0.494053479,0.907763616,1.359420544,1.444998083,1.415593043,1.404151538
Temoa,reference,NLLAB,Emissions|ch4|F_R_OIL,?,7.409305122,5.322445569,3.234348735,1.285038866,,
Temoa,reference,NLLAB,Emissions|ch4|F_R_WOOD,?,2048.176823,2779.72574,3652.514479,4435.193879,4944.391911,4898.210924
Temoa,reference,NLLAB,Emissions|ch4|F_T_CNG,?,0.01879159,0.008276822,0.000132884,0.000106751,0.000102997,0.000101356
Temoa,reference,NLLAB,Emissions|ch4|F_T_DSL,?,139.9177231,119.9782485,87.867481,34.82712547,20.9311451,15.39387619
Temoa,reference,NLLAB,Emissions|ch4|F_T_GSL,?,2591.67875,1961.230664,1071.339226,199.8173252,192.8007902,213.2457181
Temoa,reference,NLLAB,Emissions|ch4|F_T_HFO,?,11.16828768,11.16834342,11.11133192,10.84865516,10.03461109,9.685126631
Temoa,reference,NLLAB,Emissions|ch4|F_T_JTF,?,41.94547554,39.74407172,38.25379274,36.92255779,36.36989586,36.58322383
Temoa,reference,NLLAB,Emissions|ch4|F_T_LNG,?,13.23315676,13.23728313,13.24190078,16.01784584,16.02021285,16.02223101
Temoa,reference,NLLAB,Emissions|ch4|F_T_MDO,?,0.020682791,,1.17159E-05,1.3246E-05,,
Temoa,reference,NLLAB,Emissions|ch4|F_T_NG,?,0.108552782,0.108605219,0.103245913,0.103249855,0.103298707,0.072984116
Temoa,reference,NLLAB,Emissions|co2,?,15206.54544,14007.33147,11945.80901,9174.349635,8393.305511,8234.289943
Temoa,reference,NLLAB,Emissions|co2e,?,13386.73477,12521.92317,10857.27643,8570.976919,7930.486587,7784.924017
Temoa,reference,NLLAB,Emissions|co2e|E_NG_CCS-NEW,?,-0.058076775,-0.087688231,-0.119551035,-0.184809939,-0.233572445,-0.326930869
Temoa,reference,NLLAB,Emissions|co2e|E_NG_CCS_RFIT_90,?,-0.045868187,-0.090618043,-0.132595457,-0.199004554,-0.256986112,-0.351701136
Temoa,reference,NLLAB,Emissions|co2e|E_NG_CCS_RFIT_95,?,-0.047955415,-0.094761179,-0.13884445,-0.208156991,-0.268853457,-0.36765318
Temoa,reference,NLLAB,Emissions|co2e|F_A_DSL,?,37.97218279,41.95731995,40.67231245,39.45791177,39.58427682,40.29446396
Temoa,reference,NLLAB,Emissions|co2e|F_C_OIL,?,370.490809,0.000257655,0.000198422,0.000218502,,
Temoa,reference,NLLAB,Emissions|co2e|F_E_BIO_M,?,0.207320754,0.283340766,0.403760041,0.549211742,0.699369921,0.90420634
Temoa,reference,NLLAB,Emissions|co2e|F_E_DSL,?,0.017000309,0.021710516,0.023932742,0.027010713,0.030087836,0.033505158
Temoa,reference,NLLAB,Emissions|co2e|F_E_GSL,?,0.014754281,0.018713188,0.022027885,0.026175397,0.032363103,0.037210849
Temoa,reference,NLLAB,Emissions|co2e|F_E_NG,?,0.312666883,0.508978165,0.6623871,0.99067318,1.241107941,1.70808045
Temoa,reference,NLLAB,Emissions|co2e|F_E_OIL,?,0.030936678,0.029044826,0.03216008,0.03622081,0.042881199,0.047019005
Temoa,reference,NLLAB,Emissions|co2e|F_I_BIO,?,264.7839999,304.7979997,336.4139996,363.5839996,380.3799997,393.7179998
Temoa,reference,NLLAB,Emissions|co2e|F_I_HFO,?,1747.801223,1441.014172,1283.195834,1281.720897,1319.33181,1420.365045
Temoa,reference,NLLAB,Emissions|co2e|F_I_NG,?,1133.653574,1687.443867,1508.583161,912.0331656,469.313807,358.2428724
Temoa,reference,NLLAB,Emissions|co2e|F_R_NG,?,25.97908114,47.7334249,71.48314523,75.98311526,74.43689414,73.83525931
Temoa,reference,NLLAB,Emissions|co2e|F_R_OIL,?,154.365625,110.8879474,67.38449231,26.77252785,,
Temoa,reference,NLLAB,Emissions|co2e|F_R_WOOD,?,770.6570489,1045.913229,1374.312998,1668.807784,1860.401131,1843.024847
Temoa,reference,NLLAB,Emissions|co2e|F_T_CNG,?,0.987851046,0.435102463,0.006985553,0.005611785,0.005414443,0.005328138
Temoa,reference,NLLAB,Emissions|co2e|F_T_DSL,?,2915.048904,2499.629454,1830.633022,725.5890939,436.079935,320.7163532
Temoa,reference,NLLAB,Emissions|co2e|F_T_ETH,?,269.4938809,291.1830365,159.0612541,29.66678859,28.62504678,31.66049606
Temoa,reference,NLLAB,Emissions|co2e|F_T_GSL,?,2282.922828,1727.582269,943.7067677,176.0123754,169.8317452,187.8409961
Temoa,reference,NLLAB,Emissions|co2e|F_T_HFO,?,1229.293208,1229.299343,1223.024089,1194.111263,1104.509448,1066.0417
Temoa,reference,NLLAB,Emissions|co2e|F_T_JTF,?,1362.665976,1291.149846,1242.735745,1199.488445,1181.534337,1188.464638
Temoa,reference,NLLAB,Emissions|co2e|F_T_LNG,?,695.6509561,695.8678745,696.1106187,842.0386745,842.1631049,842.2691972
Temoa,reference,NLLAB,Emissions|co2e|F_T_MDO,?,1.360266437,0.000568507,0.000770535,0.000871161,0.000408632,0.000158764
Temoa,reference,NLLAB,Emissions|co2e|F_T_NG,?,5.706487739,5.709244265,5.427512088,5.427719277,5.430287403,3.836686196
Temoa,reference,NLLAB,Emissions|co2e|F_T_RDSL,?,117.4707424,100.7301549,73.77091334,29.23981461,17.57316443,12.92423879
Temoa,reference,NLLAB,Emissions|co2e|T_I_H2_SMR_CCS,?,-0.000656337,-0.000658831,-0.00066277,-0.000678751,-0.000620889,
Temoa,reference,NLLAB,Emissions|co2|E_NG_CCS-NEW,?,-0.058076775,-0.087688231,-0.119551035,-0.184809939,-0.233572445,-0.326930869
Temoa,reference,NLLAB,Emissions|co2|E_NG_CCS_RFIT_90,?,-0.045868187,-0.090618043,-0.132595457,-0.199004554,-0.256986112,-0.351701136
Temoa,reference,NLLAB,Emissions|co2|E_NG_CCS_RFIT_95,?,-0.047955415,-0.094761179,-0.13884445,-0.208156991,-0.268853457,-0.36765318
Temoa,reference,NLLAB,Emissions|co2|F_A_DSL,?,36.42585866,40.24871087,39.01603215,37.85108497,37.97230411,38.65357062
Temoa,reference,NLLAB,Emissions|co2|F_C_OIL,?,355.4034784,0.000247163,0.000190341,0.000209604,,
Temoa,reference,NLLAB,Emissions|co2|F_E_BIO_M,?,0.170973211,0.233665369,0.332972696,0.452923757,0.576756154,0.745680584
Temoa,reference,NLLAB,Emissions|co2|F_E_DSL,?,0.016308013,0.020826408,0.02295814,0.025910768,0.028862582,0.032140742
Temoa,reference,NLLAB,Emissions|co2|F_E_GSL,?,0.014200581,0.018010918,0.02120122,0.025193083,0.031148577,0.035814396
Temoa,reference,NLLAB,Emissions|co2|F_E_NG,?,0.308348884,0.501949062,0.653239385,0.976991761,1.223967962,1.684491475
Temoa,reference,NLLAB,Emissions|co2|F_E_OIL,?,0.030837305,0.028951529,0.032056777,0.036104462,0.042743458,0.046867973
Temoa,reference,NLLAB,Emissions|co2|F_IMP_CNG,?,0.067251039,0.029620956,0.000475563,0.00038204,0.000368605,0.00036273
Temoa,reference,NLLAB,Emissions|co2|F_IMP_DSL,?,746.9939374,642.9196214,473.3672834,193.5314192,120.3305706,91.32896766
Temoa,reference,NLLAB,Emissions|co2|F_IMP_GSL,?,505.4187177,382.9811699,209.891744,40.37731151,39.02014264,43.02444834
Temoa,reference,NLLAB,Emissions|co2|F_IMP_HFO,?,500.5766677,448.9936991,421.402561,416.2930807,407.5511905,418.0711199
Temoa,reference,NLLAB,Emissions|co2|F_IMP_JTF,?,294.1477948,278.7101803,268.2594161,258.9239677,255.0483581,256.5443467
Temoa,reference,NLLAB,Emissions|co2|F_IMP_MDO,?,0.230482885,9.63276E-05,0.000130559,0.000147609,6.92384E-05,2.69008E-05
Temoa,reference,NLLAB,Emissions|co2|F_IMP_NG,?,79.35469834,118.5497135,107.9807692,67.6972017,37.46954316,29.79012142
Temoa,reference,NLLAB,Emissions|co2|F_IMP_OIL,?,108.781233,22.98715955,13.97181877,5.555939595,0.008721968,0.009563591
Temoa,reference,NLLAB,Emissions|co2|F_IMP_SPK,?,2.20643E-05,4.92348E-05,7.75913E-05,0.000107091,0.000138129,0.000110553
Temoa,reference,NLLAB,Emissions|co2|F_I_BIO,?,264.7839999,304.7979997,336.4139996,363.5839996,380.3799997,393.7179998
Temoa,reference,NLLAB,Emissions|co2|F_I_HFO,?,1742.187001,1436.3854,1279.074,1277.603801,1315.093901,1415.802601
Temoa,reference,NLLAB,Emissions|co2|F_I_NG,?,1127.798928,1678.729223,1500.792226,907.323057,466.8900804,356.3927611
Temoa,reference,NLLAB,Emissions|co2|F_R_NG,?,25.83766167,47.4735837,71.09402028,75.56949432,74.03169019,73.43333042
Temoa,reference,NLLAB,Emissions|co2|F_R_OIL,?,148.079463,106.3723074,64.64042392,25.68228223,,
Temoa,reference,NLLAB,Emissions|co2|F_R_WOOD,?,635.545199,862.5433745,1133.367986,1376.231849,1534.234987,1519.905118
Temoa,reference,NLLAB,Emissions|co2|F_T_CNG,?,0.982749383,0.432855417,0.006949477,0.005582804,0.005386481,0.005300622
Temoa,reference,NLLAB,Emissions|co2|F_T_DSL,?,2796.340677,2397.838167,1756.084976,696.0412554,418.3216478,307.6559654
Temoa,reference,NLLAB,Emissions|co2|F_T_ETH,?,269.4938809,291.1830365,159.0612541,29.66678859,28.62504678,31.66049606
Temoa,reference,NLLAB,Emissions|co2|F_T_GSL,?,2197.249031,1662.749358,908.2912289,169.4069623,163.4582795,180.791677
Temoa,reference,NLLAB,Emissions|co2|F_T_HFO,?,1225.344518,1225.350634,1219.095537,1190.275583,1100.961584,1062.617401
Temoa,reference,NLLAB,Emissions|co2|F_T_JTF,?,1328.56754,1258.840981,1211.638363,1169.473254,1151.968417,1158.725299
Temoa,reference,NLLAB,Emissions|co2|F_T_LNG,?,692.0583328,692.274131,692.5156216,837.6900458,837.8138336,837.919378
Temoa,reference,NLLAB,Emissions|co2|F_T_MDO,?,1.340452317,0.000560226,0.000759311,0.000858472,0.00040268,0.000156451
Temoa,reference,NLLAB,Emissions|co2|F_T_NG,?,5.677017126,5.679759416,5.399482218,5.399688337,5.4022432,3.816871995
Temoa,reference,NLLAB,Emissions|co2|F_T_RDSL,?,117.4707424,100.7301549,73.77091334,29.23981461,17.57316443,12.92423879
Temoa,reference,NLLAB,Emissions|co2|T_I_H2_SMR_CCS,?,-0.000662628,-0.000665146,-0.000669122,-0.000685257,-0.00062684,
Temoa,reference,NLLAB,Emissions|n2o,?,1019.149361,990.2414016,983.5492854,899.1662896,914.6215753,891.4984248
Temoa,reference,NLLAB,Emissions|n2o|F_A_DSL,?,5.477257157,6.052089032,5.866734491,5.691564555,5.709791947,5.812232137
Temoa,reference,NLLAB,Emissions|n2o|F_C_OIL,?,53.44105306,3.71652E-05,2.86211E-05,3.15176E-05,,
Temoa,reference,NLLAB,Emissions|n2o|F_E_BIO_M,?,0.076628693,0.104726769,0.149235442,0.202996455,0.258497049,0.334207497
Temoa,reference,NLLAB,Emissions|n2o|F_E_DSL,?,0.002452191,0.00313161,0.003452153,0.003896132,0.004339988,0.004832916
Temoa,reference,NLLAB,Emissions|n2o|F_E_GSL,?,0.000310285,0.000393541,0.00046325,0.000550473,0.000680601,0.00078255
Temoa,reference,NLLAB,Emissions|n2o|F_E_NG,?,0.007808318,0.012710855,0.016541979,0.02474036,0.030994538,0.042656373
Temoa,reference,NLLAB,Emissions|n2o|F_E_OIL,?,0.000335179,0.000314682,0.000348434,0.000392429,0.00046459,0.000509421
Temoa,reference,NLLAB,Emissions|n2o|F_I_HFO,?,18.93630001,15.61246,13.9026,13.88662001,14.29411001,15.38874001
Temoa,reference,NLLAB,Emissions|n2o|F_I_NG,?,19.23378018,28.62949064,25.5949062,15.47372656,7.962466492,6.078016083
Temoa,reference,NLLAB,Emissions|n2o|F_R_NG,?,0.467347886,0.858695313,1.285938352,1.366890079,1.3390745,1.328251455
Temoa,reference,NLLAB,Emissions|n2o|F_R_OIL,?,22.26630555,15.99491415,9.71980449,3.861774831,,
Temoa,reference,NLLAB,Emissions|n2o|F_R_WOOD,?,284.8457834,386.5843745,507.9655898,616.8150428,687.6306631,681.2081417
Temoa,reference,NLLAB,Emissions|n2o|F_T_CNG,?,0.016760067,0.00738203,0.000118518,9.52106E-05,9.18625E-05,9.03982E-05
Temoa,reference,NLLAB,Emissions|n2o|F_T_DSL,?,420.4781315,360.5563944,264.0577149,104.6618278,62.90188684,46.26138958
Temoa,reference,NLLAB,Emissions|n2o|F_T_GSL,?,48.0102273,36.33132771,19.84630223,3.701568029,3.5715884,3.950325787
Temoa,reference,NLLAB,Emissions|n2o|F_T_HFO,?,13.31859978,13.31866626,13.25067792,12.93742607,11.96664815,11.54987489
Temoa,reference,NLLAB,Emissions|n2o|F_T_JTF,?,120.6005959,114.2711739,109.9863606,106.1588267,104.5698268,105.1831821
Temoa,reference,NLLAB,Emissions|n2o|F_T_LNG,?,11.80254522,11.80622549,11.81034394,14.28618683,14.28829794,14.29009793
Temoa,reference,NLLAB,Emissions|n2o|F_T_MDO,?,0.070321518,2.939E-05,3.98342E-05,4.50363E-05,2.1125E-05,
Temoa,reference,NLLAB,Emissions|n2o|F_T_NG,?,0.096817346,0.096864114,0.092084193,0.092087708,0.092131279,0.065093941
Temoa,reference,NLLAB-NS,Activity|electricity,?,12.51896897,11.77017048,11.03680347,10.29864822,9.714607209,8.74185932
Temoa,reference,NLLAB-NS,Activity|electricity|E_INT,?,12.51896897,11.77017048,11.03680347,10.29864822,9.714607209,8.74185932
Temoa,reference,NLLAB-NS,Capacity|electricity,?,0.475,0.475,0.475,0.475,0.475,0.475
Temoa,reference,NLLAB-NS,Capacity|electricity|E_INT,?,0.475,0.475,0.475,0.475,0.475,0.475
Temoa,reference,NLLAB-QC,Activity|electricity,?,2.129505465,3.928507589,3.090325268,11.44494893,21.62740977,16.80637966
Temoa,reference,NLLAB-QC,Activity|electricity|E_INT,?,2.129505465,3.928507589,3.090325268,11.44494893,21.62740977,16.80637966
Temoa,reference,NLLAB-QC,Capacity|electricity,?,5.2,5.2,5.2,5.2,5.2,5.2
Temoa,reference,NLLAB-QC,Capacity|electricity|E_INT,?,5.2,5.2,5.2,5.2,5.2,5.2
Temoa,reference,NS,Activity|agriculture|A_AGRI,?,2.883339518,3.185939559,3.088379282,2.996165787,3.00576096,3.059687618
Temoa,reference,NS,Activity|agriculture|E_A_ELC,?,0.818853326,0.901644882,0.874034612,0.84794408,0.850656397,0.865929727
Temoa,reference,NS,Activity|agriculture|F_A_DSL,?,1.741552262,1.92432123,1.865381087,1.809684135,1.81547962,1.848051321
Temoa,reference,NS,Activity|agriculture|F_A_GSL,?,0.322933929,0.359973447,0.348963584,0.338537571,0.339624943,0.34570657
Temoa,reference,NS,Activity|commercial,?,48.69913763,50.77618061,51.68747619,51.58966928,53.80808241,57.09813164
Temoa,reference,NS,Activity|commercial|C_OTHER,?,10.34544899,11.43118075,12.24407307,12.72318771,13.26339021,14.07459157
Temoa,reference,NS,Activity|commercial|C_SPC_ELC-EXS,?,5.166461865,3.373530866,1.572224512,,,
Temoa,reference,NS,Activity|commercial|C_SPHC_HP_AIR-NEW,?,3.390126549,9.394539743,15.00121932,19.53969788,20.37054833,21.61724717
Temoa,reference,NS,Activity|commercial|C_SPH_NG-EXS,?,5.850541274,4.310911798,2.770775477,0.584141955,,
Temoa,reference,NS,Activity|commercial|C_SPH_NG_FRN-NEW,?,0.998400354,1.001608858,0.021813955,,0.607323871,0.643450035
Temoa,reference,NS,Activity|commercial|C_SPH_OIL-EXS,?,0.958172766,,,,,
Temoa,reference,NS,Activity|commercial|E_C_ELC,?,10.7211974,13.00513826,14.99360163,16.49706617,17.49569864,18.88208896
Temoa,reference,NS,Activity|commercial|F_C_NG,?,10.13290738,8.259270342,5.083768224,2.245575561,2.071121368,1.880753915
Temoa,reference,NS,Activity|commercial|F_C_OIL,?,1.135881056,,,,,
Temoa,reference,NS,Activity|electricity,?,127.8272377,145.9804872,165.9052321,190.1198379,202.2905659,204.4417298
Temoa,reference,NS,Activity|electricity|E_BAT_2H-NEW,?,0.006055906,0.011900088,0.019545669,0.018451477,0.100214268,0.339190092
Temoa,reference,NS,Activity|electricity|E_BAT_4H-NEW,?,0.000809913,0.002072482,0.003727508,0.004622934,0.010135826,0.01729749
Temoa,reference,NS,Activity|electricity|E_BIO_M-EXS,?,0.000120318,0.000192337,0.000345671,0.000330678,0.000218656,0.000377735
Temoa,reference,NS,Activity|electricity|E_COAL-EXS,?,0.155779798,0.384856115,0.446891111,0.511377661,0.376862086,0.494097315
Temoa,reference,NS,Activity|electricity|E_COAL_RFIT_BYPASS,?,0.155762644,0.384744684,0.446508458,0.508719911,0.372211924,0.487866758
Temoa,reference,NS,Activity|electricity|E_ELC_DX_to_DEM,?,39.12923299,44.11538606,49.96779461,55.78387882,58.62060912,60.21336879
Temoa,reference,NS,Activity|electricity|E_ELC_TX_to_DX,?,39.00861712,43.99482173,49.84730927,55.66348565,58.50036327,60.09329783
Temoa,reference,NS,Activity|electricity|E_HYD_DLY-EXS,?,3.264834427,3.167248249,2.989272661,2.930339406,2.702598754,2.603798638
Temoa,reference,NS,Activity|electricity|E_HYD_ROR-EXS,?,0.120615873,0.120564329,0.120485341,0.120393175,0.120245849,0.120070961
Temoa,reference,NS,Activity|electricity|E_NG_CC-EXS,?,0.357598416,0.30997717,0.30992832,0.319794028,0.251925524,0.204951132
Temoa,reference,NS,Activity|electricity|E_NG_CC-NEW,?,6.374292836,6.998347443,7.364363646,9.124190257,10.43875412,9.139588173
Temoa,reference,NS,Activity|electricity|E_NG_CCS-NEW,?,0.000506323,0.000956192,0.00187315,0.003415318,0.003152947,0.003601851
Temoa,reference,NS,Activity|electricity|E_NG_CC_RFIT_BYPASS,?,6.72986667,7.305479633,7.672083713,9.437575867,10.68288418,9.334725331
Temoa,reference,NS,Activity|electricity|E_NG_CT-EXS,?,0.384500312,0.29414527,0.316368391,0.390259552,0.265817276,
Temoa,reference,NS,Activity|electricity|E_NG_CT-NEW,?,0.002340694,0.003403106,0.00451314,0.006832546,0.005957338,0.006644872
Temoa,reference,NS,Activity|electricity|E_SOL_PV-NEW-1,?,0.000623777,0.004145914,0.024627671,1.97154867,2.830463951,6.783932867
Temoa,reference,NS,Activity|electricity|E_SOL_PV-NEW-2,?,0.000380031,0.002394044,0.007524326,0.015519483,0.024124628,0.034495505
Temoa,reference,NS,Activity|electricity|E_SOL_PV-NEW-3,?,0.000388184,0.002078395,0.006422505,0.01226806,0.018353118,0.02559854
Temoa,reference,NS,Activity|electricity|E_SOL_PV-NEW-4,?,0.00041402,0.00249742,0.009160308,0.020979904,0.034493933,0.050914468
Temoa,reference,NS,Activity|electricity|E_SOL_PV-NEW-5,?,0.000405319,0.002254816,0.007123493,0.014076727,0.021290583,0.029857274
Temoa,reference,NS,Activity|electricity|E_WND_ON-EXS,?,7.070638854,7.060243781,6.702155874,4.419638318,1.639630154,1.000233365
Temoa,reference,NS,Activity|electricity|E_WND_ON-NEW-1,?,3.538744459,6.349072858,6.302051025,6.340033321,6.277690044,6.167971439
Temoa,reference,NS,Activity|electricity|E_WND_ON-NEW-10,?,0.004506254,0.010601672,0.016053321,0.022212105,0.027243126,0.034533154
Temoa,reference,NS,Activity|electricity|E_WND_ON-NEW-11,?,0.014556328,0.060385293,5.363889267,10.79419762,15.75441563,16.89203695
Temoa,reference,NS,Activity|electricity|E_WND_ON-NEW-12,?,0.004107149,0.009051235,0.013426643,0.018283395,0.022145059,0.027116391
Temoa,reference,NS,Activity|electricity|E_WND_ON-NEW-13,?,0.005180552,0.013042892,0.021768711,0.031716836,0.039989307,0.051781366
Temoa,reference,NS,Activity|electricity|E_WND_ON-NEW-2,?,7.675709166,7.928673757,7.866739206,7.895387405,7.852304963,7.763539573
Temoa,reference,NS,Activity|electricity|E_WND_ON-NEW-3,?,0.066520656,2.218236224,3.812660471,3.88221605,3.855016192,3.812617927
Temoa,reference,NS,Activity|electricity|E_WND_ON-NEW-4,?,0.018227372,0.045478282,0.075146167,0.097402163,0.119968051,0.170303216
Temoa,reference,NS,Activity|electricity|E_WND_ON-NEW-5,?,0.02525533,0.067839873,0.105569783,0.12975895,0.148879718,0.186263261
Temoa,reference,NS,Activity|electricity|E_WND_ON-NEW-6,?,0.006591378,0.015867456,0.024997868,0.03445283,0.042822348,0.053877666
Temoa,reference,NS,Activity|electricity|E_WND_ON-NEW-7,?,0.011347594,0.026610847,0.040416033,0.052544761,0.06211675,0.076214365
Temoa,reference,NS,Activity|electricity|E_WND_ON-NEW-8,?,0.006986281,0.016035336,0.024864373,0.033866468,0.041470451,0.052908453
Temoa,reference,NS,Activity|electricity|E_WND_ON-NEW-9,?,0.012126936,0.034435418,0.060446954,0.085313468,0.105829485,0.134695324
Temoa,reference,NS,Activity|electricity|F_E_BIO_M,?,0.000858813,0.003157934,0.006338853,0.008026765,0.009733026,0.012536091
Temoa,reference,NS,Activity|electricity|F_E_COAL,?,0.3903761,0.961888552,1.117946999,1.275570051,0.938967656,1.229838509
Temoa,reference,NS,Activity|electricity|F_E_NG,?,13.28235891,14.05240031,14.78489161,18.14115723,19.97166662,16.79158712
Temoa,reference,NS,Activity|fuel|F_IMP_BIO,?,6.340000005,7.129999997,7.589999997,7.969999995,8.239999997,8.460000005
Temoa,reference,NS,Activity|fuel|F_IMP_BIO_M,?,0.000858813,0.003157934,0.006338853,0.008026765,0.009733026,0.012536091
Temoa,reference,NS,Activity|fuel|F_IMP_CNG,?,0.025263166,0.010932114,,,,
Temoa,reference,NS,Activity|fuel|F_IMP_COAL,?,0.3903761,0.961888552,1.117946999,1.275570051,0.938967656,1.229838509
Temoa,reference,NS,Activity|fuel|F_IMP_DSL,?,48.5568497,42.2351868,32.0150721,17.82791806,14.02359381,13.15452385
Temoa,reference,NS,Activity|fuel|F_IMP_ETH,?,3.442713927,3.444743082,1.739012743,1.407026525,1.489346397,1.674128905
Temoa,reference,NS,Activity|fuel|F_IMP_GSL,?,28.17761934,19.88018425,10.20336913,8.311687879,8.779254527,9.832437031
Temoa,reference,NS,Activity|fuel|F_IMP_HFO,?,31.56146809,32.27155124,32.69551894,32.63161732,31.88291272,31.75509062
Temoa,reference,NS,Activity|fuel|F_IMP_JTF,?,23.73419912,22.62911892,21.90521752,21.24495755,21.01018332,21.20753895
Temoa,reference,NS,Activity|fuel|F_IMP_LNG,?,13.40516242,13.41481749,13.42275874,16.23929664,16.24372909,16.24762936
Temoa,reference,NS,Activity|fuel|F_IMP_MDO,?,0.036666189,,,,,
Temoa,reference,NS,Activity|fuel|F_IMP_NG,?,38.24516397,37.87933113,36.08375565,36.70438885,37.79256479,34.387596
Temoa,reference,NS,Activity|fuel|F_IMP_OIL,?,13.17738604,7.130094531,3.970309722,1.56012414,,
Temoa,reference,NS,Activity|fuel|F_IMP_RDSL,?,1.950637393,1.679619399,1.256237126,0.667426414,0.508671424,0.471103022
Temoa,reference,NS,Activity|fuel|F_IMP_WOOD,?,2.884784998,4.060882746,2.33893353,0.555690695,0.00735308,0.008704416
Temoa,reference,NS,Activity|industrial|E_I_ELC,?,8.34000002,9.220000028,9.910000028,10.52000003,10.78000003,10.88000002
Temoa,reference,NS,Activity|industrial|F_I_BIO,?,6.340000005,7.129999997,7.589999997,7.969999995,8.239999997,8.460000005
Temoa,reference,NS,Activity|industrial|F_I_HFO,?,15.20000002,15.91000003,16.43000003,16.76000003,17.21000003,17.60000002
Temoa,reference,NS,Activity|industrial|F_I_NG,?,2.820000001,2.499999993,2.269999993,2.169999992,2.089999993,2.070000001
Temoa,reference,NS,Activity|industrial|I_IND,?,32.70000004,34.76000004,36.20000004,37.42000004,38.32000004,39.01000004
Temoa,reference,NS,Activity|residential,?,65.70645968,64.01782801,60.37077493,57.81669732,56.70454211,58.15709126
Temoa,reference,NS,Activity|residential|E_R_ELC,?,16.67919212,16.52290625,15.93043859,16.606744,16.74589487,17.1384443
Temoa,reference,NS,Activity|residential|F_R_NG,?,1.241240755,2.081223281,2.958589806,3.161101887,3.222440836,3.307905509
Temoa,reference,NS,Activity|residential|F_R_OIL,?,12.04099843,7.129626319,3.969773353,1.559521378,,
Temoa,reference,NS,Activity|residential|F_R_WOOD,?,2.884784998,4.060882746,2.33893353,0.555690695,0.00735308,0.008704416
Temoa,reference,NS,Activity|residential|R_APP_CL_WASH-EXS,?,0.013599935,0.004972272,,,,
Temoa,reference,NS,Activity|residential|R_APP_CL_WASH-TYP-NEW,?,0.005177178,0.014642028,0.020244905,0.020160424,0.020307165,0.021543408
Temoa,reference,NS,Activity|residential|R_APP_COOK_ELEC-EXS,?,0.015147424,0.009036989,0.001534184,,,
Temoa,reference,NS,Activity|residential|R_APP_COOK_NG-TYP-NEW,?,0.005631649,0.012103995,0.019397286,0.023180685,0.023205285,0.023803394
Temoa,reference,NS,Activity|residential|R_APP_DRY_ELEC-EXS,?,0.010046192,0.004535564,,,,
Temoa,reference,NS,Activity|residential|R_APP_DRY_NG-TYP-NEW,?,0.008054537,0.01306896,0.017878153,0.019422922,0.019375702,0.019915834
Temoa,reference,NS,Activity|residential|R_APP_DS_WASH-EXS,?,0.007871797,0.003772928,,,,
Temoa,reference,NS,Activity|residential|R_APP_DS_WASH-TYP-NEW,?,0.004126728,0.008482429,0.012952324,0.012716261,0.012527159,0.012903822
Temoa,reference,NS,Activity|residential|R_APP_FREZ-EXS,?,0.008751496,0.005966102,0.002477066,,,
Temoa,reference,NS,Activity|residential|R_APP_FREZ-TYP-NEW,?,0.001894726,0.003576501,0.005365458,0.007563322,0.008347662,0.008937194
Temoa,reference,NS,Activity|residential|R_APP_OTH,?,0.443292502,0.461799378,0.47465109,0.484957095,0.495714758,0.508831717
Temoa,reference,NS,Activity|residential|R_APP_REFR-EXS,?,0.01455792,,,,,
Temoa,reference,NS,Activity|residential|R_APP_REFR-TYP-NEW,?,0.011715021,0.024594571,0.028173669,0.028785398,0.029423936,0.030202514
Temoa,reference,NS,Activity|residential|R_LGT_CFL-EXS,?,0.813391598,0.522896988,0.198704526,,,
Temoa,reference,NS,Activity|residential|R_LGT_LED-EXS,?,1.196656367,1.196658008,1.136834011,1.196652612,0.957303356,0.658144374
Temoa,reference,NS,Activity|residential|R_LGT_LED-TYP-NEW,?,2.973665704,3.558466851,4.178372172,4.503796085,4.957619498,5.444375302
Temoa,reference,NS,Activity|residential|R_LGT_T12-EXS,?,0.332820632,0.260470825,0.178716265,0.11575012,0.030276122,
Temoa,reference,NS,Activity|residential|R_SPC_CENT_AC-EXS,?,0.223479429,0.157757031,0.091957636,0.010347781,,
Temoa,reference,NS,Activity|residential|R_SPC_ROOM_AC-EXS,?,0.263644317,,,,,
Temoa,reference,NS,Activity|residential|R_SPHC_AIR_HP-TYP-NEW,?,6.707099073,12.55457597,18.21004285,22.63843089,25.38766417,26.05897202
Temoa,reference,NS,Activity|residential|R_SPH_ELEC-EXS,?,3.464418945,2.663422809,1.64097988,0.69050508,,
Temoa,reference,NS,Activity|residential|R_SPH_ELEC_RAD-NEW,?,,0.000102794,0.000140816,0.00042839,0.000244503,7.14683E-05
Temoa,reference,NS,Activity|residential|R_SPH_HP-EXS,?,2.575526586,1.404831922,0.093651454,,,
Temoa,reference,NS,Activity|residential|R_SPH_NG-EXS,?,0.167071291,0.11793228,0.068792922,0.007505201,,
Temoa,reference,NS,Activity|residential|R_SPH_OIL-EXS,?,6.420042188,4.730555569,3.041069849,1.216426675,,
Temoa,reference,NS,Activity|residential|R_SPH_WOOD-ELC-EXS,?,1.062447858,0.708296948,0.35414792,,,
Temoa,reference,NS,Activity|residential|R_SPH_WOOD-EXS,?,0.379327083,0.252884331,0.126441281,,,
Temoa,reference,NS,Activity|residential|R_SPH_WOOD-OIL-EXS,?,1.449239325,1.067861111,0.686482143,0.274591876,,
Temoa,reference,NS,Activity|residential|R_SPH_WOOD-TYP-NEW,?,,0.00020223,0.001521592,0.002099875,0.002961799,0.003923063
Temoa,reference,NS,Activity|residential|R_WAH_ELC-EXS,?,1.482014311,0.767962323,0.051201229,,,
Temoa,reference,NS,Activity|residential|R_WAH_ELEC-TYP-NEW,?,,1.343875035,3.050033044,4.679439306,4.782410642,4.909010587
Temoa,reference,NS,Activity|residential|R_WAH_HP-TYP-NEW,?,1.805551936,1.805719967,1.445142601,0.000879366,0.001471561,0.001402329
Temoa,reference,NS,Activity|residential|R_WAH_OIL-EXS,?,0.993979623,0.542164708,0.036133327,,,
Temoa,reference,NS,Activity|transportation,?,535.2999268,510.8903572,476.2222204,449.4729292,440.4823007,438.7876955
Temoa,reference,NS,Activity|transportation|E_T_ELC,?,2.569990129,4.465696645,8.25971975,11.31212455,12.74835918,12.44690579
Temoa,reference,NS,Activity|transportation|F_T_CNG,?,0.025263166,0.010932114,,,,
Temoa,reference,NS,Activity|transportation|F_T_DSL,?,46.81529744,40.31086557,30.14969102,16.01823393,12.20811419,11.30647253
Temoa,reference,NS,Activity|transportation|F_T_ETH,?,3.442713927,3.444743082,1.739012743,1.407026525,1.489346397,1.674128905
Temoa,reference,NS,Activity|transportation|F_T_GSL,?,27.85468541,19.5202108,9.854405543,7.973150308,8.439629583,9.486730461
Temoa,reference,NS,Activity|transportation|F_T_HFO,?,16.36146807,16.36155121,16.26551891,15.87161729,14.67291269,14.1550906
Temoa,reference,NS,Activity|transportation|F_T_JTF,?,23.73419912,22.62911892,21.90521752,21.24495755,21.01018332,21.20753895
Temoa,reference,NS,Activity|transportation|F_T_LNG,?,13.40516242,13.41481749,13.42275874,16.23929664,16.24372909,16.24762936
Temoa,reference,NS,Activity|transportation|F_T_MDO,?,0.036666189,,,,,
Temoa,reference,NS,Activity|transportation|F_T_NG,?,10.76865692,10.98643721,10.98650602,10.98655418,10.43733597,10.33734946
Temoa,reference,NS,Activity|transportation|F_T_RDSL,?,1.950637393,1.679619399,1.256237126,0.667426414,0.508671424,0.471103022
Temoa,reference,NS,Activity|transportation|T_BLND_ETH_GSL,?,31.29739934,22.96495388,11.59341829,9.380176833,9.92897598,11.16085937
Temoa,reference,NS,Activity|transportation|T_BLND_GSL_ELC_PHEV35,?,3.328282715,4.798753535,6.796903567,5.753104477,4.2827184,2.251461644
Temoa,reference,NS,Activity|transportation|T_BLND_JTF,?,23.73419768,22.62911565,21.90521241,21.24495046,21.01017406,21.20753168
Temoa,reference,NS,Activity|transportation|T_BLND_RDSL_DSL,?,48.76593483,41.99048497,31.40592814,16.68566034,12.71678561,11.77757555
Temoa,reference,NS,Activity|transportation|T_ELC_AC_DC,?,,0.003517513,0.002477004,0.006916581,,0.003343562
Temoa,reference,NS,Activity|transportation|T_H2_COMP_100_700,?,8.701091501,8.881260987,8.88113917,8.885448859,8.437638809,8.362118328
Temoa,reference,NS,Activity|transportation|T_H2_COMP_10_100,?,8.7010915,8.881260858,8.881122498,8.88542214,8.437532966,8.362096915
Temoa,reference,NS,Activity|transportation|T_H2_HDV_REFUEL,?,0.586790303,1.555897431,1.957738824,4.612523149,7.046722597,7.144867584
Temoa,reference,NS,Activity|transportation|T_H2_LDV_REFUEL,?,,,,,0.946075571,0.946073601
Temoa,reference,NS,Activity|transportation|T_H2_MDV_REFUEL,?,8.070791744,7.280942605,6.880755193,4.230348401,0.403575256,0.229370944
Temoa,reference,NS,Activity|transportation|T_H2_distribution,?,8.7010915,8.881260858,8.882952965,8.887362196,8.438632036,8.362237346
Temoa,reference,NS,Activity|transportation|T_HDV_AJF_JFL_EX,?,0.143781863,0.116615306,0.096454599,0.06036784,,
Temoa,reference,NS,Activity|transportation|T_HDV_AJF_JFL_N,?,0.048470637,0.08001484,0.103814894,0.142768259,0.205434705,0.207553125
Temoa,reference,NS,Activity|transportation|T_HDV_AJP_JFL_EX,?,11.34370163,9.4557244,7.413210892,3.995181722,,
Temoa,reference,NS,Activity|transportation|T_HDV_AJP_JFL_N,?,4.151166417,6.358036564,8.665672574,12.29254629,16.45520725,16.60944465
Temoa,reference,NS,Activity|transportation|T_HDV_BIC_DSL_EX,?,0.041267698,0.017408567,,,,
Temoa,reference,NS,Activity|transportation|T_HDV_BIC_FCEV_N,?,,,,,0.042709498,0.044822815
Temoa,reference,NS,Activity|transportation|T_HDV_BIC_GSL_EX,?,0.004526147,0.001896167,,,,
Temoa,reference,NS,Activity|transportation|T_HDV_BIC_GSL_N,?,0.176209884,0.20973661,0.236304285,0.241129974,0.202309545,0.203760387
Temoa,reference,NS,Activity|transportation|T_HDV_BS_BEV_N,?,,,0.714333817,1.516274417,1.273819979,1.300404013
Temoa,reference,NS,Activity|transportation|T_HDV_BS_CNG_EX,?,0.032713877,0.014564229,,,,
Temoa,reference,NS,Activity|transportation|T_HDV_BS_DSL_EX,?,0.453787194,0.200996851,,,,
Temoa,reference,NS,Activity|transportation|T_HDV_BS_FCHEV_N,?,1.030152927,1.361567834,0.921175783,0.145662258,0.409262481,0.402176438
Temoa,reference,NS,Activity|transportation|T_HDV_BS_GSL_EX,?,0.045169789,0.024429273,,,,
Temoa,reference,NS,Activity|transportation|T_HDV_BT_BEV_EX,?,0.084137379,0.042731242,,,,
Temoa,reference,NS,Activity|transportation|T_HDV_BT_BEV_N,?,0.251836643,0.35853092,0.686485427,0.822343858,0.632128434,0.708862346
Temoa,reference,NS,Activity|transportation|T_HDV_BT_CNG_EX,?,0.002712072,,,,,
Temoa,reference,NS,Activity|transportation|T_HDV_BT_DSL_EX,?,0.198483616,0.08507297,,,,
Temoa,reference,NS,Activity|transportation|T_HDV_BT_FCHEV_N,?,0.40003647,0.483285217,0.312528596,0.197555134,0.404497933,0.343180298
Temoa,reference,NS,Activity|transportation|T_HDV_CHRG,?,0.176540116,0.192369872,1.125401899,1.611766199,1.76413311,1.842568313
Temoa,reference,NS,Activity|transportation|T_HDV_RF_DSL_EX,?,14.12222621,14.12137622,14.12052932,,,
Temoa,reference,NS,Activity|transportation|T_HDV_RF_LNG_N,?,60.36701171,60.41205158,60.45049594,74.59968526,74.62258414,74.64358309
Temoa,reference,NS,Activity|transportation|T_HDV_RICP_DSL_EX,?,0.211175586,0.211173629,0.153495155,0.120281696,0.076890294,
Temoa,reference,NS,Activity|transportation|T_HDV_RICP_DSL_N,?,0.052118344,0.05211842,0.109924685,0.143238862,0.186707604,0.2636691
Temoa,reference,NS,Activity|transportation|T_HDV_T_BEV_N,?,,,1.754576049,2.763561929,3.558540422,3.869694203
Temoa,reference,NS,Activity|transportation|T_HDV_T_DSL_EX,?,13.68576677,10.66704094,5.856171916,,,
Temoa,reference,NS,Activity|transportation|T_HDV_T_DSL_HEV_N,?,6.204873658,8.612781894,11.09032599,12.55541812,8.781612698,7.991709739
Temoa,reference,NS,Activity|transportation|T_HDV_T_FCHEV_N,?,,0.946088387,1.803524945,5.403077044,8.558103198,9.200987364
Temoa,reference,NS,Activity|transportation|T_HDV_WTF_HFO_EX,?,61.21391291,61.21390444,58.05782203,45.24587905,12.08390769,
Temoa,reference,NS,Activity|transportation|T_HDV_WTF_HFO_N,?,42.86528838,42.86528544,45.83693368,58.50350711,91.5488881,103.5256176
Temoa,reference,NS,Activity|transportation|T_HDV_WTF_MDO_EX,?,0.222381908,,,,,
Temoa,reference,NS,Activity|transportation|T_I_H2_ELC_ALK,?,,6.51908E-05,9.67721E-05,0.000367175,,
Temoa,reference,NS,Activity|transportation|T_I_H2_ELC_PEM,?,,1.11823E-05,7.04518E-05,0.000295451,,
Temoa,reference,NS,Activity|transportation|T_I_H2_SMR,?,8.700287958,8.876225686,8.876243733,8.876257293,8.432494887,8.351697593
Temoa,reference,NS,Activity|transportation|T_LDV_BEV_CHRG,?,0.041171225,0.068269021,0.078828377,0.087271347,0.088472937,0.622929104
Temoa,reference,NS,Activity|transportation|T_LDV_C_BEV150_EX,?,0.016989999,0.014081845,,,,
Temoa,reference,NS,Activity|transportation|T_LDV_C_BEV150_N,?,,,,,,0.14204012
Temoa,reference,NS,Activity|transportation|T_LDV_C_BEV200_N,?,,,,,,0.284083936
Temoa,reference,NS,Activity|transportation|T_LDV_C_BEV300_N,?,,,,,,0.426127901
Temoa,reference,NS,Activity|transportation|T_LDV_C_BEV400_N,?,,,,,,0.568171638
Temoa,reference,NS,Activity|transportation|T_LDV_C_DSL_EX,?,0.015128649,,,,,
Temoa,reference,NS,Activity|transportation|T_LDV_C_FCEV400_N,?,,,,,1.331373282,1.363314519
Temoa,reference,NS,Activity|transportation|T_LDV_C_GSL_EX,?,1.165208627,0.628042831,,,,
Temoa,reference,NS,Activity|transportation|T_LDV_C_GSL_HEV_EX,?,0.030613824,0.018030013,,,,
Temoa,reference,NS,Activity|transportation|T_LDV_C_GSL_HEV_N,?,0.545005621,1.658090432,2.780803097,3.135893217,2.090634629,0.904014549
Temoa,reference,NS,Activity|transportation|T_LDV_C_GSL_PHEV35_EX,?,0.010362504,0.007996348,,,,
Temoa,reference,NS,Activity|transportation|T_LDV_LTF_DSL_EX,?,0.077725221,0.063782719,0.011564753,,,
Temoa,reference,NS,Activity|transportation|T_LDV_LTF_GSL_EX,?,0.924771368,0.675744181,0.120920727,,,
Temoa,reference,NS,Activity|transportation|T_LDV_LTF_GSL_HEV_N,?,,,,,0.245143524,0.730850584
Temoa,reference,NS,Activity|transportation|T_LDV_LTF_GSL_PHEV35_N,?,0.788726416,1.10294725,1.753273383,1.919732748,1.701534021,1.240600454
Temoa,reference,NS,Activity|transportation|T_LDV_LTP_BEV300_EX,?,0.013342538,0.012266909,0.000859171,,,
Temoa,reference,NS,Activity|transportation|T_LDV_LTP_DSL_EX,?,0.136456197,0.087051073,0.01457988,,,
Temoa,reference,NS,Activity|transportation|T_LDV_LTP_GSL_EX,?,3.437459152,2.291747735,0.394031704,,,
Temoa,reference,NS,Activity|transportation|T_LDV_LTP_GSL_HEV_EX,?,0.024166545,0.023244822,0.003568935,,,
Temoa,reference,NS,Activity|transportation|T_LDV_LTP_GSL_HEV_N,?,,,,2.549132365,4.421624434,6.890231669
Temoa,reference,NS,Activity|transportation|T_LDV_LTP_GSL_PHEV35_EX,?,0.0043535,0.004960427,,,,
Temoa,reference,NS,Activity|transportation|T_LDV_LTP_GSL_PHEV35_N,?,2.144589276,3.843561606,6.267421349,4.466401838,2.858841571,0.634179924
Temoa,reference,NS,Activity|transportation|T_LDV_M_BEV_N,?,0.055595708,0.110438679,0.152413402,0.171178632,0.173985357,0.176661984
Temoa,reference,NS,Activity|transportation|T_LDV_M_GSL_EX,?,0.10221731,0.0528096,0.015261827,,,
Temoa,reference,NS,Activity|transportation|T_LDV_PHEV_CHRG,?,1.22428043,1.765295422,2.5006761,2.116653909,1.575636716,0.828282979
Temoa,reference,NS,Activity|transportation|T_MDV_CHRG,?,,1.099088871,2.834335995,5.465351482,7.196207632,7.062334355
Temoa,reference,NS,Activity|transportation|T_MDV_T_BEV_N,?,,0.759631354,2.147074077,4.289657752,5.845082299,5.929586695
Temoa,reference,NS,Activity|transportation|T_MDV_T_DSL_EX,?,2.154461737,1.595552212,0.718792741,,,
Temoa,reference,NS,Activity|transportation|T_MDV_T_FCHEV_N,?,2.394103154,2.597228326,2.671172338,1.708346323,0.169250297,0.099825336
Temoa,reference,NS,Activity|transportation|T_MDV_T_GSL_EX,?,1.372084684,0.999345766,0.440581323,,,
Temoa,reference,NS,Activity|transportation|T_OFF,?,3.539964018,3.738605152,3.903752378,4.03384384,4.13816887,4.234243077
Temoa,reference,NS,Capacity|commercial,?,122.1295401,101.4356023,76.30849507,62.83909977,58.0140743,61.51426506
Temoa,reference,NS,Capacity|commercial|C_SPC_AC_ROOF-NEW,?,0.001882045,0.004000624,0.005893936,0.007933944,0.008460819,0.008542829
Temoa,reference,NS,Capacity|commercial|C_SPC_ELC-EXS,?,66.61801603,42.82586745,17.13034698,,,
Temoa,reference,NS,Capacity|commercial|C_SPHC_HP_AIR-NEW,?,9.221114206,25.55301994,40.80315243,53.14779494,55.40888889,58.80112836
Temoa,reference,NS,Capacity|commercial|C_SPHC_HP_GEO-NEW,?,0.000735786,0.001582765,0.002384882,0.002723227,0.002981111,0.003250428
Temoa,reference,NS,Capacity|commercial|C_SPH_ELC-EXS,?,14.45587408,8.432593211,0.963724938,,,
Temoa,reference,NS,Capacity|commercial|C_SPH_ELC_BLR-NEW,?,0.007784529,0.016793271,0.027161104,0.031307234,0.035148044,0.038650106
Temoa,reference,NS,Capacity|commercial|C_SPH_ELC_RES-NEW,?,0.007767823,0.016745513,0.027071824,0.034213625,0.037023769,0.039432547
Temoa,reference,NS,Capacity|commercial|C_SPH_NG-EXS,?,23.79725877,17.53482225,11.27238573,4.508954293,,
Temoa,reference,NS,Capacity|commercial|C_SPH_NG_FRN-NEW,?,4.061191658,4.081740841,4.097415635,4.116693699,2.521571667,2.623260787
Temoa,reference,NS,Capacity|commercial|C_SPH_OIL-EXS,?,3.957915217,2.968436413,1.978957609,0.989478804,,
Temoa,reference,NS,Capacity|electricity,?,3.828839044,3.974754341,4.500634022,5.046849262,5.365121097,5.988013165
Temoa,reference,NS,Capacity|electricity|E_BAT_2H-NEW,?,0.001883828,0.003613887,0.004980921,0.005270995,0.023600315,0.084224162
Temoa,reference,NS,Capacity|electricity|E_BAT_4H-NEW,?,0.000307443,0.000701725,0.001135325,0.001430877,0.002033577,0.003148769
Temoa,reference,NS,Capacity|electricity|E_BIO_M-EXS,?,0.095,0.095,0.095,0.0638,0.0638,0.0638
Temoa,reference,NS,Capacity|electricity|E_BIO_M-NEW,?,4.35248E-05,8.85456E-05,0.000136395,0.000188191,0.000244615,0.000305779
Temoa,reference,NS,Capacity|electricity|E_COAL-EXS,?,0.928,0.625,0.625,0.625,0.625,0.625
Temoa,reference,NS,Capacity|electricity|E_COAL_CCS_RFIT_90,?,2.68436E-05,5.62373E-05,8.86471E-05,0.000122969,0.0001584,0.000193129
Temoa,reference,NS,Capacity|electricity|E_COAL_CCS_RFIT_95,?,2.61091E-05,5.47289E-05,8.63268E-05,0.000119762,0.000154261,0.000188037
Temoa,reference,NS,Capacity|electricity|E_HYD_DLY-EXS,?,0.15595,0.15595,0.15595,0.15595,0.15595,0.15595
Temoa,reference,NS,Capacity|electricity|E_HYD_ROR-EXS,?,0.019,0.019,0.019,0.019,0.019,0.019
Temoa,reference,NS,Capacity|electricity|E_NG_CC-EXS,?,0.049,0.049,0.049,0.049,0.049,0.049
Temoa,reference,NS,Capacity|electricity|E_NG_CC-NEW,?,0.437008788,0.525740312,0.537149074,0.676300933,0.853956957,0.907725759
Temoa,reference,NS,Capacity|electricity|E_NG_CCS-NEW,?,0.000147985,0.00032033,0.00052895,0.000771694,0.001052063,0.001385849
Temoa,reference,NS,Capacity|electricity|E_NG_CCS_RFIT_90,?,6.36831E-05,0.000133515,0.000213892,0.000303984,0.000403776,0.000515635
Temoa,reference,NS,Capacity|electricity|E_NG_CCS_RFIT_95,?,6.18169E-05,0.000129691,0.00020794,0.000295679,0.000392848,0.000501831
Temoa,reference,NS,Capacity|electricity|E_NG_CT-EXS,?,0.094,0.094,0.094,0.094,0.094,
Temoa,reference,NS,Capacity|electricity|E_NG_CT-NEW,?,0.000634855,0.00110592,0.001435293,0.001800669,0.002302374,0.00297045
Temoa,reference,NS,Capacity|electricity|E_OIL_CT-EXS,?,0.554,0.554,0.554,0.554,0.454,0.454
Temoa,reference,NS,Capacity|electricity|E_SOL_PV-NEW-1,?,0.000183122,0.000743482,0.003617228,0.26090673,0.377675517,0.905038593
Temoa,reference,NS,Capacity|electricity|E_SOL_PV-NEW-2,?,0.000160954,0.000543379,0.001361244,0.002651447,0.004206627,0.00608031
Temoa,reference,NS,Capacity|electricity|E_SOL_PV-NEW-3,?,0.000157783,0.000501476,0.001213942,0.002207812,0.00337565,0.004738002
Temoa,reference,NS,Capacity|electricity|E_SOL_PV-NEW-4,?,0.000164276,0.000563209,0.001582754,0.003361847,0.005621948,0.008364143
Temoa,reference,NS,Capacity|electricity|E_SOL_PV-NEW-5,?,0.000159575,0.000520915,0.001301923,0.002445825,0.003789885,0.00536555
Temoa,reference,NS,Capacity|electricity|E_WND_ON-EXS,?,0.76716,0.76716,0.73656,0.48836,0.1896,0.12
Temoa,reference,NS,Capacity|electricity|E_WND_ON-NEW-1,?,0.230331646,0.409792467,0.416445732,0.417936994,0.41896712,0.419977072
Temoa,reference,NS,Capacity|electricity|E_WND_ON-NEW-10,?,0.000463707,0.001057928,0.001712678,0.00237742,0.003107495,0.003989005
Temoa,reference,NS,Capacity|electricity|E_WND_ON-NEW-11,?,0.001218345,0.004835578,0.403878832,0.808311166,1.18665881,1.297685694
Temoa,reference,NS,Capacity|electricity|E_WND_ON-NEW-12,?,0.00043953,0.000960866,0.001533113,0.002103497,0.002723077,0.003384883
Temoa,reference,NS,Capacity|electricity|E_WND_ON-NEW-13,?,0.000565429,0.001359354,0.002361072,0.003417519,0.004594407,0.006043983
Temoa,reference,NS,Capacity|electricity|E_WND_ON-NEW-2,?,0.481612585,0.499309256,0.502802843,0.503979457,0.504952596,0.505956438
Temoa,reference,NS,Capacity|electricity|E_WND_ON-NEW-3,?,0.004640351,0.147390865,0.260946752,0.265339869,0.268892293,0.273062744
Temoa,reference,NS,Capacity|electricity|E_WND_ON-NEW-4,?,0.001350458,0.003339435,0.00580941,0.007553864,0.009759838,0.014031104
Temoa,reference,NS,Capacity|electricity|E_WND_ON-NEW-5,?,0.001845118,0.004895908,0.008080563,0.009975214,0.012073106,0.015411619
Temoa,reference,NS,Capacity|electricity|E_WND_ON-NEW-6,?,0.000614192,0.001423823,0.002346603,0.003244769,0.004251773,0.005469298
Temoa,reference,NS,Capacity|electricity|E_WND_ON-NEW-7,?,0.000941992,0.002179038,0.00350574,0.004594299,0.005754139,0.007209726
Temoa,reference,NS,Capacity|electricity|E_WND_ON-NEW-8,?,0.000645469,0.001456489,0.002390629,0.003291253,0.004311585,0.00559854
Temoa,reference,NS,Capacity|electricity|E_WND_ON-NEW-9,?,0.001029637,0.002825983,0.005270201,0.007434528,0.009756047,0.01269706
Temoa,reference,NS,Capacity|residential,?,83.09011753,86.51935591,93.44281411,90.87723432,92.91857624,95.35317917
Temoa,reference,NS,Capacity|residential|R_APP_CL_WASH-EXS,?,0.2760015,0.1104006,,,,
Temoa,reference,NS,Capacity|residential|R_APP_CL_WASH-TYP-NEW,?,0.114276862,0.296171362,0.417886725,0.42696049,0.436431672,0.447980012
Temoa,reference,NS,Capacity|residential|R_APP_COOK_ELEC-EXS,?,0.307290176,0.189101647,0.052002953,,,
Temoa,reference,NS,Capacity|residential|R_APP_COOK_ELEC-TYP-NEW,?,0.000206609,0.000455511,0.000748822,0.000808506,0.00080579,0.000787261
Temoa,reference,NS,Capacity|residential|R_APP_COOK_NG-EXS,?,0.012441176,0.006220588,,,,
Temoa,reference,NS,Capacity|residential|R_APP_COOK_NG-TYP-NEW,?,0.123664039,0.266344149,0.422230812,0.484486764,0.495254955,0.508399854
Temoa,reference,NS,Capacity|residential|R_APP_DRY_ELEC-EXS,?,0.206519412,0.103259706,,,,
Temoa,reference,NS,Capacity|residential|R_APP_DRY_ELEC-TYP-NEW,?,0.000165477,0.000357863,0.000522434,0.000608898,0.000650099,0.000686819
Temoa,reference,NS,Capacity|residential|R_APP_DRY_NG-TYP-NEW,?,0.168161222,0.28687811,0.400840139,0.409468673,0.418524231,0.429579234
Temoa,reference,NS,Capacity|residential|R_APP_DS_WASH-EXS,?,0.166957353,0.091067647,0.006071176,,,
Temoa,reference,NS,Capacity|residential|R_APP_DS_WASH-TYP-NEW,?,0.097101939,0.184015974,0.276668196,0.288878025,0.29528621,0.303099775
Temoa,reference,NS,Capacity|residential|R_APP_FREZ-EXS,?,0.184129318,0.129973636,0.075817955,0.008664909,,
Temoa,reference,NS,Capacity|residential|R_APP_FREZ-TYP-NEW,?,0.067078724,0.131722159,0.19316087,0.266154331,0.280914945,0.288348288
Temoa,reference,NS,Capacity|residential|R_APP_REFR-EXS,?,0.291158583,0.033275267,,,,
Temoa,reference,NS,Capacity|residential|R_APP_REFR-TYP-NEW,?,0.235088173,0.514941772,0.56347359,0.57570822,0.588479023,0.604050627
Temoa,reference,NS,Capacity|residential|R_LGT_CFL-EXS,?,12.19485966,7.839552637,3.135821055,,,
Temoa,reference,NS,Capacity|residential|R_LGT_LED-EXS,?,17.94091457,17.94091457,17.94091457,17.94091457,14.35273166,9.867503014
Temoa,reference,NS,Capacity|residential|R_LGT_LED-TYP-NEW,?,44.58273148,53.35033948,65.94109727,67.52370784,74.32800932,81.62559442
Temoa,reference,NS,Capacity|residential|R_LGT_T12-EXS,?,4.989881236,3.905124446,2.820367655,1.735610865,0.477292988,
Temoa,reference,NS,Capacity|residential|R_SPC_CENT_AC-EXS,?,0.019699909,0.013905818,0.008111727,0.000927055,,
Temoa,reference,NS,Capacity|residential|R_SPC_ROOM_AC-EXS,?,0.06472125,,,,,
Temoa,reference,NS,Capacity|residential|R_SPC_ROOM_AC-TYP-NEW,?,1.58796E-05,1.7141E-05,3.07289E-05,3.5981E-05,4.0478E-05,3.89849E-05
Temoa,reference,NS,Capacity|residential|R_SPHC_AIR_HP-TYP-NEW,?,0.147894851,0.277622529,0.409335711,0.51176497,0.576064257,0.591286421
Temoa,reference,NS,Capacity|residential|R_SPHC_GEO_HP-TYP-NEW,?,,,,,1.01604E-05,2.05871E-05
Temoa,reference,NS,Capacity|residential|R_SPHC_NG_HP-TYP-NEW,?,,,,1.05669E-05,2.29616E-05,3.56629E-05
Temoa,reference,NS,Capacity|residential|R_SPH_ELEC-EXS,?,0.105355,0.07763,0.049905,0.019962,,
Temoa,reference,NS,Capacity|residential|R_SPH_ELEC_RAD-NEW,?,1.58086E-05,4.09628E-05,6.39201E-05,9.02031E-05,0.000102916,0.000115353
Temoa,reference,NS,Capacity|residential|R_SPH_HP-EXS,?,0.060987882,0.033266118,0.002217741,,,
Temoa,reference,NS,Capacity|residential|R_SPH_NG-EXS,?,0.020025227,0.014135455,0.008245682,0.000942364,,
Temoa,reference,NS,Capacity|residential|R_SPH_NG_FRN-TYP-NEW,?,,1.03112E-05,2.24858E-05,3.51294E-05,4.98116E-05,5.43393E-05
Temoa,reference,NS,Capacity|residential|R_SPH_OIL-EXS,?,0.120922909,0.089101091,0.057279273,0.022911709,,
Temoa,reference,NS,Capacity|residential|R_SPH_WOOD-ELC-EXS,?,0.015998182,0.010665455,0.005332727,,,
Temoa,reference,NS,Capacity|residential|R_SPH_WOOD-EXS,?,0.012068864,0.008045909,0.004022955,,,
Temoa,reference,NS,Capacity|residential|R_SPH_WOOD-OIL-EXS,?,0.027444636,0.020222364,0.013000091,0.005200036,,
Temoa,reference,NS,Capacity|residential|R_SPH_WOOD-TYP-NEW,?,2.79216E-05,6.32282E-05,0.000108258,0.00014703,0.000178959,0.000205751
Temoa,reference,NS,Capacity|residential|R_WAH_ELC-EXS,?,0.206625941,0.112705059,0.007513671,,,
Temoa,reference,NS,Capacity|residential|R_WAH_ELEC-TYP-NEW,?,9.54446E-05,0.187365191,0.425240128,0.652414006,0.666770531,0.684421262
Temoa,reference,NS,Capacity|residential|R_WAH_HP-TYP-NEW,?,0.251732597,0.251914802,0.201814647,0.000681231,0.00080269,0.000817275
Temoa,reference,NS,Capacity|residential|R_WAH_NG-TYP-NEW,?,2.86054E-05,5.76347E-05,8.00572E-05,9.11411E-05,9.93239E-05,0.000100118
Temoa,reference,NS,Capacity|residential|R_WAH_OIL-EXS,?,0.077818529,0.042446471,0.002829765,,,
Temoa,reference,NS,Capacity|residential|R_WAH_SOLAR-TYP-NEW,?,1.05824E-05,2.32456E-05,3.53209E-05,4.88064E-05,5.32585E-05,5.41178E-05
Temoa,reference,NS,Capacity|transportation,?,998.6664885,997.5456455,1016.887356,1049.039653,1048.058757,1055.228533
Temoa,reference,NS,Capacity|transportation|T_ELC_AC_DC,?,0.000275053,0.000590058,0.000920365,0.001265229,0.001597941,0.001697612
Temoa,reference,NS,Capacity|transportation|T_H2_COMP_100_700,?,0.275910046,0.28162565,0.281686609,0.281817246,0.276101642,0.276040683
Temoa,reference,NS,Capacity|transportation|T_H2_COMP_10_100,?,0.275910061,0.28162605,0.281687878,0.28181732,0.276101331,0.276039503
Temoa,reference,NS,Capacity|transportation|T_H2_HDV_REFUEL,?,0.586791408,1.555900412,1.95774257,4.61252705,7.04672738,7.144870368
Temoa,reference,NS,Capacity|transportation|T_H2_LDV_REFUEL,?,,1.06988E-05,2.43123E-05,3.54213E-05,0.946099051,0.946077244
Temoa,reference,NS,Capacity|transportation|T_H2_MDV_REFUEL,?,8.070792317,8.070815531,6.880779168,6.880802008,0.403622348,0.403683915
Temoa,reference,NS,Capacity|transportation|T_HDV_AJF_JFL_EX,?,0.143782222,0.116615624,0.096454849,0.060367984,,
Temoa,reference,NS,Capacity|transportation|T_HDV_AJF_JFL_N,?,0.048470736,0.080015071,0.103815315,0.142768924,0.205435653,0.207553987
Temoa,reference,NS,Capacity|transportation|T_HDV_AJP_JFL_EX,?,11.34370377,9.455726089,7.413212083,3.995182331,,
Temoa,reference,NS,Capacity|transportation|T_HDV_AJP_JFL_N,?,4.151166843,6.358037403,8.665674001,12.29254838,16.45521014,16.60944734
Temoa,reference,NS,Capacity|transportation|T_HDV_BIC_BEV_N,?,,,1.03618E-05,1.03618E-05,1.06576E-05,2.70365E-05
Temoa,reference,NS,Capacity|transportation|T_HDV_BIC_DSL_EX,?,0.061499041,0.024007378,,,,
Temoa,reference,NS,Capacity|transportation|T_HDV_BIC_DSL_HEV_N,?,2.94794E-05,2.94794E-05,3.64084E-05,3.77823E-05,4.36964E-05,4.17998E-05
Temoa,reference,NS,Capacity|transportation|T_HDV_BIC_DSL_N,?,4.30186E-05,4.30186E-05,4.43082E-05,3.56828E-05,4.17644E-05,4.06783E-05
Temoa,reference,NS,Capacity|transportation|T_HDV_BIC_FCEV_N,?,2.46298E-05,2.46298E-05,3.6742E-05,5.04776E-05,0.055979914,0.05875118
Temoa,reference,NS,Capacity|transportation|T_HDV_BIC_GSL_EX,?,0.007978656,0.004197082,,,,
Temoa,reference,NS,Capacity|transportation|T_HDV_BIC_GSL_N,?,0.262578986,0.275486821,0.309625686,0.315951917,0.265092046,0.266995965
Temoa,reference,NS,Capacity|transportation|T_HDV_BS_BEV_N,?,3.23506E-05,0.000887757,1.293223084,2.745023163,2.30610209,2.354234132
Temoa,reference,NS,Capacity|transportation|T_HDV_BS_CNG_EX,?,0.067800234,0.026372317,,,,
Temoa,reference,NS,Capacity|transportation|T_HDV_BS_CNG_N,?,2.08978E-05,3.46762E-05,2.71896E-05,2.80089E-05,2.72362E-05,2.72041E-05
Temoa,reference,NS,Capacity|transportation|T_HDV_BS_DSL_EX,?,0.940464984,0.363909924,,,,
Temoa,reference,NS,Capacity|transportation|T_HDV_BS_DSL_HEV_N,?,3.41483E-05,6.34881E-05,7.79135E-05,7.07381E-05,5.95727E-05,5.33812E-05
Temoa,reference,NS,Capacity|transportation|T_HDV_BS_DSL_N,?,2.95127E-05,4.95466E-05,5.36107E-05,4.32464E-05,2.98409E-05,3.02967E-05
Temoa,reference,NS,Capacity|transportation|T_HDV_BS_DSL_PHEV_N,?,1.88687E-05,4.26725E-05,6.28899E-05,6.80773E-05,6.85486E-05,7.54415E-05
Temoa,reference,NS,Capacity|transportation|T_HDV_BS_FCEV_N,?,0.0001126,0.000170214,0.000182811,0.000158265,0.000219201,0.000208391
Temoa,reference,NS,Capacity|transportation|T_HDV_BS_FCHEV_N,?,2.134919294,2.464927813,1.667678508,0.263733476,0.740948309,0.728128609
Temoa,reference,NS,Capacity|transportation|T_HDV_BS_GSL_EX,?,0.093645444,0.044231513,,,,
Temoa,reference,NS,Capacity|transportation|T_HDV_BS_GSL_N,?,6.39463E-05,0.00010487,0.000109022,8.74871E-05,7.75302E-05,7.37229E-05
Temoa,reference,NS,Capacity|transportation|T_HDV_BT_BEV_EX,?,0.134152562,0.058964241,,,,
Temoa,reference,NS,Capacity|transportation|T_HDV_BT_BEV_N,?,0.401097354,0.494732229,0.947275158,1.134747626,0.872280615,0.978165767
Temoa,reference,NS,Capacity|transportation|T_HDV_BT_CNG_EX,?,0.006348103,0.002051074,,,,
Temoa,reference,NS,Capacity|transportation|T_HDV_BT_CNG_N,?,8.78989E-05,8.78989E-05,4.51939E-05,2.36507E-05,1.36164E-05,1.13558E-05
Temoa,reference,NS,Capacity|transportation|T_HDV_BT_DSL_EX,?,0.316132477,0.123105955,,,,
Temoa,reference,NS,Capacity|transportation|T_HDV_BT_DSL_HEV_N,?,1.03661E-05,1.03661E-05,,,,
Temoa,reference,NS,Capacity|transportation|T_HDV_BT_DSL_PHEV_N,?,1.61722E-05,3.10076E-05,3.43288E-05,4.48837E-05,3.70864E-05,3.86274E-05
Temoa,reference,NS,Capacity|transportation|T_HDV_BT_FCEV_N,?,2.65944E-05,2.65944E-05,3.15345E-05,3.80874E-05,6.13858E-05,6.91333E-05
Temoa,reference,NS,Capacity|transportation|T_HDV_BT_FCHEV_N,?,0.637133454,0.666875324,0.431260341,0.272614493,0.55817398,0.473569761
Temoa,reference,NS,Capacity|transportation|T_HDV_BT_GSL_EX,?,0.003335324,0.002001194,,,,
Temoa,reference,NS,Capacity|transportation|T_HDV_CHRG,?,0.318201976,0.192579185,1.125611605,1.611977274,1.764138156,1.842573453
Temoa,reference,NS,Capacity|transportation|T_HDV_RF_DSL_EX,?,56.66401587,56.66401587,42.71095905,32.03356935,14.1222515,
Temoa,reference,NS,Capacity|transportation|T_HDV_RF_DSL_N,?,0.000162472,0.000203635,0.000242336,0.000292461,0.0003429,0.0003429
Temoa,reference,NS,Capacity|transportation|T_HDV_RF_H2_N,?,,6.76554E-05,0.000432141,0.000557329,0.000758835,0.001603345
Temoa,reference,NS,Capacity|transportation|T_HDV_RF_LNG_N,?,60.3670179,60.41205942,60.45051304,74.59980444,74.62265024,74.64372267
Temoa,reference,NS,Capacity|transportation|T_HDV_RICP_DSL_EX,?,0.211179979,0.211179979,0.153500844,0.120285115,0.07689129,
Temoa,reference,NS,Capacity|transportation|T_HDV_RICP_DSL_N,?,0.052118907,0.052276485,0.110083356,0.143398458,0.186868051,0.263830516
Temoa,reference,NS,Capacity|transportation|T_HDV_T_BEV_N,?,,6.39046E-05,2.41656874,3.806246524,4.901179898,5.608505516
Temoa,reference,NS,Capacity|transportation|T_HDV_T_DSL_EX,?,20.3189823,15.46489784,8.490178102,,,
Temoa,reference,NS,Capacity|transportation|T_HDV_T_DSL_HEV_N,?,9.212249387,11.86233812,15.2747471,17.29550391,12.09772254,11.58626368
Temoa,reference,NS,Capacity|transportation|T_HDV_T_DSL_N,?,6.16245E-05,8.16871E-05,0.000103222,0.000112779,7.23155E-05,5.19585E-05
Temoa,reference,NS,Capacity|transportation|T_HDV_T_DSL_PHEV_N,?,,,1.06001E-05,2.22408E-05,2.22408E-05,1.16407E-05
Temoa,reference,NS,Capacity|transportation|T_HDV_T_FCEV_N,?,,1.37774E-05,3.10646E-05,5.46359E-05,8.26243E-05,7.83995E-05
Temoa,reference,NS,Capacity|transportation|T_HDV_T_FCHEV_N,?,7.21599E-05,1.303045776,2.484024359,7.44167408,11.78706674,13.33957589
Temoa,reference,NS,Capacity|transportation|T_HDV_WTF_HFO_EX,?,61.21391708,61.21391708,58.0578374,45.24589833,12.08393578,
Temoa,reference,NS,Capacity|transportation|T_HDV_WTF_HFO_N,?,42.8652932,42.86589622,45.83755076,58.50413853,91.54954805,103.5262948
Temoa,reference,NS,Capacity|transportation|T_HDV_WTF_LNG_N,?,0.000103464,0.000198018,0.000328065,0.000524961,0.00076198,0.00076198
Temoa,reference,NS,Capacity|transportation|T_HDV_WTF_MDO_EX,?,11.27908073,11.27908073,8.757945544,6.123945713,1.865739771,
Temoa,reference,NS,Capacity|transportation|T_HDV_WTF_MDO_N,?,2.0494E-05,4.32566E-05,6.75742E-05,9.16814E-05,9.16814E-05,9.16814E-05
Temoa,reference,NS,Capacity|transportation|T_I_H2_ELC_ALK,?,8.26733E-05,0.000193715,0.000316563,0.000448811,0.00049137,0.000530792
Temoa,reference,NS,Capacity|transportation|T_I_H2_ELC_PEM,?,6.30339E-05,0.000159527,0.000274672,0.000407187,0.000475453,0.000543516
Temoa,reference,NS,Capacity|transportation|T_I_H2_SMR,?,0.290404822,0.296277216,0.296277216,0.296277216,0.296277216,0.278768202
Temoa,reference,NS,Capacity|transportation|T_LDV_BEV_CHRG,?,0.097926587,0.160524776,0.1816709,0.200968439,0.203621728,1.421153025
Temoa,reference,NS,Capacity|transportation|T_LDV_C_BEV150_EX,?,0.694291468,0.515131087,,,,
Temoa,reference,NS,Capacity|transportation|T_LDV_C_BEV150_N,?,3.73249E-05,0.000216788,0.001684584,0.007917057,0.00827471,5.195979795
Temoa,reference,NS,Capacity|transportation|T_LDV_C_BEV200_N,?,7.46529E-05,0.000433585,0.003369167,0.015834104,0.016549404,10.39195959
Temoa,reference,NS,Capacity|transportation|T_LDV_C_BEV300_N,?,0.000111937,0.000650327,0.005053712,0.023751149,0.0248241,15.58793939
Temoa,reference,NS,Capacity|transportation|T_LDV_C_BEV400_N,?,0.000149233,0.00086708,0.006738255,0.031668183,0.033098787,20.78391918
Temoa,reference,NS,Capacity|transportation|T_LDV_C_CNG_N,?,0.000192962,0.000322766,0.000395269,0.000353652,0.000339933,0.000355824
Temoa,reference,NS,Capacity|transportation|T_LDV_C_DSL_EX,?,0.62228939,0.052853839,,,,
Temoa,reference,NS,Capacity|transportation|T_LDV_C_DSL_N,?,0.000125291,0.000211698,0.00026913,0.000241098,0.000241892,0.000251272
Temoa,reference,NS,Capacity|transportation|T_LDV_C_FCEV400_N,?,6.22304E-05,0.000239744,0.000424259,0.00068836,48.70201846,49.8704641
Temoa,reference,NS,Capacity|transportation|T_LDV_C_GSL_EX,?,47.52025959,22.97401301,,,,
Temoa,reference,NS,Capacity|transportation|T_LDV_C_GSL_HEV_EX,?,1.248574001,0.659562073,,,,
Temoa,reference,NS,Capacity|transportation|T_LDV_C_GSL_HEV_N,?,22.22667016,60.6533338,101.7224477,114.711733,76.47596348,33.06916625
Temoa,reference,NS,Capacity|transportation|T_LDV_C_GSL_N,?,9.33531E-05,0.000211395,0.000322948,0.000358147,0.000363492,0.000362538
Temoa,reference,NS,Capacity|transportation|T_LDV_C_GSL_PHEV35_EX,?,0.43099816,0.315089268,,,,
Temoa,reference,NS,Capacity|transportation|T_LDV_C_GSL_PHEV35_N,?,0.000414769,0.003859438,0.004281887,0.0037733,0.001236469,0.001124395
Temoa,reference,NS,Capacity|transportation|T_LDV_C_GSL_PHEV50_N,?,0.000195265,0.000653899,0.000886518,0.000958391,0.000771846,0.000809402
Temoa,reference,NS,Capacity|transportation|T_LDV_LTF_BEV150_N,?,2.80441E-05,7.7327E-05,0.000155362,0.000255085,0.00031763,0.000381417
Temoa,reference,NS,Capacity|transportation|T_LDV_LTF_BEV200_N,?,5.60677E-05,0.000154617,0.000310687,0.000521366,0.000654967,0.000762845
Temoa,reference,NS,Capacity|transportation|T_LDV_LTF_BEV300_N,?,8.40755E-05,0.000231891,0.000465988,0.000782029,0.000982445,0.00114427
Temoa,reference,NS,Capacity|transportation|T_LDV_LTF_BEV400_N,?,0.000112131,0.000309214,0.000621337,0.001042697,0.001309914,0.001525698
Temoa,reference,NS,Capacity|transportation|T_LDV_LTF_CNG_N,?,0.000423765,0.000599364,0.000794309,0.000657883,0.000622575,0.000616772
Temoa,reference,NS,Capacity|transportation|T_LDV_LTF_DSL_EX,?,7.20308906,5.383122862,0.9952499,,,
Temoa,reference,NS,Capacity|transportation|T_LDV_LTF_DSL_N,?,7.26836E-05,0.000135822,0.000209579,0.000218098,0.000221692,0.000219393
Temoa,reference,NS,Capacity|transportation|T_LDV_LTF_FCEV400_N,?,4.93632E-05,0.000124364,0.000215436,0.000257262,0.00096769,0.001192093
Temoa,reference,NS,Capacity|transportation|T_LDV_LTF_GSL_EX,?,85.61809519,57.03096654,10.20539826,,,
Temoa,reference,NS,Capacity|transportation|T_LDV_LTF_GSL_HEV_EX,?,0.00647788,0.001295576,,,,
Temoa,reference,NS,Capacity|transportation|T_LDV_LTF_GSL_HEV_N,?,0.000444012,0.000818865,0.001569559,0.004147035,20.68954071,61.68186917
Temoa,reference,NS,Capacity|transportation|T_LDV_LTF_GSL_N,?,9.36495E-05,0.000180221,0.00027891,0.000305905,0.000332704,0.000347917
Temoa,reference,NS,Capacity|transportation|T_LDV_LTF_GSL_PHEV35_EX,?,0.097101528,0.097101528,0.019420306,,,
Temoa,reference,NS,Capacity|transportation|T_LDV_LTF_GSL_PHEV35_N,?,73.02255526,93.08566689,147.9713917,162.0201227,143.6047847,104.7033106
Temoa,reference,NS,Capacity|transportation|T_LDV_LTF_GSL_PHEV50_N,?,0.000429769,0.001105176,0.001598116,0.001793011,0.001881844,0.002124884
Temoa,reference,NS,Capacity|transportation|T_LDV_LTP_BEV150_N,?,2.33774E-05,9.13763E-05,0.000188591,0.000296937,0.000468333,0.000716807
Temoa,reference,NS,Capacity|transportation|T_LDV_LTP_BEV200_N,?,4.67466E-05,0.000182736,0.00037716,0.000593867,0.000936673,0.001433636
Temoa,reference,NS,Capacity|transportation|T_LDV_LTP_BEV300_EX,?,0.481545378,0.475322545,0.094753367,,,
Temoa,reference,NS,Capacity|transportation|T_LDV_LTP_BEV300_N,?,7.01238E-05,0.000274102,0.000565735,0.000904819,0.00140501,0.002150465
Temoa,reference,NS,Capacity|transportation|T_LDV_LTP_BEV400_N,?,9.34845E-05,0.000365455,0.000754295,0.001206416,0.001873343,0.002867287
Temoa,reference,NS,Capacity|transportation|T_LDV_LTP_CNG_N,?,0.000495275,0.000699787,0.000915996,0.000705144,0.000625147,0.000601769
Temoa,reference,NS,Capacity|transportation|T_LDV_LTP_DSL_EX,?,4.918444127,2.855992024,0.478351631,,,
Temoa,reference,NS,Capacity|transportation|T_LDV_LTP_DSL_N,?,9.25132E-05,0.000170045,0.000255362,0.000255035,0.000252482,0.000250025
Temoa,reference,NS,Capacity|transportation|T_LDV_LTP_FCEV400_N,?,4.25902E-05,0.000122817,0.000219564,0.00028907,0.000771255,0.001095654
Temoa,reference,NS,Capacity|transportation|T_LDV_LTP_GSL_EX,?,123.8974397,75.18712344,12.9273102,,,
Temoa,reference,NS,Capacity|transportation|T_LDV_LTP_GSL_HEV_EX,?,0.871115923,0.762644247,0.147105266,,,
Temoa,reference,NS,Capacity|transportation|T_LDV_LTP_GSL_HEV_N,?,0.0006879,0.001303611,0.020283848,83.63139404,145.063651,226.0531029
Temoa,reference,NS,Capacity|transportation|T_LDV_LTP_GSL_N,?,0.000108143,0.000217582,0.000332592,0.00036355,0.000385389,0.000403773
Temoa,reference,NS,Capacity|transportation|T_LDV_LTP_GSL_PHEV35_EX,?,0.185632542,0.182936395,0.036452472,,,
Temoa,reference,NS,Capacity|transportation|T_LDV_LTP_GSL_PHEV35_N,?,77.29805211,126.0986075,205.6200081,146.5326623,93.79226405,20.80616218
Temoa,reference,NS,Capacity|transportation|T_LDV_LTP_GSL_PHEV50_N,?,0.000372739,0.000929084,0.001434684,0.001486751,0.001323982,0.001387415
Temoa,reference,NS,Capacity|transportation|T_LDV_M_BEV_N,?,9.453541772,20.30454258,28.04326824,31.50742034,32.0362596,32.5232223
Temoa,reference,NS,Capacity|transportation|T_LDV_M_GSL_EX,?,17.38296804,9.706389497,2.804769292,,,
Temoa,reference,NS,Capacity|transportation|T_LDV_M_GSL_N,?,0.000208657,0.000402575,0.000659529,0.000837815,0.000967669,0.001140258
Temoa,reference,NS,Capacity|transportation|T_LDV_PHEV_CHRG,?,1.224516228,1.765533209,2.500703837,2.116656679,1.575686366,0.828367208
Temoa,reference,NS,Capacity|transportation|T_MDV_CHRG,?,1.27096E-05,1.099103255,2.834352158,5.46535638,7.196215262,7.062339567
Temoa,reference,NS,Capacity|transportation|T_MDV_T_BEV_N,?,0.000239046,28.14636648,79.55480575,158.9432212,216.5758296,219.706949
Temoa,reference,NS,Capacity|transportation|T_MDV_T_DSL_EX,?,84.20413795,62.23100316,28.03491717,,,
Temoa,reference,NS,Capacity|transportation|T_MDV_T_DSL_HEV_N,?,7.05197E-05,0.000101242,0.000126656,0.000122097,9.09202E-05,8.15872E-05
Temoa,reference,NS,Capacity|transportation|T_MDV_T_DSL_N,?,4.88098E-05,7.14561E-05,9.14645E-05,9.08529E-05,7.16606E-05,6.61733E-05
Temoa,reference,NS,Capacity|transportation|T_MDV_T_DSL_PHEV_N,?,2.60178E-05,5.71977E-05,8.87511E-05,0.00010922,0.000113631,0.000112984
Temoa,reference,NS,Capacity|transportation|T_MDV_T_FCEV_N,?,0.000902673,0.001088798,0.001171777,0.000992605,0.00061608,0.000611707
Temoa,reference,NS,Capacity|transportation|T_MDV_T_FCHEV_N,?,93.57010628,96.23419605,98.97403543,63.29879698,6.272315386,3.698835297
Temoa,reference,NS,Capacity|transportation|T_MDV_T_GSL_EX,?,53.62599634,38.97723981,17.18388741,,,
Temoa,reference,NS,Capacity|transportation|T_MDV_T_GSL_N,?,0.00040494,0.000481803,0.000529862,0.000412469,0.000181379,0.000150935
Temoa,reference,NS,Emissions|ch4,?,3520.182567,3197.539109,1892.193261,1194.303146,1068.573534,1106.118731
Temoa,reference,NS,Emissions|ch4|F_A_DSL,?,6.050152558,6.685091953,6.480333895,6.286842686,6.306976199,6.420130291
Temoa,reference,NS,Emissions|ch4|F_C_NG,?,10.05140947,8.192841898,5.04288001,2.227514632,2.054463557,1.865627209
Temoa,reference,NS,Emissions|ch4|F_C_OIL,?,3.946050788,2.86156E-05,3.13329E-05,2.62216E-05,,
Temoa,reference,NS,Emissions|ch4|F_E_BIO_M,?,0.871742887,1.286958071,2.062026999,2.611104123,2.997170397,3.785899504
Temoa,reference,NS,Emissions|ch4|F_E_COAL,?,0.40638152,1.001325983,1.163782826,1.327868423,0.97746533,1.280261888
Temoa,reference,NS,Emissions|ch4|F_E_NG,?,174.4867525,184.6025777,194.2251176,238.3154702,262.3623765,220.5865331
Temoa,reference,NS,Emissions|ch4|F_E_OIL,?,0.000339393,0.000308183,0.000353324,0.000398793,0.000477179,0.000505313
Temoa,reference,NS,Emissions|ch4|F_I_HFO,?,10.18400001,10.65970002,11.00810002,11.22920002,11.53070002,11.79200001
Temoa,reference,NS,Emissions|ch4|F_I_NG,?,2.797319037,2.479892755,2.251742621,2.15254691,2.073190342,2.053351208
Temoa,reference,NS,Emissions|ch4|F_R_NG,?,1.231257586,2.064484221,2.934794179,3.135677476,3.196523083,3.281300373
Temoa,reference,NS,Emissions|ch4|F_R_OIL,?,41.83042856,24.76832183,13.79099263,5.417777269,,
Temoa,reference,NS,Emissions|ch4|F_R_WOOD,?,871.2050693,1226.386589,706.3579262,167.8185899,2.391954628,2.749943315
Temoa,reference,NS,Emissions|ch4|F_T_CNG,?,0.025059977,0.011057417,0.000196388,0.000132966,0.000116709,0.000110642
Temoa,reference,NS,Emissions|ch4|F_T_DSL,?,162.6363433,140.039947,104.7400266,55.64734467,42.41098868,39.27868557
Temoa,reference,NS,Emissions|ch4|F_T_GSL,?,2148.710433,1505.789061,760.1688436,615.0488148,651.0330261,731.8063877
Temoa,reference,NS,Emissions|ch4|F_T_HFO,?,10.9621836,10.96223931,10.89789767,10.63398358,9.830851503,9.483910702
Temoa,reference,NS,Emissions|ch4|F_T_JTF,?,50.76745192,48.40368538,46.85526027,45.4429642,44.94078213,45.36292581
Temoa,reference,NS,Emissions|ch4|F_T_LNG,?,13.29734611,13.30692352,13.3148009,16.10868569,16.11308249,16.11695138
Temoa,reference,NS,Emissions|ch4|F_T_MDO,?,0.040799789,,1.14143E-05,1.29238E-05,,
Temoa,reference,NS,Emissions|ch4|F_T_NG,?,10.68204574,10.89807445,10.89814271,10.89819048,10.35338957,10.25420724
Temoa,reference,NS,Emissions|co2,?,16095.12601,14494.13019,12166.68565,10491.64703,9962.337397,9836.44677
Temoa,reference,NS,Emissions|co2e,?,14075.79428,12771.02893,10733.2761,9300.725531,8846.399633,8725.160799
Temoa,reference,NS,Emissions|co2e|E_COAL_CCS_RFIT_90,?,-0.05577774,-0.122801853,-0.210230483,-0.30752733,-0.415247147,-0.535896708
Temoa,reference,NS,Emissions|co2e|E_COAL_CCS_RFIT_95,?,-0.058311016,-0.128484956,-0.219702927,-0.321369951,-0.434097717,-0.560143014
Temoa,reference,NS,Emissions|co2e|E_NG_CCS-NEW,?,-0.187485355,-0.335690465,-0.507512073,-0.85027195,-0.987143657,-1.225943541
Temoa,reference,NS,Emissions|co2e|E_NG_CCS_RFIT_90,?,-0.089890635,-0.144698987,-0.218925065,-0.324778993,-0.410054426,-0.524297404
Temoa,reference,NS,Emissions|co2e|E_NG_CCS_RFIT_95,?,-0.092562212,-0.149067462,-0.225671916,-0.334840262,-0.423186831,-0.541383553
Temoa,reference,NS,Emissions|co2e|F_A_DSL,?,126.0490107,139.277352,135.0114181,130.9802181,131.3996801,133.7571349
Temoa,reference,NS,Emissions|co2e|F_C_NG,?,528.5386971,430.8086339,265.1724853,117.1306059,108.0309677,98.10128391
Temoa,reference,NS,Emissions|co2e|F_C_OIL,?,82.21210844,0.000596179,0.00065279,0.000546302,,
Temoa,reference,NS,Emissions|co2e|F_E_BIO_M,?,0.328006251,0.484237151,0.775868384,0.982466833,1.127730022,1.424501101
Temoa,reference,NS,Emissions|co2e|F_E_COAL,?,33.66549225,82.95193172,96.41019525,110.0033882,80.97526548,106.0595635
Temoa,reference,NS,Emissions|co2e|F_E_NG,?,698.6937421,739.2003347,777.7316748,954.2817741,1050.57231,883.2901531
Temoa,reference,NS,Emissions|co2e|F_E_OIL,?,0.03735695,0.03392172,0.038890419,0.043895154,0.05252308,0.055619771
Temoa,reference,NS,Emissions|co2e|F_I_BIO,?,313.1960002,352.2219998,374.9459998,393.7179998,407.0559998,417.9240002
Temoa,reference,NS,Emissions|co2e|F_I_HFO,?,1120.952684,1173.312974,1211.661355,1235.997828,1269.183927,1297.945213
Temoa,reference,NS,Emissions|co2e|F_I_NG,?,147.0516595,130.364946,118.3713709,113.1567731,108.9850948,107.9421756
Temoa,reference,NS,Emissions|co2e|F_R_NG,?,64.74388314,108.5578897,154.3218686,164.8850236,168.0845011,172.5423911
Temoa,reference,NS,Emissions|co2e|F_R_OIL,?,871.4960636,516.0237589,287.3218421,112.8740901,,
Temoa,reference,NS,Emissions|co2e|F_R_WOOD,?,327.8038888,461.4462282,265.7776949,63.14424505,0.900008571,1.034707148
Temoa,reference,NS,Emissions|co2e|F_T_CNG,?,1.317372522,0.581274941,0.010323882,0.006989836,0.006135259,0.005816294
Temoa,reference,NS,Emissions|co2e|F_T_DSL,?,3388.369134,2917.595319,2182.156005,1159.357996,883.591466,818.3329945
Temoa,reference,NS,Emissions|co2e|F_T_ETH,?,223.4321339,223.563826,112.861927,91.31602147,96.65858117,108.6509659
Temoa,reference,NS,Emissions|co2e|F_T_GSL,?,1892.726904,1326.399046,669.6072212,541.7758585,573.4731425,644.6236858
Temoa,reference,NS,Emissions|co2e|F_T_HFO,?,1206.607337,1206.613468,1199.531385,1170.482367,1082.081634,1043.893867
Temoa,reference,NS,Emissions|co2e|F_T_JTF,?,1649.262013,1572.471269,1522.168199,1476.287499,1459.973309,1473.687323
Temoa,reference,NS,Emissions|co2e|F_T_LNG,?,699.0253122,699.528785,699.9428894,846.8140145,847.0451489,847.2485321
Temoa,reference,NS,Emissions|co2e|F_T_MDO,?,2.683321829,0.000584867,0.000750697,0.000849975,0.000393623,0.000120457
Temoa,reference,NS,Emissions|co2e|F_T_NG,?,561.5421527,572.8985191,572.9021074,572.9046185,544.2650975,539.0512033
Temoa,reference,NS,Emissions|co2e|F_T_RDSL,?,136.5446175,117.5733579,87.9365988,46.71984896,35.60699971,32.97721155
Temoa,reference,NS,Emissions|co2e|T_I_H2_SMR_CCS,?,-0.000586828,-0.000578714,-0.000579549,-0.00059804,-0.000553156,
Temoa,reference,NS,Emissions|co2|E_COAL_CCS_RFIT_90,?,-0.05577774,-0.122801853,-0.210230483,-0.30752733,-0.415247147,-0.535896708
Temoa,reference,NS,Emissions|co2|E_COAL_CCS_RFIT_95,?,-0.058311016,-0.128484956,-0.219702927,-0.321369951,-0.434097717,-0.560143014
Temoa,reference,NS,Emissions|co2|E_NG_CCS-NEW,?,-0.187485355,-0.335690465,-0.507512073,-0.85027195,-0.987143657,-1.225943541
Temoa,reference,NS,Emissions|co2|E_NG_CCS_RFIT_90,?,-0.089890635,-0.144698987,-0.218925065,-0.324778993,-0.410054426,-0.524297404
Temoa,reference,NS,Emissions|co2|E_NG_CCS_RFIT_95,?,-0.092562212,-0.149067462,-0.225671916,-0.334840262,-0.423186831,-0.541383553
Temoa,reference,NS,Emissions|co2|F_A_DSL,?,120.9159735,133.605623,129.5134088,125.6463695,126.04875,128.3102032
Temoa,reference,NS,Emissions|co2|F_C_NG,?,525.661549,428.4634882,263.728995,116.4929949,107.4428913,97.56726072
Temoa,reference,NS,Emissions|co2|F_C_OIL,?,78.86422171,0.000571901,0.000626207,0.000524055,,
Temoa,reference,NS,Emissions|co2|F_E_BIO_M,?,0.270500086,0.399340533,0.639842881,0.810220422,0.93001602,1.174757094
Temoa,reference,NS,Emissions|co2|F_E_COAL,?,33.58015214,82.74165327,96.16580085,109.7245358,80.76999776,105.7907085
Temoa,reference,NS,Emissions|co2|F_E_NG,?,689.0446246,728.9918121,766.9910257,941.1029285,1036.063671,871.0917177
Temoa,reference,NS,Emissions|co2|F_E_OIL,?,0.037236954,0.033812757,0.038765496,0.043754156,0.052354367,0.055441111
Temoa,reference,NS,Emissions|co2|F_IMP_CNG,?,0.08968424,0.039572103,0.00070283,0.000475855,0.000417677,0.000395962
Temoa,reference,NS,Emissions|co2|F_IMP_COAL,?,5.855641502,14.42832828,16.76920498,19.13355076,14.08451484,18.44757764
Temoa,reference,NS,Emissions|co2|F_IMP_DSL,?,888.9993866,773.2597025,586.1455106,326.4010808,256.7498997,240.8385986
Temoa,reference,NS,Emissions|co2|F_IMP_GSL,?,422.6642901,298.2027637,153.0505369,124.6753182,131.6888179,147.4865555
Temoa,reference,NS,Emissions|co2|F_IMP_HFO,?,391.3622043,400.1672353,405.4244348,404.6320547,395.3481177,393.7631237
Temoa,reference,NS,Emissions|co2|F_IMP_JTF,?,356.0129868,339.4367838,328.5782628,318.6743633,315.1527498,318.1130842
Temoa,reference,NS,Emissions|co2|F_IMP_MDO,?,0.454660748,9.90995E-05,0.000127198,0.000144019,6.66953E-05,2.04101E-05
Temoa,reference,NS,Emissions|co2|F_IMP_NG,?,135.7703321,134.4716255,128.0973326,130.3005804,134.163605,122.0759658
Temoa,reference,NS,Emissions|co2|F_IMP_OIL,?,197.6607907,106.951418,59.55464583,23.4018621,0.010683111,0.011312973
Temoa,reference,NS,Emissions|co2|F_IMP_SPK,?,2.16779E-05,4.90418E-05,7.67011E-05,0.000106406,0.000138979,0.000109077
Temoa,reference,NS,Emissions|co2|F_I_BIO,?,313.1960002,352.2219998,374.9459998,393.7179998,407.0559998,417.9240002
Temoa,reference,NS,Emissions|co2|F_I_HFO,?,1117.352001,1169.544102,1207.769302,1232.027602,1265.107102,1293.776002
Temoa,reference,NS,Emissions|co2|F_I_NG,?,146.2922252,129.6916886,117.7600532,112.5723857,108.4222516,107.3847185
Temoa,reference,NS,Emissions|co2|F_R_NG,?,64.39144397,107.966945,153.4818036,163.9874571,167.1695179,171.603141
Temoa,reference,NS,Emissions|co2|F_R_OIL,?,836.0065212,495.0099553,275.6213639,108.2775693,,
Temoa,reference,NS,Emissions|co2|F_R_WOOD,?,270.3332021,380.5453222,219.1814611,52.07377502,0.742218769,0.853301947
Temoa,reference,NS,Emissions|co2|F_T_CNG,?,1.310569077,0.578273001,0.010270565,0.006953738,0.006103574,0.005786256
Temoa,reference,NS,Emissions|co2|F_T_DSL,?,3250.386101,2798.783396,2093.293047,1112.145982,847.609368,785.0083878
Temoa,reference,NS,Emissions|co2|F_T_ETH,?,223.4321339,223.563826,112.861927,91.31602147,96.65858117,108.6509659
Temoa,reference,NS,Emissions|co2|F_T_GSL,?,1821.696426,1276.621786,644.4781225,521.4440302,551.9517748,620.4321721
Temoa,reference,NS,Emissions|co2|F_T_HFO,?,1202.731518,1202.737629,1195.678295,1166.722587,1078.605812,1040.54071
Temoa,reference,NS,Emissions|co2|F_T_JTF,?,1607.991991,1533.122807,1484.078487,1439.345874,1423.43992,1436.810764
Temoa,reference,NS,Emissions|co2|F_T_LNG,?,695.4152625,695.9161351,696.3281008,842.440724,842.6706647,842.8729976
Temoa,reference,NS,Emissions|co2|F_T_MDO,?,2.644235618,0.000576347,0.000739762,0.000837594,0.000387889,0.000118702
Temoa,reference,NS,Emissions|co2|F_T_NG,?,558.6421216,569.9398391,569.9434089,569.9459071,541.4542921,536.2673246
Temoa,reference,NS,Emissions|co2|F_T_RDSL,?,136.5446175,117.5733579,87.9365988,46.71984896,35.60699971,32.97721155
Temoa,reference,NS,Emissions|co2|T_I_H2_SMR_CCS,?,-0.000592453,-0.000584261,-0.000585104,-0.000603772,-0.000558458,
Temoa,reference,NS,Emissions|n2o,?,1029.205417,931.5942052,700.4757038,450.027646,371.2131234,360.7305747
Temoa,reference,NS,Emissions|n2o|F_A_DSL,?,18.18180561,20.08991364,19.47457854,18.89310237,18.95360723,19.2936558
Temoa,reference,NS,Emissions|n2o|F_C_NG,?,9.508090038,7.749985579,4.770291901,2.107108436,1.943411472,1.764782495
Temoa,reference,NS,Emissions|n2o|F_C_OIL,?,11.85859822,8.59952E-05,9.4161E-05,7.88007E-05,,
Temoa,reference,NS,Emissions|n2o|F_E_BIO_M,?,0.121235766,0.178980924,0.286771967,0.363133686,0.416825022,0.526515825
Temoa,reference,NS,Emissions|n2o|F_E_COAL,?,0.270921014,0.667550655,0.775855217,0.885245615,0.651643553,0.853507925
Temoa,reference,NS,Emissions|n2o|F_E_NG,?,17.44867525,18.46025777,19.42251176,23.83154702,26.23623765,22.05865331
Temoa,reference,NS,Emissions|n2o|F_E_OIL,?,0.000404738,0.00036752,0.000421353,0.000475576,0.000569054,0.000602604
Temoa,reference,NS,Emissions|n2o|F_I_HFO,?,12.14480001,12.71209002,13.12757002,13.39124002,13.75079002,14.06240002
Temoa,reference,NS,Emissions|n2o|F_I_NG,?,2.494906168,2.211796241,2.008310986,1.919839136,1.849061656,1.831367293
Temoa,reference,NS,Emissions|n2o|F_R_NG,?,1.164703122,1.952890479,2.776156655,2.966181396,3.023738052,3.103932785
Temoa,reference,NS,Emissions|n2o|F_R_OIL,?,125.7080236,74.43329877,41.4444338,16.28140319,,
Temoa,reference,NS,Emissions|n2o|F_R_WOOD,?,121.1609699,170.5570754,98.23520827,23.33900919,0.332655942,0.382442448
Temoa,reference,NS,Emissions|n2o|F_T_CNG,?,0.02235079,0.00986202,0.000175157,0.000118591,0.000104092,9.86803E-05
Temoa,reference,NS,Emissions|n2o|F_T_DSL,?,488.7517053,420.8454365,314.7627742,167.2303622,127.4527121,118.0395732
Temoa,reference,NS,Emissions|n2o|F_T_GSL,?,39.80434545,27.89438123,14.08194552,11.39363179,12.06023067,13.55653783
Temoa,reference,NS,Emissions|n2o|F_T_HFO,?,13.07281299,13.07287942,12.99614961,12.68142221,11.72365724,11.30991739
Temoa,reference,NS,Emissions|n2o|F_T_JTF,?,145.9653246,139.1690814,134.7170877,130.6564889,129.2126274,130.4263645
Temoa,reference,NS,Emissions|n2o|F_T_LNG,?,11.85979518,11.86833719,11.87536297,14.36720615,14.37112762,14.37457826
Temoa,reference,NS,Emissions|n2o|F_T_MDO,?,0.138719341,3.02358E-05,3.88087E-05,4.39411E-05,2.03491E-05,
Temoa,reference,NS,Emissions|n2o|F_T_NG,?,9.527229985,9.719904237,9.719965117,9.720007721,9.234104211,9.145644299
Temoa,reference,NS-NB,Activity|electricity,?,0.027312098,0.051680269,0.192392065,0.317024758,0.378406933,0.490396327
Temoa,reference,NS-NB,Activity|electricity|E_INT,?,0.027312098,0.051680269,0.192392065,0.317024758,0.378406933,0.490396327
Temoa,reference,NS-NB,Capacity|electricity,?,0.35,0.35,0.35,0.35,0.35,0.35
Temoa,reference,NS-NB,Capacity|electricity|E_INT,?,0.35,0.35,0.35,0.35,0.35,0.35
Temoa,reference,NS-NLLAB,Activity|electricity,?,0.016566063,0.02122656,0.022281508,0.043191905,0.039081981,0.075362075
Temoa,reference,NS-NLLAB,Activity|electricity|E_INT,?,0.016566063,0.02122656,0.022281508,0.043191905,0.039081981,0.075362075
Temoa,reference,NS-NLLAB,Capacity|electricity,?,0.475,0.475,0.475,0.475,0.475,0.475
Temoa,reference,NS-NLLAB,Capacity|electricity|E_INT,?,0.475,0.475,0.475,0.475,0.475,0.475
Temoa,reference,ON,Activity|agriculture|A_AGRI,?,70.3,77.67782807,75.29916271,73.05086255,73.28480537,74.59961414
Temoa,reference,ON,Activity|agriculture|E_A_ELC,?,10.47470078,11.57399796,11.21957803,10.88458272,10.91944204,11.11535097
Temoa,reference,ON,Activity|agriculture|F_A_DSL,?,22.2851,24.6238715,23.86983458,23.15712343,23.2312833,23.64807768
Temoa,reference,ON,Activity|agriculture|F_A_GSL,?,7.943899903,8.777594572,8.508805386,8.254747468,8.281183007,8.429756398
Temoa,reference,ON,Activity|agriculture|F_A_NG,?,29.59629932,32.70236404,31.70094471,30.75440894,30.85289702,31.40642909
Temoa,reference,ON,Activity|commercial,?,992.1619795,1066.044929,1115.562145,1135.271736,1184.41343,1256.921576
Temoa,reference,ON,Activity|commercial|C_OTHER,?,165.2626754,182.606624,195.5921175,203.2457019,211.8751301,224.8336114
Temoa,reference,ON,Activity|commercial|C_SPC_ELC-EXS,?,78.65599347,52.43733755,26.2186577,,,
Temoa,reference,ON,Activity|commercial|C_SPHC_HP_AIR-NEW,?,13.22082361,81.50681716,145.4188508,203.9793636,212.6406203,225.6461798
Temoa,reference,ON,Activity|commercial|C_SPH_NG-EXS,?,183.0232747,139.4462998,95.86931909,52.2923491,3.486132506,
Temoa,reference,ON,Activity|commercial|C_SPH_NG_FRN-NEW,?,62.43864618,99.35083846,131.7405428,158.5980357,216.35787,233.2898065
Temoa,reference,ON,Activity|commercial|E_C_ELC,?,161.298067,190.6057129,215.6729663,235.1053635,249.4353373,269.3046899
Temoa,reference,ON,Activity|commercial|F_C_NG,?,328.2624992,320.0912987,305.0496913,282.0509224,290.6183398,303.8472888
Temoa,reference,ON,Activity|electricity,?,2750.940021,2859.960872,2833.232759,3055.51989,2966.608126,3307.985615
Temoa,reference,ON,Activity|electricity|E_BAT_1H-EXS,?,0.01765183,,,,,
Temoa,reference,ON,Activity|electricity|E_BAT_2H-NEW,?,0.004435659,0.737334726,1.02553747,1.245414196,6.043371267,7.319647599
Temoa,reference,ON,Activity|electricity|E_BAT_3H-EXS,?,0.010276113,,,,,
Temoa,reference,ON,Activity|electricity|E_BAT_4H-EXS,?,0.02570344,0.02866796,,,,
Temoa,reference,ON,Activity|electricity|E_BAT_4H-NEW,?,0.000230293,0.00129234,0.002797622,0.008520726,0.031545604,0.238740824
Temoa,reference,ON,Activity|electricity|E_BAT_5H-EXS,?,0.026403306,0.029413244,,,,
Temoa,reference,ON,Activity|electricity|E_BIO_G-EXS,?,0.018009741,0.0343107,0.149495533,0.03508694,0.05350126,
Temoa,reference,ON,Activity|electricity|E_ELC_DX_to_DEM,?,486.3286724,543.0144484,608.4793411,674.7213927,709.3147362,791.4837634
Temoa,reference,ON,Activity|electricity|E_ELC_TX_to_DX,?,404.6407427,461.3098239,526.6600401,593.0212775,627.5969615,710.0024804
Temoa,reference,ON,Activity|electricity|E_HYD_DLY-EXS,?,60.99282331,60.99279896,60.99281655,60.99277634,60.99264548,60.99265833
Temoa,reference,ON,Activity|electricity|E_HYD_ROR-EXS,?,73.63051837,73.6305529,73.63054788,73.63048416,73.63040499,73.63029948
Temoa,reference,ON,Activity|electricity|E_INT_IN-USA,?,0.214788999,0.21885577,0.203873869,0.202469597,0.202219902,0.199072963
Temoa,reference,ON,Activity|electricity|E_INT_OUT-USA,?,56.60469,56.60469,56.60469,56.60469,56.60469,56.60469
Temoa,reference,ON,Activity|electricity|E_NG_CC-EXS,?,40.69808861,78.02341819,65.49883072,42.07182623,37.02730873,27.81401734
Temoa,reference,ON,Activity|electricity|E_NG_CC-NEW,?,0.045380979,42.07605576,35.21547333,115.0401284,161.9414193,201.5537285
Temoa,reference,ON,Activity|electricity|E_NG_CCS-NEW,?,,0.000770523,0.001671698,0.002162464,0.00459646,0.008169245
Temoa,reference,ON,Activity|electricity|E_NG_CC_RFIT_BYPASS,?,40.74135998,120.0944534,100.7073427,157.1005768,198.9542941,229.3496096
Temoa,reference,ON,Activity|electricity|E_NG_CG-EXS,?,8.038228747,8.038538114,8.038429083,8.033580517,8.033618587,7.850819429
Temoa,reference,ON,Activity|electricity|E_NG_CT-EXS,?,,0.379648625,,0.000243716,0.020339611,0.023195928
Temoa,reference,ON,Activity|electricity|E_NG_CT-NEW,?,,0.589428631,,,0.04062597,0.054182178
Temoa,reference,ON,Activity|electricity|E_NUC_CANDU-EXS,?,356.267525,262.0956018,205.8164496,159.0359262,55.33047586,55.56609763
Temoa,reference,ON,Activity|electricity|E_PUMP_4H-EXS,?,0.241350992,0.253335564,0.19447824,0.341656676,0.650204512,0.652089866
Temoa,reference,ON,Activity|electricity|E_SOL_PV-EXS,?,3.983292312,3.983294435,3.942574455,3.256590067,0.544957491,
Temoa,reference,ON,Activity|electricity|E_SOL_PV-NEW-1,?,0.0010657,0.024327248,0.341192731,0.52453367,69.06666886,97.21402448
Temoa,reference,ON,Activity|electricity|E_SOL_PV-NEW-2,?,0.00094874,0.009307992,0.018604001,0.031752644,0.046974789,0.061690425
Temoa,reference,ON,Activity|electricity|E_SOL_PV-NEW-3,?,0.001497153,0.2478958,76.9745196,76.9456402,76.58890881,76.03888455
Temoa,reference,ON,Activity|electricity|E_SOL_PV-NEW-4,?,0.001345255,0.052957578,2.572384733,40.01305069,73.79307708,92.25380346
Temoa,reference,ON,Activity|electricity|E_SOL_PV-NEW-5,?,0.000852375,0.006666576,0.012514656,0.020366852,0.028581234,0.035466273
Temoa,reference,ON,Activity|electricity|E_WND_ON-EXS,?,37.20865978,37.67471094,34.7766753,24.01990971,4.602153965,
Temoa,reference,ON,Activity|electricity|E_WND_ON-NEW-1,?,0.010183447,5.224396567,5.230314114,5.21037911,5.11704562,5.042640083
Temoa,reference,ON,Activity|electricity|E_WND_ON-NEW-10,?,0.00626741,0.053799214,0.272077314,5.508976615,25.24022112,47.09837841
Temoa,reference,ON,Activity|electricity|E_WND_ON-NEW-11,?,0.003573742,0.029997997,0.08683518,4.181218922,5.961946856,5.894475743
Temoa,reference,ON,Activity|electricity|E_WND_ON-NEW-12,?,0.005847413,0.062036869,22.02174412,31.32668106,31.05551482,30.6184037
Temoa,reference,ON,Activity|electricity|E_WND_ON-NEW-13,?,0.005509142,0.062125121,1.888714525,24.1941878,24.09708865,23.77765955
Temoa,reference,ON,Activity|electricity|E_WND_ON-NEW-2,?,0.028085881,8.469963399,8.463420601,8.427268135,8.291017936,8.126231321
Temoa,reference,ON,Activity|electricity|E_WND_ON-NEW-3,?,0.010708479,6.064624731,6.065150034,6.032482253,5.92223265,5.805236286
Temoa,reference,ON,Activity|electricity|E_WND_ON-NEW-4,?,0.005384759,0.494858202,4.906873929,4.98849032,4.903047864,4.856748629
Temoa,reference,ON,Activity|electricity|E_WND_ON-NEW-5,?,0.005109788,3.72585497,6.436199091,6.56190418,6.442931455,6.371605654
Temoa,reference,ON,Activity|electricity|E_WND_ON-NEW-6,?,0.007878286,5.293244041,5.941529801,5.930235411,5.802455209,5.729647695
Temoa,reference,ON,Activity|electricity|E_WND_ON-NEW-7,?,0.008190175,0.230966352,15.39072208,15.485857,15.30356679,15.11605245
Temoa,reference,ON,Activity|electricity|E_WND_ON-NEW-8,?,0.007997028,7.620653609,7.858619631,7.82998263,7.689046761,7.578429838
Temoa,reference,ON,Activity|electricity|E_WND_ON-NEW-9,?,0.009137058,33.55806053,57.62085147,57.71260609,57.25890401,56.63264959
Temoa,reference,ON,Activity|electricity|F_E_BIO_G,?,0.046982236,0.088548386,0.374680511,0.089507434,0.133766937,
Temoa,reference,ON,Activity|electricity|F_E_BIO_M,?,0.000518344,0.002772159,0.005930919,0.007891623,0.011017209,0.013923185
Temoa,reference,ON,Activity|electricity|F_E_NG,?,90.8642008,236.8202443,199.0155177,298.4861236,372.9241393,426.3452473
Temoa,reference,ON,Activity|electricity|F_E_U_ENR,?,,,,,,0.000254851
Temoa,reference,ON,Activity|electricity|F_E_U_NAT,?,1090.169905,802.0061254,629.7932973,486.6460409,169.3099017,170.0308985
Temoa,reference,ON,Activity|fuel|F_IMP_BIO,?,81.87,90.26,94.17,95.93,95.37,93.44
Temoa,reference,ON,Activity|fuel|F_IMP_BIO_G,?,0.046982236,0.088548386,0.374680511,0.089507434,0.133766937,
Temoa,reference,ON,Activity|fuel|F_IMP_BIO_M,?,0.000518344,0.002772159,0.005930919,0.007891623,0.011017209,0.013923185
Temoa,reference,ON,Activity|fuel|F_IMP_CNG,?,0.213490984,0.092657422,,,,
Temoa,reference,ON,Activity|fuel|F_IMP_DSL,?,260.2942163,231.2729528,179.7125867,120.8713302,112.9782657,115.9364286
Temoa,reference,ON,Activity|fuel|F_IMP_ETH,?,61.81928344,63.94824263,45.97994067,48.15120095,54.79102613,47.68588848
Temoa,reference,ON,Activity|fuel|F_IMP_GSL,?,508.1181023,371.1509695,269.0618025,281.1115528,318.7636644,278.6497911
Temoa,reference,ON,Activity|fuel|F_IMP_HFO,?,435.3409584,434.0486617,431.3798454,433.415779,437.5142274,445.3810448
Temoa,reference,ON,Activity|fuel|F_IMP_JTF,?,120.5908955,122.8562209,125.0785909,128.1364252,133.8428468,143.3183635
Temoa,reference,ON,Activity|fuel|F_IMP_LNG,?,16.8914665,19.28660481,21.03765836,27.28361943,28.90284404,30.68660501
Temoa,reference,ON,Activity|fuel|F_IMP_LPG,?,7.623788275,5.344236087,3.072688609,0.351166267,,
Temoa,reference,ON,Activity|fuel|F_IMP_NG,?,1142.282545,1324.651886,1253.945853,1316.799737,1407.81658,1486.409974
Temoa,reference,ON,Activity|fuel|F_IMP_OIL,?,7.904475264,2.703099545,1.660852969,0.660773858,,
Temoa,reference,ON,Activity|fuel|F_IMP_RDSL,?,9.917046513,8.610378388,6.493448007,4.071425284,3.739457601,3.845347954
Temoa,reference,ON,Activity|fuel|F_IMP_U_ENR,?,,,,,,0.000254851
Temoa,reference,ON,Activity|fuel|F_IMP_U_NAT,?,1090.169905,802.0061254,629.7932973,486.6460409,169.3099017,170.0308985
Temoa,reference,ON,Activity|fuel|F_IMP_WOOD,?,11.12573106,12.2136881,6.792734375,1.234639664,,
Temoa,reference,ON,Activity|industrial|E_I_ELC,?,159,184.01,210.62,241.59,266.01,285.44
Temoa,reference,ON,Activity|industrial|F_I_BIO,?,81.87,90.26,94.17,95.93,95.37,93.44
Temoa,reference,ON,Activity|industrial|F_I_HFO,?,426.28,424.06,420.77,422.42,426.72,434.28
Temoa,reference,ON,Activity|industrial|F_I_NG,?,282.21,277.87,268.15,267.01,270.66,281.01
Temoa,reference,ON,Activity|industrial|I_IND,?,949.36,976.2,993.71,1026.95,1058.76,1094.17
Temoa,reference,ON,Activity|residential,?,1038.15597,1040.338907,1038.867534,1042.973969,1069.796441,1114.004766
Temoa,reference,ON,Activity|residential|E_R_ELC,?,133.8858789,114.024814,107.4980013,110.6633506,110.0946623,114.1230129
Temoa,reference,ON,Activity|residential|F_R_LPG,?,7.623788275,5.344236087,3.072688609,0.351166267,,
Temoa,reference,ON,Activity|residential|F_R_NG,?,388.9700524,407.6189503,400.4581883,388.9267286,395.6681665,412.2243958
Temoa,reference,ON,Activity|residential|F_R_OIL,?,7.904475264,2.703099545,1.660852969,0.660773858,,
Temoa,reference,ON,Activity|residential|F_R_WOOD,?,11.12573106,12.2136881,6.792734375,1.234639664,,
Temoa,reference,ON,Activity|residential|R_APP_CL_WASH-EXS,?,0.183041957,0.073216791,,,,
Temoa,reference,ON,Activity|residential|R_APP_CL_WASH-TYP-NEW,?,0.08115372,0.196267941,0.28081399,0.291989825,0.304302581,0.317041717
Temoa,reference,ON,Activity|residential|R_APP_COOK_ELEC-EXS,?,0.191074588,0.117584344,0.03232581,,,
Temoa,reference,ON,Activity|residential|R_APP_COOK_NG-EXS,?,0.023790512,0.011636744,,,,
Temoa,reference,ON,Activity|residential|R_APP_COOK_NG-TYP-NEW,?,0.093350346,0.184975335,0.29446162,0.340914371,0.355706291,0.370560865
Temoa,reference,ON,Activity|residential|R_APP_DRY_ELEC-EXS,?,0.131598774,0.065799357,,,,
Temoa,reference,ON,Activity|residential|R_APP_DRY_NG-EXS,?,0.002542304,0.000394258,,,,
Temoa,reference,ON,Activity|residential|R_APP_DRY_NG-TYP-NEW,?,0.11352178,0.185832457,0.263683071,0.274583235,0.286703992,0.298658795
Temoa,reference,ON,Activity|residential|R_APP_DS_WASH-EXS,?,0.131598775,0.071781144,0.004012067,,,
Temoa,reference,ON,Activity|residential|R_APP_DS_WASH-TYP-NEW,?,0.082150597,0.145598297,0.221210839,0.236305981,0.246729289,0.25698897
Temoa,reference,ON,Activity|residential|R_APP_FREZ-EXS,?,0.127970882,0.090332381,0.052693878,0.00549993,,
Temoa,reference,ON,Activity|residential|R_APP_FREZ-TYP-NEW,?,0.048383557,0.089555758,0.134757305,0.189279792,0.203564603,0.212090896
Temoa,reference,ON,Activity|residential|R_APP_OTH,?,6.15547225,6.278812271,6.542792529,6.816814687,7.10521502,7.402816625
Temoa,reference,ON,Activity|residential|R_APP_REFR-EXS,?,0.230497304,0.026342542,,,,
Temoa,reference,ON,Activity|residential|R_APP_REFR-TYP-NEW,?,0.189974301,0.40255425,0.446928905,0.465646971,0.48534719,0.505675935
Temoa,reference,ON,Activity|residential|R_LGT_CFL-EXS,?,7.444009749,4.78543912,1.818472316,,,
Temoa,reference,ON,Activity|residential|R_LGT_LED-EXS,?,10.81932434,10.81932591,10.27838133,10.81932096,8.655420483,5.950590203
Temoa,reference,ON,Activity|residential|R_LGT_LED-TYP-NEW,?,27.43430776,31.75359553,38.12663574,42.17173057,47.42990795,52.78109517
Temoa,reference,ON,Activity|residential|R_LGT_T12-EXS,?,3.137599807,2.455852412,1.684994189,1.091485191,0.285275049,
Temoa,reference,ON,Activity|residential|R_SPC_CENT_AC-EXS,?,52.14120075,36.79985002,21.46982516,2.453675881,,
Temoa,reference,ON,Activity|residential|R_SPC_ROOM_AC-EXS,?,1.538664133,,,,,
Temoa,reference,ON,Activity|residential|R_SPHC_AIR_HP-TYP-NEW,?,16.40319254,38.9661115,61.50281148,88.73926778,95.66060326,99.667501
Temoa,reference,ON,Activity|residential|R_SPHC_GEO_HP-TYP-NEW,?,,0.000117603,0.000434688,0.001097628,0.001454667,0.001555342
Temoa,reference,ON,Activity|residential|R_SPH_ELEC-EXS,?,34.634935,25.52047419,16.40601966,6.562409137,,
Temoa,reference,ON,Activity|residential|R_SPH_HP-EXS,?,3.238274141,1.766329353,0.117751365,,,
Temoa,reference,ON,Activity|residential|R_SPH_NG-ELC-EXS,?,1.584091267,1.118180376,0.652269138,0.074539278,,
Temoa,reference,ON,Activity|residential|R_SPH_NG-EXS,?,164.2750915,115.9588872,67.64268282,7.730588814,,
Temoa,reference,ON,Activity|residential|R_SPH_NG_FRN-TYP-NEW,?,82.00257225,147.6465067,220.4213631,304.0833346,332.676649,346.6106834
Temoa,reference,ON,Activity|residential|R_SPH_OIL-ELC-EXS,?,0.549096793,0.404590744,0.260094319,0.104032585,,
Temoa,reference,ON,Activity|residential|R_SPH_OIL-EXS,?,2.171155598,1.599794287,1.028439261,0.411371024,,
Temoa,reference,ON,Activity|residential|R_SPH_OTH-EXS,?,3.731120547,2.633732344,1.536344304,0.175583133,,
Temoa,reference,ON,Activity|residential|R_SPH_WOOD-ELC-EXS,?,5.14995943,3.433303922,1.716651779,,,
Temoa,reference,ON,Activity|residential|R_SPH_WOOD-EXS,?,0.412790926,0.27519292,0.137597386,,,
Temoa,reference,ON,Activity|residential|R_SPH_WOOD-OIL-EXS,?,3.254506438,2.398058193,1.541607625,0.616641337,,
Temoa,reference,ON,Activity|residential|R_WAH_ELC-EXS,?,5.509698327,2.855134424,0.190350824,,,
Temoa,reference,ON,Activity|residential|R_WAH_ELEC-TYP-NEW,?,,0.005391529,30.27945546,56.60703047,70.31175393,73.26742742
Temoa,reference,ON,Activity|residential|R_WAH_LPG-EXS,?,0.093110767,0.044248645,,,,
Temoa,reference,ON,Activity|residential|R_WAH_NG-EXS,?,28.21087092,14.10543496,,,,
Temoa,reference,ON,Activity|residential|R_WAH_NG-TYP-NEW,?,26.99984431,45.07997354,34.29553807,10.87416664,0.024978904,0.014671148
Temoa,reference,ON,Activity|residential|R_WAH_OIL-EXS,?,0.124505115,0.067909953,0.003668065,,,
Temoa,reference,ON,Activity|transportation,?,2779.797139,2737.78224,2501.840153,2485.918972,2580.484021,2570.653259
Temoa,reference,ON,Activity|transportation|E_T_ELC,?,21.67002576,42.79992349,63.4687955,76.4780958,72.85529452,111.5007097
Temoa,reference,ON,Activity|transportation|F_T_CNG,?,0.213490984,0.092657422,,,,
Temoa,reference,ON,Activity|transportation|F_T_DSL,?,238.0091163,206.6490813,155.8427522,97.71420682,89.74698244,92.2883509
Temoa,reference,ON,Activity|transportation|F_T_ETH,?,61.81928344,63.94824263,45.97994067,48.15120095,54.79102613,47.68588848
Temoa,reference,ON,Activity|transportation|F_T_GSL,?,500.1742024,362.3733749,260.5529971,272.8568054,310.4824814,270.2200347
Temoa,reference,ON,Activity|transportation|F_T_HFO,?,9.060958375,9.988661726,10.60984542,10.99577896,10.79422741,11.10104474
Temoa,reference,ON,Activity|transportation|F_T_JTF,?,120.5908955,122.8562209,125.0785909,128.1364252,133.8428468,143.3183635
Temoa,reference,ON,Activity|transportation|F_T_LNG,?,16.8914665,19.28660481,21.03765836,27.28361943,28.90284404,30.68660501
Temoa,reference,ON,Activity|transportation|F_T_NG,?,22.37949335,49.54902828,49.5715106,49.5715532,47.09303781,31.57661284
Temoa,reference,ON,Activity|transportation|F_T_RDSL,?,9.917046513,8.610378388,6.493448007,4.071425284,3.739457601,3.845347954
Temoa,reference,ON,Activity|transportation|T_BLND_ETH_GSL,?,561.9934859,426.3216175,306.5329378,321.0080063,365.2735075,317.9059232
Temoa,reference,ON,Activity|transportation|T_BLND_GSL_ELC_PHEV35,?,44.64325619,78.08242394,81.67901102,60.32892992,30.0765646,24.56744528
Temoa,reference,ON,Activity|transportation|T_BLND_JTF,?,120.590894,122.8562175,125.0785858,128.1364182,133.8428382,143.3183564
Temoa,reference,ON,Activity|transportation|T_BLND_RDSL_DSL,?,247.9261628,215.2594597,162.3362002,101.7856321,93.48644004,96.13369886
Temoa,reference,ON,Activity|transportation|T_ELC_AC_DC,?,6.14324E-05,,0.001589921,0.00109037,,0.002178213
Temoa,reference,ON,Activity|transportation|T_H2_COMP_100_700,?,18.08187301,40.03465554,40.05590434,40.05655417,38.0530508,25.5191189
Temoa,reference,ON,Activity|transportation|T_H2_COMP_10_100,?,18.08187301,40.03465554,40.05590372,40.05655346,38.05305027,25.51910839
Temoa,reference,ON,Activity|transportation|T_H2_HDV_REFUEL,?,5.944891962,27.78861268,28.47223205,32.44155953,36.58373678,24.98682501
Temoa,reference,ON,Activity|transportation|T_H2_MDV_REFUEL,?,12.04656693,12.04583782,11.38375767,7.415070922,1.279377962,0.404656676
Temoa,reference,ON,Activity|transportation|T_H2_distribution,?,18.08187301,40.03465554,40.05632373,40.05697427,38.05347131,25.51917493
Temoa,reference,ON,Activity|transportation|T_HDV_AJF_JFL_EX,?,0.907337539,0.735902726,0.608678198,0.380952097,,
Temoa,reference,ON,Activity|transportation|T_HDV_AJF_JFL_N,?,0.12896144,0.417613709,0.633843138,0.951083457,1.420234103,1.52078175
Temoa,reference,ON,Activity|transportation|T_HDV_AJP_JFL_EX,?,65.68398215,54.75193612,42.92507119,23.13349243,,
Temoa,reference,ON,Activity|transportation|T_HDV_AJP_JFL_N,?,10.66013808,30.22764555,48.61155692,74.99770623,104.6288458,112.0361327
Temoa,reference,ON,Activity|transportation|T_HDV_BIC_DSL_EX,?,0.420852672,0.186847988,,,,
Temoa,reference,ON,Activity|transportation|T_HDV_BIC_GSL_EX,?,0.054597217,0.032664786,,,,
Temoa,reference,ON,Activity|transportation|T_HDV_BIC_GSL_N,?,1.501106419,1.980567891,2.369808698,2.540530905,2.708726019,2.900455615
Temoa,reference,ON,Activity|transportation|T_HDV_BS_BEV_N,?,,,5.482990601,11.75109836,14.28652088,15.48393297
Temoa,reference,ON,Activity|transportation|T_HDV_BS_CNG_EX,?,0.258134894,0.114939743,,,,
Temoa,reference,ON,Activity|transportation|T_HDV_BS_DSL_EX,?,3.580629492,1.586039801,,,,
Temoa,reference,ON,Activity|transportation|T_HDV_BS_FCHEV_N,?,6.387756768,9.886022536,7.205986518,1.852071405,0.217387016,0.046822313
Temoa,reference,ON,Activity|transportation|T_HDV_BS_GSL_EX,?,0.356519956,0.192778488,,,,
Temoa,reference,ON,Activity|transportation|T_HDV_BT_BEV_EX,?,0.831359871,0.421817183,,,,
Temoa,reference,ON,Activity|transportation|T_HDV_BT_BEV_N,?,0.446482599,1.931822879,5.956049459,7.203102587,4.928246819,6.731530712
Temoa,reference,ON,Activity|transportation|T_HDV_BT_CNG_EX,?,0.039329038,0.014672021,,,,
Temoa,reference,ON,Activity|transportation|T_HDV_BT_DSL_EX,?,1.959350356,0.83665594,,,,
Temoa,reference,ON,Activity|transportation|T_HDV_BT_FCHEV_N,?,4.786163246,5.782193946,3.739224151,3.190650338,6.153707811,5.134996792
Temoa,reference,ON,Activity|transportation|T_HDV_BT_GSL_EX,?,0.02335703,0.013611007,,,,
Temoa,reference,ON,Activity|transportation|T_HDV_CHRG,?,0.6126887,1.131065449,13.16046833,26.25597125,30.53059993,38.97180924
Temoa,reference,ON,Activity|transportation|T_HDV_RF_DSL_EX,?,22.83455107,22.83456597,22.83448954,,,
Temoa,reference,ON,Activity|transportation|T_HDV_RF_LNG_N,?,76.06677929,87.25380075,95.74836844,127.1257707,135.5433395,145.1393504
Temoa,reference,ON,Activity|transportation|T_HDV_RICP_DSL_EX,?,0.341456454,0.341454504,0.248192067,0.194487533,0.124325677,
Temoa,reference,ON,Activity|transportation|T_HDV_RICP_DSL_N,?,0.007538413,0.047080078,0.170364864,0.254262631,0.354172633,0.512412058
Temoa,reference,ON,Activity|transportation|T_HDV_T_BEV_N,?,,,23.16383592,53.71171635,69.16260555,92.49778697
Temoa,reference,ON,Activity|transportation|T_HDV_T_DSL_EX,?,80.46703346,62.71808878,34.43202006,,,
Temoa,reference,ON,Activity|transportation|T_HDV_T_DSL_HEV_N,?,18.39782378,25.53741984,32.88375698,37.235907,25.41750684,23.96705058
Temoa,reference,ON,Activity|transportation|T_HDV_T_FCHEV_N,?,,21.79083034,28.05933559,36.13123053,40.9130941,28.62076096
Temoa,reference,ON,Activity|transportation|T_HDV_WTF_HFO_EX,?,41.34476101,41.3447554,39.21309056,30.55971625,8.161638081,
Temoa,reference,ON,Activity|transportation|T_HDV_WTF_HFO_N,?,16.21576495,22.72657067,29.80188367,43.42714552,70.72404375,84.4705311
Temoa,reference,ON,Activity|transportation|T_I_H2_SMR,?,18.08100813,40.03202292,40.04974971,40.04975642,38.04727624,25.51111715
Temoa,reference,ON,Activity|transportation|T_LDV_BEV_CHRG,?,0.660298473,0.906737164,0.737673504,0.852133055,0.907967458,29.35732745
Temoa,reference,ON,Activity|transportation|T_LDV_C_BEV150_EX,?,0.982987859,0.813134081,,,,
Temoa,reference,ON,Activity|transportation|T_LDV_C_BEV150_N,?,,,,,,7.5514622
Temoa,reference,ON,Activity|transportation|T_LDV_C_BEV200_N,?,,,,,,15.10292848
Temoa,reference,ON,Activity|transportation|T_LDV_C_BEV300_N,?,,,,,,22.6543936
Temoa,reference,ON,Activity|transportation|T_LDV_C_BEV400_N,?,,,,,0.000838414,30.20585748
Temoa,reference,ON,Activity|transportation|T_LDV_C_DSL_EX,?,0.880964461,0.08342893,,,,
Temoa,reference,ON,Activity|transportation|T_LDV_C_GSL_EX,?,67.28161285,36.26448184,,,,
Temoa,reference,ON,Activity|transportation|T_LDV_C_GSL_HEV_EX,?,1.767793341,1.041118249,,,,
Temoa,reference,ON,Activity|transportation|T_LDV_C_GSL_HEV_N,?,59.82469406,107.5059179,157.486454,168.8321023,180.0045788,117.2410081
Temoa,reference,ON,Activity|transportation|T_LDV_C_GSL_PHEV35_EX,?,0.610227344,0.497368057,,,,
Temoa,reference,ON,Activity|transportation|T_LDV_LTF_DSL_EX,?,0.718635032,0.589210121,0.108934917,,,
Temoa,reference,ON,Activity|transportation|T_LDV_LTF_GSL_EX,?,8.542777932,6.242333369,1.117033258,,,
Temoa,reference,ON,Activity|transportation|T_LDV_LTF_GSL_HEV_N,?,,,,,4.618209203,5.683935551
Temoa,reference,ON,Activity|transportation|T_LDV_LTF_GSL_PHEV35_EX,?,0.009501634,0.010423172,,,,
Temoa,reference,ON,Activity|transportation|T_LDV_LTF_GSL_PHEV35_N,?,5.015055491,9.060562031,15.90187757,18.36392612,14.96183892,15.28229398
Temoa,reference,ON,Activity|transportation|T_LDV_LTP_BEV300_EX,?,0.123399963,0.133836628,0.026679429,,,
Temoa,reference,ON,Activity|transportation|T_LDV_LTP_DSL_EX,?,3.314571474,2.114486066,0.354156005,,,
Temoa,reference,ON,Activity|transportation|T_LDV_LTP_GSL_EX,?,83.49536739,55.66619899,9.570976507,,,
Temoa,reference,ON,Activity|transportation|T_LDV_LTP_GSL_HEV_EX,?,0.587049258,0.564636934,0.108911085,,,
Temoa,reference,ON,Activity|transportation|T_LDV_LTP_GSL_HEV_N,?,,,58.24195325,118.7421889,171.5198527,193.6891773
Temoa,reference,ON,Activity|transportation|T_LDV_LTP_GSL_PHEV35_EX,?,0.125096297,0.135439026,0.026987688,,,
Temoa,reference,ON,Activity|transportation|T_LDV_LTP_GSL_PHEV35_N,?,45.39864311,89.47841254,91.19019639,52.26991096,10.81561228,1.554876246
Temoa,reference,ON,Activity|transportation|T_LDV_M_BEV_N,?,0.337680327,0.957596346,1.428600194,1.687552502,1.799271987,1.926600814
Temoa,reference,ON,Activity|transportation|T_LDV_M_GSL_EX,?,0.975362268,0.503926242,0.145616998,,,
Temoa,reference,ON,Activity|transportation|T_LDV_PHEV_CHRG,?,16.42467777,28.72727569,30.05050633,22.19561636,11.06548206,9.038613006
Temoa,reference,ON,Activity|transportation|T_MDV_CHRG,?,,3.75713553,9.169008401,15.52161699,19.26192812,20.42815388
Temoa,reference,ON,Activity|transportation|T_MDV_T_BEV_N,?,,2.596711474,6.945714404,12.18264729,15.64540556,17.15163007
Temoa,reference,ON,Activity|transportation|T_MDV_T_DSL_EX,?,4.929565753,3.842613396,1.7310884,,,
Temoa,reference,ON,Activity|transportation|T_MDV_T_FCHEV_N,?,3.573487695,4.296969483,4.419298818,2.994447473,0.536632001,0.176045884
Temoa,reference,ON,Activity|transportation|T_MDV_T_GSL_EX,?,3.304430691,2.406751324,1.061063806,,,
Temoa,reference,ON,Activity|transportation|T_OFF,?,50.4008774,56.10183899,60.43067211,64.78427797,69.07389674,73.96404016
Temoa,reference,ON,Capacity|commercial,?,1996.230611,1854.82116,1679.545737,1579.430652,1646.49422,1747.19624
Temoa,reference,ON,Capacity|commercial|C_SPC_AC_ROOF-NEW,?,0.002288515,0.004704266,0.006820336,0.009108923,0.009569155,0.009703758
Temoa,reference,ON,Capacity|commercial|C_SPC_ELC-EXS,?,534.1614665,356.1076443,178.0538222,,,
Temoa,reference,ON,Capacity|commercial|C_SPHC_HP_AIR-NEW,?,35.93715751,221.5536331,395.2807354,554.461221,578.0046896,613.3565104
Temoa,reference,ON,Capacity|commercial|C_SPHC_HP_GEO-NEW,?,0.000696512,0.001494351,0.002263747,0.002566414,0.002770302,0.002931033
Temoa,reference,ON,Capacity|commercial|C_SPH_ELC-EXS,?,233.203227,116.6016135,,,,
Temoa,reference,ON,Capacity|commercial|C_SPH_ELC_BLR-NEW,?,0.0071092,0.015218224,0.024556946,0.028194821,0.031648782,0.034776284
Temoa,reference,ON,Capacity|commercial|C_SPH_ELC_RES-NEW,?,0.007064721,0.01512403,0.024407925,0.030820016,0.033297861,0.035465127
Temoa,reference,ON,Capacity|commercial|C_SPH_NG-EXS,?,889.4682045,677.6900606,465.9119166,254.1337727,16.94225151,
Temoa,reference,ON,Capacity|commercial|C_SPH_NG_FRN-NEW,?,303.4433969,482.8316677,640.2412142,770.7649682,1051.469993,1133.756854
Temoa,reference,ON,Capacity|electricity,?,41.47437142,46.6001085,58.55457127,67.04879168,77.8355176,88.17294836
Temoa,reference,ON,Capacity|electricity|E_BAT_1H-EXS,?,0.011,,,,,
Temoa,reference,ON,Capacity|electricity|E_BAT_2H-NEW,?,0.003225617,0.715010531,0.720026531,0.735936221,2.208177995,2.418678327
Temoa,reference,ON,Capacity|electricity|E_BAT_3H-EXS,?,0.002,,,,,
Temoa,reference,ON,Capacity|electricity|E_BAT_4H-EXS,?,0.01,0.01,,,,
Temoa,reference,ON,Capacity|electricity|E_BAT_4H-NEW,?,0.00029182,0.000833714,0.001544487,0.002807822,0.006423251,0.047934829
Temoa,reference,ON,Capacity|electricity|E_BAT_5H-EXS,?,0.009,0.009,,,,
Temoa,reference,ON,Capacity|electricity|E_BIO_G-EXS,?,0.0125,0.0125,0.0125,0.0125,0.0032,
Temoa,reference,ON,Capacity|electricity|E_BIO_M-EXS,?,0.31101,0.31101,0.31101,0.31101,0.31101,0.31101
Temoa,reference,ON,Capacity|electricity|E_BIO_M-NEW,?,5.43165E-05,0.000113823,0.000177308,0.000246825,0.000321438,0.000400667
Temoa,reference,ON,Capacity|electricity|E_HYD_DLY-EXS,?,4.39396,4.39396,4.39396,4.39396,4.39396,4.39396
Temoa,reference,ON,Capacity|electricity|E_HYD_ROR-EXS,?,3.42117,3.42117,3.42117,3.42117,3.42117,3.42117
Temoa,reference,ON,Capacity|electricity|E_INT_IN-USA,?,0.52,0.52,0.52,0.52,0.52,0.52
Temoa,reference,ON,Capacity|electricity|E_NG_CC-EXS,?,4.05,4.05,4.05,4.05,4.05,4.05
Temoa,reference,ON,Capacity|electricity|E_NG_CC-NEW,?,0.002438476,1.410895177,1.419160721,4.935320503,7.729712985,10.58910237
Temoa,reference,ON,Capacity|electricity|E_NG_CCS-NEW,?,0.000167973,0.000383458,0.000643087,0.000957334,0.001318592,0.001717314
Temoa,reference,ON,Capacity|electricity|E_NG_CCS_RFIT_90,?,7.70099E-05,0.000165334,0.000267702,0.000382617,0.000510481,0.00065322
Temoa,reference,ON,Capacity|electricity|E_NG_CCS_RFIT_95,?,7.47063E-05,0.000160473,0.000259993,0.000371728,0.00049601,0.000634816
Temoa,reference,ON,Capacity|electricity|E_NG_CG-EXS,?,1.46303,1.46303,1.46303,1.32303,1.26703,1.17703
Temoa,reference,ON,Capacity|electricity|E_NG_CT-EXS,?,4.47849,4.47849,4.47849,4.47849,4.47849,4.47849
Temoa,reference,ON,Capacity|electricity|E_NG_CT-NEW,?,5.429748147,6.12085614,6.122130865,6.994700684,7.002831778,7.899494045
Temoa,reference,ON,Capacity|electricity|E_NUC_CANDU-EXS,?,11.413,8.311,6.665,5.043,1.762,1.762
Temoa,reference,ON,Capacity|electricity|E_PUMP_4H-EXS,?,0.174,0.174,0.174,0.174,0.174,0.174
Temoa,reference,ON,Capacity|electricity|E_SOL_PV-EXS,?,0.6175,0.6175,0.6175,0.5125,0.098,
Temoa,reference,ON,Capacity|electricity|E_SOL_PV-NEW-1,?,0.000228216,0.002942561,0.039227361,0.061490321,7.47061629,10.59454606
Temoa,reference,ON,Capacity|electricity|E_SOL_PV-NEW-2,?,0.000214331,0.001276572,0.002537685,0.004233443,0.006383971,0.009070575
Temoa,reference,ON,Capacity|electricity|E_SOL_PV-NEW-3,?,0.000249941,0.026777006,8.053252466,8.058394259,8.060526932,8.06136757
Temoa,reference,ON,Capacity|electricity|E_SOL_PV-NEW-4,?,0.000241248,0.005972457,0.280207462,4.230865467,7.80995661,9.890204781
Temoa,reference,ON,Capacity|electricity|E_SOL_PV-NEW-5,?,0.000206569,0.000995247,0.00186003,0.002944065,0.004235167,0.005736132
Temoa,reference,ON,Capacity|electricity|E_WND_ON-EXS,?,5.13992,5.13992,4.73632,3.27502,0.63299,
Temoa,reference,ON,Capacity|electricity|E_WND_ON-NEW-1,?,0.000906856,0.398043722,0.400840432,0.402048496,0.403058557,0.404067888
Temoa,reference,ON,Capacity|electricity|E_WND_ON-NEW-10,?,0.000709148,0.004879659,0.024168876,0.478305879,2.187787057,4.118170425
Temoa,reference,ON,Capacity|electricity|E_WND_ON-NEW-11,?,0.000453102,0.002801892,0.007838319,0.3616545,0.526782629,0.527795039
Temoa,reference,ON,Capacity|electricity|E_WND_ON-NEW-12,?,0.000606558,0.005092498,1.727851931,2.46308748,2.473955469,2.47502676
Temoa,reference,ON,Capacity|electricity|E_WND_ON-NEW-13,?,0.000608174,0.005368978,0.158354685,1.997481349,2.012545677,2.014229477
Temoa,reference,ON,Capacity|electricity|E_WND_ON-NEW-2,?,0.002344845,0.650391237,0.652883997,0.653904085,0.654894665,0.655913734
Temoa,reference,ON,Capacity|electricity|E_WND_ON-NEW-3,?,0.000791232,0.383654806,0.386292899,0.387296128,0.388303481,0.389306252
Temoa,reference,ON,Capacity|electricity|E_WND_ON-NEW-4,?,0.000561754,0.039703246,0.39253217,0.402658432,0.404516071,0.405521808
Temoa,reference,ON,Capacity|electricity|E_WND_ON-NEW-5,?,0.000545545,0.300532839,0.520938491,0.535976497,0.538175246,0.539182115
Temoa,reference,ON,Capacity|electricity|E_WND_ON-NEW-6,?,0.0007001,0.379910563,0.430125619,0.433858846,0.435316481,0.436321607
Temoa,reference,ON,Capacity|electricity|E_WND_ON-NEW-7,?,0.000807739,0.018529783,1.217933073,1.228932248,1.232459019,1.233516746
Temoa,reference,ON,Capacity|electricity|E_WND_ON-NEW-8,?,0.000644091,0.507595081,0.526547531,0.52853348,0.529564577,0.530570493
Temoa,reference,ON,Capacity|electricity|E_WND_ON-NEW-9,?,0.000893905,2.705641701,4.62398755,4.631722972,4.634797172,4.636125317
Temoa,reference,ON,Capacity|residential,?,780.8367731,794.7332273,868.8743621,864.7369345,902.2585065,939.8179382
Temoa,reference,ON,Capacity|residential|R_APP_CL_WASH-EXS,?,3.66083925,1.4643357,,,,
Temoa,reference,ON,Capacity|residential|R_APP_CL_WASH-TYP-NEW,?,1.623072824,3.925453852,5.616392523,5.851615905,6.099181407,6.354645363
Temoa,reference,ON,Capacity|residential|R_APP_COOK_ELEC-EXS,?,3.821492235,2.351687529,0.646714071,,,
Temoa,reference,ON,Capacity|residential|R_APP_COOK_ELEC-TYP-NEW,?,0.000133969,0.000284498,0.000464342,0.000491391,0.000509103,0.000526619
Temoa,reference,ON,Capacity|residential|R_APP_COOK_NG-EXS,?,0.478541176,0.239270588,,,,
Temoa,reference,ON,Capacity|residential|R_APP_COOK_NG-TYP-NEW,?,1.867007077,3.699506847,5.908052927,6.829282639,7.118213595,7.416363622
Temoa,reference,ON,Capacity|residential|R_APP_DRY_ELEC-EXS,?,2.631975882,1.315987941,,,,
Temoa,reference,ON,Capacity|residential|R_APP_DRY_ELEC-TYP-NEW,?,0.000111789,0.000230052,0.000328998,0.000374599,0.000401627,0.00043028
Temoa,reference,ON,Capacity|residential|R_APP_DRY_NG-EXS,?,0.068362941,0.034181471,,,,
Temoa,reference,ON,Capacity|residential|R_APP_DRY_NG-TYP-NEW,?,2.270435573,3.720091267,5.28333961,5.504582279,5.737454643,5.977755967
Temoa,reference,ON,Capacity|residential|R_APP_DS_WASH-EXS,?,2.631975824,1.435623176,0.095708212,,,
Temoa,reference,ON,Capacity|residential|R_APP_DS_WASH-TYP-NEW,?,1.643011389,2.925024815,4.448274631,4.734291485,4.934586176,5.141271162
Temoa,reference,ON,Capacity|residential|R_APP_FREZ-EXS,?,2.559418,1.806648,1.053878,0.1204432,,
Temoa,reference,ON,Capacity|residential|R_APP_FREZ-TYP-NEW,?,0.967671028,1.79111543,2.695146386,3.785596166,4.071292347,4.241818343
Temoa,reference,ON,Capacity|residential|R_APP_REFR-EXS,?,4.60994625,0.526851,,,,
Temoa,reference,ON,Capacity|residential|R_APP_REFR-TYP-NEW,?,3.799485961,8.051085063,8.938578313,9.312939678,9.706944094,10.11351903
Temoa,reference,ON,Capacity|residential|R_LGT_CFL-EXS,?,111.604469,71.74573004,28.69829202,,,
Temoa,reference,ON,Capacity|residential|R_LGT_LED-EXS,?,162.2087991,162.2087991,162.2087991,162.2087991,129.7670392,89.21483948
Temoa,reference,ON,Capacity|residential|R_LGT_LED-TYP-NEW,?,411.3090166,476.0659175,600.3470396,632.2602793,711.0937945,791.3214762
Temoa,reference,ON,Capacity|residential|R_LGT_T12-EXS,?,47.04699494,36.81938734,26.59177975,16.36417215,4.500147342,
Temoa,reference,ON,Capacity|residential|R_SPC_CENT_AC-EXS,?,3.266004455,2.305414909,1.344825364,0.153694327,,
Temoa,reference,ON,Capacity|residential|R_SPC_ROOM_AC-EXS,?,0.286663333,,,,,
Temoa,reference,ON,Capacity|residential|R_SPC_ROOM_AC-TYP-NEW,?,1.31255E-05,1.36743E-05,1.60847E-05,1.81901E-05,3.13371E-05,2.98915E-05
Temoa,reference,ON,Capacity|residential|R_SPHC_AIR_HP-TYP-NEW,?,0.076527165,0.18179177,0.286934102,0.414004233,0.446293772,0.464986933
Temoa,reference,ON,Capacity|residential|R_SPH_ELEC-EXS,?,1.161235955,0.855647545,0.550059136,0.220023655,,
Temoa,reference,ON,Capacity|residential|R_SPH_HP-EXS,?,0.078500529,0.042818471,0.002854565,,,
Temoa,reference,ON,Capacity|residential|R_SPH_NG-ELC-EXS,?,0.027670591,0.019532182,0.011393773,0.001302145,,
Temoa,reference,ON,Capacity|residential|R_SPH_NG-EXS,?,3.004335045,2.120707091,1.237079136,0.141380473,,
Temoa,reference,ON,Capacity|residential|R_SPH_NG_FRN-TYP-NEW,?,1.499699087,2.700224492,4.031163063,5.561210127,6.08413668,6.338968435
Temoa,reference,ON,Capacity|residential|R_SPH_OIL-ELC-EXS,?,0.019076,0.014056,0.009036,0.0036144,,
Temoa,reference,ON,Capacity|residential|R_SPH_OIL-EXS,?,0.087972591,0.064821909,0.041671227,0.016668491,,
Temoa,reference,ON,Capacity|residential|R_SPH_OTH-EXS,?,0.187155318,0.132109636,0.077063955,0.008807309,,
Temoa,reference,ON,Capacity|residential|R_SPH_WOOD-ELC-EXS,?,0.090695455,0.060463636,0.030231818,,,
Temoa,reference,ON,Capacity|residential|R_SPH_WOOD-EXS,?,0.016043182,0.010695455,0.005347727,,,
Temoa,reference,ON,Capacity|residential|R_SPH_WOOD-OIL-EXS,?,0.105236682,0.077542818,0.049848955,0.019939582,,
Temoa,reference,ON,Capacity|residential|R_SPH_WOOD-TYP-NEW,?,,,1.21987E-05,2.40681E-05,3.79651E-05,3.95226E-05
Temoa,reference,ON,Capacity|residential|R_WAH_ELC-EXS,?,0.994852941,0.542647059,0.036176471,,,
Temoa,reference,ON,Capacity|residential|R_WAH_ELEC-TYP-NEW,?,7.87734E-05,0.001097546,5.467369045,10.22106926,12.69541815,13.22909152
Temoa,reference,ON,Capacity|residential|R_WAH_HP-TYP-NEW,?,0.000106462,0.000229729,0.000374036,0.000463669,0.0005337,0.000571346
Temoa,reference,ON,Capacity|residential|R_WAH_LPG-EXS,?,0.02193,0.010965,,,,
Temoa,reference,ON,Capacity|residential|R_WAH_NG-EXS,?,2.598653529,1.299326765,,,,
Temoa,reference,ON,Capacity|residential|R_WAH_NG-TYP-NEW,?,2.487099424,4.152557063,3.159207364,1.001815425,0.002448248,0.001560064
Temoa,reference,ON,Capacity|residential|R_WAH_OIL-EXS,?,0.024462706,0.013343294,0.000889553,,,
Temoa,reference,ON,Capacity|residential|R_WAH_SOLAR-TYP-NEW,?,,1.00583E-05,2.00697E-05,3.12696E-05,4.26269E-05,4.44122E-05
Temoa,reference,ON,Capacity|transportation,?,12704.34801,12926.07115,13895.41885,14896.78693,15831.678,16981.18434
Temoa,reference,ON,Capacity|transportation|T_ELC_AC_DC,?,0.00023634,0.000502388,0.000787227,0.001079252,0.001380385,0.001470975
Temoa,reference,ON,Capacity|transportation|T_H2_COMP_100_700,?,0.573372953,1.26949143,1.270183362,1.27020074,1.206668941,1.20597701
Temoa,reference,ON,Capacity|transportation|T_H2_COMP_10_100,?,0.573373038,1.269491526,1.270184426,1.270200989,1.206669285,1.205976385
Temoa,reference,ON,Capacity|transportation|T_H2_HDV_REFUEL,?,5.944893373,27.78861578,28.4722356,32.44156388,36.58374116,24.98682783
Temoa,reference,ON,Capacity|transportation|T_H2_LDV_REFUEL,?,,,1.97217E-05,4.20935E-05,5.73498E-05,9.90172E-05
Temoa,reference,ON,Capacity|transportation|T_H2_MDV_REFUEL,?,12.04656766,12.04659711,11.38378782,11.38379544,1.279415878,1.279378818
Temoa,reference,ON,Capacity|transportation|T_HDV_AJF_JFL_EX,?,0.9073379,0.735903046,0.608678448,0.380952242,,
Temoa,reference,ON,Capacity|transportation|T_HDV_AJF_JFL_N,?,0.128961547,0.417613933,0.63384354,0.951084083,1.420235026,1.520782564
Temoa,reference,ON,Capacity|transportation|T_HDV_AJP_JFL_EX,?,65.68398425,54.7519378,42.92507239,23.13349313,,
Temoa,reference,ON,Capacity|transportation|T_HDV_AJP_JFL_N,?,10.66013847,30.22764636,48.61155834,74.99770846,104.6288491,112.0361354
Temoa,reference,ON,Capacity|transportation|T_HDV_BIC_BEV_N,?,,,,,,1.50391E-05
Temoa,reference,ON,Capacity|transportation|T_HDV_BIC_DSL_EX,?,0.627136972,0.244815436,,,,
Temoa,reference,ON,Capacity|transportation|T_HDV_BIC_DSL_HEV_N,?,1.56075E-05,3.33878E-05,3.59738E-05,4.4866E-05,4.11985E-05,3.21183E-05
Temoa,reference,ON,Capacity|transportation|T_HDV_BIC_DSL_N,?,3.12634E-05,5.17618E-05,5.66428E-05,4.55754E-05,4.16084E-05,3.29167E-05
Temoa,reference,ON,Capacity|transportation|T_HDV_BIC_FCEV_N,?,1.5146E-05,3.30619E-05,4.69814E-05,8.25288E-05,0.000131315,0.000183732
Temoa,reference,ON,Capacity|transportation|T_HDV_BIC_GSL_EX,?,0.081362413,0.04279978,,,,
Temoa,reference,ON,Capacity|transportation|T_HDV_BIC_GSL_N,?,2.236869344,2.59500418,3.105003757,3.32869252,3.54906741,3.800282311
Temoa,reference,ON,Capacity|transportation|T_HDV_BS_BEV_N,?,3.27398E-05,0.000488549,9.926161973,21.27363858,25.86364168,28.03137837
Temoa,reference,ON,Capacity|transportation|T_HDV_BS_CNG_EX,?,0.534969119,0.208087411,,,,
Temoa,reference,ON,Capacity|transportation|T_HDV_BS_CNG_N,?,1.75602E-05,3.17949E-05,2.7648E-05,2.71965E-05,2.68565E-05,2.44792E-05
Temoa,reference,ON,Capacity|transportation|T_HDV_BS_DSL_EX,?,7.420619264,2.871384945,,,,
Temoa,reference,ON,Capacity|transportation|T_HDV_BS_DSL_HEV_N,?,3.52513E-05,6.33623E-05,6.99531E-05,5.89834E-05,5.55084E-05,5.31277E-05
Temoa,reference,ON,Capacity|transportation|T_HDV_BS_DSL_N,?,3.06431E-05,4.75698E-05,4.91699E-05,3.82869E-05,3.07422E-05,3.17775E-05
Temoa,reference,ON,Capacity|transportation|T_HDV_BS_DSL_PHEV_N,?,1.67121E-05,3.96689E-05,5.81525E-05,6.09356E-05,6.24844E-05,6.4382E-05
Temoa,reference,ON,Capacity|transportation|T_HDV_BS_FCEV_N,?,8.36942E-05,0.000148705,0.000161022,0.000162575,0.000167666,0.000147846
Temoa,reference,ON,Capacity|transportation|T_HDV_BS_FCHEV_N,?,13.23816677,17.89717416,13.04538173,3.352925667,0.393572868,0.084795939
Temoa,reference,ON,Capacity|transportation|T_HDV_BS_GSL_EX,?,0.738897456,0.349003124,,,,
Temoa,reference,ON,Capacity|transportation|T_HDV_BS_GSL_N,?,7.04441E-05,0.000105522,0.000105936,7.70652E-05,7.16904E-05,6.59893E-05
Temoa,reference,ON,Capacity|transportation|T_HDV_BT_BEV_EX,?,1.324261694,0.582054377,,,,
Temoa,reference,ON,Capacity|transportation|T_HDV_BT_BEV_N,?,0.711107463,2.665674109,8.218598931,9.939377836,6.800371725,9.288675214
Temoa,reference,ON,Capacity|transportation|T_HDV_BT_CNG_EX,?,0.0626641,0.020246794,,,,
Temoa,reference,ON,Capacity|transportation|T_HDV_BT_CNG_N,?,5.00555E-05,5.00555E-05,3.08576E-05,2.39315E-05,2.36048E-05,2.06669E-05
Temoa,reference,ON,Capacity|transportation|T_HDV_BT_DSL_EX,?,3.120642088,1.215217199,,,,
Temoa,reference,ON,Capacity|transportation|T_HDV_BT_DSL_PHEV_N,?,1.85986E-05,3.33458E-05,4.495E-05,4.07634E-05,5.12457E-05,4.78383E-05
Temoa,reference,ON,Capacity|transportation|T_HDV_BT_FCEV_N,?,2.30773E-05,2.30773E-05,1.38464E-05,2.70497E-05,5.24271E-05,5.179E-05
Temoa,reference,ON,Capacity|transportation|T_HDV_BT_FCHEV_N,?,7.622860397,7.978691421,5.159661047,4.402701322,8.491342555,7.08565564
Temoa,reference,ON,Capacity|transportation|T_HDV_BT_GSL_EX,?,0.037207631,0.019754414,,,,
Temoa,reference,ON,Capacity|transportation|T_HDV_CHRG,?,1.870904622,1.131081019,13.16048328,26.25598779,30.53060496,38.97181422
Temoa,reference,ON,Capacity|transportation|T_HDV_RF_DSL_EX,?,91.62127695,91.62127695,69.06027658,51.79577346,22.83457492,
Temoa,reference,ON,Capacity|transportation|T_HDV_RF_DSL_N,?,2.29645E-05,6.95372E-05,0.000106464,0.000156262,0.000207062,0.000207062
Temoa,reference,ON,Capacity|transportation|T_HDV_RF_H2_N,?,,1.85164E-05,3.77452E-05,5.97014E-05,8.17622E-05,9.8714E-05
Temoa,reference,ON,Capacity|transportation|T_HDV_RF_LNG_N,?,76.06678548,87.25380845,95.74838162,127.1257915,135.5433753,145.1394044
Temoa,reference,ON,Capacity|transportation|T_HDV_RICP_DSL_EX,?,0.341460994,0.341460994,0.248198485,0.19449133,0.124327015,
Temoa,reference,ON,Capacity|transportation|T_HDV_RICP_DSL_N,?,0.008120538,0.04766268,0.17094815,0.254847143,0.354758249,0.512998688
Temoa,reference,ON,Capacity|transportation|T_HDV_T_BEV_N,?,,0.00190576,31.90341744,73.97684196,95.25727336,127.3966845
Temoa,reference,ON,Capacity|transportation|T_HDV_T_DSL_EX,?,119.467762,90.92762164,49.91896552,,,
Temoa,reference,ON,Capacity|transportation|T_HDV_T_DSL_HEV_N,?,27.31487246,35.17254277,45.29062289,51.28485155,35.68219195,34.7469199
Temoa,reference,ON,Capacity|transportation|T_HDV_T_DSL_N,?,5.94584E-05,8.04215E-05,0.000102168,0.00011203,7.35732E-05,6.64858E-05
Temoa,reference,ON,Capacity|transportation|T_HDV_T_DSL_PHEV_N,?,,1.0117E-05,1.0117E-05,2.052E-05,1.0403E-05,2.26557E-05
Temoa,reference,ON,Capacity|transportation|T_HDV_T_FCEV_N,?,,1.62458E-05,3.03363E-05,4.91787E-05,6.24839E-05,6.56951E-05
Temoa,reference,ON,Capacity|transportation|T_HDV_T_FCHEV_N,?,8.69498E-05,30.01238773,38.64603914,49.76334418,56.34946786,39.41930091
Temoa,reference,ON,Capacity|transportation|T_HDV_WTF_HFO_EX,?,41.34476869,41.34476869,39.21310663,30.5597369,8.161665736,
Temoa,reference,ON,Capacity|transportation|T_HDV_WTF_HFO_N,?,16.2157701,22.72658299,29.8019071,43.42718649,70.72411376,84.4706234
Temoa,reference,ON,Capacity|transportation|T_HDV_WTF_LNG_N,?,0.000110118,0.000216411,0.000346311,0.000536235,0.000774888,0.000774888
Temoa,reference,ON,Capacity|transportation|T_HDV_WTF_MDO_EX,?,7.618054945,7.618054945,5.915243624,4.136201881,1.26014774,
Temoa,reference,ON,Capacity|transportation|T_HDV_WTF_MDO_N,?,2.06416E-05,4.39874E-05,7.4249E-05,9.84117E-05,9.84117E-05,9.84117E-05
Temoa,reference,ON,Capacity|transportation|T_I_H2_ELC_ALK,?,6.86889E-05,0.000156311,0.000258489,0.000364264,0.000408794,0.000449727
Temoa,reference,ON,Capacity|transportation|T_I_H2_ELC_PEM,?,5.48822E-05,0.000133196,0.000229828,0.000335787,0.000399469,0.000461668
Temoa,reference,ON,Capacity|transportation|T_I_H2_SMR,?,0.603521306,1.336218303,1.336823991,1.336823991,1.336823991,0.851542526
Temoa,reference,ON,Capacity|transportation|T_LDV_BEV_CHRG,?,1.506805653,2.078762829,1.69566128,1.95860456,2.069532037,67.44889719
Temoa,reference,ON,Capacity|transportation|T_LDV_C_BEV150_EX,?,40.08969042,29.74463427,,,,
Temoa,reference,ON,Capacity|transportation|T_LDV_C_BEV150_N,?,4.17199E-05,0.000132999,0.000975416,0.001617679,0.025789149,276.2342208
Temoa,reference,ON,Capacity|transportation|T_LDV_C_BEV200_N,?,8.3443E-05,0.000266016,0.001950839,0.003235371,0.051578307,552.4684416
Temoa,reference,ON,Capacity|transportation|T_LDV_C_BEV300_N,?,0.000125122,0.000398972,0.002926218,0.004853047,0.077367452,828.7026624
Temoa,reference,ON,Capacity|transportation|T_LDV_C_BEV400_N,?,0.000166813,0.00053194,0.00390159,0.006470707,0.103156584,1104.936883
Temoa,reference,ON,Capacity|transportation|T_LDV_C_CNG_N,?,0.000163462,0.00028886,0.000384172,0.000346457,0.000330738,0.000339537
Temoa,reference,ON,Capacity|transportation|T_LDV_C_DSL_EX,?,35.9321555,3.051879688,,,,
Temoa,reference,ON,Capacity|transportation|T_LDV_C_DSL_N,?,0.000107686,0.00019093,0.000251165,0.000230173,0.000227478,0.000239056
Temoa,reference,ON,Capacity|transportation|T_LDV_C_FCEV400_N,?,6.99261E-05,0.000165307,0.000327037,0.000634691,0.001240542,0.002904466
Temoa,reference,ON,Capacity|transportation|T_LDV_C_GSL_EX,?,2743.908838,1326.562563,,,,
Temoa,reference,ON,Capacity|transportation|T_LDV_C_GSL_HEV_EX,?,72.09500257,38.08435005,,,,
Temoa,reference,ON,Capacity|transportation|T_LDV_C_GSL_HEV_N,?,2439.797302,3932.589554,5760.888324,6175.914586,6584.60617,4288.701319
Temoa,reference,ON,Capacity|transportation|T_LDV_C_GSL_N,?,0.000122758,0.000236508,0.000322058,0.000320534,0.000320029,0.000340587
Temoa,reference,ON,Capacity|transportation|T_LDV_C_GSL_PHEV35_EX,?,24.88664145,18.19384478,,,,
Temoa,reference,ON,Capacity|transportation|T_LDV_C_GSL_PHEV35_N,?,0.000482315,0.002292813,0.00257887,0.002209841,0.001098769,0.001109891
Temoa,reference,ON,Capacity|transportation|T_LDV_C_GSL_PHEV50_N,?,0.000198875,0.000500948,0.00079247,0.000858801,0.000771712,0.000767566
Temoa,reference,ON,Capacity|transportation|T_LDV_LTF_BEV150_N,?,1.22369E-05,5.31908E-05,0.000141065,0.00022918,0.000302895,0.000373752
Temoa,reference,ON,Capacity|transportation|T_LDV_LTF_BEV200_N,?,2.44494E-05,0.000106341,0.00028209,0.000458339,0.000622159,0.000747503
Temoa,reference,ON,Capacity|transportation|T_LDV_LTF_BEV300_N,?,3.6646E-05,0.000159475,0.000423091,0.000687495,0.000933233,0.001121258
Temoa,reference,ON,Capacity|transportation|T_LDV_LTF_BEV400_N,?,4.88585E-05,0.000212625,0.000564107,0.000916646,0.001244299,0.001495016
Temoa,reference,ON,Capacity|transportation|T_LDV_LTF_CNG_N,?,0.000338871,0.000553302,0.000789702,0.000749433,0.000660779,0.000628541
Temoa,reference,ON,Capacity|transportation|T_LDV_LTF_DSL_EX,?,66.54003164,49.72771579,9.193827714,,,
Temoa,reference,ON,Capacity|transportation|T_LDV_LTF_DSL_N,?,7.85668E-05,0.000147026,0.000225244,0.000233529,0.000218142,0.000214609
Temoa,reference,ON,Capacity|transportation|T_LDV_LTF_FCEV400_N,?,5.57227E-05,0.000106992,0.000241688,0.000338652,0.000322009,0.000340138
Temoa,reference,ON,Capacity|transportation|T_LDV_LTF_GSL_EX,?,790.9149416,526.8354017,94.27448662,,,
Temoa,reference,ON,Capacity|transportation|T_LDV_LTF_GSL_HEV_EX,?,0.065824193,0.017951583,0.001196686,,,
Temoa,reference,ON,Capacity|transportation|T_LDV_LTF_GSL_HEV_N,?,0.000340176,0.000830204,0.002036132,0.014028481,389.7639606,479.7082772
Temoa,reference,ON,Capacity|transportation|T_LDV_LTF_GSL_N,?,7.47647E-05,0.000168551,0.000276142,0.00032811,0.000332508,0.000341789
Temoa,reference,ON,Capacity|transportation|T_LDV_LTF_GSL_PHEV35_EX,?,0.896995538,0.896995538,0.179399108,,,
Temoa,reference,ON,Capacity|transportation|T_LDV_LTF_GSL_PHEV35_N,?,464.308195,764.6859271,1342.073707,1549.863696,1262.737145,1289.782661
Temoa,reference,ON,Capacity|transportation|T_LDV_LTF_GSL_PHEV50_N,?,0.000286098,0.001010322,0.001778845,0.00223298,0.002026221,0.002226834
Temoa,reference,ON,Capacity|transportation|T_LDV_LTP_BEV150_N,?,2.60093E-05,7.4568E-05,0.000255187,0.000398893,0.000519619,0.000570705
Temoa,reference,ON,Capacity|transportation|T_LDV_LTP_BEV200_N,?,5.19642E-05,0.000149073,0.000510315,0.000808179,0.001058675,0.001141433
Temoa,reference,ON,Capacity|transportation|T_LDV_LTP_BEV300_EX,?,4.448375473,4.390890761,0.875303917,,,
Temoa,reference,ON,Capacity|transportation|T_LDV_LTP_BEV300_N,?,7.79432E-05,0.000223603,0.00076545,0.001212245,0.001587987,0.001712143
Temoa,reference,ON,Capacity|transportation|T_LDV_LTP_BEV400_N,?,0.000103914,0.000298124,0.001020584,0.001616313,0.002117306,0.00228285
Temoa,reference,ON,Capacity|transportation|T_LDV_LTP_CNG_N,?,0.000333623,0.000557672,0.000821358,0.000754211,0.000641657,0.000566968
Temoa,reference,ON,Capacity|transportation|T_LDV_LTP_DSL_EX,?,119.4681623,69.37155527,11.61907888,,,
Temoa,reference,ON,Capacity|transportation|T_LDV_LTP_DSL_N,?,8.2361E-05,0.000153388,0.000242337,0.000250024,0.000236455,0.000230672
Temoa,reference,ON,Capacity|transportation|T_LDV_LTP_FCEV400_N,?,5.6093E-05,0.000158198,0.000319356,0.000573182,0.000670713,0.001184735
Temoa,reference,ON,Capacity|transportation|T_LDV_LTP_GSL_EX,?,3009.44751,1826.282302,314.0021423,,,
Temoa,reference,ON,Capacity|transportation|T_LDV_LTP_GSL_HEV_EX,?,21.159256,18.52449764,3.573161609,,,
Temoa,reference,ON,Capacity|transportation|T_LDV_LTP_GSL_HEV_N,?,0.000466746,0.001321039,1910.787024,3895.663152,5627.179115,6354.50459
Temoa,reference,ON,Capacity|transportation|T_LDV_LTP_GSL_N,?,9.51646E-05,0.000222855,0.000352395,0.000390361,0.000367662,0.000366911
Temoa,reference,ON,Capacity|transportation|T_LDV_LTP_GSL_PHEV35_EX,?,4.508982529,4.443493582,0.885424269,,,
Temoa,reference,ON,Capacity|transportation|T_LDV_LTP_GSL_PHEV35_N,?,1636.316296,2935.58465,2991.744448,1714.85782,354.8359185,51.01210304
Temoa,reference,ON,Capacity|transportation|T_LDV_LTP_GSL_PHEV50_N,?,0.000231949,0.000905553,0.001646545,0.00183641,0.001504185,0.001294168
Temoa,reference,ON,Capacity|transportation|T_LDV_M_BEV_N,?,57.41931579,175.9889821,262.5629969,310.1671573,330.7045116,354.1169972
Temoa,reference,ON,Capacity|transportation|T_LDV_M_GSL_EX,?,165.8527091,92.60967347,26.76059604,,,
Temoa,reference,ON,Capacity|transportation|T_LDV_M_GSL_N,?,0.00021048,0.000390768,0.000643484,0.000804197,0.000880532,0.000944404
Temoa,reference,ON,Capacity|transportation|T_LDV_PHEV_CHRG,?,16.42467864,28.72727778,30.050509,22.19561988,11.06548547,9.038628574
Temoa,reference,ON,Capacity|transportation|T_MDV_CHRG,?,,3.757137069,9.169011109,15.52162211,19.26193337,20.42815913
Temoa,reference,ON,Capacity|transportation|T_MDV_T_BEV_N,?,0.000135367,96.21505269,257.3571462,451.3993991,579.7037761,635.5133915
Temoa,reference,ON,Capacity|transportation|T_MDV_T_DSL_EX,?,202.7911699,149.8726576,67.51727159,,,
Temoa,reference,ON,Capacity|transportation|T_MDV_T_DSL_HEV_N,?,6.75488E-05,0.000102084,0.000128417,0.000124978,9.337E-05,8.44229E-05
Temoa,reference,ON,Capacity|transportation|T_MDV_T_DSL_N,?,4.61055E-05,7.00824E-05,9.03221E-05,9.06026E-05,7.17078E-05,6.67464E-05
Temoa,reference,ON,Capacity|transportation|T_MDV_T_DSL_PHEV_N,?,2.31618E-05,5.34636E-05,8.59257E-05,0.000106425,0.000109536,0.000107626
Temoa,reference,ON,Capacity|transportation|T_MDV_T_FCEV_N,?,0.000572745,0.000969984,0.001041457,0.001004227,0.000547332,0.000466713
Temoa,reference,ON,Capacity|transportation|T_MDV_T_FCHEV_N,?,139.664667,159.2141179,163.7467547,110.9522423,19.88410756,6.523004648
Temoa,reference,ON,Capacity|transportation|T_MDV_T_GSL_EX,?,129.1489801,93.86997186,41.38443448,,,
Temoa,reference,ON,Capacity|transportation|T_MDV_T_GSL_N,?,0.000251153,0.000329094,0.000379799,0.000325605,0.000186982,0.000154787
Temoa,reference,ON,Emissions|ch4,?,45687.21364,37224.72767,27024.05804,27368.97104,30880.64306,28539.97754
Temoa,reference,ON,Emissions|ch4|F_A_DSL,?,77.4184374,85.54332958,82.92380532,80.44784679,80.70547819,82.15342187
Temoa,reference,ON,Emissions|ch4|F_A_NG,?,29.35825939,32.43934236,31.44597734,30.50705445,30.60475041,31.15383048
Temoa,reference,ON,Emissions|ch4|F_C_NG,?,325.6223184,317.516838,302.5962087,279.7824165,288.280927,301.403477
Temoa,reference,ON,Emissions|ch4|F_E_BIO_M,?,0.737973475,1.225405969,1.929326113,2.567142594,3.392619675,4.204801732
Temoa,reference,ON,Emissions|ch4|F_E_NG,?,1193.658402,3111.043423,2614.412967,3921.131381,4899.003437,5600.782068
Temoa,reference,ON,Emissions|ch4|F_I_HFO,?,285.6076,284.1202,281.9159,283.0214,285.9024,290.9676
Temoa,reference,ON,Emissions|ch4|F_I_NG,?,279.9402146,275.6351208,265.9932977,264.8624666,268.48311,278.7498661
Temoa,reference,ON,Emissions|ch4|F_R_LPG,?,8.134582089,5.702299905,3.278558745,0.374694407,,
Temoa,reference,ON,Emissions|ch4|F_R_NG,?,385.8416071,404.3405139,397.2373452,385.7986317,392.485849,408.9089183
Temoa,reference,ON,Emissions|ch4|F_R_OIL,?,27.46014707,9.390567818,5.769803216,2.295528383,,
Temoa,reference,ON,Emissions|ch4|F_R_WOOD,?,3359.970781,3688.533807,2051.405781,372.8611786,0.478098864,0.512113872
Temoa,reference,ON,Emissions|ch4|F_T_CNG,?,0.211773898,0.091912188,0.000170956,0.000140822,0.000124035,0.000111641
Temoa,reference,ON,Emissions|ch4|F_T_DSL,?,826.8436701,717.8989084,541.397721,339.4591545,311.781017,320.609731
Temoa,reference,ON,Emissions|ch4|F_T_GSL,?,38583.43797,27953.48214,20099.0582,21048.17397,23950.61862,20844.77348
Temoa,reference,ON,Emissions|ch4|F_T_HFO,?,6.070842111,6.692403356,7.10859643,7.367171906,7.232132362,7.437699974
Temoa,reference,ON,Emissions|ch4|F_T_JTF,?,257.9439254,262.7894564,267.543106,274.0838135,286.2898494,306.5579796
Temoa,reference,ON,Emissions|ch4|F_T_LNG,?,16.75561021,19.13148467,20.86845468,27.06418014,28.6703815,30.43979587
Temoa,reference,ON,Emissions|ch4|F_T_MDO,?,2.27821E-05,1.02886E-05,1.2199E-05,1.3458E-05,,
Temoa,reference,ON,Emissions|ch4|F_T_NG,?,22.19949743,49.15051065,49.17281214,49.17285441,46.71427345,31.32264546
Temoa,reference,ON,Emissions|co2,?,185760.1325,182411.6129,163952.611,163254.6336,171725.9621,174103.1311
Temoa,reference,ON,Emissions|co2e,?,164874.0457,163238.8044,146990.7788,146753.185,154474.7416,156851.7274
Temoa,reference,ON,Emissions|co2e|E_NG_CCS-NEW,?,-0.172856423,-0.446402583,-0.724973406,-1.00219428,-1.338126035,-1.713395977
Temoa,reference,ON,Emissions|co2e|E_NG_CCS_RFIT_90,?,-0.10520775,-0.213692951,-0.336615617,-0.502493766,-0.668576773,-0.851808923
Temoa,reference,ON,Emissions|co2e|E_NG_CCS_RFIT_95,?,-0.108361218,-0.2200765,-0.346518059,-0.517423782,-0.688467267,-0.877793366
Temoa,reference,ON,Emissions|co2e|F_A_DSL,?,1612.937418,1782.2116,1727.636374,1676.0522,1681.419698,1711.586189
Temoa,reference,ON,Emissions|co2e|F_A_NG,?,1543.761222,1705.775473,1653.540823,1604.168934,1609.306133,1638.178707
Temoa,reference,ON,Emissions|co2e|F_C_NG,?,17122.37437,16696.15951,15911.58,14711.95003,15158.83181,15848.86194
Temoa,reference,ON,Emissions|co2e|F_E_BIO_G,?,2.320922454,4.374290283,18.50921724,4.421667218,6.608086705,
Temoa,reference,ON,Emissions|co2e|F_E_BIO_M,?,0.277673516,0.461077255,0.725937698,0.965925653,1.276523705,1.582119306
Temoa,reference,ON,Emissions|co2e|F_E_NG,?,4779.741979,12457.48769,10468.84049,15701.30637,19616.97949,22427.09734
Temoa,reference,ON,Emissions|co2e|F_I_BIO,?,4044.378,4458.844,4651.998,4738.942,4711.278,4615.936
Temoa,reference,ON,Emissions|co2e|F_I_HFO,?,31436.82299,31273.1049,31030.47764,31152.16001,31469.27162,32026.79809
Temoa,reference,ON,Emissions|co2e|F_I_NG,?,14716.11661,14489.80306,13982.94415,13923.49773,14113.83055,14653.54143
Temoa,reference,ON,Emissions|co2e|F_R_LPG,?,463.9438591,325.2222419,186.9877493,21.37014134,,
Temoa,reference,ON,Emissions|co2e|F_R_NG,?,20288.91778,21261.65579,20888.14603,20286.65798,20638.29554,21501.87867
Temoa,reference,ON,Emissions|co2e|F_R_OIL,?,572.1053047,195.6432954,120.2082064,47.82508855,,
Temoa,reference,ON,Emissions|co2e|F_R_WOOD,?,1264.239072,1387.865806,771.8719926,140.2945743,0.179891821,0.192690475
Temoa,reference,ON,Emissions|co2e|F_T_CNG,?,11.13269626,4.831711921,0.008986947,0.007402861,0.006520386,0.005868838
Temoa,reference,ON,Emissions|co2e|F_T_DSL,?,17226.47911,14956.72156,11279.49196,7072.299451,6495.652529,6679.59015
Temoa,reference,ON,Emissions|co2e|F_T_ETH,?,4012.071496,4150.240947,2984.098149,3125.012941,3555.937596,3094.814163
Temoa,reference,ON,Emissions|co2e|F_T_GSL,?,33986.85556,24623.28423,17704.58579,18540.63002,21097.2961,18361.46136
Temoa,reference,ON,Emissions|co2e|F_T_HFO,?,668.2174734,736.6327076,782.4430711,810.9044688,796.0406688,818.6674918
Temoa,reference,ON,Emissions|co2e|F_T_JTF,?,8379.721683,8537.13652,8691.566443,8904.051807,9300.584438,9959.027119
Temoa,reference,ON,Emissions|co2e|F_T_LNG,?,880.8220498,1005.718881,1097.029281,1422.731034,1507.167085,1600.183047
Temoa,reference,ON,Emissions|co2e|F_T_MDO,?,0.001498336,0.000676663,0.000802301,0.000885103,0.000414078,0.000284163
Temoa,reference,ON,Emissions|co2e|F_T_NG,?,1167.00058,2583.782566,2584.954928,2584.95715,2455.71254,1646.593376
Temoa,reference,ON,Emissions|co2e|F_T_RDSL,?,694.1932559,602.7264871,454.5413605,284.9997699,261.7620321,269.1743568
Temoa,reference,ON,Emissions|co2e|T_I_H2_SMR_CCS,?,-0.000523862,-0.000516489,-0.000512931,-0.000513415,-0.000513364,
Temoa,reference,ON,Emissions|co2|E_NG_CCS-NEW,?,-0.172856423,-0.446402583,-0.724973406,-1.00219428,-1.338126035,-1.713395977
Temoa,reference,ON,Emissions|co2|E_NG_CCS_RFIT_90,?,-0.10520775,-0.213692951,-0.336615617,-0.502493766,-0.668576773,-0.851808923
Temoa,reference,ON,Emissions|co2|E_NG_CCS_RFIT_95,?,-0.108361218,-0.2200765,-0.346518059,-0.517423782,-0.688467267,-0.877793366
Temoa,reference,ON,Emissions|co2|F_A_DSL,?,1547.254493,1709.635398,1657.282615,1607.79908,1612.948,1641.886034
Temoa,reference,ON,Emissions|co2|F_A_NG,?,1535.357619,1696.489931,1644.539625,1595.436496,1600.54573,1629.261134
Temoa,reference,ON,Emissions|co2|F_C_NG,?,17029.16718,16605.27246,15824.96388,14631.8642,15076.31334,15762.58723
Temoa,reference,ON,Emissions|co2|F_E_BIO_G,?,2.320922454,4.374290283,18.50921724,4.421667218,6.608086705,
Temoa,reference,ON,Emissions|co2|F_E_BIO_M,?,0.228991703,0.380241037,0.59866606,0.796579247,1.052723145,1.304741624
Temoa,reference,ON,Emissions|co2|F_E_NG,?,4713.732669,12285.44699,10324.26345,15484.4678,19346.0646,22117.37409
Temoa,reference,ON,Emissions|co2|F_IMP_CNG,?,0.757892992,0.328933847,0.000611814,0.000503973,0.000443896,0.000399539
Temoa,reference,ON,Emissions|co2|F_IMP_DSL,?,4765.576846,4234.243252,3290.254215,2212.963549,2068.453978,2122.613278
Temoa,reference,ON,Emissions|co2|F_IMP_GSL,?,7621.771535,5567.264542,4035.927038,4216.673292,4781.454966,4179.746867
Temoa,reference,ON,Emissions|co2|F_IMP_HFO,?,5398.227884,5382.203406,5349.110083,5374.355659,5425.17642,5522.724955
Temoa,reference,ON,Emissions|co2|F_IMP_JTF,?,1808.863432,1842.843313,1876.178864,1922.046378,2007.642703,2149.775453
Temoa,reference,ON,Emissions|co2|F_IMP_LPG,?,91.4854593,64.13083305,36.8722633,4.2139952,,
Temoa,reference,ON,Emissions|co2|F_IMP_MDO,?,0.000253877,0.000114653,0.000135942,0.000149971,7.01611E-05,4.81484E-05
Temoa,reference,ON,Emissions|co2|F_IMP_NG,?,4055.103035,4702.514194,4451.507777,4674.639065,4997.74886,5276.755407
Temoa,reference,ON,Emissions|co2|F_IMP_OIL,?,118.567129,40.54649317,24.91279454,9.911607871,,
Temoa,reference,ON,Emissions|co2|F_IMP_SPK,?,2.27752E-05,4.97339E-05,7.66014E-05,0.000105108,0.000129173,0.00010656
Temoa,reference,ON,Emissions|co2|F_I_BIO,?,4044.378,4458.844,4651.998,4738.942,4711.278,4615.936
Temoa,reference,ON,Emissions|co2|F_I_HFO,?,31335.8428,31172.6506,30930.8027,31052.0942,31368.1872,31923.9228
Temoa,reference,ON,Emissions|co2|F_I_NG,?,14640.11662,14414.97185,13910.73056,13851.59115,14040.94102,14577.86461
Temoa,reference,ON,Emissions|co2|F_R_LPG,?,454.8352085,318.837125,183.3166024,20.95057947,,
Temoa,reference,ON,Emissions|co2|F_R_NG,?,20178.47323,21145.91605,20774.43953,20176.22573,20525.94912,21384.83126
Temoa,reference,ON,Emissions|co2|F_R_OIL,?,548.8077176,187.6762014,115.3130217,45.87752897,,
Temoa,reference,ON,Emissions|co2|F_R_WOOD,?,1042.592258,1144.544712,636.5471383,115.6980829,0.148353127,0.158907917
Temoa,reference,ON,Emissions|co2|F_T_CNG,?,11.0752025,4.806759004,0.008940535,0.00736463,0.006486712,0.005838528
Temoa,reference,ON,Emissions|co2|F_T_DSL,?,16524.97295,14347.64571,10820.16228,6784.29738,6231.13299,6407.580203
Temoa,reference,ON,Emissions|co2|F_T_ETH,?,4012.071496,4150.240947,2984.098149,3125.012941,3555.937596,3094.814163
Temoa,reference,ON,Emissions|co2|F_T_GSL,?,32711.39284,23699.21872,17040.16601,17844.83507,20305.55428,17672.39027
Temoa,reference,ON,Emissions|co2|F_T_HFO,?,666.0710502,734.2665235,779.9297366,808.2997117,793.4836566,816.0377987
Temoa,reference,ON,Emissions|co2|F_T_JTF,?,8170.033169,8323.508963,8474.074535,8681.242809,9067.852874,9709.819129
Temoa,reference,ON,Emissions|co2|F_T_LNG,?,876.273128,1000.524941,1091.363778,1415.383474,1499.383464,1591.919053
Temoa,reference,ON,Emissions|co2|F_T_MDO,?,0.001476511,0.000666807,0.000790615,0.00087221,0.000408046,0.000280024
Temoa,reference,ON,Emissions|co2|F_T_NG,?,1160.973717,2570.438867,2571.605174,2571.607385,2443.030246,1638.089701
Temoa,reference,ON,Emissions|co2|F_T_RDSL,?,694.1932559,602.7264871,454.5413605,284.9997699,261.7620321,269.1743568
Temoa,reference,ON,Emissions|co2|T_I_H2_SMR_CCS,?,-0.000528883,-0.00052144,-0.000517847,-0.000518336,-0.000518284,
Temoa,reference,ON,Emissions|n2o,?,6208.881441,5930.308495,4931.347999,4201.554984,4265.930607,4399.609587
Temoa,reference,ON,Emissions|n2o|F_A_DSL,?,232.656444,257.0732184,249.201073,241.7603686,242.5345977,246.885931
Temoa,reference,ON,Emissions|n2o|F_A_NG,?,27.77132645,30.68586439,29.74619478,28.85802448,28.95043958,29.46983964
Temoa,reference,ON,Emissions|n2o|F_C_NG,?,308.021112,300.3537657,286.2396569,264.6590426,272.6981742,285.1113971
Temoa,reference,ON,Emissions|n2o|F_E_BIO_M,?,0.102632073,0.170420698,0.268316877,0.357019831,0.471821279,0.584773751
Temoa,reference,ON,Emissions|n2o|F_E_NG,?,119.3658402,311.1043423,261.4412967,392.1131381,489.9003437,560.0782068
Temoa,reference,ON,Emissions|n2o|F_I_HFO,?,340.59772,338.82394,336.19523,337.51358,340.94928,346.98972
Temoa,reference,ON,Emissions|n2o|F_I_NG,?,249.6764076,245.8367293,237.2372655,236.2286864,239.4579089,248.6147454
Temoa,reference,ON,Emissions|n2o|F_R_LPG,?,32.53070457,22.80385538,13.11116229,1.49842646,,
Temoa,reference,ON,Emissions|n2o|F_R_NG,?,364.985304,382.4842699,375.7650562,364.9446516,371.2703977,386.8057335
Temoa,reference,ON,Emissions|n2o|F_R_OIL,?,82.52272175,28.22035925,17.339305,6.898479079,,
Temoa,reference,ON,Emissions|n2o|F_R_WOOD,?,467.2807047,512.9749003,285.2948438,51.85486589,0.06649057,0.071221135
Temoa,reference,ON,Emissions|n2o|F_T_CNG,?,0.188879423,0.081975735,0.000152474,0.000125598,0.000110626,9.95718E-05
Temoa,reference,ON,Emissions|n2o|F_T_DSL,?,2484.815174,2157.416409,1626.998333,1020.136319,936.9584966,963.4903834
Temoa,reference,ON,Emissions|n2o|F_T_GSL,?,714.7489352,517.8315527,372.3302329,389.9123749,443.6794659,386.1444296
Temoa,reference,ON,Emissions|n2o|F_T_HFO,?,7.239705742,7.980940719,8.477266488,8.785627393,8.624587698,8.869734745
Temoa,reference,ON,Emissions|n2o|F_T_JTF,?,741.6340072,755.5657583,769.2333342,788.0390151,823.1335081,881.4079357
Temoa,reference,ON,Emissions|n2o|F_T_LNG,?,14.94419289,17.06321606,18.61240552,24.13832283,25.57088079,27.14900712
Temoa,reference,ON,Emissions|n2o|F_T_MDO,?,7.74593E-05,3.49814E-05,4.14765E-05,4.57571E-05,2.14065E-05,1.46903E-05
Temoa,reference,ON,Emissions|n2o|F_T_NG,?,19.79955176,43.83694193,43.85683245,43.85687014,41.66408173,27.93641352
Temoa,reference,ON-MB,Capacity|electricity,?,0.1,0.1,0.1,0.1,0.1,0.1
Temoa,reference,ON-MB,Capacity|electricity|E_INT,?,0.1,0.1,0.1,0.1,0.1,0.1
Temoa,reference,ON-QC,Activity|electricity,?,0.510470372,,,1.893127072,1.181876947,1.889707276
Temoa,reference,ON-QC,Activity|electricity|E_INT,?,0.510470372,,,1.893127072,1.181876947,1.889707276
Temoa,reference,ON-QC,Capacity|electricity,?,2.75,2.75,2.75,2.75,2.75,2.75
Temoa,reference,ON-QC,Capacity|electricity|E_INT,?,2.75,2.75,2.75,2.75,2.75,2.75
Temoa,reference,PEI,Activity|agriculture|A_AGRI,?,2.686975881,2.968967997,2.878051865,2.792118377,2.801060095,2.851314198
Temoa,reference,PEI,Activity|agriculture|E_A_ELC,?,0.763092206,0.840416336,0.814522185,0.79020626,0.792732195,0.806971904
Temoa,reference,PEI,Activity|agriculture|F_A_DSL,?,1.622942505,1.793256627,1.738343327,1.6864395,1.691840297,1.722193776
Temoa,reference,PEI,Activity|agriculture|F_A_GSL,?,0.30094117,0.335295035,0.325186353,0.315472617,0.316487602,0.322148519
Temoa,reference,PEI,Activity|commercial,?,7.398324096,8.043600255,8.594948805,8.915944413,9.293613502,9.860928935
Temoa,reference,PEI,Activity|commercial|C_OTHER,?,1.986197095,2.194644043,2.350709225,2.442693256,2.546405394,2.702145931
Temoa,reference,PEI,Activity|commercial|C_SPC_AC_ROOF-NEW,?,,,0.000175316,0.000372581,0.000471886,0.000556866
Temoa,reference,PEI,Activity|commercial|C_SPC_ELC-EXS,?,1.036851919,1.037086758,0.462848416,,,
Temoa,reference,PEI,Activity|commercial|C_SPHC_HP_AIR-NEW,?,1.434296302,1.835211041,2.613051395,3.195707625,3.330426333,3.532969391
Temoa,reference,PEI,Activity|commercial|C_SPH_OIL-EXS,?,0.128916121,,,,,
Temoa,reference,PEI,Activity|commercial|E_C_ELC,?,2.659031839,2.976658413,3.168164454,3.277170952,3.41630989,3.625256747
Temoa,reference,PEI,Activity|commercial|F_C_OIL,?,0.153030821,,,,,
Temoa,reference,PEI,Activity|electricity,?,42.88100215,52.2331719,68.22373936,79.59015457,83.87198562,89.80163015
Temoa,reference,PEI,Activity|electricity|E_BAT_2H-EXS,?,0.050822328,0.054195117,,,,
Temoa,reference,PEI,Activity|electricity|E_BAT_2H-NEW,?,0.008442069,0.016955155,0.026043916,0.032083788,0.050178664,0.102267182
Temoa,reference,PEI,Activity|electricity|E_BAT_4H-NEW,?,0.001434745,0.003639478,0.007137555,0.011570302,0.021437473,0.057613898
Temoa,reference,PEI,Activity|electricity|E_ELC_DX_to_DEM,?,10.83863065,13.17293395,17.87316294,20.06769706,21.77735802,24.26806623
Temoa,reference,PEI,Activity|electricity|E_ELC_TX_to_DX,?,10.83863065,13.17293395,17.87316294,20.06769706,21.77735802,24.26806623
Temoa,reference,PEI,Activity|electricity|E_NG_CC-NEW,?,3.144550108,4.00245028,4.98390317,6.39579253,6.031312104,5.539960245
Temoa,reference,PEI,Activity|electricity|E_NG_CCS-NEW,?,0.000588827,0.000946738,0.001149864,0.001241777,0.002195498,0.001768122
Temoa,reference,PEI,Activity|electricity|E_NG_CC_RFIT_BYPASS,?,3.143388921,4.000408202,4.981142977,6.391298515,6.02568735,5.533026859
Temoa,reference,PEI,Activity|electricity|E_NG_CT-NEW,?,0.127584188,0.06732101,0.035102,0.018223903,0.017744587,
Temoa,reference,PEI,Activity|electricity|E_SOL_PV-EXS,?,0.139347922,0.139714418,0.134177518,0.135208987,0.132139495,0.103091571
Temoa,reference,PEI,Activity|electricity|E_SOL_PV-NEW-1,?,0.000911762,0.005028733,0.018664267,0.037435097,0.058022015,0.083177926
Temoa,reference,PEI,Activity|electricity|E_SOL_PV-NEW-2,?,0.000891166,0.005115805,0.019342352,0.039163234,0.06122536,0.08921886
Temoa,reference,PEI,Activity|electricity|E_SOL_PV-NEW-3,?,0.001021855,0.00624005,0.031630876,0.076489989,0.123844113,0.18073382
Temoa,reference,PEI,Activity|electricity|E_SOL_PV-NEW-4,?,0.001029363,0.007073157,0.078966691,0.833600169,1.257196601,2.482623076
Temoa,reference,PEI,Activity|electricity|E_SOL_PV-NEW-5,?,0.000939883,0.006006142,0.029644783,0.068573565,0.110464715,0.161562349
Temoa,reference,PEI,Activity|electricity|E_WND_ON-EXS,?,1.741470829,1.733174258,1.256595428,0.330778999,,
Temoa,reference,PEI,Activity|electricity|E_WND_ON-NEW-1,?,0.01558301,0.028153235,0.039045887,0.053066878,0.065381464,0.090489347
Temoa,reference,PEI,Activity|electricity|E_WND_ON-NEW-10,?,0.002606556,0.005049038,0.007467637,0.010883416,0.013893784,0.019152253
Temoa,reference,PEI,Activity|electricity|E_WND_ON-NEW-11,?,0.002261138,0.004274539,0.006700946,0.009766091,0.012251345,0.016738543
Temoa,reference,PEI,Activity|electricity|E_WND_ON-NEW-12,?,0.002261138,0.004274539,0.006700946,0.009766091,0.012251345,0.016738543
Temoa,reference,PEI,Activity|electricity|E_WND_ON-NEW-13,?,0.002261138,0.004274539,0.006700946,0.009766091,0.012251345,0.016738543
Temoa,reference,PEI,Activity|electricity|E_WND_ON-NEW-2,?,6.588791502,7.972744195,8.695568073,9.458912151,10.11347577,10.98012965
Temoa,reference,PEI,Activity|electricity|E_WND_ON-NEW-3,?,0.017854606,0.034078306,0.05074837,0.072452305,0.090135763,0.117946906
Temoa,reference,PEI,Activity|electricity|E_WND_ON-NEW-4,?,0.125060034,0.304569259,2.882166629,3.782084527,5.037357154,5.470420869
Temoa,reference,PEI,Activity|electricity|E_WND_ON-NEW-5,?,0.013997692,0.028061368,0.043849427,0.065824786,0.083706194,0.10978973
Temoa,reference,PEI,Activity|electricity|E_WND_ON-NEW-6,?,0.006303723,0.012113892,0.018474337,0.02624569,0.032967542,0.042786996
Temoa,reference,PEI,Activity|electricity|E_WND_ON-NEW-7,?,0.005067011,0.009956934,0.014997206,0.021256255,0.026897087,0.0365024
Temoa,reference,PEI,Activity|electricity|E_WND_ON-NEW-8,?,0.003554507,0.007168205,0.010323185,0.014864687,0.018824006,0.025449112
Temoa,reference,PEI,Activity|electricity|E_WND_ON-NEW-9,?,0.002707706,0.005133567,0.007667838,0.01133439,0.014233087,0.019156403
Temoa,reference,PEI,Activity|electricity|F_E_BIO_M,?,,,0.00134504,0.002830776,0.00518493,0.006853296
Temoa,reference,PEI,Activity|electricity|F_E_NG,?,6.05300713,7.419183834,9.082155625,11.53424546,10.88701079,9.961561185
Temoa,reference,PEI,Activity|fuel|F_IMP_BIO,?,0.149999995,0.189999993,0.189999993,0.189999991,0.189999997,0.199999995
Temoa,reference,PEI,Activity|fuel|F_IMP_BIO_M,?,,,0.00134504,0.002830776,0.00518493,0.006853296
Temoa,reference,PEI,Activity|fuel|F_IMP_CNG,?,0.014718306,0.006084051,,,,
Temoa,reference,PEI,Activity|fuel|F_IMP_DSL,?,38.14315872,32.76045271,24.27968586,12.30341781,9.182987156,8.131877654
Temoa,reference,PEI,Activity|fuel|F_IMP_ETH,?,6.389248007,6.679955593,4.851415055,4.50588646,4.345805915,3.926209037
Temoa,reference,PEI,Activity|fuel|F_IMP_GSL,?,51.99576595,38.18837673,27.81653833,25.84882923,24.94272112,22.5706664
Temoa,reference,PEI,Activity|fuel|F_IMP_HFO,?,18.79007844,18.84016175,18.79257445,18.46178561,17.34562261,16.95140161
Temoa,reference,PEI,Activity|fuel|F_IMP_JTF,?,16.78099884,15.80388753,15.12581534,14.52944514,14.25488449,14.28765785
Temoa,reference,PEI,Activity|fuel|F_IMP_LNG,?,13.29624,13.29729992,13.29917993,16.08501188,16.08590721,16.08656452
Temoa,reference,PEI,Activity|fuel|F_IMP_MDO,?,0.005505666,,,,,
Temoa,reference,PEI,Activity|fuel|F_IMP_NG,?,17.12112056,18.71709981,20.58291321,23.12553186,22.11928265,21.24011493
Temoa,reference,PEI,Activity|fuel|F_IMP_OIL,?,1.766985253,1.115717093,0.596526708,0.23299299,,
Temoa,reference,PEI,Activity|fuel|F_IMP_RDSL,?,1.52166512,1.29028621,0.939207339,0.442356972,0.31211203,0.267070162
Temoa,reference,PEI,Activity|fuel|F_IMP_WOOD,?,1.926772889,2.740487792,3.503762311,4.144905388,4.62776667,4.818778434
Temoa,reference,PEI,Activity|industrial|E_I_ELC,?,2.630000021,3.040000032,3.470000048,3.860000049,4.300000037,4.850000037
Temoa,reference,PEI,Activity|industrial|F_I_BIO,?,0.149999995,0.189999993,0.189999993,0.189999991,0.189999997,0.199999995
Temoa,reference,PEI,Activity|industrial|F_I_HFO,?,1.910000013,1.960000008,1.990000008,2.050000008,2.160000013,2.290000013
Temoa,reference,PEI,Activity|industrial|F_I_NG,?,1.330000005,1.4,1.44,1.500000003,1.570000001,1.660000001
Temoa,reference,PEI,Activity|industrial|I_IND,?,6.020000034,6.590000034,7.09000005,7.60000005,8.220000046,9.000000046
Temoa,reference,PEI,Activity|residential,?,8.655945458,9.063137751,9.486538402,9.956931065,10.38786386,10.81546154
Temoa,reference,PEI,Activity|residential|E_R_ELC,?,1.272157763,0.949541033,0.778963264,0.737732895,0.718476833,0.745628284
Temoa,reference,PEI,Activity|residential|F_R_NG,?,0.185091987,0.344857638,0.507601335,0.563398188,0.586655697,0.610835158
Temoa,reference,PEI,Activity|residential|F_R_OIL,?,1.613954432,1.1157106,0.596523604,0.2329891,,
Temoa,reference,PEI,Activity|residential|F_R_WOOD,?,1.926772889,2.740487792,3.503762311,4.144905388,4.62776667,4.818778434
Temoa,reference,PEI,Activity|residential|R_APP_CL_WASH-EXS,?,0.00120472,1.13182E-05,,,,
Temoa,reference,PEI,Activity|residential|R_APP_CL_WASH-TYP-NEW,?,2.28083E-05,0.001585545,0.001750123,0.002077089,0.002546943,0.00285068
Temoa,reference,PEI,Activity|residential|R_APP_COOK_ELEC-EXS,?,0.00139382,0.00040215,,,,
Temoa,reference,PEI,Activity|residential|R_APP_COOK_NG-TYP-NEW,?,0.000125982,0.000435892,0.002432739,0.001998119,0.002171662,0.002799035
Temoa,reference,PEI,Activity|residential|R_APP_DRY_ELEC-EXS,?,0.000387046,,,,,
Temoa,reference,PEI,Activity|residential|R_APP_DRY_NG-TYP-NEW,?,0.000182369,0.001111731,0.002273168,0.001281539,0.001117157,0.002096555
Temoa,reference,PEI,Activity|residential|R_APP_DS_WASH-EXS,?,0.000653646,0.000112299,,,,
Temoa,reference,PEI,Activity|residential|R_APP_DS_WASH-TYP-NEW,?,0.000171004,0.000850826,0.00186957,0.001073,0.001000954,0.001267569
Temoa,reference,PEI,Activity|residential|R_APP_OTH,?,0.07679175,0.082154494,0.086138002,0.089821676,0.093548183,0.097409616
Temoa,reference,PEI,Activity|residential|R_APP_REFR-EXS,?,0.000635455,,,,,
Temoa,reference,PEI,Activity|residential|R_APP_REFR-TYP-NEW,?,0.000162865,0.002340942,0.001386141,0.00165569,0.002004627,0.002223721
Temoa,reference,PEI,Activity|residential|R_LGT_CFL-EXS,?,0.038389487,0.024680616,0.00887239,,,
Temoa,reference,PEI,Activity|residential|R_LGT_LED-EXS,?,0.056911014,0.056912446,0.054102481,0.056868967,0.045482929,0.031284564
Temoa,reference,PEI,Activity|residential|R_LGT_LED-TYP-NEW,?,0.139950297,0.173290541,0.208982468,0.23094834,0.258394117,0.285582107
Temoa,reference,PEI,Activity|residential|R_LGT_T12-EXS,?,0.015252289,0.011738992,0.006157595,0.004387054,0.000283948,
Temoa,reference,PEI,Activity|residential|R_SPC_ROOM_AC-EXS,?,0.011688415,,,,,
Temoa,reference,PEI,Activity|residential|R_SPHC_AIR_HP-TYP-NEW,?,0.05164466,0.068151618,0.070623358,0.073245581,0.075851914,0.078010488
Temoa,reference,PEI,Activity|residential|R_SPHC_GEO_HP-TYP-NEW,?,0.000271087,0.000846081,0.000920434,0.002206719,0.002460986,0.002782494
Temoa,reference,PEI,Activity|residential|R_SPH_ELEC-EXS,?,0.162927573,0.120053441,0.077180911,0.030876145,,
Temoa,reference,PEI,Activity|residential|R_SPH_HP-EXS,?,0.211365493,0.115289332,0.007208199,,,
Temoa,reference,PEI,Activity|residential|R_SPH_OIL-EXS,?,0.957354042,0.705408951,0.453467948,0.181360234,,
Temoa,reference,PEI,Activity|residential|R_SPH_WOOD-TYP-NEW,?,1.368008751,1.945746333,2.487671241,2.942882825,3.285714336,3.421332688
Temoa,reference,PEI,Activity|residential|R_WAH_ELC-EXS,?,0.094596665,0.051597607,0.002388609,,,
Temoa,reference,PEI,Activity|residential|R_WAH_ELEC-TYP-NEW,?,0.272324769,0.443155171,0.619738602,0.657222516,0.684386906,0.712580143
Temoa,reference,PEI,Activity|residential|R_WAH_OIL-EXS,?,0.195552381,0.10666436,0.006523907,,,
Temoa,reference,PEI,Activity|transportation,?,562.6977961,530.0683329,507.6831954,479.2667192,466.5067701,456.6044559
Temoa,reference,PEI,Activity|transportation|E_T_ELC,?,3.514348818,5.366318138,9.641512984,11.4025869,12.54982065,14.24019011
Temoa,reference,PEI,Activity|transportation|F_T_CNG,?,0.014718306,0.006084051,,,,
Temoa,reference,PEI,Activity|transportation|F_T_DSL,?,36.51996288,30.96686904,22.54097613,10.61656732,7.490688724,6.409683878
Temoa,reference,PEI,Activity|transportation|F_T_ETH,?,6.389248007,6.679955593,4.851415055,4.50588646,4.345805915,3.926209037
Temoa,reference,PEI,Activity|transportation|F_T_GSL,?,51.69482478,37.85308169,27.49135198,25.53335661,24.62623352,22.24851788
Temoa,reference,PEI,Activity|transportation|F_T_HFO,?,16.88007842,16.88016175,16.80257444,16.4117856,15.1856226,14.6614016
Temoa,reference,PEI,Activity|transportation|F_T_JTF,?,16.78099884,15.80388753,15.12581534,14.52944514,14.25488449,14.28765785
Temoa,reference,PEI,Activity|transportation|F_T_LNG,?,13.29624,13.29729992,13.29917993,16.08501188,16.08590721,16.08656452
Temoa,reference,PEI,Activity|transportation|F_T_MDO,?,0.005505666,,,,,
Temoa,reference,PEI,Activity|transportation|F_T_NG,?,9.553021434,9.553058333,9.553156254,9.527888208,9.075616168,9.007718587
Temoa,reference,PEI,Activity|transportation|F_T_RDSL,?,1.52166512,1.29028621,0.939207339,0.442356972,0.31211203,0.267070162
Temoa,reference,PEI,Activity|transportation|T_BLND_ETH_GSL,?,58.08407279,44.53303729,32.34276703,30.03924307,28.97203943,26.17472692
Temoa,reference,PEI,Activity|transportation|T_BLND_GSL_ELC_PHEV35,?,5.811867869,8.162109803,12.90002718,9.41346969,7.063300186,2.485221098
Temoa,reference,PEI,Activity|transportation|T_BLND_JTF,?,16.78099735,15.8038842,15.12581021,14.52943797,14.25487549,14.2876502
Temoa,reference,PEI,Activity|transportation|T_BLND_RDSL_DSL,?,38.041628,32.25715525,23.48018347,11.0589243,7.802800754,6.676754039
Temoa,reference,PEI,Activity|transportation|T_ELC_AC_DC,?,0.000677414,0.002818301,0.006361463,0.005075958,,0.010740296
Temoa,reference,PEI,Activity|transportation|T_H2_COMP_100_700,?,7.719882042,7.719837684,7.719782143,7.699789941,7.336847771,7.292083203
Temoa,reference,PEI,Activity|transportation|T_H2_COMP_10_100,?,7.719882041,7.71982956,7.719754644,7.699703325,7.336791192,7.29206885
Temoa,reference,PEI,Activity|transportation|T_H2_HDV_REFUEL,?,0.121127154,0.498712913,0.897042763,3.363930685,5.339647724,5.64769837
Temoa,reference,PEI,Activity|transportation|T_H2_LDV_REFUEL,?,,,,,1.374415461,1.37441273
Temoa,reference,PEI,Activity|transportation|T_H2_MDV_REFUEL,?,7.56015146,7.185297931,6.79044764,4.303674929,0.587427131,0.233518047
Temoa,reference,PEI,Activity|transportation|T_H2_distribution,?,7.719882041,7.722989695,7.726506125,7.706702432,7.338740313,7.292201656
Temoa,reference,PEI,Activity|transportation|T_HDV_AJF_JFL_EX,?,0.094620752,0.076745407,0.063634421,0.03982675,,
Temoa,reference,PEI,Activity|transportation|T_HDV_AJF_JFL_N,?,0.035903906,0.05455295,0.068457287,0.092740231,0.132947905,0.133300313
Temoa,reference,PEI,Activity|transportation|T_HDV_AJP_JFL_EX,?,7.842263809,6.537045121,5.124990008,2.761996971,,
Temoa,reference,PEI,Activity|transportation|T_HDV_AJP_JFL_N,?,3.174085768,4.532257737,5.988337258,8.386009085,11.17581607,11.20142884
Temoa,reference,PEI,Activity|transportation|T_HDV_BIC_DSL_EX,?,0.021208793,0.00855392,,,,
Temoa,reference,PEI,Activity|transportation|T_HDV_BIC_GSL_EX,?,0.000511705,,,,,
Temoa,reference,PEI,Activity|transportation|T_HDV_BIC_GSL_N,?,0.095541084,0.109852252,0.121350045,0.122125803,0.122558661,0.123143386
Temoa,reference,PEI,Activity|transportation|T_HDV_BS_BEV_N,?,,,0.440044221,0.936348202,1.000637172,1.01649261
Temoa,reference,PEI,Activity|transportation|T_HDV_BS_CNG_EX,?,0.020165896,0.008580675,,,,
Temoa,reference,PEI,Activity|transportation|T_HDV_BS_DSL_EX,?,0.279731198,0.123836289,,,,
Temoa,reference,PEI,Activity|transportation|T_HDV_BS_FCHEV_N,?,0.66794508,0.854296069,0.567769498,0.075858523,0.015069013,0.000523767
Temoa,reference,PEI,Activity|transportation|T_HDV_BS_GSL_EX,?,0.027838764,0.01505752,,,,
Temoa,reference,PEI,Activity|transportation|T_HDV_BT_BEV_EX,?,0.042274988,0.021504259,,,,
Temoa,reference,PEI,Activity|transportation|T_HDV_BT_BEV_N,?,0.347499748,0.432381028,0.502417189,0.260895469,0.156939097,0.245695048
Temoa,reference,PEI,Activity|transportation|T_HDV_BT_DSL_EX,?,0.099883399,0.04270774,,,,
Temoa,reference,PEI,Activity|transportation|T_HDV_BT_FCHEV_N,?,,,,0.245084488,0.351803298,0.265612521
Temoa,reference,PEI,Activity|transportation|T_HDV_CHRG,?,0.211153898,0.217583848,0.729600488,0.761014387,0.850501607,0.939501885
Temoa,reference,PEI,Activity|transportation|T_HDV_RF_DSL_EX,?,13.99179891,13.99230229,13.99100358,,,
Temoa,reference,PEI,Activity|transportation|T_HDV_RF_LNG_N,?,59.87650423,59.88064426,59.88928606,73.88420958,73.88778963,73.89002332
Temoa,reference,PEI,Activity|transportation|T_HDV_RICP_DSL_EX,?,0.209225957,0.209221064,0.152077114,0.119170446,0.076180023,
Temoa,reference,PEI,Activity|transportation|T_HDV_RICP_DSL_N,?,0.05187072,0.051870663,0.109033847,0.141954392,0.184952848,0.261141984
Temoa,reference,PEI,Activity|transportation|T_HDV_T_BEV_N,?,,,1.082100441,1.396272825,1.798126687,2.028242244
Temoa,reference,PEI,Activity|transportation|T_HDV_T_DSL_EX,?,10.20293467,7.952430728,4.365860384,,,
Temoa,reference,PEI,Activity|transportation|T_HDV_T_DSL_HEV_N,?,4.978633596,6.910639968,8.898390814,10.07406324,7.046722602,6.001116709
Temoa,reference,PEI,Activity|transportation|T_HDV_T_FCHEV_N,?,,0.374234443,0.937024831,3.848766589,6.504041763,7.346503555
Temoa,reference,PEI,Activity|transportation|T_HDV_WTF_HFO_EX,?,63.24592176,63.24591323,59.98506404,46.74782529,12.48503702,
Temoa,reference,PEI,Activity|transportation|T_HDV_WTF_HFO_N,?,44.13131803,44.13131562,47.3614225,60.57435401,94.81763551,107.284911
Temoa,reference,PEI,Activity|transportation|T_HDV_WTF_MDO_EX,?,0.037517366,,,,,
Temoa,reference,PEI,Activity|transportation|T_I_H2_ELC_ALK,?,3.11494E-05,8.37105E-05,0.000765099,,,0.000912563
Temoa,reference,PEI,Activity|transportation|T_I_H2_ELC_PEM,?,,5.30647E-05,0.000399271,,,0.001442922
Temoa,reference,PEI,Activity|transportation|T_I_H2_SMR,?,7.718142378,7.718128782,7.718182151,7.697749632,7.332311825,7.277382998
Temoa,reference,PEI,Activity|transportation|T_LDV_BEV_CHRG,?,0.039498993,0.048614512,0.055426716,0.469393344,0.638808151,3.78660318
Temoa,reference,PEI,Activity|transportation|T_LDV_C_BEV150_EX,?,0.049221867,0.040743242,,,,
Temoa,reference,PEI,Activity|transportation|T_LDV_C_BEV150_N,?,,,0.002831138,0.10602221,0.153355473,0.995881354
Temoa,reference,PEI,Activity|transportation|T_LDV_C_BEV200_N,?,,,0.007695906,0.212047259,0.306713224,1.991764954
Temoa,reference,PEI,Activity|transportation|T_LDV_C_BEV300_N,?,,,0.012195649,0.318072399,0.46007151,2.987649348
Temoa,reference,PEI,Activity|transportation|T_LDV_C_BEV400_N,?,,,0.016581536,0.424097572,0.613430413,3.983533485
Temoa,reference,PEI,Activity|transportation|T_LDV_C_DSL_EX,?,0.044022135,0.003097232,,,,
Temoa,reference,PEI,Activity|transportation|T_LDV_C_FCEV400_N,?,,,,,1.934197575,1.979977738
Temoa,reference,PEI,Activity|transportation|T_LDV_C_GSL_EX,?,3.371264283,1.81709757,,,,
Temoa,reference,PEI,Activity|transportation|T_LDV_C_GSL_HEV_EX,?,0.088577015,0.052166715,,,,
Temoa,reference,PEI,Activity|transportation|T_LDV_C_GSL_HEV_N,?,11.41613231,14.06014384,19.9578419,18.93914876,16.53211455,8.061087411
Temoa,reference,PEI,Activity|transportation|T_LDV_C_GSL_PHEV35_EX,?,0.030574665,0.024921255,,,,
Temoa,reference,PEI,Activity|transportation|T_LDV_LTF_DSL_EX,?,0.044439125,0.036810867,0.006318078,,,
Temoa,reference,PEI,Activity|transportation|T_LDV_LTF_GSL_EX,?,0.533715545,0.389993857,0.069787237,,,
Temoa,reference,PEI,Activity|transportation|T_LDV_LTF_GSL_HEV_N,?,,,,,,0.281555666
Temoa,reference,PEI,Activity|transportation|T_LDV_LTF_GSL_PHEV35_N,?,0.493457107,0.653729163,1.011518119,1.09377802,1.098234739,0.820707945
Temoa,reference,PEI,Activity|transportation|T_LDV_LTP_BEV300_EX,?,0.007141603,0.00640971,,,,
Temoa,reference,PEI,Activity|transportation|T_LDV_LTP_DSL_EX,?,0.32344157,0.206335774,0.034558925,,,
Temoa,reference,PEI,Activity|transportation|T_LDV_LTP_GSL_EX,?,8.147689886,5.432049246,0.933959901,,,
Temoa,reference,PEI,Activity|transportation|T_LDV_LTP_GSL_HEV_EX,?,0.057283895,0.055097753,0.010421942,,,
Temoa,reference,PEI,Activity|transportation|T_LDV_LTP_GSL_HEV_N,?,,,,6.397085794,10.03322215,17.61210758
Temoa,reference,PEI,Activity|transportation|T_LDV_LTP_GSL_PHEV35_EX,?,0.011969424,0.013215324,0.000558508,,,
Temoa,reference,PEI,Activity|transportation|T_LDV_LTP_GSL_PHEV35_N,?,6.451604671,10.28480819,19.01612036,13.60254234,9.966399297,2.38702263
Temoa,reference,PEI,Activity|transportation|T_LDV_M_BEV_N,?,0.030582666,0.055736059,0.074816929,0.082799809,0.083214881,0.083726094
Temoa,reference,PEI,Activity|transportation|T_LDV_M_GSL_EX,?,0.050262384,0.02596698,0.006967729,,,
Temoa,reference,PEI,Activity|transportation|T_LDV_PHEV_CHRG,?,2.137777654,3.002470648,4.746076618,3.463341656,2.598632161,0.914309424
Temoa,reference,PEI,Activity|transportation|T_MDV_CHRG,?,,0.782353865,2.364616531,4.78847495,6.466860531,6.431742519
Temoa,reference,PEI,Activity|transportation|T_MDV_T_BEV_N,?,,0.540875633,1.79141931,3.75838906,5.252673649,5.400136978
Temoa,reference,PEI,Activity|transportation|T_MDV_T_DSL_EX,?,1.979972172,1.466329381,0.660578181,,,
Temoa,reference,PEI,Activity|transportation|T_MDV_T_FCHEV_N,?,2.24262983,2.563234613,2.636243804,1.738141277,0.24658896,0.101625783
Temoa,reference,PEI,Activity|transportation|T_MDV_T_GSL_EX,?,1.260960221,0.918409124,0.404898904,,,
Temoa,reference,PEI,Activity|transportation|T_OFF,?,0.750269059,0.783254879,0.81067879,0.832281434,0.849605372,0.865559201
Temoa,reference,PEI,Capacity|commercial,?,24.82830776,18.4025981,14.60421422,13.51512734,13.94767619,14.80259824
Temoa,reference,PEI,Capacity|commercial|C_SPC_AC_ROOF-NEW,?,0.002434922,0.005962739,0.010520715,0.015363475,0.018401821,0.020378623
Temoa,reference,PEI,Capacity|commercial|C_SPC_ELC-EXS,?,16.4868177,10.59866852,4.239467408,,,
Temoa,reference,PEI,Capacity|commercial|C_SPHC_HP_AIR-NEW,?,4.042125673,5.17230469,9.769194477,13.29101544,13.85349142,14.70025998
Temoa,reference,PEI,Capacity|commercial|C_SPHC_HP_GEO-NEW,?,0.000830838,0.001857298,0.002903949,0.003407687,0.003744748,0.003996572
Temoa,reference,PEI,Capacity|commercial|C_SPH_ELC-EXS,?,3.720818192,2.170477279,0.248054546,,,
Temoa,reference,PEI,Capacity|commercial|C_SPH_ELC_BLR-NEW,?,0.007841805,0.016834456,0.027172669,0.031233217,0.035066931,0.038574921
Temoa,reference,PEI,Capacity|commercial|C_SPH_ELC_RES-NEW,?,0.007825384,0.016783175,0.027093832,0.034204203,0.036971266,0.039388151
Temoa,reference,PEI,Capacity|commercial|C_SPH_OIL-EXS,?,0.559613253,0.419709939,0.279806626,0.139903313,,
Temoa,reference,PEI,Capacity|electricity,?,1.060623131,1.262335764,1.469206697,1.746009302,1.945586559,2.220233725
Temoa,reference,PEI,Capacity|electricity|E_BAT_2H-EXS,?,0.011,0.011,,,,
Temoa,reference,PEI,Capacity|electricity|E_BAT_2H-NEW,?,0.001834386,0.003735467,0.005120759,0.0060125,0.009547755,0.018330453
Temoa,reference,PEI,Capacity|electricity|E_BAT_4H-NEW,?,0.000324449,0.0008007,0.001357776,0.001986547,0.003160448,0.007405396
Temoa,reference,PEI,Capacity|electricity|E_BIO_M-NEW,?,4.45086E-05,9.29345E-05,0.000145177,0.000201636,0.000261907,0.000327456
Temoa,reference,PEI,Capacity|electricity|E_DSL_CT-EXS,?,0.0639,0.0597,0.0597,0.0597,0.049,
Temoa,reference,PEI,Capacity|electricity|E_NG_CC-NEW,?,0.241484999,0.327186655,0.38019918,0.522221362,0.537025872,0.540999887
Temoa,reference,PEI,Capacity|electricity|E_NG_CCS-NEW,?,0.000144235,0.000322618,0.000548834,0.000807875,0.001096944,0.00141694
Temoa,reference,PEI,Capacity|electricity|E_NG_CCS_RFIT_90,?,5.76946E-05,0.000123631,0.000199661,0.00028485,0.000380264,0.000487525
Temoa,reference,PEI,Capacity|electricity|E_NG_CCS_RFIT_95,?,5.6051E-05,0.000120178,0.000194231,0.000277237,0.000370177,0.000474709
Temoa,reference,PEI,Capacity|electricity|E_NG_CT-NEW,?,0.120507232,0.139113652,0.142617919,0.182369653,0.187084534,0.210140027
Temoa,reference,PEI,Capacity|electricity|E_SOL_PV-EXS,?,0.031,0.031,0.031,0.031,0.031,0.0248
Temoa,reference,PEI,Capacity|electricity|E_SOL_PV-NEW-1,?,0.00021379,0.000896956,0.002985488,0.005881602,0.009076171,0.013107145
Temoa,reference,PEI,Capacity|electricity|E_SOL_PV-NEW-2,?,0.000212202,0.000901204,0.003070386,0.006102213,0.009494014,0.013927297
Temoa,reference,PEI,Capacity|electricity|E_SOL_PV-NEW-3,?,0.000230905,0.00104491,0.00475758,0.011275003,0.018293055,0.026789578
Temoa,reference,PEI,Capacity|electricity|E_SOL_PV-NEW-4,?,0.000233694,0.001153397,0.011197147,0.109950756,0.17211671,0.337146122
Temoa,reference,PEI,Capacity|electricity|E_SOL_PV-NEW-5,?,0.000223608,0.001012207,0.004476073,0.01016767,0.01643321,0.024261193
Temoa,reference,PEI,Capacity|electricity|E_WND_ON-EXS,?,0.2036,0.2036,0.151,0.04,,
Temoa,reference,PEI,Capacity|electricity|E_WND_ON-NEW-1,?,0.001110632,0.002054327,0.003090215,0.004147705,0.005406318,0.007322027
Temoa,reference,PEI,Capacity|electricity|E_WND_ON-NEW-10,?,0.000350481,0.000705651,0.001106321,0.001547462,0.002058472,0.002683814
Temoa,reference,PEI,Capacity|electricity|E_WND_ON-NEW-11,?,0.00030191,0.000611674,0.000962465,0.001344047,0.001766935,0.002266924
Temoa,reference,PEI,Capacity|electricity|E_WND_ON-NEW-12,?,0.00030191,0.000611674,0.000962465,0.001344047,0.001766935,0.002266924
Temoa,reference,PEI,Capacity|electricity|E_WND_ON-NEW-13,?,0.00030191,0.000611674,0.000962465,0.001344047,0.001766935,0.002266924
Temoa,reference,PEI,Capacity|electricity|E_WND_ON-NEW-2,?,0.37193481,0.450358615,0.493868615,0.52816461,0.583783065,0.642366756
Temoa,reference,PEI,Capacity|electricity|E_WND_ON-NEW-3,?,0.001232626,0.002396961,0.00383301,0.005372145,0.00710425,0.009239355
Temoa,reference,PEI,Capacity|electricity|E_WND_ON-NEW-4,?,0.007238155,0.017564807,0.156765872,0.201535541,0.28027878,0.309786603
Temoa,reference,PEI,Capacity|electricity|E_WND_ON-NEW-5,?,0.001033133,0.002109846,0.003535571,0.00518545,0.00701103,0.009087546
Temoa,reference,PEI,Capacity|electricity|E_WND_ON-NEW-6,?,0.000542869,0.001078625,0.001717907,0.002413858,0.003178754,0.004064763
Temoa,reference,PEI,Capacity|electricity|E_WND_ON-NEW-7,?,0.000485813,0.000982498,0.001566543,0.002214048,0.002965543,0.003900069
Temoa,reference,PEI,Capacity|electricity|E_WND_ON-NEW-8,?,0.000396753,0.000793946,0.00124554,0.001740266,0.002300232,0.002988232
Temoa,reference,PEI,Capacity|electricity|E_WND_ON-NEW-9,?,0.000324375,0.000650957,0.0010195,0.001417175,0.001858249,0.002380057
Temoa,reference,PEI,Capacity|residential,?,4.355345198,4.661544011,5.07157288,5.105750127,5.314785906,5.531892886
Temoa,reference,PEI,Capacity|residential|R_APP_CL_WASH-EXS,?,0.0463455,0.0185382,,,,
Temoa,reference,PEI,Capacity|residential|R_APP_CL_WASH-TYP-NEW,?,0.020812193,0.053311523,0.075334468,0.07855599,0.081815397,0.085192246
Temoa,reference,PEI,Capacity|residential|R_APP_COOK_ELEC-EXS,?,0.049908529,0.030712941,0.008446059,,,
Temoa,reference,PEI,Capacity|residential|R_APP_COOK_ELEC-TYP-NEW,?,0.000268546,0.000594649,0.001015236,0.001118621,0.001178436,0.001219726
Temoa,reference,PEI,Capacity|residential|R_APP_COOK_NG-TYP-NEW,?,0.024349802,0.048424177,0.074136541,0.086053771,0.089610766,0.093317181
Temoa,reference,PEI,Capacity|residential|R_APP_DRY_ELEC-EXS,?,0.034307059,0.017153529,,,,
Temoa,reference,PEI,Capacity|residential|R_APP_DRY_ELEC-TYP-NEW,?,0.000210114,0.000446279,0.000668611,0.000781555,0.000844855,0.000904498
Temoa,reference,PEI,Capacity|residential|R_APP_DRY_NG-TYP-NEW,?,0.02932243,0.050698551,0.070940724,0.073890573,0.076925204,0.08007567
Temoa,reference,PEI,Capacity|residential|R_APP_DS_WASH-EXS,?,0.034144,0.018624,0.0012416,,,
Temoa,reference,PEI,Capacity|residential|R_APP_DS_WASH-TYP-NEW,?,0.021137113,0.040521243,0.060771677,0.064664815,0.067347627,0.070127643
Temoa,reference,PEI,Capacity|residential|R_APP_FREZ-EXS,?,0.029508136,0.020829273,0.012150409,0.001388618,,
Temoa,reference,PEI,Capacity|residential|R_APP_FREZ-TYP-NEW,?,0.011642663,0.023196126,0.034009804,0.046745771,0.050130864,0.052200307
Temoa,reference,PEI,Capacity|residential|R_APP_REFR-EXS,?,0.0473865,0.0054156,,,,
Temoa,reference,PEI,Capacity|residential|R_APP_REFR-TYP-NEW,?,0.040161074,0.088246172,0.098203249,0.102402916,0.106651423,0.11105376
Temoa,reference,PEI,Capacity|residential|R_LGT_CFL-EXS,?,0.575626577,0.370045656,0.148018263,,,
Temoa,reference,PEI,Capacity|residential|R_LGT_LED-EXS,?,0.853276974,0.853276974,0.853276974,0.853276974,0.682621579,0.469302335
Temoa,reference,PEI,Capacity|residential|R_LGT_LED-TYP-NEW,?,2.098241801,2.616359336,3.255205581,3.46325714,3.875829122,4.298034271
Temoa,reference,PEI,Capacity|residential|R_LGT_T12-EXS,?,0.231060255,0.180829765,0.130599274,0.080368784,0.022101416,
Temoa,reference,PEI,Capacity|residential|R_SPC_ROOM_AC-EXS,?,0.008555,,,,,
Temoa,reference,PEI,Capacity|residential|R_SPC_ROOM_AC-TYP-NEW,?,1.37434E-05,1.23201E-05,1.39262E-05,1.55834E-05,1.80851E-05,2.72915E-05
Temoa,reference,PEI,Capacity|residential|R_SPHC_AIR_HP-TYP-NEW,?,0.000266214,0.000352309,0.000366807,0.000377632,0.000392787,0.000408096
Temoa,reference,PEI,Capacity|residential|R_SPH_ELEC-EXS,?,0.012607364,0.009289636,0.005971909,0.002388764,,
Temoa,reference,PEI,Capacity|residential|R_SPH_ELEC_RAD-NEW,?,1.78596E-05,4.3424E-05,6.84584E-05,9.42059E-05,0.000103765,0.000115277
Temoa,reference,PEI,Capacity|residential|R_SPH_HP-EXS,?,0.011698824,0.006381176,0.000425412,,,
Temoa,reference,PEI,Capacity|residential|R_SPH_OIL-EXS,?,0.024505682,0.018056818,0.011607955,0.004643182,,
Temoa,reference,PEI,Capacity|residential|R_SPH_WOOD-TYP-NEW,?,0.02038093,0.0289882,0.037061926,0.04384378,0.048951361,0.050971846
Temoa,reference,PEI,Capacity|residential|R_WAH_ELC-EXS,?,0.029007647,0.015822353,0.001054824,,,
Temoa,reference,PEI,Capacity|residential|R_WAH_ELEC-TYP-NEW,?,0.083506824,0.135891191,0.190039446,0.201533275,0.20986307,0.218508417
Temoa,reference,PEI,Capacity|residential|R_WAH_HP-TYP-NEW,?,0.000123552,0.00022582,0.000317238,0.00032754,0.00036802,0.000399752
Temoa,reference,PEI,Capacity|residential|R_WAH_OIL-EXS,?,0.016952294,0.009246706,0.000616447,,,
Temoa,reference,PEI,Capacity|residential|R_WAH_SOLAR-TYP-NEW,?,,1.00626E-05,1.00626E-05,2.06381E-05,3.21308E-05,3.45683E-05
Temoa,reference,PEI,Capacity|transportation,?,1762.69791,1708.192533,1970.953844,1974.613725,1951.534794,1942.980744
Temoa,reference,PEI,Capacity|transportation|T_ELC_AC_DC,?,0.000279186,0.000604328,0.000946994,0.001289687,0.001646121,0.001791882
Temoa,reference,PEI,Capacity|transportation|T_H2_COMP_100_700,?,0.244796092,0.244897867,0.245015978,0.244378954,0.244277178,0.244159067
Temoa,reference,PEI,Capacity|transportation|T_H2_COMP_10_100,?,0.244796118,0.244898208,0.245018609,0.244378769,0.244276679,0.244156278
Temoa,reference,PEI,Capacity|transportation|T_H2_HDV_REFUEL,?,0.121128597,0.498716114,0.897046351,3.363934871,5.339652237,5.64770121
Temoa,reference,PEI,Capacity|transportation|T_H2_LDV_REFUEL,?,,1.19816E-05,3.22881E-05,9.27402E-05,1.374489358,1.374433457
Temoa,reference,PEI,Capacity|transportation|T_H2_MDV_REFUEL,?,7.560152201,7.560506954,6.790803847,6.790936133,0.587915862,0.587523631
Temoa,reference,PEI,Capacity|transportation|T_HDV_AJF_JFL_EX,?,0.094858249,0.076935436,0.063634671,0.039826896,,
Temoa,reference,PEI,Capacity|transportation|T_HDV_AJF_JFL_N,?,0.035904005,0.054553182,0.068457693,0.092740873,0.132948816,0.133301153
Temoa,reference,PEI,Capacity|transportation|T_HDV_AJP_JFL_EX,?,7.842265922,6.537046855,5.124991286,2.76199767,,
Temoa,reference,PEI,Capacity|transportation|T_HDV_AJP_JFL_N,?,3.174086187,4.532258604,5.988338634,8.386011329,11.17581885,11.20143157
Temoa,reference,PEI,Capacity|transportation|T_HDV_BIC_BEV_N,?,,,,,,1.60069E-05
Temoa,reference,PEI,Capacity|transportation|T_HDV_BIC_DSL_EX,?,0.031608329,0.01233895,,,,
Temoa,reference,PEI,Capacity|transportation|T_HDV_BIC_DSL_HEV_N,?,2.84288E-05,2.84288E-05,3.77461E-05,3.8418E-05,4.36065E-05,4.13468E-05
Temoa,reference,PEI,Capacity|transportation|T_HDV_BIC_DSL_N,?,4.05115E-05,4.05115E-05,4.23781E-05,3.43775E-05,4.07495E-05,3.03356E-05
Temoa,reference,PEI,Capacity|transportation|T_HDV_BIC_FCEV_N,?,2.20429E-05,2.20429E-05,4.75665E-05,8.57064E-05,0.000349357,0.000353405
Temoa,reference,PEI,Capacity|transportation|T_HDV_BIC_GSL_EX,?,0.003595254,0.002157153,,,,
Temoa,reference,PEI,Capacity|transportation|T_HDV_BIC_GSL_N,?,0.142370675,0.149131869,0.159008878,0.160028696,0.160599423,0.161368415
Temoa,reference,PEI,Capacity|transportation|T_HDV_BS_BEV_N,?,3.56704E-05,0.000240074,0.796662611,1.695153313,1.8115453,1.840256147
Temoa,reference,PEI,Capacity|transportation|T_HDV_BS_CNG_EX,?,0.041795201,0.016257123,,,,
Temoa,reference,PEI,Capacity|transportation|T_HDV_BS_CNG_N,?,2.20933E-05,3.4443E-05,2.59238E-05,2.67563E-05,2.67805E-05,2.8094E-05
Temoa,reference,PEI,Capacity|transportation|T_HDV_BS_DSL_EX,?,0.579745835,0.224330817,,,,
Temoa,reference,PEI,Capacity|transportation|T_HDV_BS_DSL_HEV_N,?,4.44353E-05,7.1867E-05,7.56652E-05,6.25392E-05,5.67463E-05,5.40251E-05
Temoa,reference,PEI,Capacity|transportation|T_HDV_BS_DSL_N,?,2.52901E-05,4.0895E-05,4.98059E-05,3.62646E-05,4.42533E-05,4.09648E-05
Temoa,reference,PEI,Capacity|transportation|T_HDV_BS_DSL_PHEV_N,?,2.02831E-05,4.16584E-05,5.80673E-05,6.73535E-05,7.1487E-05,7.81481E-05
Temoa,reference,PEI,Capacity|transportation|T_HDV_BS_FCEV_N,?,0.000111315,0.00017136,0.000197867,0.000200646,0.000221074,0.000180199
Temoa,reference,PEI,Capacity|transportation|T_HDV_BS_FCHEV_N,?,1.384269618,1.546588346,1.027887762,0.137364199,0.027321483,0.004517608
Temoa,reference,PEI,Capacity|transportation|T_HDV_BS_GSL_EX,?,0.057727381,0.027266343,,,,
Temoa,reference,PEI,Capacity|transportation|T_HDV_BS_GSL_N,?,7.57263E-05,0.000105095,0.000101688,7.99425E-05,7.90555E-05,7.51606E-05
Temoa,reference,PEI,Capacity|transportation|T_HDV_BT_BEV_EX,?,0.067512107,0.029673684,,,,
Temoa,reference,PEI,Capacity|transportation|T_HDV_BT_BEV_N,?,0.55345874,0.596636213,0.693284415,0.360020644,0.216578662,0.339053503
Temoa,reference,PEI,Capacity|transportation|T_HDV_BT_CNG_EX,?,0.003194679,0.001032201,,,,
Temoa,reference,PEI,Capacity|transportation|T_HDV_BT_CNG_N,?,6.11159E-05,6.11159E-05,3.46061E-05,2.23707E-05,1.2211E-05,1.0269E-05
Temoa,reference,PEI,Capacity|transportation|T_HDV_BT_DSL_EX,?,0.159093238,0.061952902,,,,
Temoa,reference,PEI,Capacity|transportation|T_HDV_BT_DSL_HEV_N,?,1.00713E-05,1.00713E-05,,,,
Temoa,reference,PEI,Capacity|transportation|T_HDV_BT_DSL_PHEV_N,?,1.63869E-05,3.21413E-05,3.52478E-05,3.68736E-05,4.22916E-05,4.60702E-05
Temoa,reference,PEI,Capacity|transportation|T_HDV_BT_FCEV_N,?,2.03216E-05,3.43184E-05,4.42256E-05,5.23666E-05,8.41403E-05,6.97059E-05
Temoa,reference,PEI,Capacity|transportation|T_HDV_BT_FCHEV_N,?,9.4099E-05,0.000122458,0.000152249,0.338201544,0.485464198,0.366535563
Temoa,reference,PEI,Capacity|transportation|T_HDV_BT_GSL_EX,?,0.001678496,0.001007098,,,,
Temoa,reference,PEI,Capacity|transportation|T_HDV_CHRG,?,0.237224162,0.217586734,0.729603854,0.761019859,0.85050722,0.939506724
Temoa,reference,PEI,Capacity|transportation|T_HDV_RF_DSL_EX,?,56.1406935,56.1406935,42.31649977,31.73772256,13.99182303,
Temoa,reference,PEI,Capacity|transportation|T_HDV_RF_DSL_N,?,0.000102614,0.000142533,0.000178722,0.000224511,0.000271908,0.000271908
Temoa,reference,PEI,Capacity|transportation|T_HDV_RF_H2_N,?,,0.000356942,0.000391495,0.000425793,0.000931344,0.001109118
Temoa,reference,PEI,Capacity|transportation|T_HDV_RF_LNG_N,?,59.87650991,59.88140491,59.89045487,73.8853966,73.89022319,73.89362802
Temoa,reference,PEI,Capacity|transportation|T_HDV_RICP_DSL_EX,?,0.209229656,0.209229656,0.152082909,0.119174035,0.076181161,
Temoa,reference,PEI,Capacity|transportation|T_HDV_RICP_DSL_N,?,0.051871212,0.051901206,0.109065051,0.141986222,0.184985827,0.261176182
Temoa,reference,PEI,Capacity|transportation|T_HDV_T_BEV_N,?,,3.21366E-05,1.490371282,1.923086972,2.476568428,2.802552176
Temoa,reference,PEI,Capacity|transportation|T_HDV_T_DSL_EX,?,15.1480913,11.5293021,6.329549261,,,
Temoa,reference,PEI,Capacity|transportation|T_HDV_T_DSL_HEV_N,?,7.391675765,9.518027922,12.25599525,13.87629977,9.705912566,8.700337255
Temoa,reference,PEI,Capacity|transportation|T_HDV_T_DSL_N,?,6.35603E-05,8.28492E-05,0.000104747,0.000113541,7.24928E-05,5.26821E-05
Temoa,reference,PEI,Capacity|transportation|T_HDV_T_DSL_PHEV_N,?,,,1.15133E-05,1.15133E-05,2.27269E-05,1.12136E-05
Temoa,reference,PEI,Capacity|transportation|T_HDV_T_FCEV_N,?,,1.62488E-05,3.46194E-05,5.66715E-05,8.05512E-05,6.38781E-05
Temoa,reference,PEI,Capacity|transportation|T_HDV_T_FCHEV_N,?,0.000174407,0.515434772,1.290566066,5.300903251,8.958004528,10.65123483
Temoa,reference,PEI,Capacity|transportation|T_HDV_WTF_HFO_EX,?,63.24592585,63.24592585,59.98507948,46.74784479,12.48506516,
Temoa,reference,PEI,Capacity|transportation|T_HDV_WTF_HFO_N,?,44.13132283,44.13192669,47.36204173,60.57498635,94.81829643,107.2855878
Temoa,reference,PEI,Capacity|transportation|T_HDV_WTF_LNG_N,?,0.000103567,0.000197763,0.000327779,0.000524768,0.000761354,0.000761354
Temoa,reference,PEI,Capacity|transportation|T_HDV_WTF_MDO_EX,?,11.65349245,11.65349245,9.048668103,6.327231659,1.927673823,
Temoa,reference,PEI,Capacity|transportation|T_HDV_WTF_MDO_N,?,2.0483E-05,4.31586E-05,6.7502E-05,0.000100444,0.000100444,0.000100444
Temoa,reference,PEI,Capacity|transportation|T_I_H2_ELC_ALK,?,9.09212E-05,0.000205617,0.000335491,0.000461983,0.000508565,0.000579851
Temoa,reference,PEI,Capacity|transportation|T_I_H2_ELC_PEM,?,6.71603E-05,0.000166023,0.000287197,0.000413923,0.000491129,0.000598761
Temoa,reference,PEI,Capacity|transportation|T_I_H2_SMR,?,0.257621883,0.257621883,0.257621883,0.257621883,0.257621883,0.242908536
Temoa,reference,PEI,Capacity|transportation|T_LDV_BEV_CHRG,?,0.093633439,0.115631077,0.129434443,1.069848266,1.454485577,8.600923783
Temoa,reference,PEI,Capacity|transportation|T_LDV_C_BEV150_EX,?,2.008769316,1.490410826,,,,
Temoa,reference,PEI,Capacity|transportation|T_LDV_C_BEV150_N,?,4.40703E-05,0.000316404,0.151656663,3.878416534,5.609872413,36.42965649
Temoa,reference,PEI,Capacity|transportation|T_LDV_C_BEV200_N,?,8.81445E-05,0.000632817,0.303313325,7.756833064,11.21974482,72.85931299
Temoa,reference,PEI,Capacity|transportation|T_LDV_C_BEV300_N,?,0.000132175,0.000949175,0.454969949,11.63524959,16.82961722,109.2889695
Temoa,reference,PEI,Capacity|transportation|T_LDV_C_BEV400_N,?,0.000176216,0.001265544,0.606626566,15.5136661,22.43948961,145.718626
Temoa,reference,PEI,Capacity|transportation|T_LDV_C_CNG_N,?,0.000162084,0.000296197,0.00040936,0.000396592,0.000398142,0.000381289
Temoa,reference,PEI,Capacity|transportation|T_LDV_C_DSL_EX,?,1.800448212,0.15292017,,,,
Temoa,reference,PEI,Capacity|transportation|T_LDV_C_DSL_N,?,0.000101479,0.000192409,0.000277742,0.000272858,0.000261148,0.000251917
Temoa,reference,PEI,Capacity|transportation|T_LDV_C_FCEV400_N,?,4.66298E-05,0.000266856,0.000448659,0.00098918,70.75346261,72.42810426
Temoa,reference,PEI,Capacity|transportation|T_LDV_C_GSL_EX,?,137.4887115,66.46991144,,,,
Temoa,reference,PEI,Capacity|transportation|T_LDV_C_GSL_HEV_EX,?,3.612455658,1.908287966,,,,
Temoa,reference,PEI,Capacity|transportation|T_LDV_C_GSL_HEV_N,?,465.5777966,514.3231066,730.0622105,692.7982102,604.748394,294.876431
Temoa,reference,PEI,Capacity|transportation|T_LDV_C_GSL_N,?,9.48776E-05,0.000222199,0.000331815,0.000360878,0.000356601,0.000360085
Temoa,reference,PEI,Capacity|transportation|T_LDV_C_GSL_PHEV35_EX,?,1.246991962,0.911636801,,,,
Temoa,reference,PEI,Capacity|transportation|T_LDV_C_GSL_PHEV35_N,?,0.000598467,0.022472666,0.023141687,0.018974746,0.00185982,0.001407361
Temoa,reference,PEI,Capacity|transportation|T_LDV_C_GSL_PHEV50_N,?,0.000193154,0.000780779,0.001010982,0.001043856,0.000976672,0.000962048
Temoa,reference,PEI,Capacity|transportation|T_LDV_LTF_BEV150_N,?,2.57627E-05,6.19438E-05,0.000164159,0.000199785,0.000205398,0.000263513
Temoa,reference,PEI,Capacity|transportation|T_LDV_LTF_BEV200_N,?,5.1505E-05,0.000123851,0.000328281,0.000409851,0.000425256,0.000527025
Temoa,reference,PEI,Capacity|transportation|T_LDV_LTF_BEV300_N,?,7.72314E-05,0.000185742,0.000492379,0.000614757,0.000637879,0.00079054
Temoa,reference,PEI,Capacity|transportation|T_LDV_LTF_BEV400_N,?,0.000103006,0.000247681,0.000656524,0.000819668,0.000850493,0.001054059
Temoa,reference,PEI,Capacity|transportation|T_LDV_LTF_CNG_N,?,0.000404244,0.000569506,0.000786577,0.000670889,0.000612648,0.000614656
Temoa,reference,PEI,Capacity|transportation|T_LDV_LTF_DSL_EX,?,4.157140785,3.106778023,0.574391585,,,
Temoa,reference,PEI,Capacity|transportation|T_LDV_LTF_DSL_N,?,7.22965E-05,0.000134161,0.000209943,0.000219882,0.000219573,0.000219635
Temoa,reference,PEI,Capacity|transportation|T_LDV_LTF_FCEV400_N,?,5.3096E-05,0.000141652,0.000261181,0.000481582,0.000850854,0.012160615
Temoa,reference,PEI,Capacity|transportation|T_LDV_LTF_GSL_EX,?,49.41302364,32.91445062,5.889871774,,,
Temoa,reference,PEI,Capacity|transportation|T_LDV_LTF_GSL_HEV_EX,?,0.003738613,0.000747723,,,,
Temoa,reference,PEI,Capacity|transportation|T_LDV_LTF_GSL_HEV_N,?,0.000419891,0.000828894,0.001794377,0.00420882,0.004634507,23.76264605
Temoa,reference,PEI,Capacity|transportation|T_LDV_LTF_GSL_N,?,9.29667E-05,0.000177032,0.000280045,0.000310193,0.000326087,0.000347758
Temoa,reference,PEI,Capacity|transportation|T_LDV_LTF_GSL_PHEV35_EX,?,0.056040526,0.056040526,0.011208105,,,
Temoa,reference,PEI,Capacity|transportation|T_LDV_LTF_GSL_PHEV35_N,?,45.68567771,55.17292731,85.36933806,92.31186994,92.68802692,69.26556658
Temoa,reference,PEI,Capacity|transportation|T_LDV_LTF_GSL_PHEV50_N,?,0.000380756,0.001047274,0.001789602,0.002055637,0.002286736,0.002281568
Temoa,reference,PEI,Capacity|transportation|T_LDV_LTP_BEV150_N,?,3.45376E-05,8.52789E-05,0.000247444,0.000685033,0.000663645,0.002002377
Temoa,reference,PEI,Capacity|transportation|T_LDV_LTP_BEV200_N,?,6.9067E-05,0.000170541,0.000494867,0.001383868,0.001327293,0.00400477
Temoa,reference,PEI,Capacity|transportation|T_LDV_LTP_BEV300_EX,?,0.277915765,0.274324357,0.054685301,,,
Temoa,reference,PEI,Capacity|transportation|T_LDV_LTP_BEV300_N,?,0.000103604,0.00025581,0.000742296,0.002075797,0.00199094,0.006007166
Temoa,reference,PEI,Capacity|transportation|T_LDV_LTP_BEV400_N,?,0.000138126,0.000341059,0.000989704,0.00276771,0.002654569,0.008009546
Temoa,reference,PEI,Capacity|transportation|T_LDV_LTP_CNG_N,?,0.000472961,0.000686911,0.000917967,0.00074703,0.000661475,0.000626137
Temoa,reference,PEI,Capacity|transportation|T_LDV_LTP_DSL_EX,?,11.65801056,6.769454793,1.133819603,,,
Temoa,reference,PEI,Capacity|transportation|T_LDV_LTP_DSL_N,?,9.21087E-05,0.000169938,0.000255055,0.000259729,0.000256761,0.000254814
Temoa,reference,PEI,Capacity|transportation|T_LDV_LTP_FCEV400_N,?,4.95834E-05,0.000152722,0.000439962,0.001964481,0.002337798,0.005395446
Temoa,reference,PEI,Capacity|transportation|T_LDV_LTP_GSL_EX,?,293.6696286,178.2133244,30.64113669,,,
Temoa,reference,PEI,Capacity|transportation|T_LDV_LTP_GSL_HEV_EX,?,2.064774624,1.807668126,0.3486783,,,
Temoa,reference,PEI,Capacity|transportation|T_LDV_LTP_GSL_HEV_N,?,0.000590131,0.001135827,0.008187241,209.8740587,329.1674999,577.8136382
Temoa,reference,PEI,Capacity|transportation|T_LDV_LTP_GSL_N,?,0.000107768,0.000218749,0.000333748,0.000373123,0.000394165,0.000413704
Temoa,reference,PEI,Capacity|transportation|T_LDV_LTP_GSL_PHEV35_EX,?,0.439998113,0.433607533,0.086401978,,,
Temoa,reference,PEI,Capacity|transportation|T_LDV_LTP_GSL_PHEV35_N,?,232.5370408,337.421361,623.8760297,446.2687972,326.9751811,78.31297281
Temoa,reference,PEI,Capacity|transportation|T_LDV_LTP_GSL_PHEV50_N,?,0.000361435,0.001044784,0.001656886,0.001794938,0.001984154,0.00164991
Temoa,reference,PEI,Capacity|transportation|T_LDV_M_BEV_N,?,5.200314843,10.25297061,13.78584529,15.27449717,15.36221426,15.4429497
Temoa,reference,PEI,Capacity|transportation|T_LDV_M_GSL_EX,?,8.5485843,4.773401684,1.379327542,,,
Temoa,reference,PEI,Capacity|transportation|T_LDV_M_GSL_N,?,0.000219125,0.000434445,0.00070174,0.000864352,0.00099466,0.001161581
Temoa,reference,PEI,Capacity|transportation|T_LDV_PHEV_CHRG,?,2.138249665,3.002946075,4.746084411,3.463343808,2.598710623,0.914375428
Temoa,reference,PEI,Capacity|transportation|T_MDV_CHRG,?,0.00023365,0.782589135,2.364853272,4.788481242,6.466867346,6.43174763
Temoa,reference,PEI,Capacity|transportation|T_MDV_T_BEV_N,?,0.005256665,20.04088751,66.37685389,139.2583082,194.6255187,200.0894351
Temoa,reference,PEI,Capacity|transportation|T_MDV_T_DSL_EX,?,77.38449554,57.19095286,25.76438703,,,
Temoa,reference,PEI,Capacity|transportation|T_MDV_T_DSL_HEV_N,?,7.01248E-05,9.94401E-05,0.000123787,0.000118741,8.84157E-05,8.35307E-05
Temoa,reference,PEI,Capacity|transportation|T_MDV_T_DSL_N,?,4.83271E-05,7.015E-05,8.94506E-05,8.86317E-05,7.00935E-05,6.78522E-05
Temoa,reference,PEI,Capacity|transportation|T_MDV_T_DSL_PHEV_N,?,2.63043E-05,6.02734E-05,8.90977E-05,0.000106707,0.000110497,0.000114102
Temoa,reference,PEI,Capacity|transportation|T_MDV_T_FCEV_N,?,0.000764554,0.001051016,0.001121436,0.000976006,0.00053951,0.00054309
Temoa,reference,PEI,Capacity|transportation|T_MDV_T_FCHEV_N,?,87.64998783,94.97464646,97.6798368,64.40277294,9.136848039,3.76554757
Temoa,reference,PEI,Capacity|transportation|T_MDV_T_GSL_EX,?,49.28285554,35.82049426,15.79217389,,,
Temoa,reference,PEI,Capacity|transportation|T_MDV_T_GSL_N,?,0.000444712,0.000516101,0.000563668,0.000429242,0.00017541,0.000151194
Temoa,reference,PEI,Emissions|ch4,?,4860.674982,4034.088526,3454.97239,3488.631353,3543.145707,3401.927481
Temoa,reference,PEI,Emissions|ch4|F_A_DSL,?,5.638102263,6.229773521,6.039004717,5.858690822,5.877453193,5.982901177
Temoa,reference,PEI,Emissions|ch4|F_C_OIL,?,0.531629071,2.25548E-05,1.07841E-05,1.35115E-05,,
Temoa,reference,PEI,Emissions|ch4|F_E_BIO_M,?,0.212442186,0.493544545,0.877686886,1.251317172,1.759762162,2.229374999
Temoa,reference,PEI,Emissions|ch4|F_E_DSL,?,0.00088008,0.001136161,0.001272852,0.001427757,0.00159156,
Temoa,reference,PEI,Emissions|ch4|F_E_NG,?,79.51671563,97.46380907,119.3098192,151.5222594,143.0197127,130.8623319
Temoa,reference,PEI,Emissions|ch4|F_I_HFO,?,1.279700009,1.313200006,1.333300006,1.373500006,1.447200008,1.534300009
Temoa,reference,PEI,Emissions|ch4|F_I_NG,?,1.319302955,1.388739947,1.428418232,1.48793566,1.557372655,1.646648795
Temoa,reference,PEI,Emissions|ch4|F_R_NG,?,0.183603312,0.342083985,0.503518751,0.558866836,0.581937287,0.605922275
Temoa,reference,PEI,Emissions|ch4|F_R_OIL,?,5.606877697,3.875978625,2.072323,0.809404135,,
Temoa,reference,PEI,Emissions|ch4|F_R_WOOD,?,581.8854124,827.6273133,1058.136218,1251.761427,1397.585534,1455.271087
Temoa,reference,PEI,Emissions|ch4|F_T_CNG,?,0.014599928,0.006500735,0.000182124,0.00013551,0.000119831,0.000112102
Temoa,reference,PEI,Emissions|ch4|F_T_DSL,?,126.8703511,107.578903,78.30735109,36.88195488,26.02265263,22.26724179
Temoa,reference,PEI,Emissions|ch4|F_T_GSL,?,3987.738784,2919.986722,2120.682892,1969.643129,1899.667654,1716.250669
Temoa,reference,PEI,Emissions|ch4|F_T_HFO,?,11.30965254,11.30970837,11.25772487,10.99589635,10.17436714,9.823139072
Temoa,reference,PEI,Emissions|ch4|F_T_JTF,?,35.89455652,33.80451542,32.35411902,31.07848316,30.49119793,30.56130015
Temoa,reference,PEI,Emissions|ch4|F_T_LNG,?,13.18929974,13.19035113,13.19221602,15.95564182,15.95652995,15.95718197
Temoa,reference,PEI,Emissions|ch4|F_T_MDO,?,0.006885034,,1.14045E-05,1.37629E-05,,
Temoa,reference,PEI,Emissions|ch4|F_T_NG,?,9.476187486,9.476224088,9.476321221,9.451256404,9.002621941,8.935270452
Temoa,reference,PEI,Emissions|co2,?,13008.49562,11460.55108,9810.477954,8781.730003,8266.504192,7891.168283
Temoa,reference,PEI,Emissions|co2e,?,11290.54861,10029.01724,8664.094758,7866.47891,7443.148813,7124.135081
Temoa,reference,PEI,Emissions|co2e|E_NG_CCS-NEW,?,-0.138818596,-0.300807966,-0.442418123,-0.64398571,-0.875894713,-0.977747375
Temoa,reference,PEI,Emissions|co2e|E_NG_CCS_RFIT_90,?,-0.05724134,-0.125416817,-0.190497303,-0.277728367,-0.369230772,-0.483009529
Temoa,reference,PEI,Emissions|co2e|E_NG_CCS_RFIT_95,?,-0.059101451,-0.129474897,-0.196535433,-0.286729727,-0.381440668,-0.499155489
Temoa,reference,PEI,Emissions|co2e|F_A_DSL,?,117.4643459,129.7912378,125.8167564,122.0600928,122.4509884,124.647894
Temoa,reference,PEI,Emissions|co2e|F_C_OIL,?,11.07597169,0.000469907,0.000224675,0.000281499,,
Temoa,reference,PEI,Emissions|co2e|F_E_BIO_M,?,0.079934538,0.185703489,0.330242769,0.470826732,0.662136735,0.838835563
Temoa,reference,PEI,Emissions|co2e|F_E_DSL,?,0.018335608,0.023670806,0.026518633,0.029745917,0.033158588,
Temoa,reference,PEI,Emissions|co2e|F_E_NG,?,318.4071617,390.2723417,477.7498742,606.737491,572.690917,524.0093651
Temoa,reference,PEI,Emissions|co2e|F_I_BIO,?,7.409999748,9.385999659,9.385999659,9.385999536,9.38599983,9.879999758
Temoa,reference,PEI,Emissions|co2e|F_I_HFO,?,140.8565551,144.5438991,146.7563057,151.181119,159.2932768,168.8803722
Temoa,reference,PEI,Emissions|co2e|F_I_NG,?,69.35415173,73.00436999,75.09020913,78.21896796,81.86918635,86.56232445
Temoa,reference,PEI,Emissions|co2e|F_R_NG,?,9.654512174,17.98798707,26.47679865,29.38719691,30.60032289,31.86153848
Temoa,reference,PEI,Emissions|co2e|F_R_OIL,?,116.8138126,80.75222347,43.17482272,16.86314345,,
Temoa,reference,PEI,Emissions|co2e|F_R_WOOD,?,218.9430569,311.4071088,398.139519,470.993889,525.8623822,547.5674311
Temoa,reference,PEI,Emissions|co2e|F_T_CNG,?,0.767500449,0.341735736,0.009574021,0.00712358,0.006299386,0.005893086
Temoa,reference,PEI,Emissions|co2e|F_T_DSL,?,2643.219669,2241.301219,1631.457066,768.3994549,542.1565141,463.9162026
Temoa,reference,PEI,Emissions|co2e|F_T_ETH,?,414.6621956,433.529118,314.8568371,292.4320313,282.0428039,254.8109665
Temoa,reference,PEI,Emissions|co2e|F_T_GSL,?,3512.665257,2572.118302,1868.038384,1734.992526,1673.353479,1511.787613
Temoa,reference,PEI,Emissions|co2e|F_T_HFO,?,1244.853236,1244.859381,1239.137558,1210.318098,1119.892394,1081.232727
Temoa,reference,PEI,Emissions|co2e|F_T_JTF,?,1166.092177,1098.193843,1051.075393,1009.634318,990.5554163,992.8327991
Temoa,reference,PEI,Emissions|co2e|F_T_LNG,?,693.345446,693.4007163,693.4987512,838.7686846,838.8153724,838.8496482
Temoa,reference,PEI,Emissions|co2e|F_T_MDO,?,0.452815153,0.000575284,0.000750051,0.000905161,0.000548216,0.000172053
Temoa,reference,PEI,Emissions|co2e|F_T_NG,?,498.1516508,498.1535749,498.1586811,496.8410541,473.256886,469.7163002
Temoa,reference,PEI,Emissions|co2e|F_T_RDSL,?,106.5165584,90.32003469,65.74451373,30.96498803,21.84784211,18.69491131
Temoa,reference,PEI,Emissions|co2e|T_I_H2_SMR_CCS,?,-0.000571643,-0.000569551,-0.000570835,-0.000584297,-0.000544862,
Temoa,reference,PEI,Emissions|co2|E_NG_CCS-NEW,?,-0.138818596,-0.300807966,-0.442418123,-0.64398571,-0.875894713,-0.977747375
Temoa,reference,PEI,Emissions|co2|E_NG_CCS_RFIT_90,?,-0.05724134,-0.125416817,-0.190497303,-0.277728367,-0.369230772,-0.483009529
Temoa,reference,PEI,Emissions|co2|E_NG_CCS_RFIT_95,?,-0.059101451,-0.129474897,-0.196535433,-0.286729727,-0.381440668,-0.499155489
Temoa,reference,PEI,Emissions|co2|F_A_DSL,?,112.6808981,124.5058076,120.6931772,117.0894945,117.4644718,119.5719138
Temoa,reference,PEI,Emissions|co2|F_C_OIL,?,10.62492988,0.000450771,0.000215526,0.000270036,,
Temoa,reference,PEI,Emissions|co2|F_E_BIO_M,?,0.065920388,0.153145892,0.272344497,0.388281233,0.546050703,0.691770633
Temoa,reference,PEI,Emissions|co2|F_E_DSL,?,0.017588936,0.02270687,0.025438727,0.028534587,0.031808286,
Temoa,reference,PEI,Emissions|co2|F_E_NG,?,314.0098873,384.882593,471.1520411,598.35831,564.7819269,516.7726781
Temoa,reference,PEI,Emissions|co2|F_IMP_CNG,?,0.052249985,0.023264725,0.000651781,0.00048496,0.00042885,0.00040119
Temoa,reference,PEI,Emissions|co2|F_IMP_DSL,?,698.341118,599.7922547,444.5227803,225.2561884,168.1260213,148.881863
Temoa,reference,PEI,Emissions|co2|F_IMP_GSL,?,779.9364893,572.8256509,417.248075,387.7324384,374.1408168,338.559996
Temoa,reference,PEI,Emissions|co2|F_IMP_HFO,?,232.9969726,233.6180058,233.0279231,228.9261416,215.0857204,210.19738
Temoa,reference,PEI,Emissions|co2|F_IMP_JTF,?,251.7149826,237.0583129,226.8872301,217.9416771,213.8232674,214.3148678
Temoa,reference,PEI,Emissions|co2|F_IMP_MDO,?,0.07672478,9.74758E-05,0.000127088,0.00015337,9.28894E-05,2.91525E-05
Temoa,reference,PEI,Emissions|co2|F_IMP_NG,?,60.77997797,66.44570431,73.06934191,82.0956381,78.52345342,75.402408
Temoa,reference,PEI,Emissions|co2|F_IMP_OIL,?,26.50477879,16.73575639,8.947900623,3.494894846,,
Temoa,reference,PEI,Emissions|co2|F_IMP_SPK,?,2.23994E-05,4.98815E-05,7.69567E-05,0.000107504,0.000135063,0.000114744
Temoa,reference,PEI,Emissions|co2|F_I_BIO,?,7.409999748,9.385999659,9.385999659,9.385999536,9.38599983,9.879999758
Temoa,reference,PEI,Emissions|co2|F_I_HFO,?,140.404101,144.0796006,146.2849006,150.6955006,158.7816009,168.337901
Temoa,reference,PEI,Emissions|co2|F_I_NG,?,68.99597881,72.62734586,74.70241289,77.81501353,81.44638072,86.11528155
Temoa,reference,PEI,Emissions|co2|F_R_NG,?,9.601956966,17.89006784,26.33266981,29.22722506,30.43374727,31.68809732
Temoa,reference,PEI,Emissions|co2|F_R_OIL,?,112.0568562,77.46378697,41.41663382,16.17643324,,
Temoa,reference,PEI,Emissions|co2|F_R_WOOD,?,180.5578874,256.811111,328.3375662,388.4190839,433.6680146,451.5677271
Temoa,reference,PEI,Emissions|co2|F_T_CNG,?,0.763536765,0.339970875,0.009524577,0.00708679,0.006266853,0.005862652
Temoa,reference,PEI,Emissions|co2|F_T_DSL,?,2535.581023,2150.029717,1565.019973,737.1082693,520.0785181,445.0243516
Temoa,reference,PEI,Emissions|co2|F_T_ETH,?,414.6621956,433.529118,314.8568371,292.4320313,282.0428039,254.8109665
Temoa,reference,PEI,Emissions|co2|F_T_GSL,?,3380.841541,2475.591543,1797.934419,1669.881522,1610.555672,1455.053069
Temoa,reference,PEI,Emissions|co2|F_T_HFO,?,1240.854565,1240.86069,1235.157247,1206.430359,1116.295117,1077.759632
Temoa,reference,PEI,Emissions|co2|F_T_JTF,?,1136.912672,1070.71338,1024.77399,984.3699083,965.7684244,967.9888195
Temoa,reference,PEI,Emissions|co2|F_T_LNG,?,689.7647293,689.8197142,689.9172428,834.4369435,834.4833902,834.5174889
Temoa,reference,PEI,Emissions|co2|F_T_MDO,?,0.446219288,0.000566904,0.000739125,0.000891977,0.00054023,0.000169547
Temoa,reference,PEI,Emissions|co2|F_T_NG,?,495.578994,495.5809081,495.5859879,494.2751657,470.8127958,467.290495
Temoa,reference,PEI,Emissions|co2|F_T_RDSL,?,106.5165584,90.32003469,65.74451373,30.96498803,21.84784211,18.69491131
Temoa,reference,PEI,Emissions|co2|T_I_H2_SMR_CCS,?,-0.000577122,-0.00057501,-0.000576306,-0.000589897,-0.000550085,
Temoa,reference,PEI,Emissions|n2o,?,719.2578505,666.7061321,588.2112758,485.4027358,465.7013619,458.1314523
Temoa,reference,PEI,Emissions|n2o|F_A_DSL,?,16.94351975,18.72159918,18.14830433,17.60642838,17.6628127,17.97970302
Temoa,reference,PEI,Emissions|n2o|F_C_OIL,?,1.597641767,6.77812E-05,3.24081E-05,4.06046E-05,,
Temoa,reference,PEI,Emissions|n2o|F_E_BIO_M,?,0.02954494,0.068638645,0.122062415,0.174024243,0.244735135,0.31004553
Temoa,reference,PEI,Emissions|n2o|F_E_DSL,?,0.0026448,0.00341437,0.003825152,0.004290668,0.004782925,
Temoa,reference,PEI,Emissions|n2o|F_E_NG,?,7.951671563,9.746380907,11.93098192,15.15222594,14.30197127,13.08623319
Temoa,reference,PEI,Emissions|n2o|F_I_HFO,?,1.52609001,1.566040007,1.590010007,1.637950007,1.72584001,1.82971001
Temoa,reference,PEI,Emissions|n2o|F_I_NG,?,1.176675608,1.238605899,1.273994639,1.327077751,1.389008044,1.468632709
Temoa,reference,PEI,Emissions|n2o|F_R_NG,?,0.173678808,0.323592958,0.476301521,0.528657818,0.550481217,0.573169719
Temoa,reference,PEI,Emissions|n2o|F_R_OIL,?,16.84968427,11.64801867,6.227706425,2.432406208,,
Temoa,reference,PEI,Emissions|n2o|F_R_WOOD,?,80.92446133,115.1004873,147.1580171,174.0860263,194.3662001,202.3886942
Temoa,reference,PEI,Emissions|n2o|F_T_CNG,?,0.013021557,0.005797953,0.000162435,0.00012086,0.000106877,9.99832E-05
Temoa,reference,PEI,Emissions|n2o|F_T_DSL,?,381.2684125,323.2941127,235.3277908,110.8369629,78.20279028,66.91709968
Temoa,reference,PEI,Emissions|n2o|F_T_GSL,?,73.87190462,54.09205374,39.28514198,36.48716659,35.1908877,31.79313205
Temoa,reference,PEI,Emissions|n2o|F_T_HFO,?,13.48718266,13.48724924,13.42525698,13.11301669,12.13331246,11.71445988
Temoa,reference,PEI,Emissions|n2o|F_T_JTF,?,103.2031429,97.1939083,93.02376436,89.35608762,87.66753963,87.8690958
Temoa,reference,PEI,Emissions|n2o|F_T_LNG,?,11.7634295,11.76436722,11.7660305,14.23070757,14.23149968,14.23208121
Temoa,reference,PEI,Emissions|n2o|F_T_MDO,?,0.023409126,2.97404E-05,3.87753E-05,4.6794E-05,2.8341E-05,
Temoa,reference,PEI,Emissions|n2o|F_T_NG,?,8.451734784,8.451767429,8.451854062,8.429498954,8.029365514,7.969295267
Temoa,reference,PEI-NB,Activity|electricity,?,0.508144098,0.475416394,0.237863245,0.314291716,0.474286343,0.399139114
Temoa,reference,PEI-NB,Activity|electricity|E_INT,?,0.508144098,0.475416394,0.237863245,0.314291716,0.474286343,0.399139114
Temoa,reference,PEI-NB,Capacity|electricity,?,0.3,0.3,0.3,0.3,0.3,0.3
Temoa,reference,PEI-NB,Capacity|electricity|E_INT,?,0.3,0.3,0.3,0.3,0.3,0.3
Temoa,reference,QC,Activity|agriculture|A_AGRI,?,32.1,35.46882337,34.38269027,33.35608381,33.4629055,34.06326628
Temoa,reference,QC,Activity|agriculture|E_A_ELC,?,7.286700867,8.051424769,7.804874181,7.571835784,7.596086191,7.732370852
Temoa,reference,QC,Activity|agriculture|F_A_DSL,?,18.9389999,20.92660579,20.28578726,19.68008945,19.74311425,20.09732711
Temoa,reference,QC,Activity|agriculture|F_A_GSL,?,4.4619,4.930166448,4.779193947,4.636495649,4.651343865,4.734794013
Temoa,reference,QC,Activity|agriculture|F_A_NG,?,1.41239923,1.560626364,1.51283488,1.467662927,1.472361201,1.49877431
Temoa,reference,QC,Activity|commercial,?,487.6824645,514.9943398,530.6492962,535.158946,529.1714954,534.8823361
Temoa,reference,QC,Activity|commercial|C_OTHER,?,107.9419221,119.2701857,127.7517083,132.7506751,138.3870177,146.8508973
Temoa,reference,QC,Activity|commercial|C_SPC_ELC-EXS,?,36.16748208,23.5424375,10.80622651,,,
Temoa,reference,QC,Activity|commercial|C_SPHC_HP_AIR-NEW,?,0.007146526,42.35575665,82.53069598,114.7952618,150.7820391,188.3479909
Temoa,reference,QC,Activity|commercial|C_SPH_NG-EXS,?,57.75245403,42.55437164,27.35550121,10.94253169,,
Temoa,reference,QC,Activity|commercial|C_SPH_NG_FRN-NEW,?,44.51652016,44.52012066,43.15900313,44.52290039,26.70887945,
Temoa,reference,QC,Activity|commercial|E_C_ELC,?,105.8241109,125.6170305,142.4775836,154.6903925,172.233182,193.0389886
Temoa,reference,QC,Activity|commercial|F_C_NG,?,135.4728287,117.1344372,96.56857739,77.45718467,41.0603771,6.644459221
Temoa,reference,QC,Activity|electricity,?,2565.700469,2636.761207,2664.326329,2757.662984,2849.240301,2991.656763
Temoa,reference,QC,Activity|electricity|E_BAT_2H-NEW,?,0.004134924,0.009752696,0.01537588,0.014433863,0.022754929,0.037357517
Temoa,reference,QC,Activity|electricity|E_BAT_4H-NEW,?,6.82186E-05,0.000895355,0.0014231,0.003565899,0.008132307,0.016591048
Temoa,reference,QC,Activity|electricity|E_BIO_G-EXS,?,0.000382089,0.000381745,0.001176225,0.003786944,0.005528731,0.004667375
Temoa,reference,QC,Activity|electricity|E_ELC_DX_to_DEM,?,685.5064847,704.1218396,712.3592436,747.1730688,778.9661646,827.1158753
Temoa,reference,QC,Activity|electricity|E_ELC_TX_to_DX,?,587.6994854,606.3145372,614.5509672,649.4712458,681.2626564,729.5857004
Temoa,reference,QC,Activity|electricity|E_HYD_DLY-EXS,?,185.5622985,195.8271945,195.8265791,192.6568382,192.1068331,192.1012036
Temoa,reference,QC,Activity|electricity|E_HYD_MLY-EXS,?,365.3687409,376.6067018,375.9931603,376.3790204,376.8606547,367.9719205
Temoa,reference,QC,Activity|electricity|E_HYD_MLY-EXS-IN,?,365.3686202,376.6067021,375.9931605,376.3790206,376.8606549,367.9719207
Temoa,reference,QC,Activity|electricity|E_HYD_ROR-EXS,?,97.52478541,97.5248303,97.52477802,97.52476775,97.52468575,97.52452315
Temoa,reference,QC,Activity|electricity|E_INT_OUT-USA,?,92.5482636,92.5482636,92.5482636,92.5482636,92.5482636,92.5482636
Temoa,reference,QC,Activity|electricity|E_NG_CC-EXS,?,0.003102828,0.003559878,0.00126857,,,
Temoa,reference,QC,Activity|electricity|E_NG_CC-NEW,?,0.0016016,0.004263116,0.000113112,0.016665618,0.025421226,0.03295165
Temoa,reference,QC,Activity|electricity|E_NG_CCS-NEW,?,,,,0.000443715,0.001032668,0.001231548
Temoa,reference,QC,Activity|electricity|E_NG_CC_RFIT_BYPASS,?,0.004081134,0.00629439,0.002751123,0.009811299,0.017881218,0.023126682
Temoa,reference,QC,Activity|electricity|E_NG_CG-EXS,?,0.280191196,0.28022548,0.280383169,0.17136103,0.171483097,
Temoa,reference,QC,Activity|electricity|E_NG_CT-NEW,?,,,,0.07491291,0.927425925,0.433566745
Temoa,reference,QC,Activity|electricity|E_SOL_PV-NEW-1,?,0.000192443,0.00160958,0.004591966,0.028533993,0.154206116,0.248236456
Temoa,reference,QC,Activity|electricity|E_SOL_PV-NEW-2,?,0.000169383,0.001597069,0.004626475,0.033027961,12.59897604,16.33165893
Temoa,reference,QC,Activity|electricity|E_SOL_PV-NEW-3,?,0.000150095,0.001587314,0.004560751,0.032818844,11.27659777,30.25706013
Temoa,reference,QC,Activity|electricity|E_SOL_PV-NEW-4,?,0.000156855,0.001459552,0.004357289,0.02361908,0.080346848,0.130043693
Temoa,reference,QC,Activity|electricity|E_SOL_PV-NEW-5,?,0.000189938,0.001553251,0.00435383,0.021394313,0.061794838,0.096234391
Temoa,reference,QC,Activity|electricity|E_WND_ON-EXS,?,39.53718591,38.7425218,35.68323695,26.66702549,3.778201077,1.53468082
Temoa,reference,QC,Activity|electricity|E_WND_ON-NEW-1,?,28.45719837,28.68492725,28.71772124,28.73547255,28.75051451,28.76308459
Temoa,reference,QC,Activity|electricity|E_WND_ON-NEW-10,?,0.149660998,0.325956005,0.803965131,1.070049765,8.796127712,53.44239233
Temoa,reference,QC,Activity|electricity|E_WND_ON-NEW-11,?,0.05701763,0.155872048,13.36692543,47.23474124,61.59478349,61.70878989
Temoa,reference,QC,Activity|electricity|E_WND_ON-NEW-12,?,0.017498409,0.037420222,0.058668068,0.079210995,0.101741698,0.122375992
Temoa,reference,QC,Activity|electricity|E_WND_ON-NEW-13,?,0.04545888,0.096040232,0.183724633,0.257401481,0.348772725,0.401918636
Temoa,reference,QC,Activity|electricity|E_WND_ON-NEW-2,?,26.37934273,26.64133857,26.76904236,26.82061082,26.84831023,26.86413388
Temoa,reference,QC,Activity|electricity|E_WND_ON-NEW-3,?,68.57392962,68.89974563,69.05676127,69.12921436,69.18262735,69.2178767
Temoa,reference,QC,Activity|electricity|E_WND_ON-NEW-4,?,16.45275308,16.69437521,16.84174743,16.90563885,16.94514972,16.96044545
Temoa,reference,QC,Activity|electricity|E_WND_ON-NEW-5,?,0.098074224,0.166914419,0.289829944,0.368722397,0.466010262,0.524226962
Temoa,reference,QC,Activity|electricity|E_WND_ON-NEW-6,?,0.026922341,0.054987203,0.086822713,0.113675296,0.143246724,0.165430349
Temoa,reference,QC,Activity|electricity|E_WND_ON-NEW-7,?,0.043481365,0.084532499,0.136483318,0.179359551,0.230811527,0.273898201
Temoa,reference,QC,Activity|electricity|E_WND_ON-NEW-8,?,5.342968587,5.611660296,6.445362659,6.69864963,7.219298077,7.604573521
Temoa,reference,QC,Activity|electricity|E_WND_ON-NEW-9,?,0.037708687,0.078670965,0.137438932,0.186020852,0.23939016,0.271224457
Temoa,reference,QC,Activity|electricity|F_E_BIO_G,?,0.00025154,0.001354533,0.004887746,0.011122263,0.015750204,0.014101156
Temoa,reference,QC,Activity|electricity|F_E_BIO_M,?,0.000244306,0.00228478,0.004518992,0.007299466,0.010456863,0.013214135
Temoa,reference,QC,Activity|electricity|F_E_NG,?,0.607672559,0.619356481,0.618058111,0.632168377,3.087613746,1.3422624
Temoa,reference,QC,Activity|fuel|F_IMP_BIO,?,98.41,105.83,111.87,115.41,117.25,119.24
Temoa,reference,QC,Activity|fuel|F_IMP_BIO_G,?,0.00025154,0.001354533,0.004887746,0.011122263,0.015750204,0.014101156
Temoa,reference,QC,Activity|fuel|F_IMP_BIO_M,?,0.000244306,0.00228478,0.004518992,0.007299466,0.010456863,0.013214135
Temoa,reference,QC,Activity|fuel|F_IMP_CNG,?,0.265626506,0.11587032,,,,
Temoa,reference,QC,Activity|fuel|F_IMP_DSL,?,145.3903657,141.730214,131.5227446,105.067032,81.96475319,77.4188948
Temoa,reference,QC,Activity|fuel|F_IMP_ETH,?,23.46337956,26.37818194,19.64648154,16.42467461,15.25861136,13.46812736
Temoa,reference,QC,Activity|fuel|F_IMP_GSL,?,194.301971,154.4065308,116.109256,97.70965176,91.11680824,81.05418237
Temoa,reference,QC,Activity|fuel|F_IMP_HFO,?,176.64094,177.5117008,182.9824239,184.8080163,188.1761435,192.9841598
Temoa,reference,QC,Activity|fuel|F_IMP_JTF,?,110.6667118,116.3442715,115.8555707,115.2957221,121.1972495,129.7775108
Temoa,reference,QC,Activity|fuel|F_IMP_LNG,?,8.158419379,9.142368828,9.861693505,11.33423693,11.99942342,12.73218991
Temoa,reference,QC,Activity|fuel|F_IMP_LPG,?,0.966081653,0.681940352,0.397799295,0.045464398,,
Temoa,reference,QC,Activity|fuel|F_IMP_NG,?,348.3525607,346.2708405,362.1217578,374.6394,364.2204247,336.9558641
Temoa,reference,QC,Activity|fuel|F_IMP_OIL,?,12.62859525,6.905969194,4.403563482,1.75971237,,
Temoa,reference,QC,Activity|fuel|F_IMP_RDSL,?,5.268806906,5.033483676,4.634873221,3.557789275,2.592568289,2.388398654
Temoa,reference,QC,Activity|fuel|F_IMP_WOOD,?,26.60323887,21.43749787,11.24799705,0.952660295,,
Temoa,reference,QC,Activity|industrial|E_I_ELC,?,343.6500001,377.3,404.2199998,423.41,435.45,445.2100001
Temoa,reference,QC,Activity|industrial|F_I_BIO,?,98.41,105.83,111.87,115.41,117.25,119.24
Temoa,reference,QC,Activity|industrial|F_I_HFO,?,167.24,167.15,172.28,174,176.88,181.64
Temoa,reference,QC,Activity|industrial|F_I_NG,?,129.87,105.93,93.78999999,89.67,90.58,95.92
Temoa,reference,QC,Activity|industrial|I_IND,?,739.1700001,756.21,782.1599998,802.49,820.16,842.0100001
Temoa,reference,QC,Activity|residential,?,608.5345546,596.3503816,595.345866,599.3934296,606.2163808,618.8826464
Temoa,reference,QC,Activity|residential|E_R_ELC,?,209.5364911,168.6018825,127.085987,102.8846641,84.7492844,86.12847073
Temoa,reference,QC,Activity|residential|F_R_LPG,?,0.966081653,0.681940352,0.397799295,0.045464398,,
Temoa,reference,QC,Activity|residential|F_R_NG,?,59.34863017,99.38534168,147.9911983,184.851137,207.4609497,211.9511889
Temoa,reference,QC,Activity|residential|F_R_OIL,?,12.62859525,6.905969194,4.403563482,1.75971237,,
Temoa,reference,QC,Activity|residential|F_R_WOOD,?,26.60323887,21.43749787,11.24799705,0.952660295,,
Temoa,reference,QC,Activity|residential|R_APP_CL_WASH-EXS,?,0.132146876,0.052858749,,,,
Temoa,reference,QC,Activity|residential|R_APP_CL_WASH-TYP-NEW,?,0.049158874,0.128377381,0.184196528,0.186308601,0.189298153,0.193192759
Temoa,reference,QC,Activity|residential|R_APP_COOK_ELEC-EXS,?,0.139038155,0.085561928,0.02345986,,,
Temoa,reference,QC,Activity|residential|R_APP_COOK_NG-EXS,?,0.002313262,0.000512664,,,,
Temoa,reference,QC,Activity|residential|R_APP_COOK_NG-TYP-NEW,?,0.050880415,0.105929336,0.17135832,0.198430321,0.202140912,0.206582011
Temoa,reference,QC,Activity|residential|R_APP_DRY_ELEC-EXS,?,0.093721192,0.046860578,,,,
Temoa,reference,QC,Activity|residential|R_APP_DRY_NG-TYP-NEW,?,0.071401701,0.117883496,0.167121382,0.169377827,0.172858006,0.176448504
Temoa,reference,QC,Activity|residential|R_APP_DS_WASH-EXS,?,0.081261772,0.044324595,0.001978065,,,
Temoa,reference,QC,Activity|residential|R_APP_DS_WASH-TYP-NEW,?,0.044718521,0.080632986,0.123173662,0.129426255,0.13210772,0.13472763
Temoa,reference,QC,Activity|residential|R_APP_FREZ-EXS,?,0.084008262,0.059299941,0.03459162,0.002724762,,
Temoa,reference,QC,Activity|residential|R_APP_FREZ-TYP-NEW,?,0.029431806,0.054098683,0.08065957,0.113070775,0.118957565,0.121532555
Temoa,reference,QC,Activity|residential|R_APP_OTH,?,3.700459442,3.699107452,3.759538838,3.817371024,3.880442221,3.96443941
Temoa,reference,QC,Activity|residential|R_APP_REFR-EXS,?,0.144330628,0.01649492,,,,
Temoa,reference,QC,Activity|residential|R_APP_REFR-TYP-NEW,?,0.113861786,0.241603164,0.262314566,0.266349695,0.270750366,0.276611108
Temoa,reference,QC,Activity|residential|R_LGT_CFL-EXS,?,7.00610061,4.504065801,1.711549228,,,
Temoa,reference,QC,Activity|residential|R_LGT_LED-EXS,?,9.837353776,9.837471205,9.345606696,9.745917791,7.869952044,5.410586368
Temoa,reference,QC,Activity|residential|R_LGT_LED-TYP-NEW,?,26.05627316,29.23562649,34.05744796,36.74862471,40.1755446,43.97149904
Temoa,reference,QC,Activity|residential|R_LGT_T12-EXS,?,3.194192153,2.499915409,1.715224647,1.055536193,0.290287949,
Temoa,reference,QC,Activity|residential|R_SPC_CENT_AC-EXS,?,17.66173953,11.84391109,6.909148331,0.789633403,,
Temoa,reference,QC,Activity|residential|R_SPC_ROOM_AC-EXS,?,3.78689926,,,,,
Temoa,reference,QC,Activity|residential|R_SPHC_AIR_HP-TYP-NEW,?,13.69776825,27.09820603,34.70421626,43.93597985,45.7840433,46.77570039
Temoa,reference,QC,Activity|residential|R_SPHC_GEO_HP-TYP-NEW,?,7.26515E-05,0.000515259,0.000555032,0.000154459,,
Temoa,reference,QC,Activity|residential|R_SPHC_NG_HP-TYP-NEW,?,,,,,1.01733E-05,2.07796E-05
Temoa,reference,QC,Activity|residential|R_SPH_ELEC-EXS,?,88.53428872,65.23579296,41.93729625,16.77492118,,
Temoa,reference,QC,Activity|residential|R_SPH_ELEC_RAD-NEW,?,,,,,,4.28344E-05
Temoa,reference,QC,Activity|residential|R_SPH_HP-EXS,?,17.76982313,9.692688623,0.646173311,,,
Temoa,reference,QC,Activity|residential|R_SPH_NG-ELC-EXS,?,1.499850529,1.058712233,0.617577626,0.070565205,,
Temoa,reference,QC,Activity|residential|R_SPH_NG-EXS,?,13.37022654,9.437804348,5.505384474,0.629181793,,
Temoa,reference,QC,Activity|residential|R_SPH_NG_FRN-TYP-NEW,?,27.76600829,66.78494919,111.3644957,150.1112187,171.9373486,175.6585785
Temoa,reference,QC,Activity|residential|R_SPH_OIL-ELC-EXS,?,4.678384691,3.447212221,2.216067053,0.886407962,,
Temoa,reference,QC,Activity|residential|R_SPH_OIL-EXS,?,2.565969012,1.890698091,1.215452921,0.486167687,,
Temoa,reference,QC,Activity|residential|R_SPH_OTH-EXS,?,0.483040827,0.340970176,0.198899648,0.022732199,,
Temoa,reference,QC,Activity|residential|R_SPH_WOOD-ELC-EXS,?,12.37774811,8.251829118,4.125914115,,,
Temoa,reference,QC,Activity|residential|R_SPH_WOOD-EXS,?,0.923790435,0.615861364,0.307929062,,,
Temoa,reference,QC,Activity|residential|R_SPH_WOOD-OIL-EXS,?,2.511907739,1.850876505,1.189851034,0.47593772,,
Temoa,reference,QC,Activity|residential|R_WAH_ELC-EXS,?,22.36715859,12.20026579,0.813354351,,,
Temoa,reference,QC,Activity|residential|R_WAH_ELEC-TYP-NEW,?,,11.02598411,27.3295371,42.27715773,42.97371231,43.90323763
Temoa,reference,QC,Activity|residential|R_WAH_HP-TYP-NEW,?,16.86980188,16.87095393,13.49856437,0.006081732,0.008347397,0.009734088
Temoa,reference,QC,Activity|residential|R_WAH_NG-EXS,?,1.694998059,0.847496135,,,,
Temoa,reference,QC,Activity|residential|R_WAH_NG-TYP-NEW,?,,0.000578064,8.6103E-05,0.000513911,0.000345378,5.32242E-05
Temoa,reference,QC,Activity|residential|R_WAH_OIL-EXS,?,0.061388882,0.031819977,0.000597052,,,
Temoa,reference,QC,Activity|transportation,?,1532.735346,1524.961804,1470.232099,1438.81117,1454.509457,1497.93393
Temoa,reference,QC,Activity|transportation|E_T_ELC,?,19.20915208,24.55150177,30.77079895,58.61617644,78.93761204,95.00604505
Temoa,reference,QC,Activity|transportation|F_T_CNG,?,0.265626506,0.11587032,,,,
Temoa,reference,QC,Activity|transportation|F_T_DSL,?,126.4513658,120.8036082,111.2369573,85.38694259,62.22163894,57.32156769
Temoa,reference,QC,Activity|transportation|F_T_ETH,?,23.46337956,26.37818194,19.64648154,16.42467461,15.25861136,13.46812736
Temoa,reference,QC,Activity|transportation|F_T_GSL,?,189.840071,149.4763643,111.3300621,93.07315611,86.46546437,76.31938835
Temoa,reference,QC,Activity|transportation|F_T_HFO,?,9.400940019,10.36170084,10.7024239,10.8080163,11.29614346,11.34415984
Temoa,reference,QC,Activity|transportation|F_T_JTF,?,110.6667118,116.3442715,115.8555707,115.2957221,121.1972495,129.7775108
Temoa,reference,QC,Activity|transportation|F_T_LNG,?,8.158419379,9.142368828,9.861693505,11.33423693,11.99942342,12.73218991
Temoa,reference,QC,Activity|transportation|F_T_NG,?,21.64102999,21.64107879,21.64108914,20.56124703,20.55912288,19.59917925
Temoa,reference,QC,Activity|transportation|F_T_RDSL,?,5.268806906,5.033483676,4.634873221,3.557789275,2.592568289,2.388398654
Temoa,reference,QC,Activity|transportation|T_BLND_ETH_GSL,?,213.3034505,175.8545463,130.9765436,109.4978307,101.7240757,89.78751571
Temoa,reference,QC,Activity|transportation|T_BLND_GSL_ELC_PHEV35,?,38.33034609,46.24464933,53.21961617,34.18606534,26.2601555,19.14408484
Temoa,reference,QC,Activity|transportation|T_BLND_JTF,?,110.6667103,116.3442682,115.8555655,115.2957153,121.1972409,129.7775038
Temoa,reference,QC,Activity|transportation|T_BLND_RDSL_DSL,?,131.7201727,125.8370919,115.8718305,88.94473187,64.81420723,59.70996635
Temoa,reference,QC,Activity|transportation|T_ELC_AC_DC,?,0.001810061,0.002430795,0.001037888,,,0.000629978
Temoa,reference,QC,Activity|transportation|T_H2_COMP_100_700,?,17.4870197,17.48702756,17.48697436,16.61480466,16.61479226,15.84442166
Temoa,reference,QC,Activity|transportation|T_H2_COMP_10_100,?,17.4870197,17.48702687,17.48697542,16.61479323,16.61477296,15.84441018
Temoa,reference,QC,Activity|transportation|T_H2_HDV_REFUEL,?,3.267581375,4.278022364,5.000380687,8.777594655,15.61149827,15.34578107
Temoa,reference,QC,Activity|transportation|T_H2_MDV_REFUEL,?,14.13200068,13.1238308,12.40251137,7.757552133,0.921374314,0.419382099
Temoa,reference,QC,Activity|transportation|T_H2_distribution,?,17.4870197,17.48933056,17.4904031,16.61832134,16.61616476,15.84458006
Temoa,reference,QC,Activity|transportation|T_HDV_AJF_JFL_EX,?,0.832289409,0.740454981,0.533753009,0.213564996,,
Temoa,reference,QC,Activity|transportation|T_HDV_AJF_JFL_N,?,0.096744073,0.29366291,0.58015696,0.980593634,1.273227814,1.363368028
Temoa,reference,QC,Activity|transportation|T_HDV_AJP_JFL_EX,?,62.87757539,57.0507479,41.09114022,14.46454105,,
Temoa,reference,QC,Activity|transportation|T_HDV_AJP_JFL_N,?,6.270013814,19.91828618,41.81684435,74.41638112,94.76607231,101.4751163
Temoa,reference,QC,Activity|transportation|T_HDV_BIC_DSL_EX,?,0.164837135,0.07341379,,,,
Temoa,reference,QC,Activity|transportation|T_HDV_BIC_GSL_EX,?,0.02062511,0.011977825,,,,
Temoa,reference,QC,Activity|transportation|T_HDV_BIC_GSL_N,?,0.862942239,1.081316217,1.256928004,1.347462134,1.436606216,1.538310689
Temoa,reference,QC,Activity|transportation|T_HDV_BS_BEV_N,?,,,3.420036106,7.693256322,9.028075036,9.781442773
Temoa,reference,QC,Activity|transportation|T_HDV_BS_CNG_EX,?,0.336101098,0.147259785,,,,
Temoa,reference,QC,Activity|transportation|T_HDV_BS_DSL_EX,?,1.471318219,0.616423946,,,,
Temoa,reference,QC,Activity|transportation|T_HDV_BS_FCHEV_N,?,4.738183325,6.604308372,4.590848328,0.894795414,0.128641724,0.023551869
Temoa,reference,QC,Activity|transportation|T_HDV_BS_GSL_EX,?,0.135772413,0.068942603,,,,
Temoa,reference,QC,Activity|transportation|T_HDV_BT_BEV_EX,?,0.641580826,0.308545445,,,,
Temoa,reference,QC,Activity|transportation|T_HDV_BT_BEV_N,?,1.462105325,2.294115914,4.383978333,3.274890488,1.889303328,3.576437834
Temoa,reference,QC,Activity|transportation|T_HDV_BT_CNG_EX,?,0.044850532,0.017410203,,,,
Temoa,reference,QC,Activity|transportation|T_HDV_BT_DSL_EX,?,0.661083861,0.282534855,,,,
Temoa,reference,QC,Activity|transportation|T_HDV_BT_FCHEV_N,?,2.408706642,2.909975543,1.881843919,3.442404411,5.272769746,4.092690007
Temoa,reference,QC,Activity|transportation|T_HDV_BT_GSL_EX,?,0.006936252,0.003211384,,,,
Temoa,reference,QC,Activity|transportation|T_HDV_CHRG,?,1.091928079,1.248849843,2.231208992,10.14897327,17.71930554,22.20766436
Temoa,reference,QC,Activity|transportation|T_HDV_RF_DSL_EX,?,3.888174049,3.888174019,3.888158714,,,
Temoa,reference,QC,Activity|transportation|T_HDV_RF_LNG_N,?,36.73949379,41.33520721,44.82469974,52.22214043,55.68003041,59.62206118
Temoa,reference,QC,Activity|transportation|T_HDV_RICP_DSL_EX,?,0.060690363,0.060688967,0.043452676,0.018674342,0.018674102,
Temoa,reference,QC,Activity|transportation|T_HDV_RICP_DSL_N,?,0.08075278,0.09699574,0.126563114,0.163742847,0.178118881,0.210722334
Temoa,reference,QC,Activity|transportation|T_HDV_T_BEV_N,?,,,,19.69165269,41.00664135,52.80272711
Temoa,reference,QC,Activity|transportation|T_HDV_T_DSL_EX,?,28.97213045,22.58162428,12.39723893,,,
Temoa,reference,QC,Activity|transportation|T_HDV_T_DSL_HEV_N,?,32.5395377,45.16706742,58.15826589,52.14188177,28.40905911,20.80780043
Temoa,reference,QC,Activity|transportation|T_HDV_T_FCHEV_N,?,,0.720667666,3.194826233,7.232261818,14.88522968,16.65862135
Temoa,reference,QC,Activity|transportation|T_HDV_WTF_HFO_EX,?,53.23751407,53.23751047,37.59155003,18.58757568,14.90189578,
Temoa,reference,QC,Activity|transportation|T_HDV_WTF_HFO_N,?,6.373879198,13.11668641,33.88246154,58.03550234,66.79452199,87.48026654
Temoa,reference,QC,Activity|transportation|T_I_H2_ELC_ALK,?,0.000249823,,,,,
Temoa,reference,QC,Activity|transportation|T_I_H2_SMR,?,17.4843817,17.48439511,17.48438568,16.61193522,16.61020435,15.83463051
Temoa,reference,QC,Activity|transportation|T_LDV_BEV_CHRG,?,0.344770506,0.580110141,0.642905846,20.91536689,30.68906032,42.67136687
Temoa,reference,QC,Activity|transportation|T_LDV_C_BEV150_EX,?,0.427932992,0.354004469,,,,
Temoa,reference,QC,Activity|transportation|T_LDV_C_BEV150_N,?,,,0.006522182,5.000212136,7.684369527,11.13325175
Temoa,reference,QC,Activity|transportation|T_LDV_C_BEV200_N,?,,,0.014053097,10.00042723,15.36874255,22.26650765
Temoa,reference,QC,Activity|transportation|T_LDV_C_BEV300_N,?,,,0.021081844,15.00064202,23.05311689,33.39976366
Temoa,reference,QC,Activity|transportation|T_LDV_C_BEV400_N,?,,,0.028108773,20.00085757,30.73748964,44.53302034
Temoa,reference,QC,Activity|transportation|T_LDV_C_DSL_EX,?,0.383457236,0.036320983,,,,
Temoa,reference,QC,Activity|transportation|T_LDV_C_GSL_EX,?,29.29160614,15.78804292,,,,
Temoa,reference,QC,Activity|transportation|T_LDV_C_GSL_HEV_EX,?,0.76962258,0.453259137,,,,
Temoa,reference,QC,Activity|transportation|T_LDV_C_GSL_HEV_N,?,45.71455283,68.69719283,92.07584437,48.78260437,28.48231749,1.450149471
Temoa,reference,QC,Activity|transportation|T_LDV_C_GSL_PHEV35_EX,?,0.265666354,0.216533101,,,,
Temoa,reference,QC,Activity|transportation|T_LDV_LTF_DSL_EX,?,0.182910781,0.150011794,0.027734439,,,
Temoa,reference,QC,Activity|transportation|T_LDV_LTF_GSL_EX,?,2.174980059,1.589290017,0.284395037,,,
Temoa,reference,QC,Activity|transportation|T_LDV_LTF_GSL_PHEV35_EX,?,0.000523217,0.000573959,,,,
Temoa,reference,QC,Activity|transportation|T_LDV_LTF_GSL_PHEV35_N,?,4.818508697,6.249079811,8.295039451,9.227794727,9.838791801,10.53532025
Temoa,reference,QC,Activity|transportation|T_LDV_LTP_BEV300_EX,?,0.031440451,0.033457666,0.006312999,,,
Temoa,reference,QC,Activity|transportation|T_LDV_LTP_DSL_EX,?,0.716369118,0.456998521,0.076542518,,,
Temoa,reference,QC,Activity|transportation|T_LDV_LTP_GSL_EX,?,18.04568196,12.03102129,2.06855519,,,
Temoa,reference,QC,Activity|transportation|T_LDV_LTP_GSL_HEV_EX,?,0.126876106,0.122032983,0.023537843,,,
Temoa,reference,QC,Activity|transportation|T_LDV_LTP_GSL_HEV_N,?,,,,39.62284489,58.33194176,77.75505242
Temoa,reference,QC,Activity|transportation|T_LDV_LTP_GSL_PHEV35_EX,?,0.027034652,0.029271128,0.005189655,,,
Temoa,reference,QC,Activity|transportation|T_LDV_LTP_GSL_PHEV35_N,?,37.73990048,50.42585882,65.78665036,33.24173414,19.3572177,5.43403874
Temoa,reference,QC,Activity|transportation|T_LDV_M_BEV_N,?,0.28445874,0.806666872,1.203413256,1.42150829,1.515626138,1.622949387
Temoa,reference,QC,Activity|transportation|T_LDV_M_GSL_EX,?,0.821634631,0.424501499,0.122666337,,,
Temoa,reference,QC,Activity|transportation|T_LDV_PHEV_CHRG,?,14.10119329,17.01386309,19.58003081,12.5774124,9.661197834,7.043126933
Temoa,reference,QC,Activity|transportation|T_MDV_CHRG,?,,1.502468911,3.487460824,7.44737733,11.30950202,11.99109669
Temoa,reference,QC,Activity|transportation|T_MDV_T_BEV_N,?,,1.038427268,2.641833571,5.845315691,9.186085861,10.06781294
Temoa,reference,QC,Activity|transportation|T_MDV_T_DSL_EX,?,1.706102659,1.263505876,0.569206669,,,
Temoa,reference,QC,Activity|transportation|T_MDV_T_FCHEV_N,?,4.192110992,4.681509681,4.814789167,3.132754102,0.386478811,0.182455042
Temoa,reference,QC,Activity|transportation|T_MDV_T_GSL_EX,?,1.086543577,0.791374308,0.348893126,,,
Temoa,reference,QC,Activity|transportation|T_OFF,?,27.73243621,30.86931719,33.25120208,35.64671785,38.00702555,40.69776423
Temoa,reference,QC,Capacity|commercial,?,1036.981641,866.4733162,655.6810631,570.9094295,600.5206253,642.0941301
Temoa,reference,QC,Capacity|commercial|C_SPC_AC_ROOF-NEW,?,0.001578425,0.003321537,0.004884415,0.006534583,0.007034121,0.007180995
Temoa,reference,QC,Capacity|commercial|C_SPC_ELC-EXS,?,337.6228234,217.0432436,86.81729744,,,
Temoa,reference,QC,Capacity|commercial|C_SPHC_HP_AIR-NEW,?,0.023561549,119.642443,233.1238353,324.3968243,481.7154199,641.9442961
Temoa,reference,QC,Capacity|commercial|C_SPHC_HP_GEO-NEW,?,0.000647838,0.001403978,0.002137598,0.002486466,0.00271325,0.002895866
Temoa,reference,QC,Capacity|commercial|C_SPH_ELC-EXS,?,244.953838,142.8897388,16.33025587,,,
Temoa,reference,QC,Capacity|commercial|C_SPH_ELC_BLR-NEW,?,0.007228713,0.015500788,0.025037351,0.028800372,0.032381791,0.035622203
Temoa,reference,QC,Capacity|commercial|C_SPH_ELC_RES-NEW,?,0.007169366,0.015403321,0.024897444,0.031486085,0.034089715,0.036345589
Temoa,reference,QC,Capacity|commercial|C_SPH_NG-EXS,?,256.5849469,189.0625925,121.540238,48.6160952,,
Temoa,reference,QC,Capacity|commercial|C_SPH_NG_FRN-NEW,?,197.7798467,197.7996687,197.8124797,197.8272026,118.7289865,0.067789361
Temoa,reference,QC,Capacity|electricity,?,87.34362639,87.30983622,87.88247453,88.55003009,90.2638351,95.06736593
Temoa,reference,QC,Capacity|electricity|E_BAT_2H-NEW,?,0.001487924,0.002953881,0.004170217,0.004331052,0.007035498,0.010438895
Temoa,reference,QC,Capacity|electricity|E_BAT_4H-NEW,?,0.000263548,0.000634088,0.001050738,0.001379787,0.001974419,0.002926662
Temoa,reference,QC,Capacity|electricity|E_BIO_G-EXS,?,0.0244,0.0244,0.0244,0.0244,0.0145,0.0048
Temoa,reference,QC,Capacity|electricity|E_BIO_M-EXS,?,0.41825,0.41825,0.41825,0.41825,0.32925,0.29925
Temoa,reference,QC,Capacity|electricity|E_BIO_M-NEW,?,5.70939E-05,0.000119189,0.000185136,0.000257253,0.000336316,0.000421177
Temoa,reference,QC,Capacity|electricity|E_HYD_DLY-EXS,?,11.0465,11.0465,11.0465,11.0465,11.0465,11.0465
Temoa,reference,QC,Capacity|electricity|E_HYD_MLY-EXS,?,24.637,24.637,24.637,24.637,24.637,24.637
Temoa,reference,QC,Capacity|electricity|E_HYD_MLY-EXS-IN,?,24.637,24.637,24.637,24.637,24.637,24.637
Temoa,reference,QC,Capacity|electricity|E_HYD_ROR-EXS,?,4.77322,4.77322,4.77322,4.77322,4.77322,4.77322
Temoa,reference,QC,Capacity|electricity|E_INT_IN-USA,?,0.366,0.366,0.366,0.366,0.366,0.366
Temoa,reference,QC,Capacity|electricity|E_NG_CC-EXS,?,0.411,0.411,0.411,,,
Temoa,reference,QC,Capacity|electricity|E_NG_CC-NEW,?,0.000994457,0.002184398,0.003284959,0.005287522,0.010735535,0.01571649
Temoa,reference,QC,Capacity|electricity|E_NG_CCS-NEW,?,0.000155539,0.000345686,0.000571051,0.000849733,0.001204284,0.001606195
Temoa,reference,QC,Capacity|electricity|E_NG_CCS_RFIT_90,?,7.3318E-05,0.000157058,0.000252919,0.000360662,0.000480941,0.000614961
Temoa,reference,QC,Capacity|electricity|E_NG_CCS_RFIT_95,?,7.1324E-05,0.000152868,0.000246319,0.000351404,0.000468683,0.000599436
Temoa,reference,QC,Capacity|electricity|E_NG_CG-EXS,?,0.5591,0.5591,0.5591,0.5545,0.5545,
Temoa,reference,QC,Capacity|electricity|E_NG_CT-NEW,?,7.620475936,7.621985361,7.622637766,7.62417006,7.786361097,8.344983668
Temoa,reference,QC,Capacity|electricity|E_SOL_PV-NEW-1,?,0.000142136,0.000433439,0.00089889,0.003729638,0.018119873,0.028772132
Temoa,reference,QC,Capacity|electricity|E_SOL_PV-NEW-2,?,0.000141698,0.000430931,0.000902779,0.004226795,1.412381804,1.822584469
Temoa,reference,QC,Capacity|electricity|E_SOL_PV-NEW-3,?,0.000141655,0.000434831,0.000902426,0.004239169,1.273990861,3.377850034
Temoa,reference,QC,Capacity|electricity|E_SOL_PV-NEW-4,?,0.000140894,0.00041891,0.000877439,0.003167228,0.009750879,0.01551345
Temoa,reference,QC,Capacity|electricity|E_SOL_PV-NEW-5,?,0.000140515,0.00042064,0.000869252,0.002909941,0.007666772,0.011754129
Temoa,reference,QC,Capacity|electricity|E_WND_ON-EXS,?,4.1277,4.0277,3.7097,2.7725,0.3947,0.16
Temoa,reference,QC,Capacity|electricity|E_WND_ON-NEW-1,?,1.62611792,1.62887179,1.630774926,1.631809493,1.632805688,1.633821496
Temoa,reference,QC,Capacity|electricity|E_WND_ON-NEW-10,?,0.009037843,0.018938355,0.045984626,0.061024493,0.492926931,2.975695593
Temoa,reference,QC,Capacity|electricity|E_WND_ON-NEW-11,?,0.003590673,0.009342313,0.770384667,2.713442002,3.537067271,3.541167116
Temoa,reference,QC,Capacity|electricity|E_WND_ON-NEW-12,?,0.001236196,0.002524127,0.003944227,0.005278338,0.006841385,0.0084527
Temoa,reference,QC,Capacity|electricity|E_WND_ON-NEW-13,?,0.002801614,0.00568401,0.010721141,0.014919011,0.020204058,0.023538114
Temoa,reference,QC,Capacity|electricity|E_WND_ON-NEW-2,?,1.576707665,1.581395818,1.588805628,1.591856286,1.593837345,1.594860875
Temoa,reference,QC,Capacity|electricity|E_WND_ON-NEW-3,?,4.200993685,4.206608167,4.215952376,4.220331714,4.224171149,4.226073712
Temoa,reference,QC,Capacity|electricity|E_WND_ON-NEW-4,?,0.970394389,0.975549877,0.983942271,0.987616879,0.990087403,0.991212116
Temoa,reference,QC,Capacity|electricity|E_WND_ON-NEW-5,?,0.006163919,0.010170286,0.017457831,0.022118653,0.02795198,0.031696593
Temoa,reference,QC,Capacity|electricity|E_WND_ON-NEW-6,?,0.00189994,0.003723062,0.005847288,0.007604355,0.009644938,0.01139505
Temoa,reference,QC,Capacity|electricity|E_WND_ON-NEW-7,?,0.002904605,0.005439418,0.008715105,0.011392598,0.014699457,0.017694457
Temoa,reference,QC,Capacity|electricity|E_WND_ON-NEW-8,?,0.314919587,0.325934928,0.372605124,0.386820938,0.415988081,0.437589765
Temoa,reference,QC,Capacity|electricity|E_WND_ON-NEW-9,?,0.002402314,0.004812783,0.00831943,0.011185083,0.014432452,0.016616645
Temoa,reference,QC,Capacity|residential,?,721.337204,719.8158259,767.7432768,743.420002,753.3704454,769.4442816
Temoa,reference,QC,Capacity|residential|R_APP_CL_WASH-EXS,?,2.64293775,1.0571751,,,,
Temoa,reference,QC,Capacity|residential|R_APP_CL_WASH-TYP-NEW,?,0.983177389,2.567615273,3.684007574,3.740677883,3.802481968,3.884791651
Temoa,reference,QC,Capacity|residential|R_APP_COOK_ELEC-EXS,?,2.780763471,1.711239059,0.470590741,,,
Temoa,reference,QC,Capacity|residential|R_APP_COOK_ELEC-TYP-NEW,?,0.000216692,0.000429017,0.000711256,0.000719511,0.000708666,0.000702746
Temoa,reference,QC,Capacity|residential|R_APP_COOK_NG-EXS,?,0.066155882,0.033077941,,,,
Temoa,reference,QC,Capacity|residential|R_APP_COOK_NG-TYP-NEW,?,1.017608424,2.118586887,3.455144951,3.986126814,4.052009128,4.139741516
Temoa,reference,QC,Capacity|residential|R_APP_DRY_ELEC-EXS,?,1.874424118,0.937212059,,,,
Temoa,reference,QC,Capacity|residential|R_APP_DRY_ELEC-TYP-NEW,?,0.000227932,0.000420846,0.00057204,0.000566588,0.000549131,0.000559666
Temoa,reference,QC,Capacity|residential|R_APP_DRY_NG-TYP-NEW,?,1.428033988,2.363846829,3.354842768,3.40646401,3.462773123,3.537730779
Temoa,reference,QC,Capacity|residential|R_APP_DS_WASH-EXS,?,1.625235765,0.886492235,0.059099482,,,
Temoa,reference,QC,Capacity|residential|R_APP_DS_WASH-TYP-NEW,?,0.894370281,1.632193734,2.500733749,2.599210237,2.642154856,2.69934782
Temoa,reference,QC,Capacity|residential|R_APP_FREZ-EXS,?,1.680165636,1.185999273,0.691832909,0.079066618,,
Temoa,reference,QC,Capacity|residential|R_APP_FREZ-TYP-NEW,?,0.588636326,1.081973928,1.613191719,2.26141586,2.379151745,2.430651631
Temoa,reference,QC,Capacity|residential|R_APP_REFR-EXS,?,2.88661275,0.3298986,,,,
Temoa,reference,QC,Capacity|residential|R_APP_REFR-TYP-NEW,?,2.277235798,4.832063429,5.246291521,5.32699415,5.41500761,5.532222489
Temoa,reference,QC,Capacity|residential|R_LGT_CFL-EXS,?,105.0423699,67.52723778,27.01089511,,,
Temoa,reference,QC,Capacity|residential|R_LGT_LED-EXS,?,147.4883366,147.4883366,147.4883366,147.4883366,117.9906693,81.11858511
Temoa,reference,QC,Capacity|residential|R_LGT_LED-TYP-NEW,?,390.6508093,438.3152525,537.4802518,550.9563164,602.3329394,659.2435368
Temoa,reference,QC,Capacity|residential|R_LGT_T12-EXS,?,47.89111622,37.480004,27.06889178,16.65777955,4.580889377,
Temoa,reference,QC,Capacity|residential|R_SPC_CENT_AC-EXS,?,0.888763864,0.627362727,0.365961591,0.041824182,,
Temoa,reference,QC,Capacity|residential|R_SPC_ROOM_AC-EXS,?,0.51400375,,,,,
Temoa,reference,QC,Capacity|residential|R_SPC_ROOM_AC-TYP-NEW,?,1.27385E-05,1.29176E-05,1.34312E-05,1.4884E-05,1.68831E-05,2.53931E-05
Temoa,reference,QC,Capacity|residential|R_SPHC_AIR_HP-TYP-NEW,?,0.057406568,0.113566747,0.145443149,0.184134749,0.191880258,0.196035311
Temoa,reference,QC,Capacity|residential|R_SPHC_NG_HP-TYP-NEW,?,,,,,,1.02631E-05
Temoa,reference,QC,Capacity|residential|R_SPH_ELEC-EXS,?,2.163043773,1.593821727,1.024599682,0.409839873,,
Temoa,reference,QC,Capacity|residential|R_SPH_ELEC_RAD-NEW,?,,,,,1.00419E-05,2.16531E-05
Temoa,reference,QC,Capacity|residential|R_SPH_HP-EXS,?,0.262076294,0.142950706,0.009530047,,,
Temoa,reference,QC,Capacity|residential|R_SPH_NG-ELC-EXS,?,0.018354591,0.012956182,0.007557773,0.000863745,,
Temoa,reference,QC,Capacity|residential|R_SPH_NG-EXS,?,0.148685864,0.104954727,0.061223591,0.006996982,,
Temoa,reference,QC,Capacity|residential|R_SPH_NG_FRN-TYP-NEW,?,0.308776541,0.74269419,1.238447714,1.669337139,1.912057871,1.953440441
Temoa,reference,QC,Capacity|residential|R_SPH_OIL-ELC-EXS,?,0.155787045,0.114790455,0.073793864,0.029517545,,
Temoa,reference,QC,Capacity|residential|R_SPH_OIL-EXS,?,0.115393909,0.085027091,0.054660273,0.021864109,,
Temoa,reference,QC,Capacity|residential|R_SPH_OTH-EXS,?,0.030686545,0.021661091,0.012635636,0.001444073,,
Temoa,reference,QC,Capacity|residential|R_SPH_WOOD-ELC-EXS,?,0.284609318,0.189739545,0.094869773,,,
Temoa,reference,QC,Capacity|residential|R_SPH_WOOD-EXS,?,0.045514773,0.030343182,0.015171591,,,
Temoa,reference,QC,Capacity|residential|R_SPH_WOOD-OIL-EXS,?,0.096155545,0.070851455,0.045547364,0.018218945,,
Temoa,reference,QC,Capacity|residential|R_WAH_ELC-EXS,?,2.523359882,1.376378118,0.091758541,,,
Temoa,reference,QC,Capacity|residential|R_WAH_ELEC-TYP-NEW,?,7.12728E-05,1.181706561,2.92903452,4.531040899,4.605693961,4.705315574
Temoa,reference,QC,Capacity|residential|R_WAH_HP-TYP-NEW,?,1.80801563,1.808277699,1.44701767,0.001023907,0.001235592,0.00134452
Temoa,reference,QC,Capacity|residential|R_WAH_NG-EXS,?,0.085853529,0.042926765,,,,
Temoa,reference,QC,Capacity|residential|R_WAH_NG-TYP-NEW,?,5.18936E-05,0.000106885,0.000141495,0.000159797,0.000166197,0.000165751
Temoa,reference,QC,Capacity|residential|R_WAH_OIL-EXS,?,0.012136235,0.006619765,0.000441318,,,
Temoa,reference,QC,Capacity|residential|R_WAH_SOLAR-TYP-NEW,?,1.03516E-05,2.23988E-05,3.38481E-05,4.70213E-05,5.03885E-05,5.2486E-05
Temoa,reference,QC,Capacity|transportation,?,6661.988115,6780.351248,7290.189461,7856.732622,8381.559438,8986.136218
Temoa,reference,QC,Capacity|transportation|T_ELC_AC_DC,?,0.000255246,0.000534395,0.000821818,0.001120924,0.001433208,0.001527248
Temoa,reference,QC,Capacity|transportation|T_H2_COMP_100_700,?,0.554510269,0.554583626,0.554623025,0.52696543,0.526892074,0.526852674
Temoa,reference,QC,Capacity|transportation|T_H2_COMP_10_100,?,0.554510336,0.554583738,0.554623742,0.526965722,0.52689232,0.526852316
Temoa,reference,QC,Capacity|transportation|T_H2_HDV_REFUEL,?,3.267582579,4.278025143,5.000384349,8.777598759,15.61150321,15.34578361
Temoa,reference,QC,Capacity|transportation|T_H2_LDV_REFUEL,?,,1.14036E-05,3.58445E-05,6.22508E-05,0.000176037,0.000191593
Temoa,reference,QC,Capacity|transportation|T_H2_MDV_REFUEL,?,14.13200166,14.13202882,12.40253953,12.40255258,0.921415852,0.921375644
Temoa,reference,QC,Capacity|transportation|T_HDV_AJF_JFL_EX,?,0.832289771,0.740455301,0.533753259,0.213565141,,
Temoa,reference,QC,Capacity|transportation|T_HDV_AJF_JFL_N,?,0.096744171,0.293663145,0.580157364,0.980594244,1.273228693,1.363368872
Temoa,reference,QC,Capacity|transportation|T_HDV_AJP_JFL_EX,?,62.87757753,57.05074947,41.09114148,14.46454173,,
Temoa,reference,QC,Capacity|transportation|T_HDV_AJP_JFL_N,?,6.270014172,19.91828696,41.81684576,74.41638341,94.76607541,101.475119
Temoa,reference,QC,Capacity|transportation|T_HDV_BIC_BEV_N,?,,,,,1.10684E-05,2.91171E-05
Temoa,reference,QC,Capacity|transportation|T_HDV_BIC_DSL_EX,?,0.245636304,0.096190706,,,,
Temoa,reference,QC,Capacity|transportation|T_HDV_BIC_DSL_HEV_N,?,2.33468E-05,3.98523E-05,4.82924E-05,3.44236E-05,4.27602E-05,3.3421E-05
Temoa,reference,QC,Capacity|transportation|T_HDV_BIC_DSL_N,?,3.12736E-05,5.08707E-05,5.58716E-05,4.48254E-05,4.07954E-05,3.20011E-05
Temoa,reference,QC,Capacity|transportation|T_HDV_BIC_FCEV_N,?,1.46913E-05,3.45255E-05,8.58789E-05,0.000142247,0.00025939,0.000275801
Temoa,reference,QC,Capacity|transportation|T_HDV_BIC_GSL_EX,?,0.030738925,0.016003775,,,,
Temoa,reference,QC,Capacity|transportation|T_HDV_BIC_GSL_N,?,1.285911222,1.416779248,1.646875967,1.765499999,1.882302681,2.015561798
Temoa,reference,QC,Capacity|transportation|T_HDV_BS_BEV_N,?,2.86216E-05,0.000249671,6.191492338,13.92752387,16.34401204,17.70788029
Temoa,reference,QC,Capacity|transportation|T_HDV_BS_CNG_EX,?,0.696566106,0.2665982,,,,
Temoa,reference,QC,Capacity|transportation|T_HDV_BS_CNG_N,?,2.02194E-05,3.30635E-05,2.41228E-05,2.33619E-05,2.40597E-05,2.54567E-05
Temoa,reference,QC,Capacity|transportation|T_HDV_BS_DSL_EX,?,3.049222269,1.116231289,,,,
Temoa,reference,QC,Capacity|transportation|T_HDV_BS_DSL_HEV_N,?,4.5054E-05,7.33269E-05,7.41257E-05,5.32428E-05,4.76067E-05,4.87917E-05
Temoa,reference,QC,Capacity|transportation|T_HDV_BS_DSL_N,?,3.30229E-05,4.94607E-05,4.81518E-05,2.72129E-05,2.86084E-05,2.75517E-05
Temoa,reference,QC,Capacity|transportation|T_HDV_BS_DSL_PHEV_N,?,1.32565E-05,3.41203E-05,4.72935E-05,6.38971E-05,6.76318E-05,7.19714E-05
Temoa,reference,QC,Capacity|transportation|T_HDV_BS_FCEV_N,?,8.09367E-05,0.000143452,0.000181797,0.000176017,0.000191027,0.000166493
Temoa,reference,QC,Capacity|transportation|T_HDV_BS_FCHEV_N,?,9.819544804,11.95612192,8.311064427,1.619926275,0.232911368,0.042673508
Temoa,reference,QC,Capacity|transportation|T_HDV_BS_GSL_EX,?,0.28141323,0.12481686,,,,
Temoa,reference,QC,Capacity|transportation|T_HDV_BS_GSL_N,?,6.46037E-05,9.1484E-05,9.2201E-05,7.3354E-05,7.35881E-05,6.96563E-05
Temoa,reference,QC,Capacity|transportation|T_HDV_BT_BEV_EX,?,1.021886526,0.425753883,,,,
Temoa,reference,QC,Capacity|transportation|T_HDV_BT_BEV_N,?,2.328676516,3.165592031,6.049342709,4.518948451,2.607017246,4.935052176
Temoa,reference,QC,Capacity|transportation|T_HDV_BT_CNG_EX,?,0.07145811,0.024025053,,,,
Temoa,reference,QC,Capacity|transportation|T_HDV_BT_CNG_N,?,0.000211822,0.000224117,9.70241E-05,1.16618E-05,1.16618E-05,
Temoa,reference,QC,Capacity|transportation|T_HDV_BT_DSL_EX,?,1.052909646,0.410350286,,,,
Temoa,reference,QC,Capacity|transportation|T_HDV_BT_DSL_HEV_N,?,1.25508E-05,1.25508E-05,,,,
Temoa,reference,QC,Capacity|transportation|T_HDV_BT_DSL_PHEV_N,?,1.58421E-05,2.94848E-05,3.20156E-05,3.48157E-05,4.45521E-05,3.82797E-05
Temoa,reference,QC,Capacity|transportation|T_HDV_BT_FCEV_N,?,2.32803E-05,2.32803E-05,3.55636E-05,4.16291E-05,5.82666E-05,3.72958E-05
Temoa,reference,QC,Capacity|transportation|T_HDV_BT_FCHEV_N,?,3.836316305,4.015395939,2.596712813,4.750090916,7.275757472,5.647404268
Temoa,reference,QC,Capacity|transportation|T_HDV_BT_GSL_EX,?,0.011906209,0.006276167,,,,
Temoa,reference,QC,Capacity|transportation|T_HDV_CHRG,?,1.091930454,1.248853807,2.23121508,10.14897822,17.71931058,22.20766867
Temoa,reference,QC,Capacity|transportation|T_HDV_RF_DSL_EX,?,17.49025376,17.49025376,12.98749544,6.564984833,3.888198363,
Temoa,reference,QC,Capacity|transportation|T_HDV_RF_DSL_N,?,3.44394E-05,7.2304E-05,0.000109853,0.000158791,0.00020953,0.00020953
Temoa,reference,QC,Capacity|transportation|T_HDV_RF_H2_N,?,,1.84596E-05,4.00214E-05,6.42595E-05,9.42207E-05,0.000112783
Temoa,reference,QC,Capacity|transportation|T_HDV_RF_LNG_N,?,36.73949852,41.33521388,44.82471482,52.22216387,55.68008083,59.62212751
Temoa,reference,QC,Capacity|transportation|T_HDV_RICP_DSL_EX,?,0.062855262,0.062855262,0.045618642,0.020837067,0.018675428,
Temoa,reference,QC,Capacity|transportation|T_HDV_RICP_DSL_N,?,0.08075328,0.096996809,0.126564962,0.163745747,0.178123047,0.210727527
Temoa,reference,QC,Capacity|transportation|T_HDV_T_BEV_N,?,,3.73812E-05,0.000727585,27.12120686,56.47822575,72.72505346
Temoa,reference,QC,Capacity|transportation|T_HDV_T_DSL_EX,?,43.01433132,32.73846246,17.97330833,,,
Temoa,reference,QC,Capacity|transportation|T_HDV_T_DSL_HEV_N,?,48.3107838,62.20834415,80.103196,71.81472854,39.12783991,30.16681854
Temoa,reference,QC,Capacity|transportation|T_HDV_T_DSL_N,?,6.51889E-05,8.4452E-05,0.00010582,0.000113571,7.11163E-05,5.14322E-05
Temoa,reference,QC,Capacity|transportation|T_HDV_T_DSL_PHEV_N,?,,,,1.04266E-05,2.25969E-05,2.25969E-05
Temoa,reference,QC,Capacity|transportation|T_HDV_T_FCEV_N,?,,1.69175E-05,3.22005E-05,5.32899E-05,7.66928E-05,6.01022E-05
Temoa,reference,QC,Capacity|transportation|T_HDV_T_FCHEV_N,?,2.79101E-05,0.992575133,4.400310408,9.960964604,20.50134705,24.15149773
Temoa,reference,QC,Capacity|transportation|T_HDV_WTF_HFO_EX,?,53.23752069,53.23752069,37.59156785,18.58759893,14.90192231,
Temoa,reference,QC,Capacity|transportation|T_HDV_WTF_HFO_N,?,6.373883571,13.11669736,33.88248642,58.03554944,66.79459045,87.48035724
Temoa,reference,QC,Capacity|transportation|T_HDV_WTF_LNG_N,?,0.000121551,0.000228163,0.000347052,0.000517984,0.000778591,0.000778591
Temoa,reference,QC,Capacity|transportation|T_HDV_WTF_MDO_EX,?,24.59985649,24.59985649,20.64140568,18.11899292,7.557835776,
Temoa,reference,QC,Capacity|transportation|T_HDV_WTF_MDO_N,?,1.79976E-05,4.13443E-05,7.10472E-05,9.47644E-05,9.47644E-05,9.47644E-05
Temoa,reference,QC,Capacity|transportation|T_I_H2_ELC_ALK,?,8.38988E-05,0.000176872,0.000278127,0.000387002,0.000423548,0.00047282
Temoa,reference,QC,Capacity|transportation|T_I_H2_ELC_PEM,?,6.09757E-05,0.000143748,0.000239921,0.000348979,0.000413971,0.000485986
Temoa,reference,QC,Capacity|transportation|T_I_H2_SMR,?,0.583606504,0.583606504,0.583606504,0.583606504,0.583606504,0.528539125
Temoa,reference,QC,Capacity|transportation|T_LDV_BEV_CHRG,?,0.790007993,1.330713316,1.469316182,47.59472776,69.8595147,97.33733568
Temoa,reference,QC,Capacity|transportation|T_LDV_C_BEV150_EX,?,17.45338003,12.94957382,,,,
Temoa,reference,QC,Capacity|transportation|T_LDV_C_BEV150_N,?,4.31759E-05,0.000206681,0.257074856,182.9089361,281.0960079,407.25688
Temoa,reference,QC,Capacity|transportation|T_LDV_C_BEV200_N,?,8.63549E-05,0.000413381,0.514149721,365.8178721,562.1920157,814.51376
Temoa,reference,QC,Capacity|transportation|T_LDV_C_BEV300_N,?,0.00012949,0.00062002,0.771224541,548.7268082,843.2880236,1221.77064
Temoa,reference,QC,Capacity|transportation|T_LDV_C_BEV400_N,?,0.000172637,0.000826671,1.028299355,731.6357442,1124.384031,1629.02752
Temoa,reference,QC,Capacity|transportation|T_LDV_C_CNG_N,?,0.000150372,0.000290483,0.00038708,0.00036143,0.000356036,0.000359981
Temoa,reference,QC,Capacity|transportation|T_LDV_C_DSL_EX,?,15.64336264,1.328661195,,,,
Temoa,reference,QC,Capacity|transportation|T_LDV_C_DSL_N,?,0.000105515,0.000201128,0.000273925,0.000247335,0.000237753,0.000238916
Temoa,reference,QC,Capacity|transportation|T_LDV_C_FCEV400_N,?,2.6059E-05,0.00019805,0.000601949,0.001112211,0.006163677,0.00658908
Temoa,reference,QC,Capacity|transportation|T_LDV_C_GSL_EX,?,1194.583526,577.5300407,,,,
Temoa,reference,QC,Capacity|transportation|T_LDV_C_GSL_HEV_EX,?,31.38715877,16.58033843,,,,
Temoa,reference,QC,Capacity|transportation|T_LDV_C_GSL_HEV_N,?,1864.351243,2512.958072,3368.154201,1784.478215,1041.889368,53.04689923
Temoa,reference,QC,Capacity|transportation|T_LDV_C_GSL_N,?,9.8337E-05,0.000233092,0.000316617,0.000340335,0.00033153,0.000353574
Temoa,reference,QC,Capacity|transportation|T_LDV_C_GSL_PHEV35_EX,?,10.83460626,7.920841589,,,,
Temoa,reference,QC,Capacity|transportation|T_LDV_C_GSL_PHEV35_N,?,0.000552358,0.022224507,0.022931917,0.018789475,0.001825094,0.001456782
Temoa,reference,QC,Capacity|transportation|T_LDV_C_GSL_PHEV50_N,?,0.000183604,0.000774693,0.001080314,0.001050911,0.000922536,0.000955373
Temoa,reference,QC,Capacity|transportation|T_LDV_LTF_BEV150_N,?,2.35043E-05,7.31447E-05,0.000125589,0.000217437,0.000263931,0.000416081
Temoa,reference,QC,Capacity|transportation|T_LDV_LTF_BEV200_N,?,4.70043E-05,0.000146269,0.000251157,0.000434853,0.000547707,0.00083216
Temoa,reference,QC,Capacity|transportation|T_LDV_LTF_BEV300_N,?,7.04561E-05,0.000219345,0.000376669,0.000666357,0.000821555,0.001248243
Temoa,reference,QC,Capacity|transportation|T_LDV_LTF_BEV400_N,?,9.39722E-05,0.000292485,0.000502245,0.000888469,0.001095394,0.001664329
Temoa,reference,QC,Capacity|transportation|T_LDV_LTF_CNG_N,?,0.000306336,0.000473722,0.000678576,0.00064767,0.000615875,0.000588948
Temoa,reference,QC,Capacity|transportation|T_LDV_LTF_DSL_EX,?,16.94101205,12.66061665,2.340737482,,,
Temoa,reference,QC,Capacity|transportation|T_LDV_LTF_DSL_N,?,6.57924E-05,0.000128689,0.000202813,0.000219552,0.000222096,0.000218265
Temoa,reference,QC,Capacity|transportation|T_LDV_LTF_FCEV400_N,?,3.33609E-05,0.000137706,0.000331996,0.000613529,0.00094613,0.001168508
Temoa,reference,QC,Capacity|transportation|T_LDV_LTF_GSL_EX,?,201.3659932,134.1316598,24.00217094,,,
Temoa,reference,QC,Capacity|transportation|T_LDV_LTF_GSL_HEV_EX,?,0.01675876,0.004570451,0.000304675,,,
Temoa,reference,QC,Capacity|transportation|T_LDV_LTF_GSL_HEV_N,?,0.000319333,0.000656071,0.00137618,0.003893476,0.004465258,0.004829662
Temoa,reference,QC,Capacity|transportation|T_LDV_LTF_GSL_N,?,7.99618E-05,0.000184926,0.000283128,0.000324424,0.000331555,0.000340093
Temoa,reference,QC,Capacity|transportation|T_LDV_LTF_GSL_PHEV35_EX,?,0.228373985,0.228373985,0.045674797,,,
Temoa,reference,QC,Capacity|transportation|T_LDV_LTF_GSL_PHEV35_N,?,446.1113304,527.4047521,700.0780102,778.7999558,830.366408,889.1514658
Temoa,reference,QC,Capacity|transportation|T_LDV_LTF_GSL_PHEV50_N,?,0.00035152,0.00114108,0.001884246,0.002212127,0.002421118,0.002697035
Temoa,reference,QC,Capacity|transportation|T_LDV_LTP_BEV150_N,?,2.47244E-05,8.56325E-05,0.000201816,0.000351081,0.000565411,0.001034967
Temoa,reference,QC,Capacity|transportation|T_LDV_LTP_BEV200_N,?,4.94687E-05,0.000171277,0.000403639,0.000702151,0.001130821,0.002069947
Temoa,reference,QC,Capacity|transportation|T_LDV_LTP_BEV300_EX,?,1.13384696,1.119194674,0.223106321,,,
Temoa,reference,QC,Capacity|transportation|T_LDV_LTP_BEV300_N,?,7.41729E-05,0.000256881,0.00060542,0.001068055,0.001696233,0.003104932
Temoa,reference,QC,Capacity|transportation|T_LDV_LTP_BEV400_N,?,9.88932E-05,0.0003425,0.000807216,0.00142406,0.002261627,0.004139901
Temoa,reference,QC,Capacity|transportation|T_LDV_LTP_CNG_N,?,0.000280125,0.000467831,0.00070249,0.000691635,0.000665628,0.000631393
Temoa,reference,QC,Capacity|transportation|T_LDV_LTP_DSL_EX,?,25.82041134,14.99313339,2.511207928,,,
Temoa,reference,QC,Capacity|transportation|T_LDV_LTP_DSL_N,?,6.88601E-05,0.000140635,0.00024189,0.000261957,0.000255771,0.000246488
Temoa,reference,QC,Capacity|transportation|T_LDV_LTP_FCEV400_N,?,3.51625E-05,0.000144284,0.000356505,0.000598394,0.000882036,0.001113221
Temoa,reference,QC,Capacity|transportation|T_LDV_LTP_GSL_EX,?,650.42578,394.7106859,67.86464548,,,
Temoa,reference,QC,Capacity|transportation|T_LDV_LTP_GSL_HEV_EX,?,4.573107039,4.003662063,0.772260164,,,
Temoa,reference,QC,Capacity|transportation|T_LDV_LTP_GSL_HEV_N,?,0.000389736,0.000943801,0.003226387,1299.936171,1913.739404,2550.96782
Temoa,reference,QC,Capacity|transportation|T_LDV_LTP_GSL_N,?,8.02078E-05,0.000192898,0.000317758,0.000378073,0.0004027,0.000414363
Temoa,reference,QC,Capacity|transportation|T_LDV_LTP_GSL_PHEV35_EX,?,0.974517239,0.960363246,0.19136495,,,
Temoa,reference,QC,Capacity|transportation|T_LDV_LTP_GSL_PHEV35_N,?,1360.270043,1654.358567,2158.311479,1090.586322,635.066718,178.2786888
Temoa,reference,QC,Capacity|transportation|T_LDV_LTP_GSL_PHEV50_N,?,0.000235984,0.000802113,0.001539719,0.001756982,0.002045038,0.002305567
Temoa,reference,QC,Capacity|transportation|T_LDV_M_BEV_N,?,48.36949759,148.2514305,221.1805203,261.2817877,278.5821997,298.3045599
Temoa,reference,QC,Capacity|transportation|T_LDV_M_GSL_EX,?,139.7127682,78.0135212,22.54287536,,,
Temoa,reference,QC,Capacity|transportation|T_LDV_M_GSL_N,?,0.000184659,0.000384379,0.000648905,0.000806092,0.000935677,0.0010865
Temoa,reference,QC,Capacity|transportation|T_LDV_PHEV_CHRG,?,14.10210043,17.01386581,19.58004117,12.57741446,9.66140354,7.04333048
Temoa,reference,QC,Capacity|transportation|T_MDV_CHRG,?,1.81739E-05,1.502488275,3.487482332,7.447382883,11.3095073,11.99110163
Temoa,reference,QC,Capacity|transportation|T_MDV_T_BEV_N,?,0.000362112,38.47649408,97.88695675,216.5844702,340.3688645,373.039196
Temoa,reference,QC,Capacity|transportation|T_MDV_T_DSL_EX,?,66.68063321,49.2802705,22.20064328,,,
Temoa,reference,QC,Capacity|transportation|T_MDV_T_DSL_HEV_N,?,7.779E-05,0.000105052,0.000127607,0.00011917,8.51883E-05,8.20463E-05
Temoa,reference,QC,Capacity|transportation|T_MDV_T_DSL_N,?,5.08834E-05,7.25059E-05,9.15657E-05,8.9426E-05,6.94182E-05,6.73964E-05
Temoa,reference,QC,Capacity|transportation|T_MDV_T_DSL_PHEV_N,?,2.6774E-05,6.05157E-05,8.96897E-05,0.000108647,0.000110034,0.000113551
Temoa,reference,QC,Capacity|transportation|T_MDV_T_FCEV_N,?,0.000619613,0.000978883,0.001075753,0.000987882,0.000565864,0.000443879
Temoa,reference,QC,Capacity|transportation|T_MDV_T_FCHEV_N,?,163.8426745,173.4623521,178.4007332,116.0769129,14.32010659,6.760483591
Temoa,reference,QC,Capacity|transportation|T_MDV_T_GSL_EX,?,42.46602933,30.86578753,13.60779317,,,
Temoa,reference,QC,Capacity|transportation|T_MDV_T_GSL_N,?,0.000360611,0.000423626,0.000467697,0.000365752,0.000166527,0.000148503
Temoa,reference,QC,Emissions|ch4,?,23945.45214,19250.9139,13206.05357,8601.8917,7754.189001,6930.573801
Temoa,reference,QC,Emissions|ch4|F_A_DSL,?,65.79408566,72.69902851,70.47282493,68.36863073,68.5875789,69.81811437
Temoa,reference,QC,Emissions|ch4|F_A_NG,?,1.401039451,1.54807441,1.500667308,1.455858668,1.460519155,1.486719825
Temoa,reference,QC,Emissions|ch4|F_C_NG,?,134.383235,116.1923372,95.79188647,76.83420466,40.7301328,6.591018533
Temoa,reference,QC,Emissions|ch4|F_E_BIO_M,?,0.669557968,1.108280228,1.613677558,2.374514219,3.22006747,3.990668874
Temoa,reference,QC,Emissions|ch4|F_E_NG,?,7.98282986,8.136318382,8.119262044,8.304624794,40.56114572,17.63293769
Temoa,reference,QC,Emissions|ch4|F_I_HFO,?,112.0508,111.9905,115.4276,116.58,118.5096,121.6988
Temoa,reference,QC,Emissions|ch4|F_I_NG,?,128.8254692,105.0780161,93.03565687,88.94879361,89.85147457,95.14852551
Temoa,reference,QC,Emissions|ch4|F_R_LPG,?,1.030809124,0.727630356,0.424451848,0.048510512,,
Temoa,reference,QC,Emissions|ch4|F_R_NG,?,58.87129537,98.58599582,146.8009207,183.3643987,205.7923631,210.2464877
Temoa,reference,QC,Emissions|ch4|F_R_OIL,?,43.87173991,23.99133698,15.29797954,6.113240775,,
Temoa,reference,QC,Emissions|ch4|F_R_WOOD,?,8034.178139,6474.124356,3396.895109,287.703409,0.266091977,0.281660363
Temoa,reference,QC,Emissions|ch4|F_T_CNG,?,0.2634901,0.114938387,0.000248246,0.000128121,0.000117798,0.000109967
Temoa,reference,QC,Emissions|ch4|F_T_DSL,?,439.2920446,419.6717349,386.4371897,296.6342386,216.1579737,199.1351262
Temoa,reference,QC,Emissions|ch4|F_T_GSL,?,14644.26307,11530.60674,8588.000987,7179.663262,6669.945922,5887.277618
Temoa,reference,QC,Emissions|ch4|F_T_HFO,?,6.298629813,6.942339564,7.170624013,7.241370919,7.568416121,7.60058709
Temoa,reference,QC,Emissions|ch4|F_T_JTF,?,236.7160966,248.8603968,247.8150657,246.6175497,259.2409167,277.5940957
Temoa,reference,QC,Emissions|ch4|F_T_LNG,?,8.092802069,9.068837715,9.78237694,11.24307686,11.90291331,12.62978624
Temoa,reference,QC,Emissions|ch4|F_T_MDO,?,2.69269E-05,1.03793E-05,1.15655E-05,1.23477E-05,,
Temoa,reference,QC,Emissions|ch4|F_T_NG,?,21.46697345,21.46702187,21.46703214,20.39587508,20.39376801,19.44154511
Temoa,reference,QC,Emissions|co2,?,82546.80407,79010.91841,75032.28056,70798.84162,68182.16288,66586.19084
Temoa,reference,QC,Emissions|co2e,?,73495.97927,70403.00868,66777.54138,62955.36189,60694.44908,59209.56846
Temoa,reference,QC,Emissions|co2e|E_NG_CCS-NEW,?,-0.095610907,-0.217538236,-0.263933477,-0.563114073,-0.778874825,-0.979310812
Temoa,reference,QC,Emissions|co2e|E_NG_CCS_RFIT_90,?,-0.089084059,-0.189220008,-0.272298843,-0.435421376,-0.585538221,-0.736993724
Temoa,reference,QC,Emissions|co2e|E_NG_CCS_RFIT_95,?,-0.092418626,-0.196191782,-0.283043721,-0.451104779,-0.606923222,-0.764747069
Temoa,reference,QC,Emissions|co2e|F_A_DSL,?,1370.75542,1514.61315,1468.232376,1424.393548,1428.955119,1454.592122
Temoa,reference,QC,Emissions|co2e|F_A_NG,?,73.67161473,81.40323345,78.9104002,76.55420328,76.79926814,78.17699218
Temoa,reference,QC,Emissions|co2e|F_C_NG,?,7066.346281,6109.80447,5037.076543,4040.214514,2141.734588,346.5790901
Temoa,reference,QC,Emissions|co2e|F_E_BIO_G,?,0.112766603,0.14458184,0.271356178,0.56024337,0.77806007,0.696597082
Temoa,reference,QC,Emissions|co2e|F_E_BIO_M,?,0.251931162,0.41700695,0.607170226,0.893446357,1.211598367,1.501548627
Temoa,reference,QC,Emissions|co2e|F_E_NG,?,31.9654827,32.58009366,32.51179531,33.25403959,162.418168,70.60721254
Temoa,reference,QC,Emissions|co2e|F_I_BIO,?,4861.454,5228.002,5526.377999,5701.254,5792.15,5890.456
Temoa,reference,QC,Emissions|co2e|F_I_HFO,?,12333.42938,12326.79216,12705.11369,12831.95834,13044.34937,13395.38456
Temoa,reference,QC,Emissions|co2e|F_I_NG,?,6772.198235,5523.823508,4890.771328,4675.929897,4723.382737,5001.842263
Temoa,reference,QC,Emissions|co2e|F_R_LPG,?,58.79067392,41.49932125,24.20798344,2.766725326,,
Temoa,reference,QC,Emissions|co2e|F_R_NG,?,3095.661145,5184.000705,7719.312159,9641.949291,10821.29106,11055.50471
Temoa,reference,QC,Emissions|co2e|F_R_OIL,?,914.024789,499.8360395,318.7184403,127.363392,,
Temoa,reference,QC,Emissions|co2e|F_R_WOOD,?,3022.979239,2435.985758,1278.132401,108.2526946,0.100121071,0.105978909
Temoa,reference,QC,Emissions|co2e|F_T_CNG,?,13.8513541,6.042171234,0.013049986,0.006735141,0.006192496,0.005780838
Temoa,reference,QC,Emissions|co2e|F_T_DSL,?,9152.220068,8743.450107,8051.040864,6180.084216,4503.439952,4148.785575
Temoa,reference,QC,Emissions|co2e|F_T_ETH,?,1522.773333,1711.944008,1275.056652,1065.961382,990.2838772,874.0814654
Temoa,reference,QC,Emissions|co2e|F_T_GSL,?,12899.63985,10156.92449,7564.881836,6324.324401,5875.331503,5185.905262
Temoa,reference,QC,Emissions|co2e|F_T_HFO,?,693.2900613,764.1431812,789.270446,797.0575566,833.0554156,836.5964735
Temoa,reference,QC,Emissions|co2e|F_T_JTF,?,7690.101653,8084.628702,8050.669445,8011.76622,8421.856522,9018.088946
Temoa,reference,QC,Emissions|co2e|F_T_LNG,?,425.4287619,476.7377688,514.247658,591.0348761,625.7216761,663.9325019
Temoa,reference,QC,Emissions|co2e|F_T_MDO,?,0.001770926,0.000682624,0.000760639,0.000812081,0.000422272,0.000158674
Temoa,reference,QC,Emissions|co2e|F_T_NG,?,1128.492685,1128.495231,1128.49577,1072.186347,1072.075581,1022.018381
Temoa,reference,QC,Emissions|co2e|F_T_RDSL,?,368.8164835,352.3438573,324.4411255,249.0452492,181.4797802,167.1879058
Temoa,reference,QC,Emissions|co2e|T_I_H2_SMR_CCS,?,-0.00059223,-0.00059282,-0.00059462,-0.000595949,-0.00059676,
Temoa,reference,QC,Emissions|co2|E_NG_CCS-NEW,?,-0.095610907,-0.217538236,-0.263933477,-0.563114073,-0.778874825,-0.979310812
Temoa,reference,QC,Emissions|co2|E_NG_CCS_RFIT_90,?,-0.089084059,-0.189220008,-0.272298843,-0.435421376,-0.585538221,-0.736993724
Temoa,reference,QC,Emissions|co2|E_NG_CCS_RFIT_95,?,-0.092418626,-0.196191782,-0.283043721,-0.451104779,-0.606923222,-0.764747069
Temoa,reference,QC,Emissions|co2|F_A_DSL,?,1314.934763,1452.93424,1408.442209,1366.38861,1370.764422,1395.357421
Temoa,reference,QC,Emissions|co2|F_A_NG,?,73.27057665,80.96010761,78.48084433,76.13747357,76.3812044,77.75142867
Temoa,reference,QC,Emissions|co2|F_C_NG,?,7027.879988,6076.545199,5009.656763,4018.221242,2130.075863,344.6924555
Temoa,reference,QC,Emissions|co2|F_E_BIO_G,?,0.112766603,0.14458184,0.271356178,0.56024337,0.77806007,0.696597082
Temoa,reference,QC,Emissions|co2|F_E_BIO_M,?,0.207762507,0.343897153,0.50072094,0.736807044,0.999180539,1.238296623
Temoa,reference,QC,Emissions|co2|F_E_NG,?,31.52403221,32.13015525,32.06280012,32.79479383,160.1751367,69.63211108
Temoa,reference,QC,Emissions|co2|F_IMP_CNG,?,0.942974097,0.411339637,0.000888418,0.000458516,0.000421573,0.000393549
Temoa,reference,QC,Emissions|co2|F_IMP_DSL,?,2661.868443,2594.856835,2407.974157,1923.611758,1500.645445,1417.417942
Temoa,reference,QC,Emissions|co2|F_IMP_GSL,?,2914.529564,2316.097962,1741.63884,1465.644776,1366.752124,1215.812735
Temoa,reference,QC,Emissions|co2|F_IMP_HFO,?,2190.347656,2201.145091,2268.982056,2291.619402,2333.384179,2393.003582
Temoa,reference,QC,Emissions|co2|F_IMP_JTF,?,1660.000678,1745.164073,1737.83356,1729.435832,1817.958743,1946.662663
Temoa,reference,QC,Emissions|co2|F_IMP_LPG,?,11.59297984,8.183284229,4.773591546,0.545572772,,
Temoa,reference,QC,Emissions|co2|F_IMP_MDO,?,0.000300065,0.000115663,0.000128882,0.000137599,7.15496E-05,2.68856E-05
Temoa,reference,QC,Emissions|co2|F_IMP_NG,?,1236.65159,1229.261484,1285.53224,1329.96987,1292.982508,1196.193317
Temoa,reference,QC,Emissions|co2|F_IMP_OIL,?,189.4289288,103.5895379,66.05345223,26.39568556,,
Temoa,reference,QC,Emissions|co2|F_IMP_SPK,?,2.32128E-05,5.05988E-05,7.68686E-05,0.000102768,0.000129471,0.000104833
Temoa,reference,QC,Emissions|co2|F_I_BIO,?,4861.454,5228.002,5526.377999,5701.254,5792.15,5890.456
Temoa,reference,QC,Emissions|co2|F_I_HFO,?,12293.8124,12287.1965,12664.3028,12790.74,13002.4488,13352.3564
Temoa,reference,QC,Emissions|co2|F_I_NG,?,6737.22386,5495.296246,4865.513404,4651.781501,4698.989276,4976.010724
Temoa,reference,QC,Emissions|co2|F_R_LPG,?,57.63643144,40.68456142,23.73270597,2.712405964,,
Temoa,reference,QC,Emissions|co2|F_R_NG,?,3078.809635,5155.78113,7677.291387,9589.46247,10762.38439,10995.32307
Temoa,reference,QC,Emissions|co2|F_R_OIL,?,876.8033684,479.4814411,305.7394126,122.1768299,,
Temoa,reference,QC,Emissions|co2|F_R_WOOD,?,2492.989514,2008.907925,1054.049804,89.27379623,0.082567812,0.087398651
Temoa,reference,QC,Emissions|co2|F_T_CNG,?,13.7798201,6.010967015,0.01298259,0.006700358,0.006160515,0.005750983
Temoa,reference,QC,Emissions|co2|F_T_DSL,?,8779.518324,8387.394519,7723.181946,5928.415424,4320.048391,3979.836445
Temoa,reference,QC,Emissions|co2|F_T_ETH,?,1522.773333,1711.944008,1275.056652,1065.961382,990.2838772,874.0814654
Temoa,reference,QC,Emissions|co2|F_T_GSL,?,12415.54064,9775.754227,7280.986058,6086.984409,5654.84137,4991.287998
Temoa,reference,QC,Emissions|co2|F_T_HFO,?,691.0631008,761.6886289,786.7351809,794.497278,830.379506,833.9091895
Temoa,reference,QC,Emissions|co2|F_T_JTF,?,7497.669727,7882.324396,7849.214913,7811.285175,8211.113654,8792.426359
Temoa,reference,QC,Emissions|co2|F_T_LNG,?,423.2316755,474.2757019,511.5918748,587.9825326,622.4901959,660.5036856
Temoa,reference,QC,Emissions|co2|F_T_MDO,?,0.00174513,0.000672681,0.000749559,0.000800252,0.000416121,0.000156362
Temoa,reference,QC,Emissions|co2|F_T_NG,?,1122.664692,1122.667224,1122.667761,1066.649142,1066.538948,1016.740264
Temoa,reference,QC,Emissions|co2|F_T_RDSL,?,368.8164835,352.3438573,324.4411255,249.0452492,181.4797802,167.1879058
Temoa,reference,QC,Emissions|co2|T_I_H2_SMR_CCS,?,-0.000597906,-0.000598502,-0.000600319,-0.000601661,-0.00060248,
Temoa,reference,QC,Emissions|n2o,?,4190.716764,3852.653662,3253.773997,2501.431836,2223.049544,2191.986535
Temoa,reference,QC,Emissions|n2o|F_A_DSL,?,197.723159,218.4737644,211.783619,205.4601338,206.1181127,209.816095
Temoa,reference,QC,Emissions|n2o|F_A_NG,?,1.325307589,1.464394712,1.419550156,1.377163605,1.381572173,1.406356592
Temoa,reference,QC,Emissions|n2o|F_C_NG,?,127.1192763,109.9116703,90.61394665,72.68100441,38.528504,6.23474726
Temoa,reference,QC,Emissions|n2o|F_E_BIO_M,?,0.093117333,0.154131687,0.224418733,0.330230454,0.447823953,0.554993684
Temoa,reference,QC,Emissions|n2o|F_E_NG,?,0.798282986,0.813631838,0.811926204,0.830462479,4.056114572,1.763293769
Temoa,reference,QC,Emissions|n2o|F_I_HFO,?,133.62476,133.55285,137.65172,139.026,141.32712,145.13036
Temoa,reference,QC,Emissions|n2o|F_I_NG,?,114.8983915,93.7182306,82.97774801,79.33270781,80.13780164,84.86219843
Temoa,reference,QC,Emissions|n2o|F_R_LPG,?,4.122270415,2.909839484,1.697409594,0.193996585,,
Temoa,reference,QC,Emissions|n2o|F_R_NG,?,55.68906318,93.25702307,138.8657358,173.4528096,194.6684516,198.8818127
Temoa,reference,QC,Emissions|n2o|F_R_OIL,?,131.8425344,72.09831839,45.97320275,18.37139715,,
Temoa,reference,QC,Emissions|n2o|F_R_WOOD,?,1117.336033,900.3749104,472.4158761,40.01173238,0.037006169,0.039171309
Temoa,reference,QC,Emissions|n2o|F_T_CNG,?,0.235004684,0.102512616,0.000221409,0.00011427,0.000105063,9.80788E-05
Temoa,reference,QC,Emissions|n2o|F_T_DSL,?,1320.152258,1261.18967,1161.313834,891.4396807,649.5939105,598.4371667
Temoa,reference,QC,Emissions|n2o|F_T_GSL,?,271.2814614,213.6017246,159.0906587,133.0015401,123.5591486,109.060406
Temoa,reference,QC,Emissions|n2o|F_T_HFO,?,7.511351075,8.278998973,8.551236696,8.635605022,9.025618628,9.063983709
Temoa,reference,QC,Emissions|n2o|F_T_JTF,?,680.6002778,715.5172699,712.5117596,709.0686912,745.3630845,798.1316916
Temoa,reference,QC,Emissions|n2o|F_T_LNG,?,7.217904547,8.088422827,8.724822675,10.02760909,10.61611187,11.26440395
Temoa,reference,QC,Emissions|n2o|F_T_MDO,?,9.15514E-05,3.52895E-05,3.93226E-05,4.19821E-05,2.18301E-05,
Temoa,reference,QC,Emissions|n2o|F_T_NG,?,19.14621957,19.14626275,19.1462719,18.19091561,18.18903633,17.33975645
Temoa,reference,QC-NB,Activity|electricity,?,2.89614268,2.568222348,5.517620891,3.604941473,4.085897527,4.448045992
Temoa,reference,QC-NB,Activity|electricity|E_INT,?,2.89614268,2.568222348,5.517620891,3.604941473,4.085897527,4.448045992
Temoa,reference,QC-NB,Capacity|electricity,?,1.2,1.2,1.2,1.2,1.2,1.2
Temoa,reference,QC-NB,Capacity|electricity|E_INT,?,1.2,1.2,1.2,1.2,1.2,1.2
Temoa,reference,QC-NLLAB,Capacity|electricity,?,5.2,5.2,5.2,5.2,5.2,5.2
Temoa,reference,QC-NLLAB,Capacity|electricity|E_INT,?,5.2,5.2,5.2,5.2,5.2,5.2
Temoa,reference,QC-ON,Activity|electricity,?,1.110973788,5.003055226,3.841151998,2.249716649,1.956557645,2.167763129
Temoa,reference,QC-ON,Activity|electricity|E_INT,?,1.110973788,5.003055226,3.841151998,2.249716649,1.956557645,2.167763129
Temoa,reference,QC-ON,Capacity|electricity,?,2.75,2.75,2.75,2.75,2.75,2.75
Temoa,reference,QC-ON,Capacity|electricity|E_INT,?,2.75,2.75,2.75,2.75,2.75,2.75
Temoa,reference,SK,Activity|agriculture|A_AGRI,?,68.8,76.02040683,73.69249554,71.49216786,71.72111922,73.00787395
Temoa,reference,SK,Activity|agriculture|E_A_ELC,?,4.678400757,5.169389251,5.01109242,4.861471622,4.877042252,4.964544022
Temoa,reference,SK,Activity|agriculture|F_A_DSL,?,48.9168,54.05050925,52.39536433,50.83093135,50.99371576,51.90859838
Temoa,reference,SK,Activity|agriculture|F_A_GSL,?,12.4527999,13.75969364,13.33834169,12.94008238,12.98152258,13.21442519
Temoa,reference,SK,Activity|agriculture|F_A_NG,?,2.75199934,3.040814686,2.947697099,2.859682506,2.868838624,2.920306365
Temoa,reference,SK,Activity|commercial,?,113.4430029,124.2311482,132.0929779,136.3748652,142.2584872,150.959408
Temoa,reference,SK,Activity|commercial|C_OTHER,?,19.86841849,21.95356463,23.51472306,24.43486198,25.47232002,27.03023095
Temoa,reference,SK,Activity|commercial|C_SPC_ELC-EXS,?,2.525508856,1.683669823,0.841827525,,,
Temoa,reference,SK,Activity|commercial|C_SPHC_HP_AIR-NEW,?,1.798228962,4.38123043,6.773077353,8.930299177,9.308999422,9.87883136
Temoa,reference,SK,Activity|commercial|C_SPH_NG-EXS,?,23.06792221,17.30082956,11.53390931,5.766965353,,
Temoa,reference,SK,Activity|commercial|C_SPH_NG_FRN-NEW,?,7.617420506,15.31714918,22.28480175,28.3574607,35.5732082,37.74878113
Temoa,reference,SK,Activity|commercial|E_C_ELC,?,17.54415923,20.18849364,22.41463511,24.07437381,25.62853451,27.76055572
Temoa,reference,SK,Activity|commercial|F_C_NG,?,41.02134464,43.4062109,44.7300038,44.81090419,46.27542505,48.54100883
Temoa,reference,SK,Activity|electricity,?,444.6608023,492.2603606,426.6634743,454.4701147,481.1595461,533.7478353
Temoa,reference,SK,Activity|electricity|E_BAT_1H-EXS,?,0.017302939,0.020409489,0.020861914,,,
Temoa,reference,SK,Activity|electricity|E_BAT_2H-NEW,?,0.00399316,0.016869731,0.02720876,0.041294019,0.037263925,0.031280755
Temoa,reference,SK,Activity|electricity|E_BAT_4H-NEW,?,0.000204977,0.00085033,0.003377301,0.010154483,0.026942289,0.058311807
Temoa,reference,SK,Activity|electricity|E_BIO_G-EXS,?,0.072547362,0.054527013,0.110544051,0.108970265,0.246096076,
Temoa,reference,SK,Activity|electricity|E_COAL-EXS,?,,,5.89826E-05,0.002029924,0.004080778,
Temoa,reference,SK,Activity|electricity|E_ELC_DX_to_DEM,?,94.94299644,100.911248,108.1675579,112.3134609,121.6581883,128.7562638
Temoa,reference,SK,Activity|electricity|E_ELC_TX_to_DX,?,82.83560922,88.82134973,96.02176339,100.169828,115.1300246,128.7562638
Temoa,reference,SK,Activity|electricity|E_HYD_DLY-EXS,?,13.19695629,13.1969551,13.19692355,13.19685936,13.1117844,13.07967686
Temoa,reference,SK,Activity|electricity|E_INT_IN-USA,?,0.262640023,0.262635567,0.255665256,0.252212875,0.235724486,0.233188339
Temoa,reference,SK,Activity|electricity|E_INT_OUT-USA,?,0.3837276,0.3837276,0.3837276,0.3837276,0.3837276,0.3837276
Temoa,reference,SK,Activity|electricity|E_NG_CC-EXS,?,28.59257134,30.10235871,6.953342443,7.904027699,5.249654594,4.223865301
Temoa,reference,SK,Activity|electricity|E_NG_CC-NEW,?,23.28377744,30.83593542,22.96847844,26.31877074,30.54557379,44.39510576
Temoa,reference,SK,Activity|electricity|E_NG_CCS-NEW,?,0.000680813,0.001180976,0.001101404,0.002874132,0.004530614,0.002344738
Temoa,reference,SK,Activity|electricity|E_NG_CC_RFIT_BYPASS,?,51.87386451,60.93285793,29.91370313,34.21141917,35.78107785,48.60624409
Temoa,reference,SK,Activity|electricity|E_NG_CG-EXS,?,12.03411166,12.03410825,12.03408335,12.03404483,6.281782663,
Temoa,reference,SK,Activity|electricity|E_NG_CT-EXS,?,0.368974246,0.221888893,0.033229353,0.044132288,0.044725537,0.007328478
Temoa,reference,SK,Activity|electricity|E_NG_CT-NEW,?,0.18225988,0.186040641,0.054167074,0.08537247,0.102357648,0.024469078
Temoa,reference,SK,Activity|electricity|E_SOL_PV-EXS,?,0.222900993,0.222850793,0.218085484,0.210898819,0.189751131,0.031046494
Temoa,reference,SK,Activity|electricity|E_SOL_PV-NEW-1,?,0.000761521,0.003612629,1.525230852,4.113949815,9.729401566,13.56275593
Temoa,reference,SK,Activity|electricity|E_SOL_PV-NEW-2,?,0.0007372,0.003526054,9.215434181,9.525248788,9.402608063,9.281210866
Temoa,reference,SK,Activity|electricity|E_SOL_PV-NEW-3,?,0.000798013,0.003654598,18.80096775,19.10368354,18.93634166,18.76147162
Temoa,reference,SK,Activity|electricity|E_SOL_PV-NEW-4,?,0.000455814,0.002001265,0.008313258,0.015389359,0.023056534,0.029626989
Temoa,reference,SK,Activity|electricity|E_SOL_PV-NEW-5,?,0.000668032,0.002929971,0.026643682,0.059067671,0.120089686,0.913629147
Temoa,reference,SK,Activity|electricity|E_WND_ON-EXS,?,12.09783764,11.77576822,9.573063788,9.183240037,8.790857769,2.294812338
Temoa,reference,SK,Activity|electricity|E_WND_ON-NEW-1,?,3.194633093,5.21268431,11.67900284,11.62219083,11.23517014,11.05683633
Temoa,reference,SK,Activity|electricity|E_WND_ON-NEW-10,?,0.003755451,0.010052749,0.019937969,0.030247645,0.042744588,0.056839202
Temoa,reference,SK,Activity|electricity|E_WND_ON-NEW-11,?,0.002253634,0.006742786,0.013368022,0.02028649,0.028750335,0.038169496
Temoa,reference,SK,Activity|electricity|E_WND_ON-NEW-12,?,0.002235536,0.006102159,0.012017607,0.018384247,0.026115214,0.034695327
Temoa,reference,SK,Activity|electricity|E_WND_ON-NEW-13,?,0.004815905,0.013453416,0.027157414,0.039806803,0.054425955,0.070854987
Temoa,reference,SK,Activity|electricity|E_WND_ON-NEW-2,?,0.013215597,0.038672755,5.351867752,5.477841815,14.67641175,21.11839163
Temoa,reference,SK,Activity|electricity|E_WND_ON-NEW-3,?,0.00481874,0.014544227,0.03909654,0.0713148,0.140188448,0.213875697
Temoa,reference,SK,Activity|electricity|E_WND_ON-NEW-4,?,0.010226242,0.026947571,0.071571301,0.110054291,0.170592776,0.252652465
Temoa,reference,SK,Activity|electricity|E_WND_ON-NEW-5,?,0.002969551,0.008442789,0.018455231,0.032382076,0.056554239,0.091196594
Temoa,reference,SK,Activity|electricity|E_WND_ON-NEW-6,?,0.005375697,0.013570107,0.027768934,0.042241655,0.060749444,0.082447496
Temoa,reference,SK,Activity|electricity|E_WND_ON-NEW-7,?,0.003325794,0.009102732,0.018544758,0.029519086,0.044604279,0.062513905
Temoa,reference,SK,Activity|electricity|E_WND_ON-NEW-8,?,0.00272769,0.007207521,0.014653834,0.023815042,0.036847562,0.052490535
Temoa,reference,SK,Activity|electricity|E_WND_ON-NEW-9,?,0.003704436,0.00942822,0.018540881,0.028771995,0.041728595,0.056738852
Temoa,reference,SK,Activity|electricity|F_E_BIO_G,?,0.182823272,0.139196553,0.278674004,0.273278507,0.614375848,
Temoa,reference,SK,Activity|electricity|F_E_BIO_M,?,0.00054652,0.003165015,0.006109851,0.008060886,0.011246074,0.011407907
Temoa,reference,SK,Activity|electricity|F_E_COAL,?,0.002415742,0.005119958,0.007713852,0.010469263,0.01344021,
Temoa,reference,SK,Activity|electricity|F_E_NG,?,120.8445823,136.7386409,79.54546056,87.34079252,77.86995906,87.11556442
Temoa,reference,SK,Activity|electricity|F_E_U_ENR,?,,,,,,0.000536663
Temoa,reference,SK,Activity|fuel|F_IMP_BIO,?,,9.049999996,9.489999993,9.849999995,10.12999999,10.24999999
Temoa,reference,SK,Activity|fuel|F_IMP_BIO_G,?,0.182823272,0.139196553,0.278674004,0.273278507,0.614375848,
Temoa,reference,SK,Activity|fuel|F_IMP_BIO_M,?,0.00054652,0.003165015,0.006109851,0.008060886,0.011246074,0.011407907
Temoa,reference,SK,Activity|fuel|F_IMP_COAL,?,0.002415742,0.005119958,0.007713852,0.010469263,0.01344021,
Temoa,reference,SK,Activity|fuel|F_IMP_DSL,?,94.79767683,98.7171549,94.89775605,83.72738238,73.31255239,73.11353514
Temoa,reference,SK,Activity|fuel|F_IMP_ETH,?,2.892114765,3.657788182,3.206104267,4.512990992,4.729608688,4.260718661
Temoa,reference,SK,Activity|fuel|F_IMP_GSL,?,35.85263755,34.48716,31.50626587,38.513698,39.78263848,37.3584976
Temoa,reference,SK,Activity|fuel|F_IMP_HFO,?,126.4010994,124.7978698,127.7178635,133.5678543,139.6078471,143.2960393
Temoa,reference,SK,Activity|fuel|F_IMP_JTF,?,3.058975189,3.390201689,3.629230498,3.866319074,4.115059716,4.406390945
Temoa,reference,SK,Activity|fuel|F_IMP_LNG,?,11.23064925,13.32653129,14.8553507,23.47321826,24.88795546,26.44645739
Temoa,reference,SK,Activity|fuel|F_IMP_NG,?,459.0963105,463.535781,394.2599193,390.2012943,380.7004247,394.8155353
Temoa,reference,SK,Activity|fuel|F_IMP_RDSL,?,1.911703201,1.861110235,1.770932988,1.37068546,0.929951526,0.883539032
Temoa,reference,SK,Activity|fuel|F_IMP_U_ENR,?,,,,,,0.000536663
Temoa,reference,SK,Activity|fuel|F_IMP_WOOD,?,9.839697928,19.86832081,30.71505024,43.76408882,47.75929814,49.81198488
Temoa,reference,SK,Activity|industrial|E_I_ELC,?,54.31987504,58.34,62.86000001,66.60000002,68.55000001,69.43000001
Temoa,reference,SK,Activity|industrial|F_I_BIO,?,,9.049999996,9.489999993,9.849999995,10.12999999,10.24999999
Temoa,reference,SK,Activity|industrial|F_I_HFO,?,126.2432244,124.64,127.56,133.41,139.45,143.18
Temoa,reference,SK,Activity|industrial|F_I_NG,?,243.7969006,235.91,233.98,234.46,235.81,238.75
Temoa,reference,SK,Activity|industrial|I_IND,?,424.3600001,427.94,433.89,444.32,453.94,461.61
Temoa,reference,SK,Activity|residential,?,103.3528736,106.6513185,108.6092521,112.1954973,115.7459437,120.5734981
Temoa,reference,SK,Activity|residential|E_R_ELC,?,11.1244264,9.603718284,9.587449781,10.29260933,10.4918187,10.89144924
Temoa,reference,SK,Activity|residential|F_R_NG,?,36.34399808,30.10250072,19.34065834,7.104762975,4.255332942,4.383538367
Temoa,reference,SK,Activity|residential|F_R_WOOD,?,9.839697928,19.86832081,30.71505024,43.76408882,47.75929814,49.81198488
Temoa,reference,SK,Activity|residential|R_APP_CL_WASH-EXS,?,0.015561723,0.005714817,,,,
Temoa,reference,SK,Activity|residential|R_APP_CL_WASH-TYP-NEW,?,0.005969233,0.016286517,0.02306824,0.023388196,0.02416422,0.025975263
Temoa,reference,SK,Activity|residential|R_APP_COOK_ELEC-EXS,?,0.016310802,0.009826144,0.001716787,,,
Temoa,reference,SK,Activity|residential|R_APP_COOK_NG-TYP-NEW,?,0.005827106,0.012439501,0.020489142,0.025004289,0.025552436,0.026612525
Temoa,reference,SK,Activity|residential|R_APP_DRY_ELEC-EXS,?,0.01138399,0.005199098,,,,
Temoa,reference,SK,Activity|residential|R_APP_DRY_NG-EXS,?,0.003083253,0.000803657,,,,
Temoa,reference,SK,Activity|residential|R_APP_DRY_NG-TYP-NEW,?,0.013086241,0.020528036,0.028240526,0.031222449,0.031852193,0.033069136
Temoa,reference,SK,Activity|residential|R_APP_DS_WASH-EXS,?,0.010858474,0.00550496,,,,
Temoa,reference,SK,Activity|residential|R_APP_DS_WASH-TYP-NEW,?,0.005996471,0.011407371,0.01758931,0.01816746,0.018671122,0.01937037
Temoa,reference,SK,Activity|residential|R_APP_FREZ-EXS,?,0.015125423,0.010298769,0.005687961,,,
Temoa,reference,SK,Activity|residential|R_APP_FREZ-TYP-NEW,?,0.004813691,0.008551534,0.01234563,0.017907384,0.021322103,0.022555701
Temoa,reference,SK,Activity|residential|R_APP_OTH,?,0.498941203,0.510225434,0.530726987,0.553143083,0.577034971,0.601394327
Temoa,reference,SK,Activity|residential|R_APP_REFR-EXS,?,0.018374145,0.000273192,,,,
Temoa,reference,SK,Activity|residential|R_APP_REFR-TYP-NEW,?,0.014803922,0.030400403,0.035291725,0.036782327,0.038371065,0.039990888
Temoa,reference,SK,Activity|residential|R_LGT_CFL-EXS,?,0.69322335,0.445645756,0.169350057,,,
Temoa,reference,SK,Activity|residential|R_LGT_LED-EXS,?,1.02962294,1.02962439,0.978159392,1.02961839,0.823672007,0.56626848
Temoa,reference,SK,Activity|residential|R_LGT_LED-TYP-NEW,?,2.528990026,2.939176231,3.520979408,3.894731764,4.388629975,4.892316403
Temoa,reference,SK,Activity|residential|R_LGT_T12-EXS,?,0.276858075,0.21667048,0.148665992,0.09628605,0.025177358,
Temoa,reference,SK,Activity|residential|R_SPC_CENT_AC-EXS,?,2.122365088,1.498148523,0.873827421,0.099864891,,
Temoa,reference,SK,Activity|residential|R_SPC_ROOM_AC-EXS,?,0.053690386,,,,,
Temoa,reference,SK,Activity|residential|R_SPHC_AIR_HP-TYP-NEW,?,1.572805482,2.547889907,3.534070676,4.731418348,5.070148848,5.284187538
Temoa,reference,SK,Activity|residential|R_SPHC_GEO_HP-TYP-NEW,?,0.000435636,0.000986889,0.001829767,0.002503136,0.00318804,0.003562822
Temoa,reference,SK,Activity|residential|R_SPH_ELEC-EXS,?,2.61720605,1.928467974,1.239729966,0.495893106,,
Temoa,reference,SK,Activity|residential|R_SPH_NG-EXS,?,20.38492985,14.38936076,8.39379047,0.959287714,,
Temoa,reference,SK,Activity|residential|R_SPH_NG_FRN-TYP-NEW,?,0.009133939,0.037898115,0.043250164,0.048077816,0.042792288,0.01725938
Temoa,reference,SK,Activity|residential|R_SPH_WOOD-TYP-NEW,?,6.986185529,14.10650777,21.80768567,31.07250306,33.90910168,35.36650927
Temoa,reference,SK,Activity|residential|R_WAH_ELC-EXS,?,0.356880146,0.19466205,0.012742615,,,
Temoa,reference,SK,Activity|residential|R_WAH_ELEC-TYP-NEW,?,,0.005400389,3.520978978,6.595668473,8.212028873,8.574542795
Temoa,reference,SK,Activity|residential|R_WAH_HP-TYP-NEW,?,,,0.000213575,0.000470308,0.000697171,0.000848039
Temoa,reference,SK,Activity|residential|R_WAH_NG-EXS,?,3.597436788,1.79871613,,,,
Temoa,reference,SK,Activity|residential|R_WAH_NG-TYP-NEW,?,3.17485218,5.290163846,4.045663282,1.30209791,0.027089544,0.012062728
Temoa,reference,SK,Activity|transportation,?,414.416166,428.9750305,431.3286092,440.188505,445.5304872,457.7595826
Temoa,reference,SK,Activity|transportation|E_T_ELC,?,7.276135015,7.609646771,8.29438059,6.485006096,12.11079282,15.70971482
Temoa,reference,SK,Activity|transportation|F_T_DSL,?,45.88087683,44.66664565,42.50239171,32.89645103,22.31883663,21.20493676
Temoa,reference,SK,Activity|transportation|F_T_ETH,?,2.892114765,3.657788182,3.206104267,4.512990992,4.729608688,4.260718661
Temoa,reference,SK,Activity|transportation|F_T_GSL,?,23.39983764,20.72746636,18.16792418,25.57361562,26.8011159,24.14407241
Temoa,reference,SK,Activity|transportation|F_T_HFO,?,0.157874983,0.157869781,0.157863465,0.157854305,0.157847064,0.116039312
Temoa,reference,SK,Activity|transportation|F_T_JTF,?,3.058975189,3.390201689,3.629230498,3.866319074,4.115059716,4.406390945
Temoa,reference,SK,Activity|transportation|F_T_LNG,?,11.23064925,13.32653129,14.8553507,23.47321826,24.88795546,26.44645739
Temoa,reference,SK,Activity|transportation|F_T_NG,?,14.33748558,14.33761386,13.71609945,13.62515208,13.62086898,13.10511733
Temoa,reference,SK,Activity|transportation|F_T_RDSL,?,1.911703201,1.861110235,1.770932988,1.37068546,0.929951526,0.883539032
Temoa,reference,SK,Activity|transportation|T_BLND_ETH_GSL,?,26.29195241,24.38525455,21.37402845,30.08660661,31.53072459,28.40479107
Temoa,reference,SK,Activity|transportation|T_BLND_GSL_ELC_PHEV35,?,14.49894524,15.22130976,15.12976614,8.547221825,7.824793427,7.824753265
Temoa,reference,SK,Activity|transportation|T_BLND_JTF,?,3.05897363,3.390198323,3.629225273,3.866311887,4.115050728,4.406383538
Temoa,reference,SK,Activity|transportation|T_BLND_RDSL_DSL,?,47.79258003,46.52775588,44.2733247,34.26713649,23.24878816,22.08847579
Temoa,reference,SK,Activity|transportation|T_ELC_AC_DC,?,,0.003495942,0.00047537,0.000859358,,0.003620518
Temoa,reference,SK,Activity|transportation|T_H2_COMP_100_700,?,11.58449012,11.58447526,11.08276032,11.00961188,11.00961733,10.59768799
Temoa,reference,SK,Activity|transportation|T_H2_COMP_10_100,?,11.58449012,11.58447978,11.08335137,11.00945629,11.00947154,10.59789868
Temoa,reference,SK,Activity|transportation|T_H2_HDV_REFUEL,?,0.96801949,0.968596935,1.048233986,1.494449407,6.898350295,7.280444247
Temoa,reference,SK,Activity|transportation|T_H2_MDV_REFUEL,?,10.55854466,10.55853557,9.978315725,9.464541928,4.05691251,3.264653306
Temoa,reference,SK,Activity|transportation|T_H2_distribution,?,11.58449012,11.58878844,11.08570928,11.01413813,11.01058381,10.59847512
Temoa,reference,SK,Activity|transportation|T_HDV_AJF_JFL_N,?,0.024622889,0.025213519,0.025213493,0.025213452,0.026805614,0.029407238
Temoa,reference,SK,Activity|transportation|T_HDV_AJP_JFL_EX,?,0.189474338,0.178278062,0.139422131,0.061965262,,
Temoa,reference,SK,Activity|transportation|T_HDV_AJP_JFL_N,?,2.169892579,2.448699215,2.690252136,2.971565909,3.234391935,3.463375168
Temoa,reference,SK,Activity|transportation|T_HDV_BIC_DSL_EX,?,0.008663829,0.002364382,,,,
Temoa,reference,SK,Activity|transportation|T_HDV_BIC_GSL_N,?,0.248898313,0.283864282,0.310617546,0.332975884,0.354978004,0.380115396
Temoa,reference,SK,Activity|transportation|T_HDV_BS_BEV_N,?,,,,0.366048789,0.735687648,1.481481731
Temoa,reference,SK,Activity|transportation|T_HDV_BS_DSL_EX,?,0.075006898,0.032089958,,,,
Temoa,reference,SK,Activity|transportation|T_HDV_BS_FCHEV_N,?,1.197562829,1.390132438,1.537224746,1.282069881,1.02153683,0.40019619
Temoa,reference,SK,Activity|transportation|T_HDV_BS_GSL_EX,?,0.007621313,0.003490112,,,,
Temoa,reference,SK,Activity|transportation|T_HDV_BT_BEV_N,?,0.084996844,0.102679298,0.066399417,0.005320221,,0.589224333
Temoa,reference,SK,Activity|transportation|T_HDV_BT_DSL_EX,?,0.051198241,0.022670884,,,,
Temoa,reference,SK,Activity|transportation|T_HDV_BT_FCHEV_N,?,0.750526842,0.861915768,0.997811063,1.135118587,1.214477427,0.713566207
Temoa,reference,SK,Activity|transportation|T_HDV_CHRG,?,0.04710206,0.049196616,0.029190992,0.029190166,2.388229067,3.217049165
Temoa,reference,SK,Activity|transportation|T_HDV_RF_DSL_EX,?,35.83626156,35.822395,35.82922235,,,
Temoa,reference,SK,Activity|transportation|T_HDV_RF_LNG_N,?,50.57464564,60.36396863,67.78050581,111.0736225,118.4282482,126.8124302
Temoa,reference,SK,Activity|transportation|T_HDV_RICP_DSL_EX,?,0.305430707,0.339965935,0.315806048,0.211673208,0.15740341,
Temoa,reference,SK,Activity|transportation|T_HDV_RICP_DSL_N,?,,,0.050390364,0.180903194,0.261163999,0.448198495
Temoa,reference,SK,Activity|transportation|T_HDV_T_BEV_N,?,,,,,5.87456036,7.564473676
Temoa,reference,SK,Activity|transportation|T_HDV_T_DSL_EX,?,6.356047926,4.954067481,2.719768714,,,
Temoa,reference,SK,Activity|transportation|T_HDV_T_DSL_HEV_N,?,16.40659271,20.38322845,24.57172272,28.75030137,17.83143187,16.80314819
Temoa,reference,SK,Activity|transportation|T_HDV_T_FCHEV_N,?,,,,0.508120271,7.489981403,9.037169208
Temoa,reference,SK,Activity|transportation|T_HDV_WTF_HFO_EX,?,0.999951545,0.999896163,0.999829884,0.999739393,0.999646227,
Temoa,reference,SK,Activity|transportation|T_HDV_WTF_HFO_N,?,,,,,,0.999628251
Temoa,reference,SK,Activity|transportation|T_I_H2_ELC_ALK,?,,,,,,0.000440111
Temoa,reference,SK,Activity|transportation|T_I_H2_ELC_PEM,?,,,,,,0.000486963
Temoa,reference,SK,Activity|transportation|T_I_H2_SMR,?,11.58364453,11.58368967,11.08153413,11.00803807,11.00454023,10.58775747
Temoa,reference,SK,Activity|transportation|T_LDV_BEV_CHRG,?,0.009907286,0.022196895,0.028821303,0.034056783,0.036469983,1.844271279
Temoa,reference,SK,Activity|transportation|T_LDV_C_BEV150_EX,?,0.003566979,0.002210252,,,,
Temoa,reference,SK,Activity|transportation|T_LDV_C_BEV150_N,?,,,,,,0.480088679
Temoa,reference,SK,Activity|transportation|T_LDV_C_BEV200_N,?,,,,,,0.960179922
Temoa,reference,SK,Activity|transportation|T_LDV_C_BEV300_N,?,,,,,,1.440271411
Temoa,reference,SK,Activity|transportation|T_LDV_C_BEV400_N,?,,,,,,1.920363094
Temoa,reference,SK,Activity|transportation|T_LDV_C_DSL_EX,?,0.002438384,,,,,
Temoa,reference,SK,Activity|transportation|T_LDV_C_GSL_EX,?,0.309091525,0.158272889,,,,
Temoa,reference,SK,Activity|transportation|T_LDV_C_GSL_HEV_EX,?,0.007538414,0.003618018,,,,
Temoa,reference,SK,Activity|transportation|T_LDV_C_GSL_HEV_N,?,8.903761996,10.10772846,11.06931318,11.86664726,12.65176569,8.747167402
Temoa,reference,SK,Activity|transportation|T_LDV_C_GSL_PHEV35_EX,?,0.000594297,,,,,
Temoa,reference,SK,Activity|transportation|T_LDV_LTF_DSL_EX,?,0.022169356,0.018971265,0.002183531,,,
Temoa,reference,SK,Activity|transportation|T_LDV_LTF_GSL_EX,?,0.275064196,0.200991966,0.035966469,,,
Temoa,reference,SK,Activity|transportation|T_LDV_LTF_GSL_PHEV35_N,?,2.26142535,2.629194968,3.029811033,3.290147591,3.508002223,3.756362547
Temoa,reference,SK,Activity|transportation|T_LDV_LTP_BEV300_EX,?,0.00024688,,,,,
Temoa,reference,SK,Activity|transportation|T_LDV_LTP_DSL_EX,?,0.035542464,0.022674563,0.002364185,,,
Temoa,reference,SK,Activity|transportation|T_LDV_LTP_GSL_EX,?,0.895403359,0.596964177,0.102638752,,,
Temoa,reference,SK,Activity|transportation|T_LDV_LTP_GSL_HEV_EX,?,0.005842776,0.005387061,,,,
Temoa,reference,SK,Activity|transportation|T_LDV_LTP_GSL_HEV_N,?,,,,12.66579985,15.14759327,16.58762134
Temoa,reference,SK,Activity|transportation|T_LDV_LTP_GSL_PHEV35_N,?,13.02767189,14.91883984,16.63965358,5.288885722,3.995951483,3.911197977
Temoa,reference,SK,Activity|transportation|T_LDV_M_BEV_N,?,0.013786887,0.039038231,0.058144125,0.06860903,0.073113081,0.07830829
Temoa,reference,SK,Activity|transportation|T_LDV_M_GSL_EX,?,0.039814278,0.020568817,0.005290298,,,
Temoa,reference,SK,Activity|transportation|T_LDV_PHEV_CHRG,?,5.334307854,5.600083402,5.566410579,3.144630688,2.878844692,2.878834578
Temoa,reference,SK,Activity|transportation|T_MDV_CHRG,?,,0.014446115,0.727867388,1.521094793,4.489317843,5.1290418
Temoa,reference,SK,Activity|transportation|T_MDV_T_BEV_N,?,,0.009796753,0.551379402,1.193878696,3.646424158,4.306379544
Temoa,reference,SK,Activity|transportation|T_MDV_T_DSL_EX,?,0.470568248,0.348495628,0.156996754,,,
Temoa,reference,SK,Activity|transportation|T_MDV_T_FCHEV_N,?,3.132079815,3.766966593,3.874282262,3.822097434,1.701700306,1.420374463
Temoa,reference,SK,Activity|transportation|T_MDV_T_GSL_EX,?,0.299686282,0.218275125,0.096230781,,,
Temoa,reference,SK,Activity|transportation|T_OFF,?,4.379377661,4.874739352,5.250875563,5.6291643,6.001893141,6.42680211
Temoa,reference,SK,Capacity|commercial,?,212.8786638,191.4528777,175.4475646,173.1358128,180.4908711,191.5362966
Temoa,reference,SK,Capacity|commercial|C_SPC_AC_ROOF-NEW,?,0.002394814,0.004952414,0.007175748,0.009569142,0.010122805,0.010276354
Temoa,reference,SK,Capacity|commercial|C_SPC_ELC-EXS,?,27.27215676,18.18143784,9.090718921,,,
Temoa,reference,SK,Capacity|commercial|C_SPHC_HP_AIR-NEW,?,4.525178983,11.02520915,17.04425343,22.47281928,23.42747896,24.86078472
Temoa,reference,SK,Capacity|commercial|C_SPHC_HP_GEO-NEW,?,0.000738426,0.00154708,0.002302281,0.002580055,0.002782264,0.002990621
Temoa,reference,SK,Capacity|commercial|C_SPH_ELC-EXS,?,45.64733942,18.25893577,,,,
Temoa,reference,SK,Capacity|commercial|C_SPH_ELC_BLR-NEW,?,0.006809578,0.014603063,0.023600965,0.027340675,0.031030858,0.034996934
Temoa,reference,SK,Capacity|commercial|C_SPH_ELC_RES-NEW,?,0.006762893,0.014523252,0.023668444,0.030015333,0.032689787,0.035393035
Temoa,reference,SK,Capacity|commercial|C_SPH_NG-EXS,?,101.8002277,76.35017076,50.90011384,25.45005692,,
Temoa,reference,SK,Capacity|commercial|C_SPH_NG_FRN-NEW,?,33.61705528,67.60149842,98.355731,125.1434314,156.9867665,166.5918549
Temoa,reference,SK,Capacity|electricity,?,5.893383296,6.340277075,10.38729539,10.9799312,12.74520842,13.77783868
Temoa,reference,SK,Capacity|electricity|E_BAT_1H-EXS,?,0.02,0.02,0.016,,,
Temoa,reference,SK,Capacity|electricity|E_BAT_2H-NEW,?,0.002816712,0.014099842,0.01995247,0.019656345,0.011369803,0.008482478
Temoa,reference,SK,Capacity|electricity|E_BAT_4H-NEW,?,0.000284862,0.000822289,0.001741846,0.002929907,0.005585586,0.012073124
Temoa,reference,SK,Capacity|electricity|E_BIO_G-EXS,?,0.02,0.02,0.02,0.02,0.015,
Temoa,reference,SK,Capacity|electricity|E_BIO_M-EXS,?,0.0066,0.0066,0.0066,0.0066,0.0066,0.0066
Temoa,reference,SK,Capacity|electricity|E_BIO_M-NEW,?,5.41363E-05,0.000113566,0.000176813,0.000243573,0.000312294,0.000377276
Temoa,reference,SK,Capacity|electricity|E_COAL-EXS,?,0.56,0.56,0.284,0.284,0.284,
Temoa,reference,SK,Capacity|electricity|E_COAL_CCS-EXS,?,0.139,0.139,0.139,0.139,0.139,0.139
Temoa,reference,SK,Capacity|electricity|E_COAL_CCS_RFIT_90,?,2.50601E-05,5.20869E-05,8.07216E-05,0.000108596,0.00013184,
Temoa,reference,SK,Capacity|electricity|E_COAL_CCS_RFIT_95,?,2.43658E-05,5.06598E-05,7.85421E-05,0.000105644,0.000128199,
Temoa,reference,SK,Capacity|electricity|E_HYD_DLY-EXS,?,0.729,0.729,0.729,0.729,0.729,0.729
Temoa,reference,SK,Capacity|electricity|E_INT_IN-USA,?,0.239,0.239,0.239,0.239,0.239,0.239
Temoa,reference,SK,Capacity|electricity|E_NG_CC-EXS,?,0.965,0.965,0.965,0.965,0.797,0.797
Temoa,reference,SK,Capacity|electricity|E_NG_CC-NEW,?,0.740178858,0.979376529,1.024377869,1.194104232,1.766516481,2.571607946
Temoa,reference,SK,Capacity|electricity|E_NG_CCS-NEW,?,0.000176008,0.000395995,0.000663796,0.000964795,0.0012929,0.001627821
Temoa,reference,SK,Capacity|electricity|E_NG_CCS_RFIT_90,?,7.56478E-05,0.00016233,0.000261374,0.000370164,0.000486998,0.000599954
Temoa,reference,SK,Capacity|electricity|E_NG_CCS_RFIT_95,?,7.33526E-05,0.000157494,0.000253785,0.000359596,0.000473224,0.000583212
Temoa,reference,SK,Capacity|electricity|E_NG_CG-EXS,?,0.477,0.477,0.477,0.477,0.249,
Temoa,reference,SK,Capacity|electricity|E_NG_CT-EXS,?,0.628,0.584,0.584,0.584,0.584,0.584
Temoa,reference,SK,Capacity|electricity|E_NG_CT-NEW,?,0.213178113,0.29193986,0.695215492,0.78615198,0.896117608,0.97634566
Temoa,reference,SK,Capacity|electricity|E_SOL_PV-EXS,?,0.04,0.04,0.04,0.04,0.04,0.008
Temoa,reference,SK,Capacity|electricity|E_SOL_PV-NEW-1,?,0.000174166,0.000548085,0.155856132,0.419041793,1.010588003,1.425964471
Temoa,reference,SK,Capacity|electricity|E_SOL_PV-NEW-2,?,0.000170675,0.000534481,0.929801442,0.964692331,0.977083358,0.981449935
Temoa,reference,SK,Capacity|electricity|E_SOL_PV-NEW-3,?,0.000175501,0.00055146,1.894890096,1.929281644,1.940628543,1.943923773
Temoa,reference,SK,Capacity|electricity|E_SOL_PV-NEW-4,?,0.000151802,0.000422117,0.001243076,0.002227578,0.003400688,0.004581087
Temoa,reference,SK,Capacity|electricity|E_SOL_PV-NEW-5,?,0.000166745,0.000499234,0.003155229,0.006976246,0.014523127,0.105664391
Temoa,reference,SK,Capacity|electricity|E_WND_ON-EXS,?,0.8265,0.8045,0.6545,0.6285,0.6055,0.16
Temoa,reference,SK,Capacity|electricity|E_WND_ON-NEW-1,?,0.277966549,0.44728259,0.990640962,0.992273843,0.993272672,0.994054662
Temoa,reference,SK,Capacity|electricity|E_WND_ON-NEW-10,?,0.00053127,0.001280654,0.002410642,0.003685258,0.005324225,0.007241131
Temoa,reference,SK,Capacity|electricity|E_WND_ON-NEW-11,?,0.000408246,0.001020473,0.001874094,0.002838352,0.004040598,0.00541083
Temoa,reference,SK,Capacity|electricity|E_WND_ON-NEW-12,?,0.000419173,0.000977036,0.001748213,0.002640618,0.003756362,0.005061416
Temoa,reference,SK,Capacity|electricity|E_WND_ON-NEW-13,?,0.000621653,0.001600625,0.003125099,0.004668211,0.006588312,0.008811211
Temoa,reference,SK,Capacity|electricity|E_WND_ON-NEW-2,?,0.001327913,0.003716313,0.482540389,0.496977097,1.353729819,1.969448085
Temoa,reference,SK,Capacity|electricity|E_WND_ON-NEW-3,?,0.000577589,0.001578867,0.003964253,0.007274986,0.01442294,0.022425146
Temoa,reference,SK,Capacity|electricity|E_WND_ON-NEW-4,?,0.001085505,0.002743655,0.00710024,0.011101087,0.017766066,0.026738
Temoa,reference,SK,Capacity|electricity|E_WND_ON-NEW-5,?,0.000476391,0.001182713,0.002372374,0.004045428,0.006970537,0.011142724
Temoa,reference,SK,Capacity|electricity|E_WND_ON-NEW-6,?,0.000665524,0.001576724,0.003096196,0.004749619,0.006986277,0.009676782
Temoa,reference,SK,Capacity|electricity|E_WND_ON-NEW-7,?,0.000501808,0.001206184,0.00230636,0.00363883,0.005508415,0.007769765
Temoa,reference,SK,Capacity|electricity|E_WND_ON-NEW-8,?,0.00045017,0.00106208,0.001985985,0.003176653,0.004874206,0.006950458
Temoa,reference,SK,Capacity|electricity|E_WND_ON-NEW-9,?,0.000525501,0.001223133,0.002281899,0.003546796,0.005229342,0.007227341
Temoa,reference,SK,Capacity|residential,?,72.07094787,73.60197746,80.47657082,80.15407083,83.72856657,87.24403357
Temoa,reference,SK,Capacity|residential|R_APP_CL_WASH-EXS,?,0.31386,0.125544,,,,
Temoa,reference,SK,Capacity|residential|R_APP_CL_WASH-TYP-NEW,?,0.129790124,0.328140094,0.471913777,0.491845727,0.513090047,0.53475003
Temoa,reference,SK,Capacity|residential|R_APP_COOK_ELEC-EXS,?,0.330337647,0.203284706,0.055903294,,,
Temoa,reference,SK,Capacity|residential|R_APP_COOK_ELEC-TYP-NEW,?,0.000151985,0.00030993,0.00052382,0.00056484,0.000598717,0.000625261
Temoa,reference,SK,Capacity|residential|R_APP_COOK_NG-EXS,?,0.010587647,0.005293824,,,,
Temoa,reference,SK,Capacity|residential|R_APP_COOK_NG-TYP-NEW,?,0.127774123,0.270567712,0.442293973,0.519220007,0.541637302,0.56450118
Temoa,reference,SK,Capacity|residential|R_APP_DRY_ELEC-EXS,?,0.232930588,0.116465294,,,,
Temoa,reference,SK,Capacity|residential|R_APP_DRY_ELEC-TYP-NEW,?,0.000137258,0.000287001,0.000407403,0.000464123,0.00049722,0.000523252
Temoa,reference,SK,Capacity|residential|R_APP_DRY_NG-EXS,?,0.079408235,0.039704118,,,,
Temoa,reference,SK,Capacity|residential|R_APP_DRY_NG-TYP-NEW,?,0.26557103,0.434664505,0.614464969,0.640378462,0.668025363,0.696220889
Temoa,reference,SK,Capacity|residential|R_APP_DS_WASH-EXS,?,0.224195529,0.122288471,0.008152565,,,
Temoa,reference,SK,Capacity|residential|R_APP_DS_WASH-TYP-NEW,?,0.131808544,0.241768077,0.370532317,0.39467892,0.411726333,0.429107266
Temoa,reference,SK,Capacity|residential|R_APP_FREZ-EXS,?,0.302508818,0.213535636,0.124562455,0.014235709,,
Temoa,reference,SK,Capacity|residential|R_APP_FREZ-TYP-NEW,?,0.110148475,0.208454724,0.314384168,0.443250602,0.477246005,0.497392756
Temoa,reference,SK,Capacity|residential|R_APP_REFR-EXS,?,0.367483083,0.041998067,,,,
Temoa,reference,SK,Capacity|residential|R_APP_REFR-TYP-NEW,?,0.296078512,0.636570962,0.705834723,0.735646806,0.7674216,0.7998181
Temoa,reference,SK,Capacity|residential|R_LGT_CFL-EXS,?,10.39324059,6.681368952,2.672547581,,,
Temoa,reference,SK,Capacity|residential|R_LGT_LED-EXS,?,15.4366671,15.4366671,15.4366671,15.4366671,12.34933368,8.490166904
Temoa,reference,SK,Capacity|residential|R_LGT_LED-TYP-NEW,?,37.91595638,44.06562995,55.48590865,58.39225657,65.79727866,73.34872121
Temoa,reference,SK,Capacity|residential|R_LGT_T12-EXS,?,4.150805975,3.24845685,2.346107725,1.4437586,0.397033615,
Temoa,reference,SK,Capacity|residential|R_SPC_CENT_AC-EXS,?,0.236827773,0.167172545,0.097517318,0.011144836,,
Temoa,reference,SK,Capacity|residential|R_SPC_ROOM_AC-EXS,?,0.01697375,,,,,
Temoa,reference,SK,Capacity|residential|R_SPC_ROOM_AC-TYP-NEW,?,1.55945E-05,1.5054E-05,1.76179E-05,3.13256E-05,3.58687E-05,3.56009E-05
Temoa,reference,SK,Capacity|residential|R_SPHC_AIR_HP-TYP-NEW,?,0.007485834,0.012126808,0.016820604,0.022521085,0.024132667,0.025150416
Temoa,reference,SK,Capacity|residential|R_SPHC_GEO_HP-TYP-NEW,?,,,,,1.00616E-05,2.14079E-05
Temoa,reference,SK,Capacity|residential|R_SPH_ELEC-EXS,?,0.070226591,0.051745909,0.033265227,0.013306091,,
Temoa,reference,SK,Capacity|residential|R_SPH_NG-EXS,?,0.296473818,0.209275636,0.122077455,0.013951709,,
Temoa,reference,SK,Capacity|residential|R_SPH_NG_FRN-TYP-NEW,?,0.000137178,0.000551589,0.000635808,0.000709961,0.000635864,0.00028341
Temoa,reference,SK,Capacity|residential|R_SPH_WOOD-TYP-NEW,?,0.11749438,0.237244669,0.366763848,0.522580458,0.570286667,0.594797505
Temoa,reference,SK,Capacity|residential|R_WAH_ELC-EXS,?,0.055207059,0.030112941,0.002007529,,,
Temoa,reference,SK,Capacity|residential|R_WAH_ELEC-TYP-NEW,?,6.10691E-05,0.00089672,0.517570459,0.969438789,1.206845581,1.260120891
Temoa,reference,SK,Capacity|residential|R_WAH_HP-TYP-NEW,?,0.000140904,0.000302869,0.000523398,0.000641134,0.000733689,0.000773676
Temoa,reference,SK,Capacity|residential|R_WAH_NG-EXS,?,0.23928,0.11964,,,,
Temoa,reference,SK,Capacity|residential|R_WAH_NG-TYP-NEW,?,0.211172184,0.351870768,0.269132952,0.086731642,0.001948139,0.0009721
Temoa,reference,SK,Capacity|residential|R_WAH_SOLAR-TYP-NEW,?,1.00904E-05,2.19852E-05,3.4084E-05,4.63385E-05,4.94888E-05,5.1716E-05
Temoa,reference,SK,Capacity|transportation,?,1528.925512,1564.62751,1658.454964,1766.627376,1836.22797,1925.054753
Temoa,reference,SK,Capacity|transportation|T_ELC_AC_DC,?,0.000245024,0.000521592,0.000802788,0.00110241,0.001420879,0.001541585
Temoa,reference,SK,Capacity|transportation|T_H2_COMP_100_700,?,0.367342241,0.367479285,0.367479285,0.349250114,0.349136505,0.349136505
Temoa,reference,SK,Capacity|transportation|T_H2_COMP_10_100,?,0.367342329,0.367479193,0.367492433,0.349258492,0.349144245,0.349131005
Temoa,reference,SK,Capacity|transportation|T_H2_HDV_REFUEL,?,0.968020764,0.970745297,1.050382678,1.494453591,6.898355045,7.28044693
Temoa,reference,SK,Capacity|transportation|T_H2_LDV_REFUEL,?,,,2.17127E-05,5.22712E-05,0.000241043,0.000382231
Temoa,reference,SK,Capacity|transportation|T_H2_MDV_REFUEL,?,10.55854566,10.56010489,9.979876177,9.978350884,4.056948117,4.056914182
Temoa,reference,SK,Capacity|transportation|T_HDV_AJF_JFL_N,?,0.024622985,0.027407609,0.02952182,0.03164819,0.033743331,0.036133025
Temoa,reference,SK,Capacity|transportation|T_HDV_AJP_JFL_EX,?,0.19013964,0.178279857,0.13942343,0.061965969,,
Temoa,reference,SK,Capacity|transportation|T_HDV_AJP_JFL_N,?,2.169892895,2.4487001,2.690253568,2.971568035,3.234395404,3.463377888
Temoa,reference,SK,Capacity|transportation|T_HDV_BIC_BEV_N,?,,,,,1.02228E-05,2.67666E-05
Temoa,reference,SK,Capacity|transportation|T_HDV_BIC_DSL_EX,?,0.013509723,0.005235213,,,,
Temoa,reference,SK,Capacity|transportation|T_HDV_BIC_DSL_HEV_N,?,2.62666E-05,2.62666E-05,3.43037E-05,3.71768E-05,4.40307E-05,4.24874E-05
Temoa,reference,SK,Capacity|transportation|T_HDV_BIC_DSL_N,?,3.53003E-05,3.53003E-05,3.93628E-05,3.47067E-05,4.14308E-05,3.03064E-05
Temoa,reference,SK,Capacity|transportation|T_HDV_BIC_FCEV_N,?,1.74861E-05,1.74861E-05,7.47292E-05,0.000110695,0.000169451,0.00017422
Temoa,reference,SK,Capacity|transportation|T_HDV_BIC_GSL_EX,?,0.001730152,0.001038091,,,,
Temoa,reference,SK,Capacity|transportation|T_HDV_BIC_GSL_N,?,0.370895415,0.388365036,0.406993076,0.43629113,0.465122778,0.4980618
Temoa,reference,SK,Capacity|transportation|T_HDV_BS_BEV_N,?,6.82542E-05,6.82542E-05,0.000241508,0.66270646,1.331892215,2.682048098
Temoa,reference,SK,Capacity|transportation|T_HDV_BS_CNG_EX,?,0.002939428,0.001175771,,,,
Temoa,reference,SK,Capacity|transportation|T_HDV_BS_CNG_N,?,1.92532E-05,1.92532E-05,1.71287E-05,3.22441E-05,2.81012E-05,2.79225E-05
Temoa,reference,SK,Capacity|transportation|T_HDV_BS_DSL_EX,?,0.155465898,0.061149418,,,,
Temoa,reference,SK,Capacity|transportation|T_HDV_BS_DSL_HEV_N,?,6.31428E-05,6.31428E-05,5.96887E-05,4.87919E-05,5.91728E-05,5.55581E-05
Temoa,reference,SK,Capacity|transportation|T_HDV_BS_DSL_N,?,3.51485E-05,3.51485E-05,3.77083E-05,3.19944E-05,3.12072E-05,3.15282E-05
Temoa,reference,SK,Capacity|transportation|T_HDV_BS_DSL_PHEV_N,?,2.2755E-05,2.2755E-05,4.04259E-05,5.86561E-05,7.38845E-05,7.8913E-05
Temoa,reference,SK,Capacity|transportation|T_HDV_BS_FCEV_N,?,0.000123711,0.000123711,0.000182416,0.000209403,0.000238653,0.000187532
Temoa,reference,SK,Capacity|transportation|T_HDV_BS_FCHEV_N,?,2.481863467,2.567411786,2.782943129,2.321025685,1.849380375,0.724543743
Temoa,reference,SK,Capacity|transportation|T_HDV_BS_GSL_EX,?,0.017044552,0.008350477,,,,
Temoa,reference,SK,Capacity|transportation|T_HDV_BS_GSL_N,?,0.000103363,0.000103363,9.54886E-05,7.24469E-05,8.55709E-05,7.74171E-05
Temoa,reference,SK,Capacity|transportation|T_HDV_BT_BEV_N,?,0.13537366,0.141693132,0.091636132,0.008269104,0.003008919,0.813080653
Temoa,reference,SK,Capacity|transportation|T_HDV_BT_CNG_N,?,0.000716031,0.000749362,0.000337034,4.18743E-05,1.12507E-05,1.09442E-05
Temoa,reference,SK,Capacity|transportation|T_HDV_BT_DSL_EX,?,0.081552185,0.032928272,,,,
Temoa,reference,SK,Capacity|transportation|T_HDV_BT_DSL_HEV_N,?,1.32351E-05,1.32351E-05,,,,
Temoa,reference,SK,Capacity|transportation|T_HDV_BT_DSL_N,?,1.0147E-05,1.0147E-05,,,,
Temoa,reference,SK,Capacity|transportation|T_HDV_BT_DSL_PHEV_N,?,2.45859E-05,2.45859E-05,2.8716E-05,3.48081E-05,3.73571E-05,5.1034E-05
Temoa,reference,SK,Capacity|transportation|T_HDV_BT_FCEV_N,?,2.3078E-05,2.3078E-05,4.04795E-05,5.54399E-05,7.48798E-05,6.05141E-05
Temoa,reference,SK,Capacity|transportation|T_HDV_BT_FCHEV_N,?,1.195354676,1.248396314,1.376862251,1.566331926,1.675844232,0.984654167
Temoa,reference,SK,Capacity|transportation|T_HDV_BT_GSL_EX,?,0.001022675,0.000613605,,,,
Temoa,reference,SK,Capacity|transportation|T_HDV_CHRG,?,0.047139415,0.04919974,0.029807347,0.029855487,2.388894184,3.217099745
Temoa,reference,SK,Capacity|transportation|T_HDV_RF_DSL_EX,?,91.69376395,91.69376395,80.38160604,55.37107748,35.83199659,
Temoa,reference,SK,Capacity|transportation|T_HDV_RF_DSL_N,?,3.06188E-05,6.86096E-05,0.000106681,0.000156146,0.000207025,0.000207025
Temoa,reference,SK,Capacity|transportation|T_HDV_RF_H2_N,?,,9.43769E-05,0.000170762,0.000420657,0.000641266,0.00085944
Temoa,reference,SK,Capacity|transportation|T_HDV_RF_LNG_N,?,50.57465117,60.36397696,67.78052021,111.0736476,118.4282953,126.8124976
Temoa,reference,SK,Capacity|transportation|T_HDV_RICP_DSL_EX,?,0.363354462,0.363354462,0.31581258,0.211676327,0.157404559,
Temoa,reference,SK,Capacity|transportation|T_HDV_RICP_DSL_N,?,,1.34737E-05,0.050404479,0.180917847,0.261179911,0.448214982
Temoa,reference,SK,Capacity|transportation|T_HDV_T_BEV_N,?,1.1981E-05,1.1981E-05,3.16742E-05,7.74231E-05,8.09101105,10.41854223
Temoa,reference,SK,Capacity|transportation|T_HDV_T_DSL_EX,?,9.436697937,7.18232672,3.943073771,,,
Temoa,reference,SK,Capacity|transportation|T_HDV_T_DSL_HEV_N,?,24.35853149,29.55126334,35.62366424,39.5982055,24.55942999,24.36096571
Temoa,reference,SK,Capacity|transportation|T_HDV_T_DSL_N,?,7.51632E-05,9.18164E-05,0.00011299,0.000120579,7.06929E-05,6.45323E-05
Temoa,reference,SK,Capacity|transportation|T_HDV_T_DSL_PHEV_N,?,,,,1.07818E-05,2.30479E-05,2.30479E-05
Temoa,reference,SK,Capacity|transportation|T_HDV_T_FCEV_N,?,1.09194E-05,1.09194E-05,2.52017E-05,3.64564E-05,6.11023E-05,7.2958E-05
Temoa,reference,SK,Capacity|transportation|T_HDV_T_FCHEV_N,?,0.000376637,0.000489152,0.001608744,0.699915502,10.31603909,13.09639861
Temoa,reference,SK,Capacity|transportation|T_HDV_WTF_HFO_EX,?,41.34476869,41.34476869,39.21310663,30.5597369,8.161665736,
Temoa,reference,SK,Capacity|transportation|T_HDV_WTF_HFO_N,?,2.83875E-05,6.34998E-05,0.000105881,0.000159448,0.00023744,0.999865691
Temoa,reference,SK,Capacity|transportation|T_HDV_WTF_LNG_N,?,2.51683E-05,5.50155E-05,9.08909E-05,0.000136981,0.000203028,0.000203028
Temoa,reference,SK,Capacity|transportation|T_HDV_WTF_MDO_EX,?,7.618054945,7.618054945,5.915243624,4.136201881,1.26014774,
Temoa,reference,SK,Capacity|transportation|T_HDV_WTF_MDO_N,?,1.4373E-05,3.31771E-05,5.88488E-05,7.90419E-05,7.90419E-05,7.90419E-05
Temoa,reference,SK,Capacity|transportation|T_I_H2_ELC_ALK,?,7.28826E-05,0.000165316,0.000263779,0.000373643,0.000424444,0.000482318
Temoa,reference,SK,Capacity|transportation|T_I_H2_ELC_PEM,?,5.58326E-05,0.000137602,0.000231161,0.000341214,0.000415013,0.000497808
Temoa,reference,SK,Capacity|transportation|T_I_H2_SMR,?,0.386647462,0.386647462,0.386647462,0.386647462,0.386647462,0.353404183
Temoa,reference,SK,Capacity|transportation|T_LDV_BEV_CHRG,?,0.023419561,0.0522023,0.068853778,0.080524406,0.085854082,4.237856069
Temoa,reference,SK,Capacity|transportation|T_LDV_C_BEV150_EX,?,0.184176032,0.136649814,,,,
Temoa,reference,SK,Capacity|transportation|T_LDV_C_BEV150_N,?,6.52565E-05,7.9629E-05,0.000870299,0.001458601,0.002755325,17.5618513
Temoa,reference,SK,Capacity|transportation|T_LDV_C_BEV200_N,?,0.000130516,0.000159261,0.001740592,0.002917198,0.005510645,35.12370261
Temoa,reference,SK,Capacity|transportation|T_LDV_C_BEV300_N,?,0.000195732,0.000238842,0.002610849,0.004375789,0.008265961,52.68555391
Temoa,reference,SK,Capacity|transportation|T_LDV_C_BEV400_N,?,0.00026096,0.000318434,0.003481101,0.005834366,0.011021265,70.24740521
Temoa,reference,SK,Capacity|transportation|T_LDV_C_CNG_N,?,0.000194785,0.000224597,0.000358429,0.000341311,0.000412849,0.000392415
Temoa,reference,SK,Capacity|transportation|T_LDV_C_DSL_EX,?,0.165075903,0.014020639,,,,
Temoa,reference,SK,Capacity|transportation|T_LDV_C_DSL_N,?,0.000152891,0.000180521,0.000252277,0.00021023,0.000251846,0.000254555
Temoa,reference,SK,Capacity|transportation|T_LDV_C_FCEV400_N,?,4.64712E-05,6.79504E-05,0.000416621,0.00068597,0.010343178,0.018037528
Temoa,reference,SK,Capacity|transportation|T_LDV_C_GSL_EX,?,12.60579061,6.094360593,,,,
Temoa,reference,SK,Capacity|transportation|T_LDV_C_GSL_HEV_EX,?,0.331211625,0.174963299,,,,
Temoa,reference,SK,Capacity|transportation|T_LDV_C_GSL_HEV_N,?,363.1171886,370.8923749,404.9179262,434.0845896,462.8044037,319.973372
Temoa,reference,SK,Capacity|transportation|T_LDV_C_GSL_N,?,0.000167843,0.00019795,0.000290739,0.00026987,0.000346722,0.00036982
Temoa,reference,SK,Capacity|transportation|T_LDV_C_GSL_PHEV35_EX,?,0.114331711,0.083584336,,,,
Temoa,reference,SK,Capacity|transportation|T_LDV_C_GSL_PHEV35_N,?,0.000769284,0.000809421,0.0017366,0.001424045,0.002092663,0.001987858
Temoa,reference,SK,Capacity|transportation|T_LDV_C_GSL_PHEV50_N,?,0.000304794,0.000341022,0.000789186,0.000781049,0.001141435,0.001245901
Temoa,reference,SK,Capacity|transportation|T_LDV_LTF_BEV150_N,?,2.69698E-05,6.485E-05,0.000137774,0.000247607,0.000312174,0.000357517
Temoa,reference,SK,Capacity|transportation|T_LDV_LTF_BEV200_N,?,5.39231E-05,0.000129667,0.000275514,0.000505979,0.00063949,0.000715039
Temoa,reference,SK,Capacity|transportation|T_LDV_LTF_BEV300_N,?,8.08926E-05,0.000194501,0.000413263,0.000758956,0.000959229,0.00107256
Temoa,reference,SK,Capacity|transportation|T_LDV_LTF_BEV400_N,?,0.00010783,0.000259302,0.00055098,0.001011923,0.00127896,0.001430086
Temoa,reference,SK,Capacity|transportation|T_LDV_LTF_CNG_N,?,0.000567659,0.000734985,0.000905863,0.000707617,0.000607074,0.000592664
Temoa,reference,SK,Capacity|transportation|T_LDV_LTF_DSL_EX,?,2.142494633,1.60116191,0.296028211,,,
Temoa,reference,SK,Capacity|transportation|T_LDV_LTF_DSL_N,?,9.14589E-05,0.000154155,0.000224701,0.000225109,0.000220095,0.000217368
Temoa,reference,SK,Capacity|transportation|T_LDV_LTF_FCEV400_N,?,4.89238E-05,0.000167687,0.000323085,0.000624621,0.000652166,0.000675578
Temoa,reference,SK,Capacity|transportation|T_LDV_LTF_GSL_EX,?,25.46633922,16.96335263,3.035504742,,,
Temoa,reference,SK,Capacity|transportation|T_LDV_LTF_GSL_HEV_EX,?,0.001926788,0.000385358,,,,
Temoa,reference,SK,Capacity|transportation|T_LDV_LTF_GSL_HEV_N,?,0.000592124,0.001035547,0.001402199,0.028048656,0.029121742,0.030394932
Temoa,reference,SK,Capacity|transportation|T_LDV_LTF_GSL_N,?,9.94824E-05,0.000182073,0.000275156,0.000313853,0.000328069,0.000339094
Temoa,reference,SK,Capacity|transportation|T_LDV_LTF_GSL_PHEV35_EX,?,0.028881984,0.028881984,0.005776397,,,
Temoa,reference,SK,Capacity|transportation|T_LDV_LTF_GSL_PHEV35_N,?,209.3692367,221.8966791,255.7076275,277.6792714,296.0656081,317.0265378
Temoa,reference,SK,Capacity|transportation|T_LDV_LTF_GSL_PHEV50_N,?,0.000438547,0.0009826,0.001464618,0.001824603,0.002325532,0.002525771
Temoa,reference,SK,Capacity|transportation|T_LDV_LTP_BEV150_N,?,2.84049E-05,7.6985E-05,0.000241169,0.000368224,0.000396035,0.000440135
Temoa,reference,SK,Capacity|transportation|T_LDV_LTP_BEV200_N,?,5.67853E-05,0.000153937,0.000482298,0.000747794,0.000811503,0.000880287
Temoa,reference,SK,Capacity|transportation|T_LDV_LTP_BEV300_EX,?,0.081414417,0.080362329,0.016019861,,,
Temoa,reference,SK,Capacity|transportation|T_LDV_LTP_BEV300_N,?,8.51417E-05,0.000230865,0.000723403,0.001121677,0.001217254,0.001320442
Temoa,reference,SK,Capacity|transportation|T_LDV_LTP_BEV400_N,?,0.00011353,0.000307821,0.000964536,0.001495556,0.001622989,0.00176058
Temoa,reference,SK,Capacity|transportation|T_LDV_LTP_CNG_N,?,0.000566784,0.000748812,0.000943556,0.000715174,0.000605149,0.000598577
Temoa,reference,SK,Capacity|transportation|T_LDV_LTP_DSL_EX,?,1.28117998,0.743942538,0.124603333,,,
Temoa,reference,SK,Capacity|transportation|T_LDV_LTP_DSL_N,?,9.12071E-05,0.000159806,0.000256022,0.000260855,0.000244028,0.000240554
Temoa,reference,SK,Capacity|transportation|T_LDV_LTP_FCEV400_N,?,3.6482E-05,0.00014317,0.000328547,0.000546592,0.000553607,0.000679003
Temoa,reference,SK,Capacity|transportation|T_LDV_LTP_GSL_EX,?,32.27340095,19.58510351,3.367367933,,,
Temoa,reference,SK,Capacity|transportation|T_LDV_LTP_GSL_HEV_EX,?,0.226912465,0.198657241,0.038318687,,,
Temoa,reference,SK,Capacity|transportation|T_LDV_LTP_GSL_HEV_N,?,0.001082729,0.001943032,0.003308346,415.5364089,496.9584651,544.2025589
Temoa,reference,SK,Capacity|transportation|T_LDV_LTP_GSL_N,?,0.000117319,0.000225672,0.000339544,0.000376648,0.000377506,0.000398461
Temoa,reference,SK,Capacity|transportation|T_LDV_LTP_GSL_PHEV35_EX,?,0.047476576,0.047476576,0.009495315,,,
Temoa,reference,SK,Capacity|transportation|T_LDV_LTP_GSL_PHEV35_N,?,469.560114,489.4534707,545.9095848,173.5165004,131.0982699,128.3177221
Temoa,reference,SK,Capacity|transportation|T_LDV_LTP_GSL_PHEV50_N,?,0.000416232,0.001007882,0.001686908,0.001719504,0.00167452,0.001983775
Temoa,reference,SK,Capacity|transportation|T_LDV_M_BEV_N,?,2.344352953,7.185519262,10.72017093,12.66367569,13.502098,14.4579144
Temoa,reference,SK,Capacity|transportation|T_LDV_M_GSL_EX,?,6.771951637,3.781356561,1.092665071,,,
Temoa,reference,SK,Capacity|transportation|T_LDV_M_GSL_N,?,0.000213564,0.000406079,0.000693703,0.000886379,0.001040237,0.001195481
Temoa,reference,SK,Capacity|transportation|T_LDV_PHEV_CHRG,?,5.334308171,5.600084681,5.600084681,3.144631581,2.878855071,2.878855071
Temoa,reference,SK,Capacity|transportation|T_MDV_CHRG,?,1.0169E-05,0.014457816,0.72788061,1.521099977,4.489324518,5.129046768
Temoa,reference,SK,Capacity|transportation|T_MDV_T_BEV_N,?,0.000178822,0.370144817,20.43009004,44.23640357,135.1097192,159.5628237
Temoa,reference,SK,Capacity|transportation|T_MDV_T_DSL_EX,?,18.39162744,13.59231806,6.12330658,,,
Temoa,reference,SK,Capacity|transportation|T_MDV_T_DSL_HEV_N,?,8.05446E-05,0.000113091,0.000138576,0.000129997,9.2675E-05,8.60712E-05
Temoa,reference,SK,Capacity|transportation|T_MDV_T_DSL_N,?,4.81056E-05,7.69243E-05,9.66988E-05,9.62148E-05,7.50068E-05,6.89799E-05
Temoa,reference,SK,Capacity|transportation|T_MDV_T_DSL_PHEV_N,?,2.41889E-05,5.41879E-05,8.5001E-05,0.000105964,0.000112515,0.000117708
Temoa,reference,SK,Capacity|transportation|T_MDV_T_FCEV_N,?,0.000571945,0.000994315,0.001059965,0.001044118,0.000594637,0.000546412
Temoa,reference,SK,Capacity|transportation|T_MDV_T_FCHEV_N,?,122.4128705,139.5761046,143.5524455,141.6188695,63.05257299,52.62868368
Temoa,reference,SK,Capacity|transportation|T_MDV_T_GSL_EX,?,11.71283704,8.513297455,3.753255634,,,
Temoa,reference,SK,Capacity|transportation|T_MDV_T_GSL_N,?,0.000357766,0.000429973,0.000479496,0.000382349,0.000183111,0.000159198
Temoa,reference,SK,Emissions|ch4,?,7132.16927,10167.94318,12474.31061,17051.84784,18199.28969,18744.51074
Temoa,reference,SK,Emissions|ch4|F_A_DSL,?,169.9369632,187.7714691,182.0214957,176.5866555,177.1521686,180.3304708
Temoa,reference,SK,Emissions|ch4|F_A_NG,?,2.729865298,3.016357733,2.923989081,2.83668238,2.845764856,2.896818647
Temoa,reference,SK,Emissions|ch4|F_C_NG,?,40.69141427,43.0570993,44.37024508,44.45049479,45.90323666,48.15059859
Temoa,reference,SK,Emissions|ch4|F_E_BIO_M,?,0.778088693,1.28984352,1.987532634,2.622203768,3.463095763,3.512930333
Temoa,reference,SK,Emissions|ch4|F_E_COAL,?,0.004039238,0.005989923,0.008649654,0.011112799,0.013991259,0.001976494
Temoa,reference,SK,Emissions|ch4|F_E_NG,?,1587.502555,1796.298499,1044.967176,1147.372341,1022.956567,1144.413581
Temoa,reference,SK,Emissions|ch4|F_I_HFO,?,84.58296035,83.50880001,85.46520001,89.3847,93.43150001,95.93060001
Temoa,reference,SK,Emissions|ch4|F_I_NG,?,241.8360678,234.0126007,232.0981234,232.5742629,233.913405,236.8297588
Temoa,reference,SK,Emissions|ch4|F_R_NG,?,36.05168712,29.86038947,19.18510346,7.047620112,4.221107746,4.348282028
Temoa,reference,SK,Emissions|ch4|F_R_WOOD,?,2971.588774,6000.232883,9275.945172,13216.75482,14423.30804,15043.21943
Temoa,reference,SK,Emissions|ch4|F_T_CNG,?,0.001796121,0.001505107,0.000594884,0.000155373,0.000122829,0.000112838
Temoa,reference,SK,Emissions|ch4|F_T_DSL,?,159.3901661,155.171927,147.6533088,114.2822709,77.53563845,73.66595029
Temoa,reference,SK,Emissions|ch4|F_T_GSL,?,1805.063476,1598.916755,1401.473671,1972.748709,2067.43808,1862.473746
Temoa,reference,SK,Emissions|ch4|F_T_HFO,?,0.105776238,0.105772754,0.105768522,0.105762384,0.105757533,0.077746339
Temoa,reference,SK,Emissions|ch4|F_T_JTF,?,6.54314793,7.251641413,7.762924036,8.270056499,8.802112733,9.42527023
Temoa,reference,SK,Emissions|ch4|F_T_LNG,?,11.14032231,13.2193474,14.73587068,23.28442563,24.68778425,26.23375131
Temoa,reference,SK,Emissions|ch4|F_T_NG,?,14.22217069,14.22229794,13.60578231,13.51556641,13.51131776,12.99971425
Temoa,reference,SK,Emissions|co2,?,48779.30636,50602.87339,47575.15464,49225.56567,48885.40103,49995.87004
Temoa,reference,SK,Emissions|co2e,?,44016.30154,46001.44762,43449.398,45389.8643,45223.82249,46317.65428
Temoa,reference,SK,Emissions|co2e|E_COAL_CCS-EXS,?,-0.072956473,-0.086544665,-0.106613769,-0.120832874,-0.140733073,-0.158193364
Temoa,reference,SK,Emissions|co2e|E_COAL_CCS_RFIT_90,?,-0.055695085,-0.119760873,-0.198641551,-0.280371711,-0.368956143,
Temoa,reference,SK,Emissions|co2e|E_COAL_CCS_RFIT_95,?,-0.058201254,-0.125150407,-0.207448973,-0.292828317,-0.385058182,
Temoa,reference,SK,Emissions|co2e|E_NG_CCS-NEW,?,-0.231668907,-0.548555232,-0.709383497,-1.039525572,-1.320213917,-1.349168854
Temoa,reference,SK,Emissions|co2e|E_NG_CCS_RFIT_90,?,-0.104980608,-0.229668837,-0.351423126,-0.50218381,-0.651205885,-0.608005511
Temoa,reference,SK,Emissions|co2e|E_NG_CCS_RFIT_95,?,-0.107945335,-0.236122435,-0.36159814,-0.517153164,-0.67114939,-0.62712644
Temoa,reference,SK,Emissions|co2e|F_A_DSL,?,3540.470409,3912.034896,3792.239823,3679.010244,3690.792155,3757.008973
Temoa,reference,SK,Emissions|co2e|F_A_NG,?,143.5459825,158.6107691,153.7536983,149.1628029,149.6403916,152.3249807
Temoa,reference,SK,Emissions|co2e|F_C_NG,?,2139.698631,2264.094726,2333.14458,2337.364394,2413.754705,2531.928952
Temoa,reference,SK,Emissions|co2e|F_E_BIO_G,?,9.031469619,6.87630974,13.76649578,13.49995826,30.35016689,
Temoa,reference,SK,Emissions|co2e|F_E_BIO_M,?,0.292767465,0.485322844,0.747838769,0.98664324,1.303041383,1.321792383
Temoa,reference,SK,Emissions|co2e|F_E_COAL,?,0.334618927,0.496217737,0.716555377,0.920607426,1.159065039,0.163736902
Temoa,reference,SK,Emissions|co2e|F_E_NG,?,6356.804084,7192.881421,4184.340738,4594.399651,4096.204104,4582.551946
Temoa,reference,SK,Emissions|co2e|F_I_BIO,?,,447.0699998,468.8059996,486.5899997,500.4219996,506.3499997
Temoa,reference,SK,Emissions|co2e|F_I_HFO,?,9310.044805,9191.811996,9407.152907,9838.572195,10284.00339,10559.07928
Temoa,reference,SK,Emissions|co2e|F_I_NG,?,12713.02795,12301.7578,12201.11606,12226.14613,12296.5432,12449.85238
Temoa,reference,SK,Emissions|co2e|F_R_NG,?,1895.725351,1570.164999,1008.820665,370.5888177,221.9607902,228.6480642
Temoa,reference,SK,Emissions|co2e|F_R_WOOD,?,1118.104555,2257.67703,3490.212589,4973.000941,5426.984566,5660.235466
Temoa,reference,SK,Emissions|co2e|F_T_CNG,?,0.09441991,0.079121651,0.031272305,0.008167781,0.006456996,0.00593175
Temoa,reference,SK,Emissions|co2e|F_T_DSL,?,3320.738208,3232.855321,3076.212266,2380.959332,1615.379188,1534.75802
Temoa,reference,SK,Emissions|co2e|F_T_ETH,?,187.6982482,237.390453,208.0761669,292.8931154,306.9516038,276.5206411
Temoa,reference,SK,Emissions|co2e|F_T_GSL,?,1590.019834,1408.432106,1234.51112,1737.728128,1821.136817,1640.590614
Temoa,reference,SK,Emissions|co2e|F_T_HFO,?,11.6427885,11.64240493,11.64193912,11.64126359,11.64072956,8.557538008
Temoa,reference,SK,Emissions|co2e|F_T_JTF,?,212.5646436,235.5811895,252.1910247,268.6660352,285.9507344,306.1950041
Temoa,reference,SK,Emissions|co2e|F_T_LNG,?,585.6331946,694.9250148,774.646799,1224.033936,1297.806792,1379.0764
Temoa,reference,SK,Emissions|co2e|F_T_MDO,?,0.000165051,0.00027594,0.000407481,0.000538356,0.000317981,0.000150645
Temoa,reference,SK,Emissions|co2e|F_T_NG,?,747.6422158,747.6489048,715.2394279,710.4968879,710.2735419,683.3791672
Temoa,reference,SK,Emissions|co2e|F_T_RDSL,?,133.8192241,130.2777165,123.9653092,95.94798218,65.09660683,61.84773221
Temoa,reference,SK,Emissions|co2e|T_I_H2_SMR_CCS,?,-0.000574817,-0.000573544,-0.000573936,-0.000576419,-0.00056258,
Temoa,reference,SK,Emissions|co2|E_COAL_CCS-EXS,?,-0.072956473,-0.086544665,-0.106613769,-0.120832874,-0.140733073,-0.158193364
Temoa,reference,SK,Emissions|co2|E_COAL_CCS_RFIT_90,?,-0.055695085,-0.119760873,-0.198641551,-0.280371711,-0.368956143,
Temoa,reference,SK,Emissions|co2|E_COAL_CCS_RFIT_95,?,-0.058201254,-0.125150407,-0.207448973,-0.292828317,-0.385058182,
Temoa,reference,SK,Emissions|co2|E_NG_CCS-NEW,?,-0.231668907,-0.548555232,-0.709383497,-1.039525572,-1.320213917,-1.349168854
Temoa,reference,SK,Emissions|co2|E_NG_CCS_RFIT_90,?,-0.104980608,-0.229668837,-0.351423126,-0.50218381,-0.651205885,-0.608005511
Temoa,reference,SK,Emissions|co2|E_NG_CCS_RFIT_95,?,-0.107945335,-0.236122435,-0.36159814,-0.517153164,-0.67114939,-0.62712644
Temoa,reference,SK,Emissions|co2|F_A_DSL,?,3396.293424,3752.726857,3637.810146,3529.191564,3540.493685,3604.013986
Temoa,reference,SK,Emissions|co2|F_A_NG,?,142.764577,157.747357,152.9167262,148.3508217,148.8258106,151.4957859
Temoa,reference,SK,Emissions|co2|F_C_NG,?,2128.050989,2251.769922,2320.443897,2324.64074,2400.615214,2518.146168
Temoa,reference,SK,Emissions|co2|F_E_BIO_G,?,9.031469619,6.87630974,13.76649578,13.49995826,30.35016689,
Temoa,reference,SK,Emissions|co2|F_E_BIO_M,?,0.241439376,0.400235882,0.616727427,0.813664619,1.074591735,1.090055303
Temoa,reference,SK,Emissions|co2|F_E_COAL,?,0.333770687,0.494959853,0.714738949,0.918273738,1.156126875,0.163321838
Temoa,reference,SK,Emissions|co2|F_E_NG,?,6269.015192,7093.546114,4126.554053,4530.94996,4039.634605,4519.265875
Temoa,reference,SK,Emissions|co2|F_IMP_CNG,?,0.00642793,0.005386453,0.00212896,0.000556047,0.00043958,0.000403822
Temoa,reference,SK,Emissions|co2|F_IMP_COAL,?,0.058202282,0.086310135,0.124634785,0.160126785,0.201603152,0.028479744
Temoa,reference,SK,Emissions|co2|F_IMP_DSL,?,1735.59605,1807.355516,1737.428343,1532.916407,1342.237285,1338.593593
Temoa,reference,SK,Emissions|co2|F_IMP_GSL,?,537.7895632,517.3074,472.5939881,577.7054701,596.7395771,560.377464
Temoa,reference,SK,Emissions|co2|F_IMP_HFO,?,1567.373632,1547.493585,1583.701507,1656.241393,1731.137304,1776.870888
Temoa,reference,SK,Emissions|co2|F_IMP_JTF,?,45.88462784,50.85302534,54.43845748,57.99478611,61.72589574,66.09586417
Temoa,reference,SK,Emissions|co2|F_IMP_MDO,?,2.79662E-05,4.67552E-05,6.90434E-05,9.12188E-05,5.38786E-05,2.55253E-05
Temoa,reference,SK,Emissions|co2|F_IMP_NG,?,1629.791902,1645.552023,1399.622713,1385.214595,1351.486508,1401.59515
Temoa,reference,SK,Emissions|co2|F_IMP_SPK,?,2.33927E-05,5.04857E-05,7.83817E-05,0.000107809,0.000134828,0.000111093
Temoa,reference,SK,Emissions|co2|F_I_BIO,?,,447.0699998,468.8059996,486.5899997,500.4219996,506.3499997
Temoa,reference,SK,Emissions|co2|F_I_HFO,?,9280.139426,9162.286401,9376.935601,9806.9691,10250.9695,10525.1618
Temoa,reference,SK,Emissions|co2|F_I_NG,?,12647.37273,12238.22654,12138.10456,12163.00536,12233.03887,12385.5563
Temoa,reference,SK,Emissions|co2|F_R_NG,?,1885.405799,1561.617664,1003.329059,368.5714841,220.7525266,227.4033978
Temoa,reference,SK,Emissions|co2|F_R_WOOD,?,922.0780928,1861.860343,2878.307358,4101.132764,4475.523828,4667.881103
Temoa,reference,SK,Emissions|co2|F_T_CNG,?,0.093932287,0.078713035,0.031110802,0.008125599,0.006423649,0.005901116
Temoa,reference,SK,Emissions|co2|F_T_DSL,?,3185.509278,3101.205207,2950.941057,2284.000595,1549.596827,1472.258759
Temoa,reference,SK,Emissions|co2|F_T_ETH,?,187.6982482,237.390453,208.0761669,292.8931154,306.9516038,276.5206411
Temoa,reference,SK,Emissions|co2|F_T_GSL,?,1530.349382,1355.5763,1188.182241,1672.514462,1752.79298,1579.022336
Temoa,reference,SK,Emissions|co2|F_T_HFO,?,11.60538997,11.60500763,11.60454332,11.60386996,11.60333764,8.530049804
Temoa,reference,SK,Emissions|co2|F_T_JTF,?,207.2455691,229.6861644,245.8803663,261.9431173,278.7952958,298.5329865
Temoa,reference,SK,Emissions|co2|F_T_LNG,?,582.6087477,691.3361406,770.6462093,1217.712529,1291.104392,1371.954291
Temoa,reference,SK,Emissions|co2|F_T_MDO,?,0.000162647,0.000271921,0.000401546,0.000530514,0.00031335,0.000148451
Temoa,reference,SK,Emissions|co2|F_T_NG,?,743.7810886,743.7877431,711.5456418,706.8275942,706.6054017,679.8499205
Temoa,reference,SK,Emissions|co2|F_T_RDSL,?,133.8192241,130.2777165,123.9653092,95.94798218,65.09660683,61.84773221
Temoa,reference,SK,Emissions|co2|T_I_H2_SMR_CCS,?,-0.000580326,-0.000579041,-0.000579438,-0.000581944,-0.000567972,
Temoa,reference,SK,Emissions|n2o,?,2028.552725,2500.092177,2831.04242,3286.008859,3342.015182,3445.054609
Temoa,reference,SK,Emissions|n2o|F_A_DSL,?,510.691392,564.2873166,547.0076036,530.6749233,532.3743926,541.9257671
Temoa,reference,SK,Emissions|n2o|F_A_NG,?,2.582305012,2.853311369,2.765935617,2.683348198,2.691939728,2.740233855
Temoa,reference,SK,Emissions|n2o|F_C_NG,?,38.49187836,40.72968853,41.97185345,42.04776534,43.42198063,45.54786353
Temoa,reference,SK,Emissions|n2o|F_E_BIO_M,?,0.10821101,0.179382211,0.276411823,0.364677345,0.48162259,0.488553225
Temoa,reference,SK,Emissions|n2o|F_E_COAL,?,0.002692826,0.003993282,0.005766436,0.007408533,0.009327506,0.001317663
Temoa,reference,SK,Emissions|n2o|F_E_NG,?,158.7502555,179.6298499,104.4967176,114.7372341,102.2956567,114.4413581
Temoa,reference,SK,Emissions|n2o|F_I_HFO,?,100.8683363,99.58736001,101.92044,106.59459,111.42055,114.40082
Temoa,reference,SK,Emissions|n2o|F_I_NG,?,215.691628,208.7139411,207.0064344,207.4310993,208.6254693,211.2265417
Temoa,reference,SK,Emissions|n2o|F_R_NG,?,34.10294728,28.24631436,18.14807084,6.666667673,3.99293976,4.113239756
Temoa,reference,SK,Emissions|n2o|F_R_WOOD,?,413.267313,834.4694739,1290.03211,1838.091731,2005.890522,2092.103365
Temoa,reference,SK,Emissions|n2o|F_T_CNG,?,0.001601946,0.001342393,0.000530572,0.000138576,0.000109551,0.000100639
Temoa,reference,SK,Emissions|n2o|F_T_DSL,?,478.9963541,466.3197806,443.7249695,343.4389488,233.0086544,221.3795397
Temoa,reference,SK,Emissions|n2o|F_T_GSL,?,33.43836799,29.61954943,25.96196365,36.54469672,38.29879462,34.50187948
Temoa,reference,SK,Emissions|n2o|F_T_HFO,?,0.126142111,0.126137955,0.126132909,0.12612559,0.126119804,0.09271541
Temoa,reference,SK,Emissions|n2o|F_T_JTF,?,18.81269741,20.84974039,22.31976757,23.7778623,25.30761725,27.09930431
Temoa,reference,SK,Emissions|n2o|F_T_LNG,?,9.935963143,11.79022876,13.14280357,20.76719043,22.0188346,23.39767008
Temoa,reference,SK,Emissions|n2o|F_T_MDO,?,,1.42653E-05,2.10655E-05,2.78313E-05,1.64386E-05,
Temoa,reference,SK,Emissions|n2o|F_T_NG,?,12.68463873,12.68475221,12.13488692,12.05442409,12.05063476,11.59433973
Temoa,reference,SK-AB,Activity|electricity,?,0.00318679,,0.18496374,0.184929664,0.360849385,0.419462561
Temoa,reference,SK-AB,Activity|electricity|E_INT,?,0.00318679,,0.18496374,0.184929664,0.360849385,0.419462561
Temoa,reference,SK-AB,Capacity|electricity,?,0.153,0.153,0.153,0.153,0.153,0.153
Temoa,reference,SK-AB,Capacity|electricity|E_INT,?,0.153,0.153,0.153,0.153,0.153,0.153
Temoa,reference,SK-MB,Activity|electricity,?,,0.000996754,,0.006790408,0.006890824,0.008658501
Temoa,reference,SK-MB,Activity|electricity|E_INT,?,,0.000996754,,0.006790408,0.006890824,0.008658501
Temoa,reference,SK-MB,Capacity|electricity,?,0.415,0.415,0.415,0.415,0.415,0.415
Temoa,reference,SK-MB,Capacity|electricity|E_INT,?,0.415,0.415,0.415,0.415,0.415,0.415
