model,scenario,region,variable,unit,time,value
canoe,reference,alberta,emissions,Mt CO2-equiv/yr,2025,247.895700111457
canoe,reference,alberta,emissions,Mt CO2-equiv/yr,2030,239.83915964653545
canoe,reference,alberta,emissions,Mt CO2-equiv/yr,2035,230.17923449309725
canoe,reference,alberta,emissions,Mt CO2-equiv/yr,2040,230.52600647666475
canoe,reference,alberta,emissions,Mt CO2-equiv/yr,2045,229.73227211506492
canoe,reference,alberta,emissions,Mt CO2-equiv/yr,2050,232.47422412479986
canoe,reference,alberta,emissions,Mt CO2/yr,2025,270.470067754464
canoe,reference,alberta,emissions,Mt CO2/yr,2030,259.96023384137186
canoe,reference,alberta,emissions,Mt CO2/yr,2035,247.5779109740111
canoe,reference,alberta,emissions,Mt CO2/yr,2040,245.957400677312
canoe,reference,alberta,emissions,Mt CO2/yr,2045,244.45643650751276
canoe,reference,alberta,emissions,Mt CO2/yr,2050,247.04579725504428
canoe,reference,alberta,emissions,kt CH4/yr,2025,38.88178346356577
canoe,reference,alberta,emissions,kt CH4/yr,2030,50.48111059049292
canoe,reference,alberta,emissions,kt CH4/yr,2035,63.5893659837878
canoe,reference,alberta,emissions,kt CH4/yr,2040,81.97754063202547
canoe,reference,alberta,emissions,kt CH4/yr,2045,88.79115514024106
canoe,reference,alberta,emissions,kt CH4/yr,2050,92.66754088620702
canoe,reference,alberta,emissions,kt N2O/yr,2025,8.673467983651385
canoe,reference,alberta,emissions,kt N2O/yr,2030,10.261197986410265
canoe,reference,alberta,emissions,kt N2O/yr,2035,12.018878677982016
canoe,reference,alberta,emissions,kt N2O/yr,2040,14.073862509633205
canoe,reference,alberta,emissions,kt N2O/yr,2045,14.865144726586557
canoe,reference,alberta,emissions,kt N2O/yr,2050,15.508856369457956
canoe,reference,british columbia,emissions,Mt CO2-equiv/yr,2025,69.12620951248996
canoe,reference,british columbia,emissions,Mt CO2-equiv/yr,2030,70.98671736679415
canoe,reference,british columbia,emissions,Mt CO2-equiv/yr,2035,68.75662550304521
canoe,reference,british columbia,emissions,Mt CO2-equiv/yr,2040,68.95754968497538
canoe,reference,british columbia,emissions,Mt CO2-equiv/yr,2045,69.89147906739382
canoe,reference,british columbia,emissions,Mt CO2-equiv/yr,2050,71.74648878118295
canoe,reference,british columbia,emissions,Mt CO2/yr,2025,76.19437686278432
canoe,reference,british columbia,emissions,Mt CO2/yr,2030,77.97183897190614
canoe,reference,british columbia,emissions,Mt CO2/yr,2035,75.40364272776927
canoe,reference,british columbia,emissions,Mt CO2/yr,2040,75.63894696412528
canoe,reference,british columbia,emissions,Mt CO2/yr,2045,76.62083715861404
canoe,reference,british columbia,emissions,Mt CO2/yr,2050,78.66550773583431
canoe,reference,british columbia,emissions,kt CH4/yr,2025,10.80570846835267
canoe,reference,british columbia,emissions,kt CH4/yr,2030,8.865518052009497
canoe,reference,british columbia,emissions,kt CH4/yr,2035,6.519519791933087
canoe,reference,british columbia,emissions,kt CH4/yr,2040,6.84054553503648
canoe,reference,british columbia,emissions,kt CH4/yr,2045,6.730167836482163
canoe,reference,british columbia,emissions,kt CH4/yr,2050,6.147259082860046
canoe,reference,british columbia,emissions,kt N2O/yr,2025,2.5016131866827678
canoe,reference,british columbia,emissions,kt N2O/yr,2030,2.4289433073565405
canoe,reference,british columbia,emissions,kt N2O/yr,2035,2.2323197097716507
canoe,reference,british columbia,emissions,kt N2O/yr,2040,2.069414567892398
canoe,reference,british columbia,emissions,kt N2O/yr,2045,2.01478494827165
canoe,reference,british columbia,emissions,kt N2O/yr,2050,2.076814120381453
canoe,reference,canada,emissions,Mt CO2-equiv/yr,2025,670.372299038202
canoe,reference,canada,emissions,Mt CO2-equiv/yr,2030,656.3910403852169
canoe,reference,canada,emissions,Mt CO2-equiv/yr,2035,614.4562446821681
canoe,reference,canada,emissions,Mt CO2-equiv/yr,2040,606.3078109376371
canoe,reference,canada,emissions,Mt CO2-equiv/yr,2045,608.8121476608097
canoe,reference,canada,emissions,Mt CO2-equiv/yr,2050,614.8370785394625
canoe,reference,canada,emissions,Mt CO2/yr,2025,744.3888462632032
canoe,reference,canada,emissions,Mt CO2/yr,2030,724.402663019559
canoe,reference,canada,emissions,Mt CO2/yr,2035,675.0595519190613
canoe,reference,canada,emissions,Mt CO2/yr,2040,662.4777539704232
canoe,reference,canada,emissions,Mt CO2/yr,2045,664.0400869780725
canoe,reference,canada,emissions,Mt CO2/yr,2050,669.9486053835509
canoe,reference,canada,emissions,kt CH4/yr,2025,144.9083047210772
canoe,reference,canada,emissions,kt CH4/yr,2030,142.5651578338012
canoe,reference,canada,emissions,kt CH4/yr,2035,135.97862691854306
canoe,reference,canada,emissions,kt CH4/yr,2040,153.01727202174345
canoe,reference,canada,emissions,kt CH4/yr,2045,163.86731561130037
canoe,reference,canada,emissions,kt CH4/yr,2050,164.49656695930182
canoe,reference,canada,emissions,kt N2O/yr,2025,28.017837015689775
canoe,reference,canada,emissions,kt N2O/yr,2030,29.114066438710246
canoe,reference,canada,emissions,kt N2O/yr,2035,28.87226918547604
canoe,reference,canada,emissions,kt N2O/yr,2040,29.016895559536973
canoe,reference,canada,emissions,kt N2O/yr,2045,29.360486301510488
canoe,reference,canada,emissions,kt N2O/yr,2050,30.21364183403824
canoe,reference,manitoba,emissions,Mt CO2-equiv/yr,2025,14.885698134143553
canoe,reference,manitoba,emissions,Mt CO2-equiv/yr,2030,14.997329609399639
canoe,reference,manitoba,emissions,Mt CO2-equiv/yr,2035,14.667021793818975
canoe,reference,manitoba,emissions,Mt CO2-equiv/yr,2040,13.815496192375258
canoe,reference,manitoba,emissions,Mt CO2-equiv/yr,2045,13.098059220571528
canoe,reference,manitoba,emissions,Mt CO2-equiv/yr,2050,13.143033158134024
canoe,reference,manitoba,emissions,Mt CO2/yr,2025,16.797229236359613
canoe,reference,manitoba,emissions,Mt CO2/yr,2030,16.953800951173427
canoe,reference,manitoba,emissions,Mt CO2/yr,2035,16.581325785284225
canoe,reference,manitoba,emissions,Mt CO2/yr,2040,15.581407219459058
canoe,reference,manitoba,emissions,Mt CO2/yr,2045,14.745456046183707
canoe,reference,manitoba,emissions,Mt CO2/yr,2050,14.799804607916865
canoe,reference,manitoba,emissions,kt CH4/yr,2025,2.176093525465613
canoe,reference,manitoba,emissions,kt CH4/yr,2030,1.9156497958187961
canoe,reference,manitoba,emissions,kt CH4/yr,2035,1.5045808118628918
canoe,reference,manitoba,emissions,kt CH4/yr,2040,0.8380423062828144
canoe,reference,manitoba,emissions,kt CH4/yr,2045,0.8621807462430285
canoe,reference,manitoba,emissions,kt CH4/yr,2050,0.8892754790270879
canoe,reference,manitoba,emissions,kt N2O/yr,2025,0.7431104578625392
canoe,reference,manitoba,emissions,kt N2O/yr,2030,0.7448738498697547
canoe,reference,manitoba,emissions,kt N2O/yr,2035,0.7093673467123116
canoe,reference,manitoba,emissions,kt N2O/yr,2040,0.6268247983489802
canoe,reference,manitoba,emissions,kt N2O/yr,2045,0.5374241612381283
canoe,reference,manitoba,emissions,kt N2O/yr,2050,0.528867624344411
canoe,reference,new brunswick,emissions,Mt CO2-equiv/yr,2025,17.325287155409146
canoe,reference,new brunswick,emissions,Mt CO2-equiv/yr,2030,15.602603760950407
canoe,reference,new brunswick,emissions,Mt CO2-equiv/yr,2035,13.38099744227349
canoe,reference,new brunswick,emissions,Mt CO2-equiv/yr,2040,12.17216607533406
canoe,reference,new brunswick,emissions,Mt CO2-equiv/yr,2045,11.477289067537724
canoe,reference,new brunswick,emissions,Mt CO2-equiv/yr,2050,11.460162441308345
canoe,reference,new brunswick,emissions,Mt CO2/yr,2025,19.530762397354206
canoe,reference,new brunswick,emissions,Mt CO2/yr,2030,17.529371843255536
canoe,reference,new brunswick,emissions,Mt CO2/yr,2035,15.01365361616363
canoe,reference,new brunswick,emissions,Mt CO2/yr,2040,13.573231596002302
canoe,reference,new brunswick,emissions,Mt CO2/yr,2045,12.801684172477987
canoe,reference,new brunswick,emissions,Mt CO2/yr,2050,12.790398789842312
canoe,reference,new brunswick,emissions,kt CH4/yr,2025,2.9871584168977967
canoe,reference,new brunswick,emissions,kt CH4/yr,2030,2.4481274446639554
canoe,reference,new brunswick,emissions,kt CH4/yr,2035,1.3909746209115341
canoe,reference,new brunswick,emissions,kt CH4/yr,2040,0.8864114321047157
canoe,reference,new brunswick,emissions,kt CH4/yr,2045,0.7908822008607937
canoe,reference,new brunswick,emissions,kt CH4/yr,2050,0.8542379092873399
canoe,reference,new brunswick,emissions,kt N2O/yr,2025,0.903881828996003
canoe,reference,new brunswick,emissions,kt N2O/yr,2030,0.8074552225681711
canoe,reference,new brunswick,emissions,kt N2O/yr,2035,0.6233027698666758
canoe,reference,new brunswick,emissions,kt N2O/yr,2040,0.42320133328068377
canoe,reference,new brunswick,emissions,kt N2O/yr,2045,0.3606010723077533
canoe,reference,new brunswick,emissions,kt N2O/yr,2050,0.35209253662810136
canoe,reference,newfoundland and labrador,emissions,Mt CO2-equiv/yr,2025,13.386734766742304
canoe,reference,newfoundland and labrador,emissions,Mt CO2-equiv/yr,2030,12.521923171794063
canoe,reference,newfoundland and labrador,emissions,Mt CO2-equiv/yr,2035,10.857276432334418
canoe,reference,newfoundland and labrador,emissions,Mt CO2-equiv/yr,2040,8.570976918683186
canoe,reference,newfoundland and labrador,emissions,Mt CO2-equiv/yr,2045,7.930486587362676
canoe,reference,newfoundland and labrador,emissions,Mt CO2-equiv/yr,2050,7.784924016529809
canoe,reference,newfoundland and labrador,emissions,Mt CO2/yr,2025,15.206545441599348
canoe,reference,newfoundland and labrador,emissions,Mt CO2/yr,2030,14.007331465111617
canoe,reference,newfoundland and labrador,emissions,Mt CO2/yr,2035,11.945809007485026
canoe,reference,newfoundland and labrador,emissions,Mt CO2/yr,2040,9.17434963504681
canoe,reference,newfoundland and labrador,emissions,Mt CO2/yr,2045,8.393305510608338
canoe,reference,newfoundland and labrador,emissions,Mt CO2/yr,2050,8.234289943450745
canoe,reference,newfoundland and labrador,emissions,kt CH4/yr,2025,4.911868252119763
canoe,reference,newfoundland and labrador,emissions,kt CH4/yr,2030,4.979539565582105
canoe,reference,newfoundland and labrador,emissions,kt CH4/yr,2035,4.9225978386139175
canoe,reference,newfoundland and labrador,emissions,kt CH4/yr,2040,4.769087038621336
canoe,reference,newfoundland and labrador,emissions,kt CH4/yr,2045,5.247088693517515
canoe,reference,newfoundland and labrador,emissions,kt CH4/yr,2050,5.215145306063062
canoe,reference,newfoundland and labrador,emissions,kt N2O/yr,2025,1.0191493605086095
canoe,reference,newfoundland and labrador,emissions,kt N2O/yr,2030,0.99024140155327
canoe,reference,newfoundland and labrador,emissions,kt N2O/yr,2035,0.9835492853760637
canoe,reference,newfoundland and labrador,emissions,kt N2O/yr,2040,0.8991662896435011
canoe,reference,newfoundland and labrador,emissions,kt N2O/yr,2045,0.9146215752745525
canoe,reference,newfoundland and labrador,emissions,kt N2O/yr,2050,0.8914984248436103
canoe,reference,nova scotia,emissions,Mt CO2-equiv/yr,2025,14.075794278079611
canoe,reference,nova scotia,emissions,Mt CO2-equiv/yr,2030,12.771028932265532
canoe,reference,nova scotia,emissions,Mt CO2-equiv/yr,2035,10.73327610270725
canoe,reference,nova scotia,emissions,Mt CO2-equiv/yr,2040,9.300725530939838
canoe,reference,nova scotia,emissions,Mt CO2-equiv/yr,2045,8.84639963313164
canoe,reference,nova scotia,emissions,Mt CO2-equiv/yr,2050,8.72516079909109
canoe,reference,nova scotia,emissions,Mt CO2/yr,2025,16.095126006953933
canoe,reference,nova scotia,emissions,Mt CO2/yr,2030,14.49413019071405
canoe,reference,nova scotia,emissions,Mt CO2/yr,2035,12.166685653818773
canoe,reference,nova scotia,emissions,Mt CO2/yr,2040,10.49164702617235
canoe,reference,nova scotia,emissions,Mt CO2/yr,2045,9.962337397352385
canoe,reference,nova scotia,emissions,Mt CO2/yr,2050,9.836446769764073
canoe,reference,nova scotia,emissions,kt CH4/yr,2025,3.5201825666746607
canoe,reference,nova scotia,emissions,kt CH4/yr,2030,3.197539108821977
canoe,reference,nova scotia,emissions,kt CH4/yr,2035,1.8921932610863688
canoe,reference,nova scotia,emissions,kt CH4/yr,2040,1.1943031459497762
canoe,reference,nova scotia,emissions,kt CH4/yr,2045,1.0685735343784042
canoe,reference,nova scotia,emissions,kt CH4/yr,2050,1.106118731340893
canoe,reference,nova scotia,emissions,kt N2O/yr,2025,1.029205417085603
canoe,reference,nova scotia,emissions,kt N2O/yr,2030,0.9315942051752035
canoe,reference,nova scotia,emissions,kt N2O/yr,2035,0.7004757037781135
canoe,reference,nova scotia,emissions,kt N2O/yr,2040,0.45002764600414014
canoe,reference,nova scotia,emissions,kt N2O/yr,2045,0.3712131233793454
canoe,reference,nova scotia,emissions,kt N2O/yr,2050,0.3607305747197602
canoe,reference,ontario,emissions,Mt CO2-equiv/yr,2025,164.87404565574025
canoe,reference,ontario,emissions,Mt CO2-equiv/yr,2030,163.23880435015775
canoe,reference,ontario,emissions,Mt CO2-equiv/yr,2035,146.99077877645507
canoe,reference,ontario,emissions,Mt CO2-equiv/yr,2040,146.75318495794178
canoe,reference,ontario,emissions,Mt CO2-equiv/yr,2045,154.47474158300645
canoe,reference,ontario,emissions,Mt CO2-equiv/yr,2050,156.85172739632037
canoe,reference,ontario,emissions,Mt CO2/yr,2025,185.76013252360528
canoe,reference,ontario,emissions,Mt CO2/yr,2030,182.4116128798704
canoe,reference,ontario,emissions,Mt CO2/yr,2035,163.95261099920026
canoe,reference,ontario,emissions,Mt CO2/yr,2040,163.2546335575783
canoe,reference,ontario,emissions,Mt CO2/yr,2045,171.72596208503523
canoe,reference,ontario,emissions,Mt CO2/yr,2050,174.10313111923224
canoe,reference,ontario,emissions,kt CH4/yr,2025,45.68721363838089
canoe,reference,ontario,emissions,kt CH4/yr,2030,37.22472767324612
canoe,reference,ontario,emissions,kt CH4/yr,2035,27.024058041529358
canoe,reference,ontario,emissions,kt CH4/yr,2040,27.36897103504996
canoe,reference,ontario,emissions,kt CH4/yr,2045,30.880643064385332
canoe,reference,ontario,emissions,kt CH4/yr,2050,28.5399775406878
canoe,reference,ontario,emissions,kt N2O/yr,2025,6.20888144140616
canoe,reference,ontario,emissions,kt N2O/yr,2030,5.930308494796048
canoe,reference,ontario,emissions,kt N2O/yr,2035,4.931347999072834
canoe,reference,ontario,emissions,kt N2O/yr,2040,4.201554983983623
canoe,reference,ontario,emissions,kt N2O/yr,2045,4.265930606572836
canoe,reference,ontario,emissions,kt N2O/yr,2050,4.399609586802168
canoe,reference,prince edward island,emissions,Mt CO2-equiv/yr,2025,11.290548610435428
canoe,reference,prince edward island,emissions,Mt CO2-equiv/yr,2030,10.02901724263336
canoe,reference,prince edward island,emissions,Mt CO2-equiv/yr,2035,8.664094757867604
canoe,reference,prince edward island,emissions,Mt CO2-equiv/yr,2040,7.866478909543793
canoe,reference,prince edward island,emissions,Mt CO2-equiv/yr,2045,7.443148813110758
canoe,reference,prince edward island,emissions,Mt CO2-equiv/yr,2050,7.1241350813377355
canoe,reference,prince edward island,emissions,Mt CO2/yr,2025,13.008495616325398
canoe,reference,prince edward island,emissions,Mt CO2/yr,2030,11.460551081168001
canoe,reference,prince edward island,emissions,Mt CO2/yr,2035,9.810477954060419
canoe,reference,prince edward island,emissions,Mt CO2/yr,2040,8.781730003307553
canoe,reference,prince edward island,emissions,Mt CO2/yr,2045,8.2665041921481
canoe,reference,prince edward island,emissions,Mt CO2/yr,2050,7.8911682826826635
canoe,reference,prince edward island,emissions,kt CH4/yr,2025,4.860674981682966
canoe,reference,prince edward island,emissions,kt CH4/yr,2030,4.034088526328929
canoe,reference,prince edward island,emissions,kt CH4/yr,2035,3.454972389853913
canoe,reference,prince edward island,emissions,kt CH4/yr,2040,3.488631353026402
canoe,reference,prince edward island,emissions,kt CH4/yr,2045,3.543145706979261
canoe,reference,prince edward island,emissions,kt CH4/yr,2050,3.4019274810246256
canoe,reference,prince edward island,emissions,kt N2O/yr,2025,0.7192578504715218
canoe,reference,prince edward island,emissions,kt N2O/yr,2030,0.6667061320525834
canoe,reference,prince edward island,emissions,kt N2O/yr,2035,0.5882112758317565
canoe,reference,prince edward island,emissions,kt N2O/yr,2040,0.48540273583078103
canoe,reference,prince edward island,emissions,kt N2O/yr,2045,0.46570136192484185
canoe,reference,prince edward island,emissions,kt N2O/yr,2050,0.45813145229124547
canoe,reference,quebec,emissions,Mt CO2-equiv/yr,2025,73.49597927166441
canoe,reference,quebec,emissions,Mt CO2-equiv/yr,2030,70.40300868323881
canoe,reference,quebec,emissions,Mt CO2-equiv/yr,2035,66.77754137886475
canoe,reference,quebec,emissions,Mt CO2-equiv/yr,2040,62.95536189106007
canoe,reference,quebec,emissions,Mt CO2-equiv/yr,2045,60.69444908490847
canoe,reference,quebec,emissions,Mt CO2-equiv/yr,2050,59.20956846310625
canoe,reference,quebec,emissions,Mt CO2/yr,2025,82.54680406613265
canoe,reference,quebec,emissions,Mt CO2/yr,2030,79.01091840998455
canoe,reference,quebec,emissions,Mt CO2/yr,2035,75.03228056320253
canoe,reference,quebec,emissions,Mt CO2/yr,2040,70.79884162253488
canoe,reference,quebec,emissions,Mt CO2/yr,2045,68.18216288087076
canoe,reference,quebec,emissions,Mt CO2/yr,2050,66.58619083500102
canoe,reference,quebec,emissions,kt CH4/yr,2025,23.94545213782005
canoe,reference,quebec,emissions,kt CH4/yr,2030,19.25091389780603
canoe,reference,quebec,emissions,kt CH4/yr,2035,13.206053570971724
canoe,reference,quebec,emissions,kt CH4/yr,2040,8.601891699504908
canoe,reference,quebec,emissions,kt CH4/yr,2045,7.754189000946371
canoe,reference,quebec,emissions,kt CH4/yr,2050,6.930573800706527
canoe,reference,quebec,emissions,kt N2O/yr,2025,4.190716764334155
canoe,reference,quebec,emissions,kt N2O/yr,2030,3.8526536617256215
canoe,reference,quebec,emissions,kt N2O/yr,2035,3.2537739974301747
canoe,reference,quebec,emissions,kt N2O/yr,2040,2.501431836235718
canoe,reference,quebec,emissions,kt N2O/yr,2045,2.223049544108373
canoe,reference,quebec,emissions,kt N2O/yr,2050,2.1919865352463597
canoe,reference,saskatchewan,emissions,Mt CO2-equiv/yr,2025,44.01630154204025
canoe,reference,saskatchewan,emissions,Mt CO2-equiv/yr,2030,46.001447621447774
canoe,reference,saskatchewan,emissions,Mt CO2-equiv/yr,2035,43.44939800170401
canoe,reference,saskatchewan,emissions,Mt CO2-equiv/yr,2040,45.38986430011896
canoe,reference,saskatchewan,emissions,Mt CO2-equiv/yr,2045,45.22382248872169
canoe,reference,saskatchewan,emissions,Mt CO2-equiv/yr,2050,46.317654277652096
canoe,reference,saskatchewan,emissions,Mt CO2/yr,2025,48.77930635762433
canoe,reference,saskatchewan,emissions,Mt CO2/yr,2030,50.60287338500339
canoe,reference,saskatchewan,emissions,Mt CO2/yr,2035,47.575154638065996
canoe,reference,saskatchewan,emissions,Mt CO2/yr,2040,49.22556566888474
canoe,reference,saskatchewan,emissions,Mt CO2/yr,2045,48.88540102726919
canoe,reference,saskatchewan,emissions,Mt CO2/yr,2050,49.99587004478235
canoe,reference,saskatchewan,emissions,kt CH4/yr,2025,7.1321692701170365
canoe,reference,saskatchewan,emissions,kt CH4/yr,2030,10.167943179030884
canoe,reference,saskatchewan,emissions,kt CH4/yr,2035,12.474310607992475
canoe,reference,saskatchewan,emissions,kt CH4/yr,2040,17.051847844141598
canoe,reference,saskatchewan,emissions,kt CH4/yr,2045,18.19928968726645
canoe,reference,saskatchewan,emissions,kt CH4/yr,2050,18.744510742097418
canoe,reference,saskatchewan,emissions,kt N2O/yr,2025,2.028552724691029
canoe,reference,saskatchewan,emissions,kt N2O/yr,2030,2.500092177202788
canoe,reference,saskatchewan,emissions,kt N2O/yr,2035,2.831042419654442
canoe,reference,saskatchewan,emissions,kt N2O/yr,2040,3.2860088586839433
canoe,reference,saskatchewan,emissions,kt N2O/yr,2045,3.342015181846449
canoe,reference,saskatchewan,emissions,kt N2O/yr,2050,3.445054609323174
canoe,reference,alberta,emissions|agriculture,Mt CO2-equiv/yr,2025,2.8497018056954646
canoe,reference,alberta,emissions|agriculture,Mt CO2-equiv/yr,2030,3.1487716148380156
canoe,reference,alberta,emissions|agriculture,Mt CO2-equiv/yr,2035,3.052349258510159
canoe,reference,alberta,emissions|agriculture,Mt CO2-equiv/yr,2040,2.961211416727937
canoe,reference,alberta,emissions|agriculture,Mt CO2-equiv/yr,2045,2.970694493909834
canoe,reference,alberta,emissions|agriculture,Mt CO2-equiv/yr,2050,3.023991849991779
canoe,reference,alberta,emissions|agriculture,Mt CO2/yr,2025,2.7442822258458084
canoe,reference,alberta,emissions|agriculture,Mt CO2/yr,2030,3.0322884852896146
canoe,reference,alberta,emissions|agriculture,Mt CO2/yr,2035,2.9394330982429318
canoe,reference,alberta,emissions|agriculture,Mt CO2/yr,2040,2.8516667341798643
canoe,reference,alberta,emissions|agriculture,Mt CO2/yr,2045,2.860798998855375
canoe,reference,alberta,emissions|agriculture,Mt CO2/yr,2050,2.9121247113568804
canoe,reference,alberta,emissions|agriculture,kt CH4/yr,2025,0.1280508209084888
canoe,reference,alberta,emissions|agriculture,kt CH4/yr,2030,0.14148946832072512
canoe,reference,alberta,emissions|agriculture,kt CH4/yr,2035,0.13715674924588764
canoe,reference,alberta,emissions|agriculture,kt CH4/yr,2040,0.13306148924018799
canoe,reference,alberta,emissions|agriculture,kt CH4/yr,2045,0.13348761215094762
canoe,reference,alberta,emissions|agriculture,kt CH4/yr,2050,0.1358825222213267
canoe,reference,alberta,emissions|agriculture,kt N2O/yr,2025,0.3730188895889549
canoe,reference,alberta,emissions|agriculture,kt N2O/yr,2030,0.4121663898472976
canoe,reference,alberta,emissions|agriculture,kt N2O/yr,2035,0.39954494974890736
canoe,reference,alberta,emissions|agriculture,kt N2O/yr,2040,0.38761524118191254
canoe,reference,alberta,emissions|agriculture,kt N2O/yr,2045,0.38885656376383126
canoe,reference,alberta,emissions|agriculture,kt N2O/yr,2050,0.39583306961858766
canoe,reference,alberta,emissions|commercial,Mt CO2-equiv/yr,2025,9.004858832638034
canoe,reference,alberta,emissions|commercial,Mt CO2-equiv/yr,2030,9.869114910153916
canoe,reference,alberta,emissions|commercial,Mt CO2-equiv/yr,2035,10.478060417318398
canoe,reference,alberta,emissions|commercial,Mt CO2-equiv/yr,2040,10.787334886310365
canoe,reference,alberta,emissions|commercial,Mt CO2-equiv/yr,2045,11.138456727311386
canoe,reference,alberta,emissions|commercial,Mt CO2-equiv/yr,2050,11.681904509480884
canoe,reference,alberta,emissions|commercial,Mt CO2/yr,2025,8.955840071596109
canoe,reference,alberta,emissions|commercial,Mt CO2/yr,2030,9.815391493222302
canoe,reference,alberta,emissions|commercial,Mt CO2/yr,2035,10.421022150608678
canoe,reference,alberta,emissions|commercial,Mt CO2/yr,2040,10.728613056140778
canoe,reference,alberta,emissions|commercial,Mt CO2/yr,2045,11.07782353373894
canoe,reference,alberta,emissions|commercial,Mt CO2/yr,2050,11.618313008902403
canoe,reference,alberta,emissions|commercial,kt CH4/yr,2025,0.17124862161104767
canoe,reference,alberta,emissions|commercial,kt CH4/yr,2030,0.18768448859622805
canoe,reference,alberta,emissions|commercial,kt CH4/yr,2035,0.19926502313611358
canoe,reference,alberta,emissions|commercial,kt CH4/yr,2040,0.20514660634565818
canoe,reference,alberta,emissions|commercial,kt CH4/yr,2045,0.21182401599821382
canoe,reference,alberta,emissions|commercial,kt CH4/yr,2050,0.2221589568722223
canoe,reference,alberta,emissions|commercial,kt N2O/yr,2025,0.16199193935713602
canoe,reference,alberta,emissions|commercial,kt N2O/yr,2030,0.17753938109942638
canoe,reference,alberta,emissions|commercial,kt N2O/yr,2035,0.18849394079900256
canoe,reference,alberta,emissions|commercial,kt N2O/yr,2040,0.19405760059165475
canoe,reference,alberta,emissions|commercial,kt N2O/yr,2045,0.20037406918172818
canoe,reference,alberta,emissions|commercial,kt N2O/yr,2050,0.21015036460280598
canoe,reference,alberta,emissions|electricity,Mt CO2-equiv/yr,2025,25.11269471662748
canoe,reference,alberta,emissions|electricity,Mt CO2-equiv/yr,2030,24.660288451578534
canoe,reference,alberta,emissions|electricity,Mt CO2-equiv/yr,2035,16.88815259899588
canoe,reference,alberta,emissions|electricity,Mt CO2-equiv/yr,2040,17.50586538878355
canoe,reference,alberta,emissions|electricity,Mt CO2-equiv/yr,2045,15.98484872281295
canoe,reference,alberta,emissions|electricity,Mt CO2-equiv/yr,2050,15.591313106700476
canoe,reference,alberta,emissions|electricity,Mt CO2/yr,2025,24.765817881271502
canoe,reference,alberta,emissions|electricity,Mt CO2/yr,2030,24.319615058542677
canoe,reference,alberta,emissions|electricity,Mt CO2/yr,2035,16.654784976072477
canoe,reference,alberta,emissions|electricity,Mt CO2/yr,2040,17.263917480123915
canoe,reference,alberta,emissions|electricity,Mt CO2/yr,2045,15.76383951286234
canoe,reference,alberta,emissions|electricity,Mt CO2/yr,2050,15.375675424348938
canoe,reference,alberta,emissions|electricity,kt CH4/yr,2025,6.272443233561123
canoe,reference,alberta,emissions|electricity,kt CH4/yr,2030,6.160150544260532
canoe,reference,alberta,emissions|electricity,kt CH4/yr,2035,4.2196274884124785
canoe,reference,alberta,emissions|electricity,kt CH4/yr,2040,4.374652249213335
canoe,reference,alberta,emissions|electricity,kt CH4/yr,2045,3.995825975907384
canoe,reference,alberta,emissions|electricity,kt CH4/yr,2050,3.898517177257719
canoe,reference,alberta,emissions|electricity,kt N2O/yr,2025,0.6272836001563751
canoe,reference,alberta,emissions|electricity,kt N2O/yr,2030,0.6160775672472532
canoe,reference,alberta,emissions|electricity,kt N2O/yr,2035,0.4220441462293112
canoe,reference,alberta,emissions|electricity,kt N2O/yr,2040,0.43757378866605395
canoe,reference,alberta,emissions|electricity,kt N2O/yr,2045,0.39972923578344655
canoe,reference,alberta,emissions|electricity,kt N2O/yr,2050,0.3900337002303675
canoe,reference,alberta,emissions|industrial,Mt CO2-equiv/yr,2025,170.38866078496505
canoe,reference,alberta,emissions|industrial,Mt CO2-equiv/yr,2030,159.61908401483424
canoe,reference,alberta,emissions|industrial,Mt CO2-equiv/yr,2035,155.79366367752917
canoe,reference,alberta,emissions|industrial,Mt CO2-equiv/yr,2040,151.75979356867953
canoe,reference,alberta,emissions|industrial,Mt CO2-equiv/yr,2045,150.0485293861951
canoe,reference,alberta,emissions|industrial,Mt CO2-equiv/yr,2050,151.16886544848825
canoe,reference,alberta,emissions|industrial,Mt CO2/yr,2025,169.64053246032154
canoe,reference,alberta,emissions|industrial,Mt CO2/yr,2030,158.9190213881902
canoe,reference,alberta,emissions|industrial,Mt CO2/yr,2035,155.11005020334426
canoe,reference,alberta,emissions|industrial,Mt CO2/yr,2040,151.09645536566384
canoe,reference,alberta,emissions|industrial,Mt CO2/yr,2045,149.3947321865845
canoe,reference,alberta,emissions|industrial,Mt CO2/yr,2050,150.51040150107121
canoe,reference,alberta,emissions|industrial,kt CH4/yr,2025,2.59517983660437
canoe,reference,alberta,emissions|industrial,kt CH4/yr,2030,2.4290386982155003
canoe,reference,alberta,emissions|industrial,kt CH4/yr,2035,2.3734465274278045
canoe,reference,alberta,emissions|industrial,kt CH4/yr,2040,2.2996593901336215
canoe,reference,alberta,emissions|industrial,kt CH4/yr,2045,2.262919687153494
canoe,reference,alberta,emissions|industrial,kt CH4/yr,2050,2.277364675081733
canoe,reference,alberta,emissions|industrial,kt N2O/yr,2025,2.4742244962822584
canoe,reference,alberta,emissions|industrial,kt N2O/yr,2030,2.3151997856034
canoe,reference,alberta,emissions|industrial,kt N2O/yr,2035,2.260648241118827
canoe,reference,alberta,emissions|industrial,kt N2O/yr,2040,2.193947760292728
canoe,reference,alberta,emissions|industrial,kt N2O/yr,2045,2.1627672046651663
canoe,reference,alberta,emissions|industrial,kt N2O/yr,2050,2.17837998173446
canoe,reference,alberta,emissions|residential,Mt CO2-equiv/yr,2025,15.539398769240206
canoe,reference,alberta,emissions|residential,Mt CO2-equiv/yr,2030,19.656290694463365
canoe,reference,alberta,emissions|residential,Mt CO2-equiv/yr,2035,24.74944392524582
canoe,reference,alberta,emissions|residential,Mt CO2-equiv/yr,2040,29.980287500570306
canoe,reference,alberta,emissions|residential,Mt CO2-equiv/yr,2045,32.64106775191427
canoe,reference,alberta,emissions|residential,Mt CO2-equiv/yr,2050,34.56711531962948
canoe,reference,alberta,emissions|residential,Mt CO2/yr,2025,14.134559811989952
canoe,reference,alberta,emissions|residential,Mt CO2/yr,2030,17.34998208690622
canoe,reference,alberta,emissions|residential,Mt CO2/yr,2035,21.33539786234499
canoe,reference,alberta,emissions|residential,Mt CO2/yr,2040,25.39522481201695
canoe,reference,alberta,emissions|residential,Mt CO2/yr,2045,27.5923906669656
canoe,reference,alberta,emissions|residential,Mt CO2/yr,2050,29.220523176757325
canoe,reference,alberta,emissions|residential,kt CH4/yr,2025,20.78653700041624
canoe,reference,alberta,emissions|residential,kt CH4/yr,2030,34.5239978258908
canoe,reference,alberta,emissions|residential,kt CH4/yr,2035,51.40142163227547
canoe,reference,alberta,emissions|residential,kt CH4/yr,2040,69.25388514445375
canoe,reference,alberta,emissions|residential,kt CH4/yr,2045,76.281565316367
canoe,reference,alberta,emissions|residential,kt CH4/yr,2050,80.78283257576493
canoe,reference,alberta,emissions|residential,kt N2O/yr,2025,3.0139777328723305
canoe,reference,alberta,emissions|residential,kt N2O/yr,2030,4.907094023039992
canoe,reference,alberta,emissions|residential,kt N2O/yr,2035,7.233722553411765
canoe,reference,alberta,emissions|residential,kt N2O/yr,2040,9.692138844045228
canoe,reference,alberta,emissions|residential,kt N2O/yr,2045,10.669572366321118
canoe,reference,alberta,emissions|residential,kt N2O/yr,2050,11.299167877879158
canoe,reference,alberta,emissions|transportation,Mt CO2-equiv/yr,2025,25.000385202290783
canoe,reference,alberta,emissions|transportation,Mt CO2-equiv/yr,2030,22.885609960667356
canoe,reference,alberta,emissions|transportation,Mt CO2-equiv/yr,2035,19.217564615497817
canoe,reference,alberta,emissions|transportation,Mt CO2-equiv/yr,2040,17.531513715593054
canoe,reference,alberta,emissions|transportation,Mt CO2-equiv/yr,2045,16.948675032921365
canoe,reference,alberta,emissions|transportation,Mt CO2-equiv/yr,2050,16.441033890508997
canoe,reference,alberta,emissions|transportation,Mt CO2/yr,2025,24.198120952210914
canoe,reference,alberta,emissions|transportation,Mt CO2/yr,2030,22.188082978337963
canoe,reference,alberta,emissions|transportation,Mt CO2/yr,2035,18.656890067225525
canoe,reference,alberta,emissions|transportation,Mt CO2/yr,2040,17.052593417047323
canoe,reference,alberta,emissions|transportation,Mt CO2/yr,2045,16.498350353339053
canoe,reference,alberta,emissions|transportation,Mt CO2/yr,2050,16.008577363544486
canoe,reference,alberta,emissions|transportation,kt CH4/yr,2025,8.928323950464497
canoe,reference,alberta,emissions|transportation,kt CH4/yr,2030,7.038749565209123
canoe,reference,alberta,emissions|transportation,kt CH4/yr,2035,5.2584485632900355
canoe,reference,alberta,emissions|transportation,kt CH4/yr,2040,5.711135752638906
canoe,reference,alberta,emissions|transportation,kt CH4/yr,2045,5.90553253266403
canoe,reference,alberta,emissions|transportation,kt CH4/yr,2050,5.350784979009096
canoe,reference,alberta,emissions|transportation,kt N2O/yr,2025,2.0229713253943298
canoe,reference,alberta,emissions|transportation,kt N2O/yr,2030,1.8331208395728973
canoe,reference,alberta,emissions|transportation,kt N2O/yr,2035,1.5144248466742043
canoe,reference,alberta,emissions|transportation,kt N2O/yr,2040,1.1685292748556264
canoe,reference,alberta,emissions|transportation,kt N2O/yr,2045,1.0438452868712669
canoe,reference,alberta,emissions|transportation,kt N2O/yr,2050,1.0352913753925765
canoe,reference,alberta,emissions|upstream,Mt CO2/yr,2025,26.03091435122822
canoe,reference,alberta,emissions|upstream,Mt CO2/yr,2030,24.335852350882867
canoe,reference,alberta,emissions|upstream,Mt CO2/yr,2035,22.460332616172256
canoe,reference,alberta,emissions|upstream,Mt CO2/yr,2040,21.56892981213932
canoe,reference,alberta,emissions|upstream,Mt CO2/yr,2045,21.26850125516697
canoe,reference,alberta,emissions|upstream,Mt CO2/yr,2050,21.40018206906303
canoe,reference,british columbia,emissions|agriculture,Mt CO2-equiv/yr,2025,1.6075939112727058
canoe,reference,british columbia,emissions|agriculture,Mt CO2-equiv/yr,2030,1.7763072718944928
canoe,reference,british columbia,emissions|agriculture,Mt CO2-equiv/yr,2035,1.72191278730216
canoe,reference,british columbia,emissions|agriculture,Mt CO2-equiv/yr,2040,1.6704994322006437
canoe,reference,british columbia,emissions|agriculture,Mt CO2-equiv/yr,2045,1.6758490380927973
canoe,reference,british columbia,emissions|agriculture,Mt CO2-equiv/yr,2050,1.7059154924154694
canoe,reference,british columbia,emissions|agriculture,Mt CO2/yr,2025,1.5615019200764357
canoe,reference,british columbia,emissions|agriculture,Mt CO2/yr,2030,1.7253780288652156
canoe,reference,british columbia,emissions|agriculture,Mt CO2/yr,2035,1.6725431095835464
canoe,reference,british columbia,emissions|agriculture,Mt CO2/yr,2040,1.6226038462955361
canoe,reference,british columbia,emissions|agriculture,Mt CO2/yr,2045,1.627800068784282
canoe,reference,british columbia,emissions|agriculture,Mt CO2/yr,2050,1.6570044724154094
canoe,reference,british columbia,emissions|agriculture,kt CH4/yr,2025,0.06124709941712817
canoe,reference,british columbia,emissions|agriculture,kt CH4/yr,2030,0.06767484552128031
canoe,reference,british columbia,emissions|agriculture,kt CH4/yr,2035,0.0656024922953488
canoe,reference,british columbia,emissions|agriculture,kt CH4/yr,2040,0.06364371621524023
canoe,reference,british columbia,emissions|agriculture,kt CH4/yr,2045,0.06384753094907201
canoe,reference,british columbia,emissions|agriculture,kt CH4/yr,2050,0.06499302357688268
canoe,reference,british columbia,emissions|agriculture,kt N2O/yr,2025,0.1625533787577372
canoe,reference,british columbia,emissions|agriculture,kt N2O/yr,2030,0.17961299392572286
canoe,reference,british columbia,emissions|agriculture,kt N2O/yr,2035,0.17411284953033704
canoe,reference,british columbia,emissions|agriculture,kt N2O/yr,2040,0.16891414593001444
canoe,reference,british columbia,emissions|agriculture,kt N2O/yr,2045,0.16945508582313198
canoe,reference,british columbia,emissions|agriculture,kt N2O/yr,2050,0.17249529423978685
canoe,reference,british columbia,emissions|commercial,Mt CO2-equiv/yr,2025,3.7608611567451353
canoe,reference,british columbia,emissions|commercial,Mt CO2-equiv/yr,2030,2.3900081259886994
canoe,reference,british columbia,emissions|commercial,Mt CO2-equiv/yr,2035,2.446730658964544
canoe,reference,british columbia,emissions|commercial,Mt CO2-equiv/yr,2040,1.7579662499696749
canoe,reference,british columbia,emissions|commercial,Mt CO2-equiv/yr,2045,1.6955494759028935
canoe,reference,british columbia,emissions|commercial,Mt CO2-equiv/yr,2050,1.7180069230168786
canoe,reference,british columbia,emissions|commercial,Mt CO2/yr,2025,3.7403885699138835
canoe,reference,british columbia,emissions|commercial,Mt CO2/yr,2030,2.37699790124298
canoe,reference,british columbia,emissions|commercial,Mt CO2/yr,2035,2.433411659995784
canoe,reference,british columbia,emissions|commercial,Mt CO2/yr,2040,1.7483966021685677
canoe,reference,british columbia,emissions|commercial,Mt CO2/yr,2045,1.6863195994396667
canoe,reference,british columbia,emissions|commercial,Mt CO2/yr,2050,1.708654797415253
canoe,reference,british columbia,emissions|commercial,kt CH4/yr,2025,0.0715216419416603
canoe,reference,british columbia,emissions|commercial,kt CH4/yr,2030,0.0454516394783798
canoe,reference,british columbia,emissions|commercial,kt CH4/yr,2035,0.04653035217859377
canoe,reference,british columbia,emissions|commercial,kt CH4/yr,2040,0.03343187303002449
canoe,reference,british columbia,emissions|commercial,kt CH4/yr,2045,0.03224487091005754
canoe,reference,british columbia,emissions|commercial,kt CH4/yr,2050,0.03267195221523401
canoe,reference,british columbia,emissions|commercial,kt N2O/yr,2025,0.06765560724016242
canoe,reference,british columbia,emissions|commercial,kt N2O/yr,2030,0.042994794099931705
canoe,reference,british columbia,emissions|commercial,kt N2O/yr,2035,0.04401519800551011
canoe,reference,british columbia,emissions|commercial,kt N2O/yr,2040,0.03162474475722039
canoe,reference,british columbia,emissions|commercial,kt N2O/yr,2045,0.030501904914040742
canoe,reference,british columbia,emissions|commercial,kt N2O/yr,2050,0.030905900743250093
canoe,reference,british columbia,emissions|electricity,Mt CO2-equiv/yr,2025,3.8712843996490784
canoe,reference,british columbia,emissions|electricity,Mt CO2-equiv/yr,2030,3.2943882807680507
canoe,reference,british columbia,emissions|electricity,Mt CO2-equiv/yr,2035,1.9249202094284013
canoe,reference,british columbia,emissions|electricity,Mt CO2-equiv/yr,2040,1.5735510551151257
canoe,reference,british columbia,emissions|electricity,Mt CO2-equiv/yr,2045,1.1654715360368857
canoe,reference,british columbia,emissions|electricity,Mt CO2-equiv/yr,2050,0.7882706446219709
canoe,reference,british columbia,emissions|electricity,Mt CO2/yr,2025,3.8179831816745846
canoe,reference,british columbia,emissions|electricity,Mt CO2/yr,2030,3.2489704770381436
canoe,reference,british columbia,emissions|electricity,Mt CO2/yr,2035,1.8984801247571856
canoe,reference,british columbia,emissions|electricity,Mt CO2/yr,2040,1.551820336817771
canoe,reference,british columbia,emissions|electricity,Mt CO2/yr,2045,1.1493927904914878
canoe,reference,british columbia,emissions|electricity,Mt CO2/yr,2050,0.7772774200513146
canoe,reference,british columbia,emissions|electricity,kt CH4/yr,2025,0.9637049257567338
canoe,reference,british columbia,emissions|electricity,kt CH4/yr,2030,0.8210562409559827
canoe,reference,british columbia,emissions|electricity,kt CH4/yr,2035,0.4777645857213832
canoe,reference,british columbia,emissions|electricity,kt CH4/yr,2040,0.39248353469424246
canoe,reference,british columbia,emissions|electricity,kt CH4/yr,2045,0.2901522590306692
canoe,reference,british columbia,emissions|electricity,kt CH4/yr,2050,0.19804593859249264
canoe,reference,british columbia,emissions|electricity,kt N2O/yr,2025,0.09640102472630858
canoe,reference,british columbia,emissions|electricity,kt N2O/yr,2030,0.08215468397492993
canoe,reference,british columbia,emissions|electricity,kt N2O/yr,2035,0.04784863048077073
canoe,reference,british columbia,emissions|electricity,kt N2O/yr,2040,0.03934497876623889
canoe,reference,british columbia,emissions|electricity,kt N2O/yr,2045,0.029137297444007434
canoe,reference,british columbia,emissions|electricity,kt N2O/yr,2050,0.019955817688503137
canoe,reference,british columbia,emissions|industrial,Mt CO2-equiv/yr,2025,30.801917865034895
canoe,reference,british columbia,emissions|industrial,Mt CO2-equiv/yr,2030,35.605185697558746
canoe,reference,british columbia,emissions|industrial,Mt CO2-equiv/yr,2035,36.79441302514253
canoe,reference,british columbia,emissions|industrial,Mt CO2-equiv/yr,2040,37.246677101057266
canoe,reference,british columbia,emissions|industrial,Mt CO2-equiv/yr,2045,38.42844747101912
canoe,reference,british columbia,emissions|industrial,Mt CO2-equiv/yr,2050,40.283367185204554
canoe,reference,british columbia,emissions|industrial,Mt CO2/yr,2025,30.70972425424734
canoe,reference,british columbia,emissions|industrial,Mt CO2/yr,2030,35.49953855843128
canoe,reference,british columbia,emissions|industrial,Mt CO2/yr,2035,36.68605592489188
canoe,reference,british columbia,emissions|industrial,Mt CO2/yr,2040,37.13755176391246
canoe,reference,british columbia,emissions|industrial,Mt CO2/yr,2045,38.31489279767493
canoe,reference,british columbia,emissions|industrial,Mt CO2/yr,2050,40.16276233397656
canoe,reference,british columbia,emissions|industrial,kt CH4/yr,2025,0.31879184920528914
canoe,reference,british columbia,emissions|industrial,kt CH4/yr,2030,0.36728146476228435
canoe,reference,british columbia,emissions|industrial,kt CH4/yr,2035,0.3766456082037498
canoe,reference,british columbia,emissions|industrial,kt CH4/yr,2040,0.37897503902989227
canoe,reference,british columbia,emissions|industrial,kt CH4/yr,2045,0.3940910368937983
canoe,reference,british columbia,emissions|industrial,kt CH4/yr,2050,0.41839280446581995
canoe,reference,british columbia,emissions|industrial,kt N2O/yr,2025,0.30500893333283613
canoe,reference,british columbia,emissions|industrial,kt N2O/yr,2030,0.349315962880629
canoe,reference,british columbia,emissions|industrial,kt N2O/yr,2035,0.35828213541062115
canoe,reference,british columbia,emissions|industrial,kt N2O/yr,2040,0.36085727398372186
canoe,reference,british columbia,emissions|industrial,kt N2O/yr,2045,0.37553158991717894
canoe,reference,british columbia,emissions|industrial,kt N2O/yr,2050,0.39886392829084305
canoe,reference,british columbia,emissions|residential,Mt CO2-equiv/yr,2025,6.05935652713407
canoe,reference,british columbia,emissions|residential,Mt CO2-equiv/yr,2030,5.890655182108683
canoe,reference,british columbia,emissions|residential,Mt CO2-equiv/yr,2035,5.975866900746677
canoe,reference,british columbia,emissions|residential,Mt CO2-equiv/yr,2040,6.365853216435861
canoe,reference,british columbia,emissions|residential,Mt CO2-equiv/yr,2045,6.822968289206123
canoe,reference,british columbia,emissions|residential,Mt CO2-equiv/yr,2050,7.116100885169094
canoe,reference,british columbia,emissions|residential,Mt CO2/yr,2025,5.9438334623386035
canoe,reference,british columbia,emissions|residential,Mt CO2/yr,2030,5.798057453878164
canoe,reference,british columbia,emissions|residential,Mt CO2/yr,2035,5.912187599453493
canoe,reference,british columbia,emissions|residential,Mt CO2/yr,2040,6.329585272111204
canoe,reference,british columbia,emissions|residential,Mt CO2/yr,2045,6.785819473779468
canoe,reference,british columbia,emissions|residential,Mt CO2/yr,2050,7.077355958161523
canoe,reference,british columbia,emissions|residential,kt CH4/yr,2025,1.3721216742140283
canoe,reference,british columbia,emissions|residential,kt CH4/yr,2030,1.041864055966851
canoe,reference,british columbia,emissions|residential,kt CH4/yr,2035,0.5918215432093804
canoe,reference,british columbia,emissions|residential,kt CH4/yr,2040,0.14492551236264675
canoe,reference,british columbia,emissions|residential,kt CH4/yr,2045,0.12986934217031343
canoe,reference,british columbia,emissions|residential,kt CH4/yr,2050,0.13545044023692188
canoe,reference,british columbia,emissions|residential,kt N2O/yr,2025,0.2824309809516067
canoe,reference,british columbia,emissions|residential,kt N2O/yr,2030,0.23232796536974648
canoe,reference,british columbia,emissions|residential,kt N2O/yr,2035,0.17255786798524575
canoe,reference,british columbia,emissions|residential,kt N2O/yr,2040,0.1179854572996672
canoe,reference,british columbia,emissions|residential,kt N2O/yr,2045,0.12275631392003183
canoe,reference,british columbia,emissions|residential,kt N2O/yr,2050,0.1280304561500314
canoe,reference,british columbia,emissions|transportation,Mt CO2-equiv/yr,2025,23.025195652654087
canoe,reference,british columbia,emissions|transportation,Mt CO2-equiv/yr,2030,22.030172808475477
canoe,reference,british columbia,emissions|transportation,Mt CO2-equiv/yr,2035,19.892781921460895
canoe,reference,british columbia,emissions|transportation,Mt CO2-equiv/yr,2040,20.343002630196803
canoe,reference,british columbia,emissions|transportation,Mt CO2-equiv/yr,2045,20.103193257136
canoe,reference,british columbia,emissions|transportation,Mt CO2-equiv/yr,2050,20.134827650754985
canoe,reference,british columbia,emissions|transportation,Mt CO2/yr,2025,22.36727788083642
canoe,reference,british columbia,emissions|transportation,Mt CO2/yr,2030,21.426438912455914
canoe,reference,british columbia,emissions|transportation,Mt CO2/yr,2035,19.361977243239252
canoe,reference,british columbia,emissions|transportation,Mt CO2/yr,2040,19.811106405473012
canoe,reference,british columbia,emissions|transportation,Mt CO2/yr,2045,19.588773340594223
canoe,reference,british columbia,emissions|transportation,Mt CO2/yr,2050,19.624340289403154
canoe,reference,british columbia,emissions|transportation,kt CH4/yr,2025,8.01832127781783
canoe,reference,british columbia,emissions|transportation,kt CH4/yr,2030,6.522189805324719
canoe,reference,british columbia,emissions|transportation,kt CH4/yr,2035,4.961155210324631
canoe,reference,british columbia,emissions|transportation,kt CH4/yr,2040,5.827085859704433
canoe,reference,british columbia,emissions|transportation,kt CH4/yr,2045,5.819962796528253
canoe,reference,british columbia,emissions|transportation,kt CH4/yr,2050,5.297704923772695
canoe,reference,british columbia,emissions|transportation,kt N2O/yr,2025,1.587563261674117
canoe,reference,british columbia,emissions|transportation,kt N2O/yr,2030,1.5425369071055803
canoe,reference,british columbia,emissions|transportation,kt N2O/yr,2035,1.4355030283591659
canoe,reference,british columbia,emissions|transportation,kt N2O/yr,2040,1.3506879671555354
canoe,reference,british columbia,emissions|transportation,kt N2O/yr,2045,1.2874027562532586
canoe,reference,british columbia,emissions|transportation,kt N2O/yr,2050,1.3265627232690385
canoe,reference,british columbia,emissions|upstream,Mt CO2/yr,2025,8.053667593697055
canoe,reference,british columbia,emissions|upstream,Mt CO2/yr,2030,7.896457639994431
canoe,reference,british columbia,emissions|upstream,Mt CO2/yr,2035,7.438987065848129
canoe,reference,british columbia,emissions|upstream,Mt CO2/yr,2040,7.437882737346735
canoe,reference,british columbia,emissions|upstream,Mt CO2/yr,2045,7.4678390878499785
canoe,reference,british columbia,emissions|upstream,Mt CO2/yr,2050,7.6581124644111025
canoe,reference,canada,emissions|agriculture,Mt CO2-equiv/yr,2025,14.284531047811047
canoe,reference,canada,emissions|agriculture,Mt CO2-equiv/yr,2030,15.783657964793493
canoe,reference,canada,emissions|agriculture,Mt CO2-equiv/yr,2035,15.300326239915885
canoe,reference,canada,emissions|agriculture,Mt CO2-equiv/yr,2040,14.843485039925834
canoe,reference,canada,emissions|agriculture,Mt CO2-equiv/yr,2045,14.891020192790632
canoe,reference,canada,emissions|agriculture,Mt CO2-equiv/yr,2050,15.158180515519721
canoe,reference,canada,emissions|agriculture,Mt CO2/yr,2025,13.79514700378933
canoe,reference,canada,emissions|agriculture,Mt CO2/yr,2030,15.242914259008627
canoe,reference,canada,emissions|agriculture,Mt CO2/yr,2035,14.776141338960123
canoe,reference,canada,emissions|agriculture,Mt CO2/yr,2040,14.33495137652605
canoe,reference,canada,emissions|agriculture,Mt CO2/yr,2045,14.380857970362516
canoe,reference,canada,emissions|agriculture,Mt CO2/yr,2050,14.638865432639756
canoe,reference,canada,emissions|agriculture,kt CH4/yr,2025,0.6097967843556563
canoe,reference,canada,emissions|agriculture,kt CH4/yr,2030,0.6737934727896935
canoe,reference,canada,emissions|agriculture,kt CH4/yr,2035,0.6531603787719696
canoe,reference,canada,emissions|agriculture,kt CH4/yr,2040,0.6336581546332372
canoe,reference,canada,emissions|agriculture,kt CH4/yr,2045,0.6356874123041087
canoe,reference,canada,emissions|agriculture,kt CH4/yr,2050,0.6470923207445345
canoe,reference,canada,emissions|agriculture,kt N2O/yr,2025,1.7300722857284705
canoe,reference,canada,emissions|agriculture,kt N2O/yr,2030,1.9116391519597182
canoe,reference,canada,emissions|agriculture,kt N2O/yr,2035,1.853100403993723
canoe,reference,canada,emissions|agriculture,kt N2O/yr,2040,1.7977700916189692
canoe,reference,canada,emissions|agriculture,kt N2O/yr,2045,1.8035273803126008
canoe,reference,canada,emissions|agriculture,kt N2O/yr,2050,1.8358846074718456
canoe,reference,canada,emissions|commercial,Mt CO2-equiv/yr,2025,42.46200768785122
canoe,reference,canada,emissions|commercial,Mt CO2-equiv/yr,2030,39.68670386161268
canoe,reference,canada,emissions|commercial,Mt CO2-equiv/yr,2035,37.82006124237552
canoe,reference,canada,emissions|commercial,Mt CO2-equiv/yr,2040,34.68457979705691
canoe,reference,canada,emissions|commercial,Mt CO2-equiv/yr,2045,33.045674793010015
canoe,reference,canada,emissions|commercial,Mt CO2-equiv/yr,2050,32.32802808155851
canoe,reference,canada,emissions|commercial,Mt CO2/yr,2025,42.21450028308937
canoe,reference,canada,emissions|commercial,Mt CO2/yr,2030,39.47066566381086
canoe,reference,canada,emissions|commercial,Mt CO2/yr,2035,37.61418429073454
canoe,reference,canada,emissions|commercial,Mt CO2/yr,2040,34.495771122439955
canoe,reference,canada,emissions|commercial,Mt CO2/yr,2045,32.86578768247847
canoe,reference,canada,emissions|commercial,Mt CO2/yr,2050,32.15204754561242
canoe,reference,canada,emissions|commercial,kt CH4/yr,2025,0.8209559915074494
canoe,reference,canada,emissions|commercial,kt CH4/yr,2030,0.7547362823069599
canoe,reference,canada,emissions|commercial,kt CH4/yr,2035,0.7192376551801832
canoe,reference,canada,emissions|commercial,kt CH4/yr,2040,0.6596090915862132
canoe,reference,canada,emissions|commercial,kt CH4/yr,2045,0.6284414185371586
canoe,reference,canada,emissions|commercial,kt CH4/yr,2050,0.6147936743110819
canoe,reference,canada,emissions|commercial,kt N2O/yr,2025,0.822419912464024
canoe,reference,canada,emissions|commercial,kt N2O/yr,2030,0.7139398573246605
canoe,reference,canada,emissions|commercial,kt N2O/yr,2035,0.6803600594195653
canoe,reference,canada,emissions|commercial,kt N2O/yr,2040,0.623954649493735
canoe,reference,canada,emissions|commercial,kt N2O/yr,2045,0.594471612112622
canoe,reference,canada,emissions|commercial,kt N2O/yr,2050,0.5815615837910294
canoe,reference,canada,emissions|electricity,Mt CO2-equiv/yr,2025,42.25325471969504
canoe,reference,canada,emissions|electricity,Mt CO2-equiv/yr,2030,49.762979528696206
canoe,reference,canada,emissions|electricity,Mt CO2-equiv/yr,2035,35.56421895955191
canoe,reference,canada,emissions|electricity,Mt CO2-equiv/yr,2040,42.006421134331525
canoe,reference,canada,emissions|electricity,Mt CO2-equiv/yr,2045,43.40222786163862
canoe,reference,canada,emissions|electricity,Mt CO2-equiv/yr,2050,45.50784203752352
canoe,reference,canada,emissions|electricity,Mt CO2/yr,2025,41.670034914229966
canoe,reference,canada,emissions|electricity,Mt CO2/yr,2030,49.07625792885445
canoe,reference,canada,emissions|electricity,Mt CO2/yr,2035,35.07378733492411
canoe,reference,canada,emissions|electricity,Mt CO2/yr,2040,41.42647407589352
canoe,reference,canada,emissions|electricity,Mt CO2/yr,2045,42.802544144405985
canoe,reference,canada,emissions|electricity,Mt CO2/yr,2050,44.87834861094733
canoe,reference,canada,emissions|electricity,kt CH4/yr,2025,10.544003158477953
canoe,reference,canada,emissions|electricity,kt CH4/yr,2030,12.413190739705762
canoe,reference,canada,emissions|electricity,kt CH4/yr,2035,8.862201623637308
canoe,reference,canada,emissions|electricity,kt CH4/yr,2040,10.479400909936645
canoe,reference,canada,emissions|electricity,kt CH4/yr,2045,10.836016081356211
canoe,reference,canada,emissions|electricity,kt CH4/yr,2050,11.373106438828962
canoe,reference,canada,emissions|electricity,kt N2O/yr,2025,1.0549000502263757
canoe,reference,canada,emissions|electricity,kt N2O/yr,2030,1.242315953213623
canoe,reference,canada,emissions|electricity,kt N2O/yr,2035,0.8875090709978101
canoe,reference,canada,emissions|electricity,kt N2O/yr,2040,1.049537837615756
canoe,reference,canada,emissions|electricity,kt N2O/yr,2045,1.085257375654548
canoe,reference,canada,emissions|electricity,kt N2O/yr,2050,1.1393642590512454
canoe,reference,canada,emissions|industrial,Mt CO2-equiv/yr,2025,314.0392714281197
canoe,reference,canada,emissions|industrial,Mt CO2-equiv/yr,2030,307.2570854108282
canoe,reference,canada,emissions|industrial,Mt CO2-equiv/yr,2035,303.98889792920926
canoe,reference,canada,emissions|industrial,Mt CO2-equiv/yr,2040,300.6329596885924
canoe,reference,canada,emissions|industrial,Mt CO2-equiv/yr,2045,301.27697718249055
canoe,reference,canada,emissions|industrial,Mt CO2-equiv/yr,2050,306.7839299635583
canoe,reference,canada,emissions|industrial,Mt CO2/yr,2025,312.796860187955
canoe,reference,canada,emissions|industrial,Mt CO2/yr,2030,306.05896409623483
canoe,reference,canada,emissions|industrial,Mt CO2/yr,2035,302.81123862955627
canoe,reference,canada,emissions|industrial,Mt CO2/yr,2040,299.47680465214114
canoe,reference,canada,emissions|industrial,Mt CO2/yr,2045,300.12261889107856
canoe,reference,canada,emissions|industrial,Mt CO2/yr,2050,305.60788991088737
canoe,reference,canada,emissions|industrial,kt CH4/yr,2025,4.224444504101543
canoe,reference,canada,emissions|industrial,kt CH4/yr,2030,4.073019987836373
canoe,reference,canada,emissions|industrial,kt CH4/yr,2035,4.0014840727753285
canoe,reference,canada,emissions|industrial,kt CH4/yr,2040,3.9205388413976188
canoe,reference,canada,emissions|industrial,kt CH4/yr,2045,3.907876413474696
canoe,reference,canada,emissions|industrial,kt CH4/yr,2050,3.979124864716272
canoe,reference,canada,emissions|industrial,kt N2O/yr,2025,4.117680554870899
canoe,reference,canada,emissions|industrial,kt N2O/yr,2030,3.9709771152326185
canoe,reference,canada,emissions|industrial,kt N2O/yr,2035,3.903361696663845
canoe,reference,canada,emissions|industrial,kt N2O/yr,2040,3.832893577065342
canoe,reference,canada,emissions|industrial,kt N2O/yr,2045,3.827610804061947
canoe,reference,canada,emissions|industrial,kt N2O/yr,2050,3.8997236413818066
canoe,reference,canada,emissions|residential,Mt CO2-equiv/yr,2025,58.83660598174686
canoe,reference,canada,emissions|residential,Mt CO2-equiv/yr,2030,65.4080053159997
canoe,reference,canada,emissions|residential,Mt CO2-equiv/yr,2035,71.16496542425601
canoe,reference,canada,emissions|residential,Mt CO2-equiv/yr,2040,76.57825618252039
canoe,reference,canada,emissions|residential,Mt CO2-equiv/yr,2045,81.20609698112746
canoe,reference,canada,emissions|residential,Mt CO2-equiv/yr,2050,84.84713745475192
canoe,reference,canada,emissions|residential,Mt CO2/yr,2025,55.789928030964106
canoe,reference,canada,emissions|residential,Mt CO2/yr,2030,61.32258328148837
canoe,reference,canada,emissions|residential,Mt CO2/yr,2035,66.10727782226841
canoe,reference,canada,emissions|residential,Mt CO2/yr,2040,70.45826789338169
canoe,reference,canada,emissions|residential,Mt CO2/yr,2045,74.56548175278759
canoe,reference,canada,emissions|residential,Mt CO2/yr,2050,77.8588814703982
canoe,reference,canada,emissions|residential,kt CH4/yr,2025,41.81319733946455
canoe,reference,canada,emissions|residential,kt CH4/yr,2030,58.26682750772068
canoe,reference,canada,emissions|residential,kt CH4/yr,2035,73.35591589949244
canoe,reference,canada,emissions|residential,kt CH4/yr,2040,89.84422329329763
canoe,reference,canada,emissions|residential,kt CH4/yr,2045,97.82620517600216
canoe,reference,canada,emissions|residential,kt CH4/yr,2050,102.98746206858048
canoe,reference,canada,emissions|residential,kt N2O/yr,2025,6.871459430130977
canoe,reference,canada,emissions|residential,kt N2O/yr,2030,8.988831001472931
canoe,reference,canada,emissions|residential,kt N2O/yr,2035,11.002644527069133
canoe,reference,canada,emissions|residential,kt N2O/yr,2040,13.202747384669236
canoe,reference,canada,emissions|residential,kt N2O/yr,2045,14.291140961380124
canoe,reference,canada,emissions|residential,kt N2O/yr,2050,15.035190642644277
canoe,reference,canada,emissions|transportation,Mt CO2-equiv/yr,2025,198.49662817297806
canoe,reference,canada,emissions|transportation,Mt CO2-equiv/yr,2030,178.49260830328666
canoe,reference,canada,emissions|transportation,Mt CO2-equiv/yr,2035,150.61777488685948
canoe,reference,canada,emissions|transportation,Mt CO2-equiv/yr,2040,137.56210909521005
canoe,reference,canada,emissions|transportation,Mt CO2-equiv/yr,2045,134.99015064975237
canoe,reference,canada,emissions|transportation,Mt CO2-equiv/yr,2050,130.21196048655054
canoe,reference,canada,emissions|transportation,Mt CO2/yr,2025,192.39952632563742
canoe,reference,canada,emissions|transportation,Mt CO2/yr,2030,173.2796905304752
canoe,reference,canada,emissions|transportation,Mt CO2/yr,2035,146.38408415802155
canoe,reference,canada,emissions|transportation,Mt CO2/yr,2040,133.90944564553612
canoe,reference,canada,emissions|transportation,Mt CO2/yr,2045,131.47115955574617
canoe,reference,canada,emissions|transportation,Mt CO2/yr,2050,126.84681745204288
canoe,reference,canada,emissions|transportation,kt CH4/yr,2025,86.89590694317006
canoe,reference,canada,emissions|transportation,kt CH4/yr,2030,66.38358984344174
canoe,reference,canada,emissions|transportation,kt CH4/yr,2035,48.38662728868584
canoe,reference,canada,emissions|transportation,kt CH4/yr,2040,47.4798417308921
canoe,reference,canada,emissions|transportation,kt CH4/yr,2045,50.03308910962604
canoe,reference,canada,emissions|transportation,kt CH4/yr,2050,44.89498759212048
canoe,reference,canada,emissions|transportation,kt N2O/yr,2025,13.42130478226903
canoe,reference,canada,emissions|transportation,kt N2O/yr,2030,12.286363359506694
canoe,reference,canada,emissions|transportation,kt N2O/yr,2035,10.545293427331961
canoe,reference,canada,emissions|transportation,kt N2O/yr,2040,8.509992019073936
canoe,reference,canada,emissions|transportation,kt N2O/yr,2045,7.758478167988644
canoe,reference,canada,emissions|transportation,kt N2O/yr,2050,7.721917099698036
canoe,reference,canada,emissions|upstream,Mt CO2/yr,2025,85.7228495175379
canoe,reference,canada,emissions|upstream,Mt CO2/yr,2030,79.95158725968662
canoe,reference,canada,emissions|upstream,Mt CO2/yr,2035,72.29283834459628
canoe,reference,canada,emissions|upstream,Mt CO2/yr,2040,68.37603920450479
canoe,reference,canada,emissions|upstream,Mt CO2/yr,2045,67.83163698121321
canoe,reference,canada,emissions|upstream,Mt CO2/yr,2050,67.96575496102297
canoe,reference,manitoba,emissions|agriculture,Mt CO2-equiv/yr,2025,1.1879907707809352
canoe,reference,manitoba,emissions|agriculture,Mt CO2-equiv/yr,2030,1.3126677044027837
canoe,reference,manitoba,emissions|agriculture,Mt CO2-equiv/yr,2035,1.2724708751130986
canoe,reference,manitoba,emissions|agriculture,Mt CO2-equiv/yr,2040,1.2344770470924953
canoe,reference,manitoba,emissions|agriculture,Mt CO2-equiv/yr,2045,1.2384303099649765
canoe,reference,manitoba,emissions|agriculture,Mt CO2-equiv/yr,2050,1.260648958581672
canoe,reference,manitoba,emissions|agriculture,Mt CO2/yr,2025,1.1398048687040614
canoe,reference,manitoba,emissions|agriculture,Mt CO2/yr,2030,1.2594247993764287
canoe,reference,manitoba,emissions|agriculture,Mt CO2/yr,2035,1.2208583846903718
canoe,reference,manitoba,emissions|agriculture,Mt CO2/yr,2040,1.1844056148830704
canoe,reference,manitoba,emissions|agriculture,Mt CO2/yr,2045,1.1881985261523562
canoe,reference,manitoba,emissions|agriculture,Mt CO2/yr,2050,1.2095159627212513
canoe,reference,manitoba,emissions|agriculture,kt CH4/yr,2025,0.056863855684833105
canoe,reference,manitoba,emissions|agriculture,kt CH4/yr,2030,0.06283158981079355
canoe,reference,manitoba,emissions|agriculture,kt CH4/yr,2035,0.06090754771441037
canoe,reference,manitoba,emissions|agriculture,kt CH4/yr,2040,0.05908895419632658
canoe,reference,manitoba,emissions|agriculture,kt CH4/yr,2045,0.05927818261905385
canoe,reference,manitoba,emissions|agriculture,kt CH4/yr,2050,0.06034169503242897
canoe,reference,manitoba,emissions|agriculture,kt N2O/yr,2025,0.17067294548565012
canoe,reference,manitoba,emissions|agriculture,kt N2O/yr,2030,0.18858469051840512
canoe,reference,manitoba,emissions|agriculture,kt N2O/yr,2035,0.18280981350402564
canoe,reference,manitoba,emissions|agriculture,kt N2O/yr,2040,0.1773514340359233
canoe,reference,manitoba,emissions|agriculture,kt N2O/yr,2045,0.1779193945024376
canoe,reference,manitoba,emissions|agriculture,kt N2O/yr,2050,0.18111145933842251
canoe,reference,manitoba,emissions|commercial,Mt CO2-equiv/yr,2025,1.9355755208564167
canoe,reference,manitoba,emissions|commercial,Mt CO2-equiv/yr,2030,1.5877075474918567
canoe,reference,manitoba,emissions|commercial,Mt CO2-equiv/yr,2035,1.2344596528874905
canoe,reference,manitoba,emissions|commercial,Mt CO2-equiv/yr,2040,0.8767958933433572
canoe,reference,manitoba,emissions|commercial,Mt CO2-equiv/yr,2045,0.3418363153856831
canoe,reference,manitoba,emissions|commercial,Mt CO2-equiv/yr,2050,0.0636284262838266
canoe,reference,manitoba,emissions|commercial,Mt CO2/yr,2025,1.9250390409738483
canoe,reference,manitoba,emissions|commercial,Mt CO2/yr,2030,1.5790647182902617
canoe,reference,manitoba,emissions|commercial,Mt CO2/yr,2035,1.227739760453256
canoe,reference,manitoba,emissions|commercial,Mt CO2/yr,2040,0.8720229758354713
canoe,reference,manitoba,emissions|commercial,Mt CO2/yr,2045,0.33997549857880444
canoe,reference,manitoba,emissions|commercial,Mt CO2/yr,2050,0.06328205920784581
canoe,reference,manitoba,emissions|commercial,kt CH4/yr,2025,0.03680953206832697
canoe,reference,manitoba,emissions|commercial,kt CH4/yr,2030,0.030194002380577536
canoe,reference,manitoba,emissions|commercial,kt CH4/yr,2035,0.023476160806121617
canoe,reference,manitoba,emissions|commercial,kt CH4/yr,2040,0.01667434114847635
canoe,reference,manitoba,emissions|commercial,kt N2O/yr,2025,0.034819827631198265
canoe,reference,manitoba,emissions|commercial,kt N2O/yr,2030,0.028561894142966893
canoe,reference,manitoba,emissions|commercial,kt N2O/yr,2035,0.022207179140286217
canoe,reference,manitoba,emissions|commercial,kt N2O/yr,2040,0.01577302541026656
canoe,reference,manitoba,emissions|industrial,Mt CO2-equiv/yr,2025,5.5166791998603815
canoe,reference,manitoba,emissions|industrial,Mt CO2-equiv/yr,2030,5.696608111983248
canoe,reference,manitoba,emissions|industrial,Mt CO2-equiv/yr,2035,5.905862816461914
canoe,reference,manitoba,emissions|industrial,Mt CO2-equiv/yr,2040,6.030967159280944
canoe,reference,manitoba,emissions|industrial,Mt CO2-equiv/yr,2045,6.187611435378522
canoe,reference,manitoba,emissions|industrial,Mt CO2-equiv/yr,2050,6.408494056125498
canoe,reference,manitoba,emissions|industrial,Mt CO2/yr,2025,5.496601038618173
canoe,reference,manitoba,emissions|industrial,Mt CO2/yr,2030,5.67604707537917
canoe,reference,manitoba,emissions|industrial,Mt CO2/yr,2035,5.884511225910474
canoe,reference,manitoba,emissions|industrial,Mt CO2/yr,2040,6.009202363074245
canoe,reference,manitoba,emissions|industrial,Mt CO2/yr,2045,6.165257538771951
canoe,reference,manitoba,emissions|industrial,Mt CO2/yr,2050,6.385263154267372
canoe,reference,manitoba,emissions|industrial,kt CH4/yr,2025,0.06630992632362372
canoe,reference,manitoba,emissions|industrial,kt CH4/yr,2030,0.06779080486640253
canoe,reference,manitoba,emissions|industrial,kt CH4/yr,2035,0.0704596842277397
canoe,reference,manitoba,emissions|industrial,kt CH4/yr,2040,0.07173660406350721
canoe,reference,manitoba,emissions|industrial,kt CH4/yr,2045,0.0736330611671189
canoe,reference,manitoba,emissions|industrial,kt CH4/yr,2050,0.07652112524414427
canoe,reference,manitoba,emissions|industrial,kt N2O/yr,2025,0.06674535996594504
canoe,reference,manitoba,emissions|industrial,kt N2O/yr,2030,0.06836224920497125
canoe,reference,manitoba,emissions|industrial,kt N2O/yr,2035,0.07098431998767984
canoe,reference,manitoba,emissions|industrial,kt N2O/yr,2040,0.07236692767803446
canoe,reference,manitoba,emissions|industrial,kt N2O/yr,2045,0.07433029617670331
canoe,reference,manitoba,emissions|industrial,kt N2O/yr,2050,0.07724655792001403
canoe,reference,manitoba,emissions|residential,Mt CO2-equiv/yr,2025,1.393784864479978
canoe,reference,manitoba,emissions|residential,Mt CO2-equiv/yr,2030,1.468170274404693
canoe,reference,manitoba,emissions|residential,Mt CO2-equiv/yr,2035,1.5587994449574178
canoe,reference,manitoba,emissions|residential,Mt CO2-equiv/yr,2040,1.6780557497216335
canoe,reference,manitoba,emissions|residential,Mt CO2-equiv/yr,2045,1.832117030722768
canoe,reference,manitoba,emissions|residential,Mt CO2-equiv/yr,2050,1.9028653131624398
canoe,reference,manitoba,emissions|residential,Mt CO2/yr,2025,1.3592994778167227
canoe,reference,manitoba,emissions|residential,Mt CO2/yr,2030,1.4422363765420205
canoe,reference,manitoba,emissions|residential,Mt CO2/yr,2035,1.5413264400719733
canoe,reference,manitoba,emissions|residential,Mt CO2/yr,2040,1.6688910344450358
canoe,reference,manitoba,emissions|residential,Mt CO2/yr,2045,1.822110282718829
canoe,reference,manitoba,emissions|residential,Mt CO2/yr,2050,1.8924709828811879
canoe,reference,manitoba,emissions|residential,kt CH4/yr,2025,0.4443140381907207
canoe,reference,manitoba,emissions|residential,kt CH4/yr,2030,0.30660926309003694
canoe,reference,manitoba,emissions|residential,kt CH4/yr,2035,0.16924713035487052
canoe,reference,manitoba,emissions|residential,kt CH4/yr,2040,0.032379222872024896
canoe,reference,manitoba,emissions|residential,kt CH4/yr,2045,0.03536165980442291
canoe,reference,manitoba,emissions|residential,kt CH4/yr,2050,0.036745279291838566
canoe,reference,manitoba,emissions|residential,kt N2O/yr,2025,0.08074942698728754
canoe,reference,manitoba,emissions|residential,kt N2O/yr,2030,0.063548858853668
canoe,reference,manitoba,emissions|residential,kt N2O/yr,2035,0.046645000744859076
canoe,reference,manitoba,emissions|residential,kt N2O/yr,2040,0.030249439561708634
canoe,reference,manitoba,emissions|residential,kt N2O/yr,2045,0.033027917546852636
canoe,reference,manitoba,emissions|residential,kt N2O/yr,2050,0.03430572315181371
canoe,reference,manitoba,emissions|transportation,Mt CO2-equiv/yr,2025,4.851282993981181
canoe,reference,manitoba,emissions|transportation,Mt CO2-equiv/yr,2030,4.931613068636203
canoe,reference,manitoba,emissions|transportation,Mt CO2-equiv/yr,2035,4.694699749672421
canoe,reference,manitoba,emissions|transportation,Mt CO2-equiv/yr,2040,3.9936922087328446
canoe,reference,manitoba,emissions|transportation,Mt CO2-equiv/yr,2045,3.4940187251053905
canoe,reference,manitoba,emissions|transportation,Mt CO2-equiv/yr,2050,3.498635855898472
canoe,reference,manitoba,emissions|transportation,Mt CO2/yr,2025,4.700792640172464
canoe,reference,manitoba,emissions|transportation,Mt CO2/yr,2030,4.783043462681204
canoe,reference,manitoba,emissions|transportation,Mt CO2/yr,2035,4.556132143654646
canoe,reference,manitoba,emissions|transportation,Mt CO2/yr,2040,3.8849775220183753
canoe,reference,manitoba,emissions|transportation,Mt CO2/yr,2045,3.407775489879212
canoe,reference,manitoba,emissions|transportation,Mt CO2/yr,2050,3.414721918466732
canoe,reference,manitoba,emissions|transportation,kt CH4/yr,2025,1.5714213308500806
canoe,reference,manitoba,emissions|transportation,kt CH4/yr,2030,1.447611691066835
canoe,reference,manitoba,emissions|transportation,kt CH4/yr,2035,1.1795286111136616
canoe,reference,manitoba,emissions|transportation,kt CH4/yr,2040,0.6565753742379298
canoe,reference,manitoba,emissions|transportation,kt CH4/yr,2045,0.6847804381282021
canoe,reference,manitoba,emissions|transportation,kt CH4/yr,2050,0.7101069452721205
canoe,reference,manitoba,emissions|transportation,kt N2O/yr,2025,0.3900752616109543
canoe,reference,manitoba,emissions|transportation,kt N2O/yr,2030,0.3957379878339825
canoe,reference,manitoba,emissions|transportation,kt N2O/yr,2035,0.38659632556312906
canoe,reference,manitoba,emissions|transportation,kt N2O/yr,2040,0.33088120139505645
canoe,reference,manitoba,emissions|transportation,kt N2O/yr,2045,0.2456753679080757
canoe,reference,manitoba,emissions|transportation,kt N2O/yr,2050,0.23454557856696626
canoe,reference,manitoba,emissions|upstream,Mt CO2/yr,2025,2.1753308861530156
canoe,reference,manitoba,emissions|upstream,Mt CO2/yr,2030,2.2134601050956624
canoe,reference,manitoba,emissions|upstream,Mt CO2/yr,2035,2.1500895479728817
canoe,reference,manitoba,emissions|upstream,Mt CO2/yr,2040,1.960499389955591
canoe,reference,manitoba,emissions|upstream,Mt CO2/yr,2045,1.8182546901292236
canoe,reference,manitoba,emissions|upstream,Mt CO2/yr,2050,1.8260520247389405
canoe,reference,new brunswick,emissions|agriculture,Mt CO2-equiv/yr,2025,0.0726169537463529
canoe,reference,new brunswick,emissions|agriculture,Mt CO2-equiv/yr,2030,0.0802363419500422
canoe,reference,new brunswick,emissions|agriculture,Mt CO2-equiv/yr,2035,0.07777933632680002
canoe,reference,new brunswick,emissions|agriculture,Mt CO2-equiv/yr,2040,0.07545698897578144
canoe,reference,new brunswick,emissions|agriculture,Mt CO2-equiv/yr,2045,0.07569863987981551
canoe,reference,new brunswick,emissions|agriculture,Mt CO2-equiv/yr,2050,0.07705675775770729
canoe,reference,new brunswick,emissions|agriculture,Mt CO2/yr,2025,0.06965980618104176
canoe,reference,new brunswick,emissions|agriculture,Mt CO2/yr,2030,0.07696891346390916
canoe,reference,new brunswick,emissions|agriculture,Mt CO2/yr,2035,0.07461196337621182
canoe,reference,new brunswick,emissions|agriculture,Mt CO2/yr,2040,0.07238418793244865
canoe,reference,new brunswick,emissions|agriculture,Mt CO2/yr,2045,0.07261599819534242
canoe,reference,new brunswick,emissions|agriculture,Mt CO2/yr,2050,0.0739188100493814
canoe,reference,new brunswick,emissions|agriculture,kt N2O/yr,2025,0.010474555329541635
canoe,reference,new brunswick,emissions|agriculture,kt N2O/yr,2030,0.011573605884534228
canoe,reference,new brunswick,emissions|agriculture,kt N2O/yr,2035,0.011219197719251783
canoe,reference,new brunswick,emissions|agriculture,kt N2O/yr,2040,0.010884213193356817
canoe,reference,new brunswick,emissions|agriculture,kt N2O/yr,2045,0.010919069871228213
canoe,reference,new brunswick,emissions|agriculture,kt N2O/yr,2050,0.011114970141373208
canoe,reference,new brunswick,emissions|commercial,Mt CO2-equiv/yr,2025,0.43997530701782994
canoe,reference,new brunswick,emissions|commercial,Mt CO2-equiv/yr,2030,0.3390046098533492
canoe,reference,new brunswick,emissions|commercial,Mt CO2-equiv/yr,2035,0.11383582897156684
canoe,reference,new brunswick,emissions|commercial,Mt CO2-equiv/yr,2040,0.055822175807117715
canoe,reference,new brunswick,emissions|commercial,Mt CO2-equiv/yr,2045,0.04748020806703977
canoe,reference,new brunswick,emissions|commercial,Mt CO2-equiv/yr,2050,0.039016953216752394
canoe,reference,new brunswick,emissions|commercial,Mt CO2/yr,2025,0.4375802617606089
canoe,reference,new brunswick,emissions|commercial,Mt CO2/yr,2030,0.3371592076908764
canoe,reference,new brunswick,emissions|commercial,Mt CO2/yr,2035,0.11321615337175159
canoe,reference,new brunswick,emissions|commercial,Mt CO2/yr,2040,0.05551830275951239
canoe,reference,new brunswick,emissions|commercial,Mt CO2/yr,2045,0.04722174527303979
canoe,reference,new brunswick,emissions|commercial,Mt CO2/yr,2050,0.03880456091367887
canoe,reference,new brunswick,emissions|electricity,Mt CO2-equiv/yr,2025,1.0381304916659755
canoe,reference,new brunswick,emissions|electricity,Mt CO2-equiv/yr,2030,0.9020603876333891
canoe,reference,new brunswick,emissions|electricity,Mt CO2-equiv/yr,2035,0.681936745181497
canoe,reference,new brunswick,emissions|electricity,Mt CO2-equiv/yr,2040,0.9102729761083344
canoe,reference,new brunswick,emissions|electricity,Mt CO2-equiv/yr,2045,0.6346735777153409
canoe,reference,new brunswick,emissions|electricity,Mt CO2-equiv/yr,2050,0.5306277941122719
canoe,reference,new brunswick,emissions|electricity,Mt CO2/yr,2025,1.0237430487404984
canoe,reference,new brunswick,emissions|electricity,Mt CO2/yr,2030,0.8895201733541104
canoe,reference,new brunswick,emissions|electricity,Mt CO2/yr,2035,0.6724130120260496
canoe,reference,new brunswick,emissions|electricity,Mt CO2/yr,2040,0.8975583519903181
canoe,reference,new brunswick,emissions|electricity,Mt CO2/yr,2045,0.6257147753682549
canoe,reference,new brunswick,emissions|electricity,Mt CO2/yr,2050,0.5230705132427043
canoe,reference,new brunswick,emissions|electricity,kt CH4/yr,2025,0.26000453010520985
canoe,reference,new brunswick,emissions|electricity,kt CH4/yr,2030,0.22651139621454308
canoe,reference,new brunswick,emissions|electricity,kt CH4/yr,2035,0.17190427941773673
canoe,reference,new brunswick,emissions|electricity,kt CH4/yr,2040,0.22952576408922895
canoe,reference,new brunswick,emissions|electricity,kt CH4/yr,2045,0.16147455003703973
canoe,reference,new brunswick,emissions|electricity,kt CH4/yr,2050,0.13603510954269857
canoe,reference,new brunswick,emissions|electricity,kt N2O/yr,2025,0.026034124545597066
canoe,reference,new brunswick,emissions|electricity,kt N2O/yr,2030,0.022702912506816872
canoe,reference,new brunswick,emissions|electricity,kt N2O/yr,2035,0.017254261092093735
canoe,reference,new brunswick,emissions|electricity,kt N2O/yr,2040,0.023032610446639856
canoe,reference,new brunswick,emissions|electricity,kt N2O/yr,2045,0.01625463331903845
canoe,reference,new brunswick,emissions|electricity,kt N2O/yr,2050,0.013730028427040289
canoe,reference,new brunswick,emissions|industrial,Mt CO2-equiv/yr,2025,6.199481759552725
canoe,reference,new brunswick,emissions|industrial,Mt CO2-equiv/yr,2030,5.779107928497964
canoe,reference,new brunswick,emissions|industrial,Mt CO2-equiv/yr,2035,5.565796396726499
canoe,reference,new brunswick,emissions|industrial,Mt CO2-equiv/yr,2040,5.48147480669245
canoe,reference,new brunswick,emissions|industrial,Mt CO2-equiv/yr,2045,5.472358906348214
canoe,reference,new brunswick,emissions|industrial,Mt CO2-equiv/yr,2050,5.5625032709617805
canoe,reference,new brunswick,emissions|industrial,Mt CO2/yr,2025,6.181242363050667
canoe,reference,new brunswick,emissions|industrial,Mt CO2/yr,2030,5.762349574040945
canoe,reference,new brunswick,emissions|industrial,Mt CO2/yr,2035,5.54992075773953
canoe,reference,new brunswick,emissions|industrial,Mt CO2/yr,2040,5.465902482664727
canoe,reference,new brunswick,emissions|industrial,Mt CO2/yr,2045,5.4567483811388655
canoe,reference,new brunswick,emissions|industrial,Mt CO2/yr,2050,5.546517018103061
canoe,reference,new brunswick,emissions|industrial,kt CH4/yr,2025,0.058295310495030804
canoe,reference,new brunswick,emissions|industrial,kt CH4/yr,2030,0.053530717732424064
canoe,reference,new brunswick,emissions|industrial,kt CH4/yr,2035,0.05061959494325077
canoe,reference,new brunswick,emissions|industrial,kt CH4/yr,2040,0.04955907267983614
canoe,reference,new brunswick,emissions|industrial,kt CH4/yr,2045,0.04961876169096463
canoe,reference,new brunswick,emissions|industrial,kt CH4/yr,2050,0.05077586410359561
canoe,reference,new brunswick,emissions|industrial,kt N2O/yr,2025,0.060831969904511354
canoe,reference,new brunswick,emissions|industrial,kt N2O/yr,2030,0.055895583656877926
canoe,reference,new brunswick,emissions|industrial,kt N2O/yr,2035,0.0529607703585194
canoe,reference,new brunswick,emissions|industrial,kt N2O/yr,2040,0.05195849806863477
canoe,reference,new brunswick,emissions|industrial,kt N2O/yr,2045,0.0520923071876431
canoe,reference,new brunswick,emissions|industrial,kt N2O/yr,2050,0.053349921771800375
canoe,reference,new brunswick,emissions|residential,Mt CO2-equiv/yr,2025,0.5891170811839255
canoe,reference,new brunswick,emissions|residential,Mt CO2-equiv/yr,2030,0.532628377227603
canoe,reference,new brunswick,emissions|residential,Mt CO2-equiv/yr,2035,0.3858437535893853
canoe,reference,new brunswick,emissions|residential,Mt CO2-equiv/yr,2040,0.20427905313943728
canoe,reference,new brunswick,emissions|residential,Mt CO2-equiv/yr,2045,0.14084669616967904
canoe,reference,new brunswick,emissions|residential,Mt CO2-equiv/yr,2050,0.14462418492509047
canoe,reference,new brunswick,emissions|residential,Mt CO2/yr,2025,0.531393837788871
canoe,reference,new brunswick,emissions|residential,Mt CO2/yr,2030,0.4749237539959793
canoe,reference,new brunswick,emissions|residential,Mt CO2/yr,2035,0.35282597676966876
canoe,reference,new brunswick,emissions|residential,Mt CO2/yr,2040,0.19683993489654533
canoe,reference,new brunswick,emissions|residential,Mt CO2/yr,2045,0.14004037030468397
canoe,reference,new brunswick,emissions|residential,Mt CO2/yr,2050,0.1437955027800037
canoe,reference,new brunswick,emissions|residential,kt CH4/yr,2025,0.7252022341688783
canoe,reference,new brunswick,emissions|residential,kt CH4/yr,2030,0.7878458619966017
canoe,reference,new brunswick,emissions|residential,kt CH4/yr,2035,0.4402813472465237
canoe,reference,new brunswick,emissions|residential,kt CH4/yr,2040,0.08324571822779665
canoe,reference,new brunswick,emissions|residential,kt N2O/yr,2025,0.13706073566640212
canoe,reference,new brunswick,emissions|residential,kt N2O/yr,2030,0.13056754246751767
canoe,reference,new brunswick,emissions|residential,kt N2O/yr,2035,0.07578717616850653
canoe,reference,new brunswick,emissions|residential,kt N2O/yr,2040,0.018711494980084585
canoe,reference,new brunswick,emissions|transportation,Mt CO2-equiv/yr,2025,8.985965562242338
canoe,reference,new brunswick,emissions|transportation,Mt CO2-equiv/yr,2030,7.969566115788059
canoe,reference,new brunswick,emissions|transportation,Mt CO2-equiv/yr,2035,6.555805381477741
canoe,reference,new brunswick,emissions|transportation,Mt CO2-equiv/yr,2040,5.44486007461094
canoe,reference,new brunswick,emissions|transportation,Mt CO2-equiv/yr,2045,5.106231039357635
canoe,reference,new brunswick,emissions|transportation,Mt CO2-equiv/yr,2050,5.106333480334743
canoe,reference,new brunswick,emissions|transportation,Mt CO2/yr,2025,8.751267598053063
canoe,reference,new brunswick,emissions|transportation,Mt CO2/yr,2030,7.77269928765074
canoe,reference,new brunswick,emissions|transportation,Mt CO2/yr,2035,6.408900627179434
canoe,reference,new brunswick,emissions|transportation,Mt CO2/yr,2040,5.343609324755724
canoe,reference,new brunswick,emissions|transportation,Mt CO2/yr,2045,5.014358996219416
canoe,reference,new brunswick,emissions|transportation,Mt CO2/yr,2050,5.014016111978741
canoe,reference,new brunswick,emissions|transportation,kt CH4/yr,2025,1.9318036757446924
canoe,reference,new brunswick,emissions|transportation,kt CH4/yr,2030,1.3699412796565618
canoe,reference,new brunswick,emissions|transportation,kt CH4/yr,2035,0.7222712578651606
canoe,reference,new brunswick,emissions|transportation,kt CH4/yr,2040,0.5193974710524772
canoe,reference,new brunswick,emissions|transportation,kt CH4/yr,2045,0.5719586699373791
canoe,reference,new brunswick,emissions|transportation,kt CH4/yr,2050,0.659592786489244
canoe,reference,new brunswick,emissions|transportation,kt N2O/yr,2025,0.6615655550905402
canoe,reference,new brunswick,emissions|transportation,kt N2O/yr,2030,0.5806170910886854
canoe,reference,new brunswick,emissions|transportation,kt N2O/yr,2035,0.46403352712783397
canoe,reference,new brunswick,emissions|transportation,kt N2O/yr,2040,0.3176103095648287
canoe,reference,new brunswick,emissions|transportation,kt N2O/yr,2045,0.2778651786802676
canoe,reference,new brunswick,emissions|transportation,kt N2O/yr,2050,0.2705083154537336
canoe,reference,new brunswick,emissions|upstream,Mt CO2/yr,2025,2.5358754817794535
canoe,reference,new brunswick,emissions|upstream,Mt CO2/yr,2030,2.215750933058977
canoe,reference,new brunswick,emissions|upstream,Mt CO2/yr,2035,1.8417651257009848
canoe,reference,new brunswick,emissions|upstream,Mt CO2/yr,2040,1.5414190110030275
canoe,reference,new brunswick,emissions|upstream,Mt CO2/yr,2045,1.4449839059783844
canoe,reference,new brunswick,emissions|upstream,Mt CO2/yr,2050,1.4502762727747416
canoe,reference,newfoundland and labrador,emissions|agriculture,Mt CO2-equiv/yr,2025,0.0379721827898072
canoe,reference,newfoundland and labrador,emissions|agriculture,Mt CO2-equiv/yr,2030,0.041957319952578044
canoe,reference,newfoundland and labrador,emissions|agriculture,Mt CO2-equiv/yr,2035,0.040672312451463764
canoe,reference,newfoundland and labrador,emissions|agriculture,Mt CO2-equiv/yr,2040,0.03945791177028001
canoe,reference,newfoundland and labrador,emissions|agriculture,Mt CO2-equiv/yr,2045,0.0395842768167958
canoe,reference,newfoundland and labrador,emissions|agriculture,Mt CO2-equiv/yr,2050,0.04029446396446541
canoe,reference,newfoundland and labrador,emissions|agriculture,Mt CO2/yr,2025,0.03642585865896237
canoe,reference,newfoundland and labrador,emissions|agriculture,Mt CO2/yr,2030,0.040248710872415716
canoe,reference,newfoundland and labrador,emissions|agriculture,Mt CO2/yr,2035,0.03901603215414463
canoe,reference,newfoundland and labrador,emissions|agriculture,Mt CO2/yr,2040,0.037851084966014546
canoe,reference,newfoundland and labrador,emissions|agriculture,Mt CO2/yr,2045,0.037972304105543524
canoe,reference,newfoundland and labrador,emissions|agriculture,Mt CO2/yr,2050,0.038653570621235346
canoe,reference,newfoundland and labrador,emissions|commercial,Mt CO2-equiv/yr,2025,0.37049080904409715
canoe,reference,newfoundland and labrador,emissions|commercial,Mt CO2/yr,2025,0.35540347836699704
canoe,reference,newfoundland and labrador,emissions|commercial,kt CH4/yr,2025,0.01778297110538597
canoe,reference,newfoundland and labrador,emissions|commercial,kt N2O/yr,2025,0.05344105306281793
canoe,reference,newfoundland and labrador,emissions|industrial,Mt CO2-equiv/yr,2025,3.146238797242764
canoe,reference,newfoundland and labrador,emissions|industrial,Mt CO2-equiv/yr,2030,3.4332560386475457
canoe,reference,newfoundland and labrador,emissions|industrial,Mt CO2-equiv/yr,2035,3.1281929942477964
canoe,reference,newfoundland and labrador,emissions|industrial,Mt CO2-equiv/yr,2040,2.557338062372712
canoe,reference,newfoundland and labrador,emissions|industrial,Mt CO2-equiv/yr,2045,2.169025616358531
canoe,reference,newfoundland and labrador,emissions|industrial,Mt CO2-equiv/yr,2050,2.172325917022342
canoe,reference,newfoundland and labrador,emissions|industrial,Mt CO2/yr,2025,3.134769929203117
canoe,reference,newfoundland and labrador,emissions|industrial,Mt CO2/yr,2030,3.4199126232006662
canoe,reference,newfoundland and labrador,emissions|industrial,Mt CO2/yr,2035,3.1162802260972944
canoe,reference,newfoundland and labrador,emissions|industrial,Mt CO2/yr,2040,2.548510857709843
canoe,reference,newfoundland and labrador,emissions|industrial,Mt CO2/yr,2045,2.162363981374449
canoe,reference,newfoundland and labrador,emissions|industrial,Mt CO2/yr,2050,2.1659133621333906
canoe,reference,newfoundland and labrador,emissions|industrial,kt CH4/yr,2025,0.037444147484009274
canoe,reference,newfoundland and labrador,emissions|industrial,kt CH4/yr,2030,0.04519153193506194
canoe,reference,newfoundland and labrador,emissions|industrial,kt CH4/yr,2035,0.04035531907285002
canoe,reference,newfoundland and labrador,emissions|industrial,kt CH4/yr,2040,0.028993929790658096
canoe,reference,newfoundland and labrador,emissions|industrial,kt CH4/yr,2045,0.02091391395668413
canoe,reference,newfoundland and labrador,emissions|industrial,kt CH4/yr,2050,0.019718945317037894
canoe,reference,newfoundland and labrador,emissions|industrial,kt N2O/yr,2025,0.038170080190421694
canoe,reference,newfoundland and labrador,emissions|industrial,kt N2O/yr,2030,0.04424195064374154
canoe,reference,newfoundland and labrador,emissions|industrial,kt N2O/yr,2035,0.03949750619913406
canoe,reference,newfoundland and labrador,emissions|industrial,kt N2O/yr,2040,0.02936034657201871
canoe,reference,newfoundland and labrador,emissions|industrial,kt N2O/yr,2045,0.022256576504755113
canoe,reference,newfoundland and labrador,emissions|industrial,kt N2O/yr,2050,0.02146675609652584
canoe,reference,newfoundland and labrador,emissions|residential,Mt CO2-equiv/yr,2025,0.9510017550530956
canoe,reference,newfoundland and labrador,emissions|residential,Mt CO2-equiv/yr,2030,1.2045346018198297
canoe,reference,newfoundland and labrador,emissions|residential,Mt CO2-equiv/yr,2035,1.5131806351158879
canoe,reference,newfoundland and labrador,emissions|residential,Mt CO2-equiv/yr,2040,1.7715634274406438
canoe,reference,newfoundland and labrador,emissions|residential,Mt CO2-equiv/yr,2045,1.9348380254303696
canoe,reference,newfoundland and labrador,emissions|residential,Mt CO2-equiv/yr,2050,1.916860106053589
canoe,reference,newfoundland and labrador,emissions|residential,Mt CO2/yr,2025,0.8094623237200005
canoe,reference,newfoundland and labrador,emissions|residential,Mt CO2/yr,2030,1.0163892656271962
canoe,reference,newfoundland and labrador,emissions|residential,Mt CO2/yr,2035,1.269102430358485
canoe,reference,newfoundland and labrador,emissions|residential,Mt CO2/yr,2040,1.4774836255892545
canoe,reference,newfoundland and labrador,emissions|residential,Mt CO2/yr,2045,1.6082666769343323
canoe,reference,newfoundland and labrador,emissions|residential,Mt CO2/yr,2050,1.5933384485924673
canoe,reference,newfoundland and labrador,emissions|residential,kt CH4/yr,2025,2.0560801817674332
canoe,reference,newfoundland and labrador,emissions|residential,kt CH4/yr,2030,2.7859559493526644
canoe,reference,newfoundland and labrador,emissions|residential,kt CH4/yr,2035,3.657108248193207
canoe,reference,newfoundland and labrador,emissions|residential,kt CH4/yr,2040,4.437923916030888
canoe,reference,newfoundland and labrador,emissions|residential,kt CH4/yr,2045,4.945807504211767
canoe,reference,newfoundland and labrador,emissions|residential,kt CH4/yr,2050,4.899615075536647
canoe,reference,newfoundland and labrador,emissions|residential,kt N2O/yr,2025,0.3075794367877365
canoe,reference,newfoundland and labrador,emissions|residential,kt N2O/yr,2030,0.4034379839184592
canoe,reference,newfoundland and labrador,emissions|residential,kt N2O/yr,2035,0.5189713326244177
canoe,reference,newfoundland and labrador,emissions|residential,kt N2O/yr,2040,0.6220437076956093
canoe,reference,newfoundland and labrador,emissions|residential,kt N2O/yr,2045,0.6889697376429234
canoe,reference,newfoundland and labrador,emissions|residential,kt N2O/yr,2050,0.6825363932033651
canoe,reference,newfoundland and labrador,emissions|transportation,Mt CO2-equiv/yr,2025,8.880600444082619
canoe,reference,newfoundland and labrador,emissions|transportation,Mt CO2-equiv/yr,2030,7.841586233710694
canoe,reference,newfoundland and labrador,emissions|transportation,Mt CO2-equiv/yr,2035,6.1744770151915995
canoe,reference,newfoundland and labrador,emissions|transportation,Mt CO2-equiv/yr,2040,4.201579978241098
canoe,reference,newfoundland and labrador,emissions|transportation,Mt CO2-equiv/yr,2045,3.7857522707716296
canoe,reference,newfoundland and labrador,emissions|transportation,Mt CO2-equiv/yr,2050,3.6537597928727235
canoe,reference,newfoundland and labrador,emissions|transportation,Mt CO2/yr,2025,8.634524279149907
canoe,reference,newfoundland and labrador,emissions|transportation,Mt CO2/yr,2030,7.635078972025847
canoe,reference,newfoundland and labrador,emissions|transportation,Mt CO2/yr,2035,6.025864415040941
canoe,reference,newfoundland and labrador,emissions|transportation,Mt CO2/yr,2040,4.1271991477539105
canoe,reference,newfoundland and labrador,emissions|transportation,Mt CO2/yr,2045,3.7241293786029988
canoe,reference,newfoundland and labrador,emissions|transportation,Mt CO2/yr,2050,3.596116784312217
canoe,reference,newfoundland and labrador,emissions|transportation,kt CH4/yr,2025,2.7980914204626885
canoe,reference,newfoundland and labrador,emissions|transportation,kt CH4/yr,2030,2.1454754932275835
canoe,reference,newfoundland and labrador,emissions|transportation,kt CH4/yr,2035,1.2219171232092905
canoe,reference,newfoundland and labrador,emissions|transportation,kt CH4/yr,2040,0.2985368793142538
canoe,reference,newfoundland and labrador,emissions|transportation,kt CH4/yr,2045,0.276260056775267
canoe,reference,newfoundland and labrador,emissions|transportation,kt CH4/yr,2050,0.29100326124792564
canoe,reference,newfoundland and labrador,emissions|transportation,kt N2O/yr,2025,0.6143939986441536
canoe,reference,newfoundland and labrador,emissions|transportation,kt N2O/yr,2030,0.5363880633366134
canoe,reference,newfoundland and labrador,emissions|transportation,kt N2O/yr,2035,0.41904364218308393
canoe,reference,newfoundland and labrador,emissions|transportation,kt N2O/yr,2040,0.24183806345533027
canoe,reference,newfoundland and labrador,emissions|transportation,kt N2O/yr,2045,0.19739049241438109
canoe,reference,newfoundland and labrador,emissions|transportation,kt N2O/yr,2050,0.1813000546499688
canoe,reference,newfoundland and labrador,emissions|upstream,Mt CO2/yr,2025,2.2355708048838396
canoe,reference,newfoundland and labrador,emissions|upstream,Mt CO2/yr,2030,1.8951713103894887
canoe,reference,newfoundland and labrador,emissions|upstream,Mt CO2/yr,2035,1.4948742762166285
canoe,reference,newfoundland and labrador,emissions|upstream,Mt CO2/yr,2040,0.9823795570770488
canoe,reference,newfoundland and labrador,emissions|upstream,Mt CO2/yr,2045,0.8594291028730858
canoe,reference,newfoundland and labrador,emissions|upstream,Mt CO2/yr,2050,0.8387690678065658
canoe,reference,nova scotia,emissions|agriculture,Mt CO2-equiv/yr,2025,0.12604901074435554
canoe,reference,nova scotia,emissions|agriculture,Mt CO2-equiv/yr,2030,0.13927735200658517
canoe,reference,nova scotia,emissions|agriculture,Mt CO2-equiv/yr,2035,0.13501141812850967
canoe,reference,nova scotia,emissions|agriculture,Mt CO2-equiv/yr,2040,0.13098021805549828
canoe,reference,nova scotia,emissions|agriculture,Mt CO2-equiv/yr,2045,0.1313996801063486
canoe,reference,nova scotia,emissions|agriculture,Mt CO2-equiv/yr,2050,0.13375713492878077
canoe,reference,nova scotia,emissions|agriculture,Mt CO2/yr,2025,0.12091597354019894
canoe,reference,nova scotia,emissions|agriculture,Mt CO2/yr,2030,0.13360562300748843
canoe,reference,nova scotia,emissions|agriculture,Mt CO2/yr,2035,0.12951340883714665
canoe,reference,nova scotia,emissions|agriculture,Mt CO2/yr,2040,0.12564636951264074
canoe,reference,nova scotia,emissions|agriculture,Mt CO2/yr,2045,0.12604874999894697
canoe,reference,nova scotia,emissions|agriculture,Mt CO2/yr,2050,0.12831020324834655
canoe,reference,nova scotia,emissions|agriculture,kt N2O/yr,2025,0.018181805613706994
canoe,reference,nova scotia,emissions|agriculture,kt N2O/yr,2030,0.02008991364249142
canoe,reference,nova scotia,emissions|agriculture,kt N2O/yr,2035,0.019474578543278276
canoe,reference,nova scotia,emissions|agriculture,kt N2O/yr,2040,0.018893102372345802
canoe,reference,nova scotia,emissions|agriculture,kt N2O/yr,2045,0.018953607230145556
canoe,reference,nova scotia,emissions|agriculture,kt N2O/yr,2050,0.01929365579594898
canoe,reference,nova scotia,emissions|commercial,Mt CO2-equiv/yr,2025,0.6107508055036135
canoe,reference,nova scotia,emissions|commercial,Mt CO2-equiv/yr,2030,0.4308092300319908
canoe,reference,nova scotia,emissions|commercial,Mt CO2-equiv/yr,2035,0.2651731381166477
canoe,reference,nova scotia,emissions|commercial,Mt CO2-equiv/yr,2040,0.11713115222034517
canoe,reference,nova scotia,emissions|commercial,Mt CO2-equiv/yr,2045,0.10803096766127973
canoe,reference,nova scotia,emissions|commercial,Mt CO2-equiv/yr,2050,0.0981012839077897
canoe,reference,nova scotia,emissions|commercial,Mt CO2/yr,2025,0.6045257707098309
canoe,reference,nova scotia,emissions|commercial,Mt CO2/yr,2030,0.4284640601087881
canoe,reference,nova scotia,emissions|commercial,Mt CO2/yr,2035,0.2637296211983631
canoe,reference,nova scotia,emissions|commercial,Mt CO2/yr,2040,0.11649351895832337
canoe,reference,nova scotia,emissions|commercial,Mt CO2/yr,2045,0.10744289134744318
canoe,reference,nova scotia,emissions|commercial,Mt CO2/yr,2050,0.09756726072284509
canoe,reference,nova scotia,emissions|commercial,kt CH4/yr,2025,0.013997460257225296
canoe,reference,nova scotia,emissions|commercial,kt N2O/yr,2025,0.02136668826114343
canoe,reference,nova scotia,emissions|electricity,Mt CO2-equiv/yr,2025,0.7322405705927554
canoe,reference,nova scotia,emissions|electricity,Mt CO2-equiv/yr,2030,0.8217896815618115
canoe,reference,nova scotia,emissions|electricity,Mt CO2-equiv/yr,2035,0.8735745863422058
canoe,reference,nova scotia,emissions|electricity,Mt CO2-equiv/yr,2040,1.0631727357760772
canoe,reference,nova scotia,emissions|electricity,Mt CO2-equiv/yr,2045,1.1300580989121907
canoe,reference,nova scotia,emissions|electricity,Mt CO2-equiv/yr,2050,0.9874421732622656
canoe,reference,nova scotia,emissions|electricity,Mt CO2/yr,2025,0.7224484868456921
canoe,reference,nova scotia,emissions|electricity,Mt CO2/yr,2030,0.81128587491948
canoe,reference,nova scotia,emissions|electricity,Mt CO2/yr,2035,0.8624533924595434
canoe,reference,nova scotia,emissions|electricity,Mt CO2/yr,2040,1.049542650417573
canoe,reference,nova scotia,emissions|electricity,Mt CO2/yr,2045,1.1151463089749731
canoe,reference,nova scotia,emissions|electricity,Mt CO2/yr,2050,0.9747249602477015
canoe,reference,nova scotia,emissions|electricity,kt CH4/yr,2025,0.17576521626683286
canoe,reference,nova scotia,emissions|electricity,kt CH4/yr,2030,0.1868911699506757
canoe,reference,nova scotia,emissions|electricity,kt CH4/yr,2035,0.19745128074162976
canoe,reference,nova scotia,emissions|electricity,kt CH4/yr,2040,0.24225484158470761
canoe,reference,nova scotia,emissions|electricity,kt CH4/yr,2045,0.2663374894080191
canoe,reference,nova scotia,emissions|electricity,kt CH4/yr,2050,0.2256531998435742
canoe,reference,nova scotia,emissions|electricity,kt N2O/yr,2025,0.017841236764405407
canoe,reference,nova scotia,emissions|electricity,kt N2O/yr,2030,0.019307156870403165
canoe,reference,nova scotia,emissions|electricity,kt N2O/yr,2035,0.02048556029588254
canoe,reference,nova scotia,emissions|electricity,kt N2O/yr,2040,0.025080401901600068
canoe,reference,nova scotia,emissions|electricity,kt N2O/yr,2045,0.027305275279231052
canoe,reference,nova scotia,emissions|electricity,kt N2O/yr,2050,0.023439279668598604
canoe,reference,nova scotia,emissions|industrial,Mt CO2-equiv/yr,2025,1.5812003435403712
canoe,reference,nova scotia,emissions|industrial,Mt CO2-equiv/yr,2030,1.65589991994855
canoe,reference,nova scotia,emissions|industrial,Mt CO2-equiv/yr,2035,1.7049787261143985
canoe,reference,nova scotia,emissions|industrial,Mt CO2-equiv/yr,2040,1.7428726010371607
canoe,reference,nova scotia,emissions|industrial,Mt CO2-equiv/yr,2045,1.7852250218576968
canoe,reference,nova scotia,emissions|industrial,Mt CO2-equiv/yr,2050,1.8238113885864495
canoe,reference,nova scotia,emissions|industrial,Mt CO2/yr,2025,1.576840226816807
canoe,reference,nova scotia,emissions|industrial,Mt CO2/yr,2030,1.6514577903992622
canoe,reference,nova scotia,emissions|industrial,Mt CO2/yr,2035,1.7004753550036367
canoe,reference,nova scotia,emissions|industrial,Mt CO2/yr,2040,1.738317987510957
canoe,reference,nova scotia,emissions|industrial,Mt CO2/yr,2045,1.7805853534178788
canoe,reference,nova scotia,emissions|industrial,Mt CO2/yr,2050,1.8190847202748803
canoe,reference,nova scotia,emissions|industrial,kt CH4/yr,2025,0.012981319049138913
canoe,reference,nova scotia,emissions|industrial,kt CH4/yr,2030,0.013139592772956205
canoe,reference,nova scotia,emissions|industrial,kt CH4/yr,2035,0.013259842638730746
canoe,reference,nova scotia,emissions|industrial,kt CH4/yr,2040,0.013381746929419335
canoe,reference,nova scotia,emissions|industrial,kt CH4/yr,2045,0.013603890359943225
canoe,reference,nova scotia,emissions|industrial,kt CH4/yr,2050,0.013845351221834957
canoe,reference,nova scotia,emissions|industrial,kt N2O/yr,2025,0.014639706182562906
canoe,reference,nova scotia,emissions|industrial,kt N2O/yr,2030,0.014923886262134853
canoe,reference,nova scotia,emissions|industrial,kt N2O/yr,2035,0.015135881007277375
canoe,reference,nova scotia,emissions|industrial,kt N2O/yr,2040,0.015311079158872224
canoe,reference,nova scotia,emissions|industrial,kt N2O/yr,2045,0.015599851677651029
canoe,reference,nova scotia,emissions|industrial,kt N2O/yr,2050,0.015893767310013282
canoe,reference,nova scotia,emissions|residential,Mt CO2-equiv/yr,2025,1.2640438356097372
canoe,reference,nova scotia,emissions|residential,Mt CO2-equiv/yr,2030,1.0860278768336686
canoe,reference,nova scotia,emissions|residential,Mt CO2-equiv/yr,2035,0.7074214056150128
canoe,reference,nova scotia,emissions|residential,Mt CO2-equiv/yr,2040,0.3409033588071822
canoe,reference,nova scotia,emissions|residential,Mt CO2-equiv/yr,2045,0.16898450962153905
canoe,reference,nova scotia,emissions|residential,Mt CO2-equiv/yr,2050,0.17357709823131287
canoe,reference,nova scotia,emissions|residential,Mt CO2/yr,2025,1.1707311672704526
canoe,reference,nova scotia,emissions|residential,Mt CO2/yr,2030,0.9835222225221005
canoe,reference,nova scotia,emissions|residential,Mt CO2/yr,2035,0.6482846285945068
canoe,reference,nova scotia,emissions|residential,Mt CO2/yr,2040,0.3243388014539612
canoe,reference,nova scotia,emissions|residential,Mt CO2/yr,2045,0.1679117366818915
canoe,reference,nova scotia,emissions|residential,Mt CO2/yr,2050,0.17245644296590787
canoe,reference,nova scotia,emissions|residential,kt CH4/yr,2025,0.9142667553969458
canoe,reference,nova scotia,emissions|residential,kt CH4/yr,2030,1.2532193954775384
canoe,reference,nova scotia,emissions|residential,kt CH4/yr,2035,0.723083712969629
canoe,reference,nova scotia,emissions|residential,kt CH4/yr,2040,0.1763720446132093
canoe,reference,nova scotia,emissions|residential,kt N2O/yr,2025,0.24803369665489883
canoe,reference,nova scotia,emissions|residential,kt N2O/yr,2030,0.24694326460028754
canoe,reference,nova scotia,emissions|residential,kt N2O/yr,2035,0.14245579873282221
canoe,reference,nova scotia,emissions|residential,kt N2O/yr,2040,0.042586593774833925
canoe,reference,nova scotia,emissions|transportation,Mt CO2-equiv/yr,2025,9.761509712088777
canoe,reference,nova scotia,emissions|transportation,Mt CO2-equiv/yr,2030,8.637224871882925
canoe,reference,nova scotia,emissions|transportation,Mt CO2-equiv/yr,2035,7.047116828390477
canoe,reference,nova scotia,emissions|transportation,Mt CO2-equiv/yr,2040,5.905665465043575
canoe,reference,nova scotia,emissions|transportation,Mt CO2-equiv/yr,2045,5.522701354972583
canoe,reference,nova scotia,emissions|transportation,Mt CO2-equiv/yr,2050,5.508471720174493
canoe,reference,nova scotia,emissions|transportation,Mt CO2/yr,2025,9.500794383013403
canoe,reference,nova scotia,emissions|transportation,Mt CO2/yr,2030,8.418837042344663
canoe,reference,nova scotia,emissions|transportation,Mt CO2/yr,2035,6.884608412504496
canoe,reference,nova scotia,emissions|transportation,Mt CO2/yr,2040,5.790088161779791
canoe,reference,nova scotia,emissions|transportation,Mt CO2/yr,2045,5.418003345472676
canoe,reference,nova scotia,emissions|transportation,Mt CO2/yr,2050,5.403566438401691
canoe,reference,nova scotia,emissions|transportation,kt CH4/yr,2025,2.3971216631468533
canoe,reference,nova scotia,emissions|transportation,kt CH4/yr,2030,1.7294109881541695
canoe,reference,nova scotia,emissions|transportation,kt CH4/yr,2035,0.9468751794987739
canoe,reference,nova scotia,emissions|transportation,kt CH4/yr,2040,0.7537801292824949
canoe,reference,nova scotia,emissions|transportation,kt CH4/yr,2045,0.7746822371437242
canoe,reference,nova scotia,emissions|transportation,kt CH4/yr,2050,0.8523031790889201
canoe,reference,nova scotia,emissions|transportation,kt N2O/yr,2025,0.7091422836088856
canoe,reference,nova scotia,emissions|transportation,kt N2O/yr,2030,0.6225799122261408
canoe,reference,nova scotia,emissions|transportation,kt N2O/yr,2035,0.49815349913652157
canoe,reference,nova scotia,emissions|transportation,kt N2O/yr,2040,0.3460492815598253
canoe,reference,nova scotia,emissions|transportation,kt N2O/yr,2045,0.3040545837267835
canoe,reference,nova scotia,emissions|transportation,kt N2O/yr,2050,0.29685271421814496
canoe,reference,nova scotia,emissions|upstream,Mt CO2/yr,2025,2.398869998757548
canoe,reference,nova scotia,emissions|upstream,Mt CO2/yr,2030,2.0669575774122673
canoe,reference,nova scotia,emissions|upstream,Mt CO2/yr,2035,1.6776208352210795
canoe,reference,nova scotia,emissions|upstream,Mt CO2/yr,2040,1.3472195365391038
canoe,reference,nova scotia,emissions|upstream,Mt CO2/yr,2045,1.2471990114585756
canoe,reference,nova scotia,emissions|upstream,Mt CO2/yr,2050,1.240736743902701
canoe,reference,ontario,emissions|agriculture,Mt CO2-equiv/yr,2025,3.156698640560169
canoe,reference,ontario,emissions|agriculture,Mt CO2-equiv/yr,2030,3.4879870731264813
canoe,reference,ontario,emissions|agriculture,Mt CO2-equiv/yr,2035,3.381177197692763
canoe,reference,ontario,emissions|agriculture,Mt CO2-equiv/yr,2040,3.280221133852029
canoe,reference,ontario,emissions|agriculture,Mt CO2-equiv/yr,2045,3.2907258313496586
canoe,reference,ontario,emissions|agriculture,Mt CO2-equiv/yr,2050,3.3497648957472705
canoe,reference,ontario,emissions|agriculture,Mt CO2/yr,2025,3.0826121116843694
canoe,reference,ontario,emissions|agriculture,Mt CO2/yr,2030,3.4061253286638804
canoe,reference,ontario,emissions|agriculture,Mt CO2/yr,2035,3.301822239641247
canoe,reference,ontario,emissions|agriculture,Mt CO2/yr,2040,3.203235575272376
canoe,reference,ontario,emissions|agriculture,Mt CO2/yr,2045,3.2134937297437807
canoe,reference,ontario,emissions|agriculture,Mt CO2/yr,2050,3.271147167256914
canoe,reference,ontario,emissions|agriculture,kt CH4/yr,2025,0.1067766967902729
canoe,reference,ontario,emissions|agriculture,kt CH4/yr,2030,0.11798267194108952
canoe,reference,ontario,emissions|agriculture,kt CH4/yr,2035,0.11436978266286277
canoe,reference,ontario,emissions|agriculture,kt CH4/yr,2040,0.11095490124517117
canoe,reference,ontario,emissions|agriculture,kt CH4/yr,2045,0.11131022860251599
canoe,reference,ontario,emissions|agriculture,kt CH4/yr,2050,0.11330725235171037
canoe,reference,ontario,emissions|agriculture,kt N2O/yr,2025,0.26042777044945825
canoe,reference,ontario,emissions|agriculture,kt N2O/yr,2030,0.28775908282718016
canoe,reference,ontario,emissions|agriculture,kt N2O/yr,2035,0.2789472677715815
canoe,reference,ontario,emissions|agriculture,kt N2O/yr,2040,0.2706183930788594
canoe,reference,ontario,emissions|agriculture,kt N2O/yr,2045,0.27148503725508055
canoe,reference,ontario,emissions|agriculture,kt N2O/yr,2050,0.2763557706575892
canoe,reference,ontario,emissions|commercial,Mt CO2-equiv/yr,2025,17.12237437265389
canoe,reference,ontario,emissions|commercial,Mt CO2-equiv/yr,2030,16.696159514777
canoe,reference,ontario,emissions|commercial,Mt CO2-equiv/yr,2035,15.911580000340757
canoe,reference,ontario,emissions|commercial,Mt CO2-equiv/yr,2040,14.711950031560189
canoe,reference,ontario,emissions|commercial,Mt CO2-equiv/yr,2045,15.158831805536567
canoe,reference,ontario,emissions|commercial,Mt CO2-equiv/yr,2050,15.848861943747979
canoe,reference,ontario,emissions|commercial,Mt CO2/yr,2025,17.029167183796982
canoe,reference,ontario,emissions|commercial,Mt CO2/yr,2030,16.60527246493161
canoe,reference,ontario,emissions|commercial,Mt CO2/yr,2035,15.82496387982933
canoe,reference,ontario,emissions|commercial,Mt CO2/yr,2040,14.631864204956896
canoe,reference,ontario,emissions|commercial,Mt CO2/yr,2045,15.076313337700393
canoe,reference,ontario,emissions|commercial,Mt CO2/yr,2050,15.76258723463303
canoe,reference,ontario,emissions|commercial,kt CH4/yr,2025,0.32562231840855005
canoe,reference,ontario,emissions|commercial,kt CH4/yr,2030,0.3175168379920199
canoe,reference,ontario,emissions|commercial,kt CH4/yr,2035,0.3025962087085833
canoe,reference,ontario,emissions|commercial,kt CH4/yr,2040,0.27978241646429186
canoe,reference,ontario,emissions|commercial,kt CH4/yr,2045,0.2882809270171925
canoe,reference,ontario,emissions|commercial,kt CH4/yr,2050,0.3014034769910456
canoe,reference,ontario,emissions|commercial,kt N2O/yr,2025,0.3080211119992159
canoe,reference,ontario,emissions|commercial,kt N2O/yr,2030,0.30035376565947586
canoe,reference,ontario,emissions|commercial,kt N2O/yr,2035,0.28623965687825315
canoe,reference,ontario,emissions|commercial,kt N2O/yr,2040,0.26465904259373424
canoe,reference,ontario,emissions|commercial,kt N2O/yr,2045,0.2726981741975978
canoe,reference,ontario,emissions|commercial,kt N2O/yr,2050,0.2851113971454797
canoe,reference,ontario,emissions|electricity,Mt CO2-equiv/yr,2025,4.781954149092748
canoe,reference,ontario,emissions|electricity,Mt CO2-equiv/yr,2030,12.461442886674627
canoe,reference,ontario,emissions|electricity,Mt CO2-equiv/yr,2035,10.486667538422036
canoe,reference,ontario,emissions|electricity,Mt CO2-equiv/yr,2040,15.70467185075379
canoe,reference,ontario,emissions|electricity,Mt CO2-equiv/yr,2045,19.62216892750417
canoe,reference,ontario,emissions|electricity,Mt CO2-equiv/yr,2050,22.425236457811728
canoe,reference,ontario,emissions|electricity,Mt CO2/yr,2025,4.715896157290331
canoe,reference,ontario,emissions|electricity,Mt CO2/yr,2030,12.289321348178415
canoe,reference,ontario,emissions|electricity,Mt CO2/yr,2035,10.341963228885648
canoe,reference,ontario,emissions|electricity,Mt CO2/yr,2040,15.487663937735519
canoe,reference,ontario,emissions|electricity,Mt CO2/yr,2045,19.35103023533625
canoe,reference,ontario,emissions|electricity,Mt CO2/yr,2050,22.115235830021263
canoe,reference,ontario,emissions|electricity,kt CH4/yr,2025,1.1943963751683837
canoe,reference,ontario,emissions|electricity,kt CH4/yr,2030,3.112268829108351
canoe,reference,ontario,emissions|electricity,kt CH4/yr,2035,2.6163422931143443
canoe,reference,ontario,emissions|electricity,kt CH4/yr,2040,3.9236985237484694
canoe,reference,ontario,emissions|electricity,kt CH4/yr,2045,4.902396056674911
canoe,reference,ontario,emissions|electricity,kt CH4/yr,2050,5.604986869462331
canoe,reference,ontario,emissions|electricity,kt N2O/yr,2025,0.11946847224201118
canoe,reference,ontario,emissions|electricity,kt N2O/yr,2030,0.31127476301159285
canoe,reference,ontario,emissions|electricity,kt N2O/yr,2035,0.261709613576761
canoe,reference,ontario,emissions|electricity,kt N2O/yr,2040,0.39247015794641216
canoe,reference,ontario,emissions|electricity,kt N2O/yr,2045,0.49037216497930924
canoe,reference,ontario,emissions|electricity,kt N2O/yr,2050,0.5606629805238416
canoe,reference,ontario,emissions|industrial,Mt CO2-equiv/yr,2025,50.197317599283195
canoe,reference,ontario,emissions|industrial,Mt CO2-equiv/yr,2030,50.22175196315427
canoe,reference,ontario,emissions|industrial,Mt CO2-equiv/yr,2035,49.66541979131935
canoe,reference,ontario,emissions|industrial,Mt CO2-equiv/yr,2040,49.81459974077554
canoe,reference,ontario,emissions|industrial,Mt CO2-equiv/yr,2045,50.29438017671528
canoe,reference,ontario,emissions|industrial,Mt CO2-equiv/yr,2050,51.29627552118906
canoe,reference,ontario,emissions|industrial,Mt CO2/yr,2025,50.02033742339401
canoe,reference,ontario,emissions|industrial,Mt CO2/yr,2030,50.046466451209284
canoe,reference,ontario,emissions|industrial,Mt CO2/yr,2035,49.49353126228699
canoe,reference,ontario,emissions|industrial,Mt CO2/yr,2040,49.64262735354962
canoe,reference,ontario,emissions|industrial,Mt CO2/yr,2045,50.120406219622254
canoe,reference,ontario,emissions|industrial,Mt CO2/yr,2050,51.11772341284003
canoe,reference,ontario,emissions|industrial,kt CH4/yr,2025,0.5655478146335277
canoe,reference,ontario,emissions|industrial,kt CH4/yr,2030,0.5597553207931647
canoe,reference,ontario,emissions|industrial,kt CH4/yr,2035,0.5479091977040371
canoe,reference,ontario,emissions|industrial,kt CH4/yr,2040,0.5478838666270649
canoe,reference,ontario,emissions|industrial,kt CH4/yr,2045,0.5543855100573796
canoe,reference,ontario,emissions|industrial,kt CH4/yr,2050,0.5697174661064429
canoe,reference,ontario,emissions|industrial,kt N2O/yr,2025,0.5902741276350412
canoe,reference,ontario,emissions|industrial,kt N2O/yr,2030,0.5846606693454773
canoe,reference,ontario,emissions|industrial,kt N2O/yr,2035,0.5734324955065253
canoe,reference,ontario,emissions|industrial,kt N2O/yr,2040,0.5737422664393448
canoe,reference,ontario,emissions|industrial,kt N2O/yr,2045,0.5804071889595568
canoe,reference,ontario,emissions|industrial,kt N2O/yr,2050,0.5956044654357986
canoe,reference,ontario,emissions|residential,Mt CO2-equiv/yr,2025,22.589206014658973
canoe,reference,ontario,emissions|residential,Mt CO2-equiv/yr,2030,23.170387137085477
canoe,reference,ontario,emissions|residential,Mt CO2-equiv/yr,2035,21.967213981169746
canoe,reference,ontario,emissions|residential,Mt CO2-equiv/yr,2040,20.49614778561512
canoe,reference,ontario,emissions|residential,Mt CO2-equiv/yr,2045,20.63847543294763
canoe,reference,ontario,emissions|residential,Mt CO2-equiv/yr,2050,21.50207136320572
canoe,reference,ontario,emissions|residential,Mt CO2/yr,2025,22.224708409177243
canoe,reference,ontario,emissions|residential,Mt CO2/yr,2030,22.796974091321708
canoe,reference,ontario,emissions|residential,Mt CO2/yr,2035,21.70961628877863
canoe,reference,ontario,emissions|residential,Mt CO2/yr,2040,20.35875192076601
canoe,reference,ontario,emissions|residential,Mt CO2/yr,2045,20.52609747147846
canoe,reference,ontario,emissions|residential,Mt CO2/yr,2050,21.384990165224373
canoe,reference,ontario,emissions|residential,kt CH4/yr,2025,3.7814071176010855
canoe,reference,ontario,emissions|residential,kt CH4/yr,2030,4.107967188201232
canoe,reference,ontario,emissions|residential,kt CH4/yr,2035,2.4576914885102985
canoe,reference,ontario,emissions|residential,kt CH4/yr,2040,0.7613300330576545
canoe,reference,ontario,emissions|residential,kt CH4/yr,2045,0.3929639478375833
canoe,reference,ontario,emissions|residential,kt CH4/yr,2050,0.40942103217815995
canoe,reference,ontario,emissions|residential,kt N2O/yr,2025,0.9473194350021439
canoe,reference,ontario,emissions|residential,kt N2O/yr,2030,0.9464833847620617
canoe,reference,ontario,emissions|residential,kt N2O/yr,2035,0.691510367277361
canoe,reference,ontario,emissions|residential,kt N2O/yr,2040,0.42519642304112437
canoe,reference,ontario,emissions|residential,kt N2O/yr,2045,0.37133688823787664
canoe,reference,ontario,emissions|residential,kt N2O/yr,2050,0.3868769546561752
canoe,reference,ontario,emissions|transportation,Mt CO2-equiv/yr,2025,67.02649487949128
canoe,reference,ontario,emissions|transportation,Mt CO2-equiv/yr,2030,57.20107577533991
canoe,reference,ontario,emissions|transportation,Mt CO2-equiv/yr,2035,45.57872026751042
canoe,reference,ontario,emissions|transportation,Mt CO2-equiv/yr,2040,42.74559441538512
canoe,reference,ontario,emissions|transportation,Mt CO2-equiv/yr,2045,45.47015940895315
canoe,reference,ontario,emissions|transportation,Mt CO2-equiv/yr,2050,42.42951721461862
canoe,reference,ontario,emissions|transportation,Mt CO2/yr,2025,64.82705774848107
canoe,reference,ontario,emissions|transportation,Mt CO2/yr,2030,55.4333780648387
canoe,reference,ontario,emissions|transportation,Mt CO2/yr,2035,44.215950241259065
canoe,reference,ontario,emissions|transportation,Mt CO2/yr,2040,41.51568625880512
canoe,reference,ontario,emissions|transportation,Mt CO2/yr,2045,44.1581435199907
canoe,reference,ontario,emissions|transportation,Mt CO2/yr,2050,41.199830794998626
canoe,reference,ontario,emissions|transportation,kt CH4/yr,2025,39.713463315779066
canoe,reference,ontario,emissions|transportation,kt CH4/yr,2030,29.009236825210266
canoe,reference,ontario,emissions|transportation,kt CH4/yr,2035,20.985149070829234
canoe,reference,ontario,emissions|transportation,kt CH4/yr,2040,21.745321293907306
canoe,reference,ontario,emissions|transportation,kt CH4/yr,2045,24.631306394195747
canoe,reference,ontario,emissions|transportation,kt CH4/yr,2050,21.54114144359811
canoe,reference,ontario,emissions|transportation,kt N2O/yr,2025,3.983370524078291
canoe,reference,ontario,emissions|transportation,kt N2O/yr,2030,3.4997768291902602
canoe,reference,ontario,emissions|transportation,kt N2O/yr,2035,2.839508598062352
canoe,reference,ontario,emissions|transportation,kt N2O/yr,2040,2.274868700884148
canoe,reference,ontario,emissions|transportation,kt N2O/yr,2045,2.2796311529434155
canoe,reference,ontario,emissions|transportation,kt N2O/yr,2050,2.294998018383284
canoe,reference,ontario,emissions|upstream,Mt CO2/yr,2025,23.860353489781268
canoe,reference,ontario,emissions|upstream,Mt CO2/yr,2030,21.834075130726813
canoe,reference,ontario,emissions|upstream,Mt CO2/yr,2035,19.064763858519363
canoe,reference,ontario,emissions|upstream,Mt CO2/yr,2040,18.414804306492755
canoe,reference,ontario,emissions|upstream,Mt CO2/yr,2045,19.280477571163388
canoe,reference,ontario,emissions|upstream,Mt CO2/yr,2050,19.251616514258025
canoe,reference,prince edward island,emissions|agriculture,Mt CO2-equiv/yr,2025,0.11746434588983372
canoe,reference,prince edward island,emissions|agriculture,Mt CO2-equiv/yr,2030,0.12979123782215457
canoe,reference,prince edward island,emissions|agriculture,Mt CO2-equiv/yr,2035,0.12581675638517045
canoe,reference,prince edward island,emissions|agriculture,Mt CO2-equiv/yr,2040,0.1220600927501285
canoe,reference,prince edward island,emissions|agriculture,Mt CO2-equiv/yr,2045,0.12245098839357392
canoe,reference,prince edward island,emissions|agriculture,Mt CO2-equiv/yr,2050,0.12464789400196717
canoe,reference,prince edward island,emissions|agriculture,Mt CO2/yr,2025,0.11268089813364864
canoe,reference,prince edward island,emissions|agriculture,Mt CO2/yr,2030,0.12450580758688005
canoe,reference,prince edward island,emissions|agriculture,Mt CO2/yr,2035,0.12069317717088211
canoe,reference,prince edward island,emissions|agriculture,Mt CO2/yr,2040,0.11708949446038926
canoe,reference,prince edward island,emissions|agriculture,Mt CO2/yr,2045,0.11746447183625845
canoe,reference,prince edward island,emissions|agriculture,Mt CO2/yr,2050,0.1195719138450938
canoe,reference,prince edward island,emissions|agriculture,kt N2O/yr,2025,0.016943519753929017
canoe,reference,prince edward island,emissions|agriculture,kt N2O/yr,2030,0.018721599182011054
canoe,reference,prince edward island,emissions|agriculture,kt N2O/yr,2035,0.018148304330462467
canoe,reference,prince edward island,emissions|agriculture,kt N2O/yr,2040,0.01760642837629935
canoe,reference,prince edward island,emissions|agriculture,kt N2O/yr,2045,0.017662812703017977
canoe,reference,prince edward island,emissions|agriculture,kt N2O/yr,2050,0.01797970301804377
canoe,reference,prince edward island,emissions|commercial,Mt CO2-equiv/yr,2025,0.011075971691580495
canoe,reference,prince edward island,emissions|commercial,Mt CO2/yr,2025,0.010624929875152641
canoe,reference,prince edward island,emissions|electricity,Mt CO2-equiv/yr,2025,0.3182502704245874
canoe,reference,prince edward island,emissions|electricity,Mt CO2-equiv/yr,2030,0.3899260162787216
canoe,reference,prince edward island,emissions|electricity,Mt CO2-equiv/yr,2035,0.47727718469713104
canoe,reference,prince edward island,emissions|electricity,Mt CO2-equiv/yr,2040,0.6060296198363782
canoe,reference,prince edward island,emissions|electricity,Mt CO2-equiv/yr,2045,0.5717596461854594
canoe,reference,prince edward island,emissions|electricity,Mt CO2-equiv/yr,2050,0.5228882882519145
canoe,reference,prince edward island,emissions|electricity,Mt CO2/yr,2025,0.31383823520283766
canoe,reference,prince edward island,emissions|electricity,Mt CO2/yr,2030,0.3845027460737016
canoe,reference,prince edward island,emissions|electricity,Mt CO2/yr,2035,0.47062037348043123
canoe,reference,prince edward island,emissions|electricity,Mt CO2/yr,2040,0.5975666820174191
canoe,reference,prince edward island,emissions|electricity,Mt CO2/yr,2045,0.5637332196920779
canoe,reference,prince edward island,emissions|electricity,Mt CO2/yr,2050,0.5155045363269852
canoe,reference,prince edward island,emissions|electricity,kt CH4/yr,2025,0.07973003789411634
canoe,reference,prince edward island,emissions|electricity,kt CH4/yr,2030,0.09795848977155386
canoe,reference,prince edward island,emissions|electricity,kt CH4/yr,2035,0.12018877892046416
canoe,reference,prince edward island,emissions|electricity,kt CH4/yr,2040,0.15277500428997687
canoe,reference,prince edward island,emissions|electricity,kt CH4/yr,2045,0.1447810664464969
canoe,reference,prince edward island,emissions|electricity,kt CH4/yr,2050,0.1330917069009064
canoe,reference,prince edward island,emissions|electricity,kt N2O/yr,2035,0.012056869484912441
canoe,reference,prince edward island,emissions|electricity,kt N2O/yr,2040,0.015330540846728576
canoe,reference,prince edward island,emissions|electricity,kt N2O/yr,2045,0.014551489332866601
canoe,reference,prince edward island,emissions|electricity,kt N2O/yr,2050,0.013396278719863585
canoe,reference,prince edward island,emissions|industrial,Mt CO2-equiv/yr,2025,0.21762070660256344
canoe,reference,prince edward island,emissions|industrial,Mt CO2-equiv/yr,2030,0.22693426878810555
canoe,reference,prince edward island,emissions|industrial,Mt CO2-equiv/yr,2035,0.23123251453902294
canoe,reference,prince edward island,emissions|industrial,Mt CO2-equiv/yr,2040,0.23878608647194016
canoe,reference,prince edward island,emissions|industrial,Mt CO2-equiv/yr,2045,0.2505484630247737
canoe,reference,prince edward island,emissions|industrial,Mt CO2-equiv/yr,2050,0.26532269639988204
canoe,reference,prince edward island,emissions|industrial,Mt CO2/yr,2025,0.21681007950466374
canoe,reference,prince edward island,emissions|industrial,Mt CO2/yr,2030,0.22609294613600572
canoe,reference,prince edward island,emissions|industrial,Mt CO2/yr,2035,0.23037331315892917
canoe,reference,prince edward island,emissions|industrial,Mt CO2/yr,2040,0.23789651369423054
canoe,reference,prince edward island,emissions|industrial,Mt CO2/yr,2045,0.24961398147016248
canoe,reference,prince edward island,emissions|industrial,Mt CO2/yr,2050,0.2643331822694982
canoe,reference,prince edward island,emissions|residential,Mt CO2-equiv/yr,2025,0.34541138166931057
canoe,reference,prince edward island,emissions|residential,Mt CO2-equiv/yr,2030,0.41014731936338356
canoe,reference,prince edward island,emissions|residential,Mt CO2-equiv/yr,2035,0.4677911403382375
canoe,reference,prince edward island,emissions|residential,Mt CO2-equiv/yr,2040,0.5172442293602006
canoe,reference,prince edward island,emissions|residential,Mt CO2-equiv/yr,2045,0.5564627051217516
canoe,reference,prince edward island,emissions|residential,Mt CO2-equiv/yr,2050,0.5794289695338702
canoe,reference,prince edward island,emissions|residential,Mt CO2/yr,2025,0.302216700590466
canoe,reference,prince edward island,emissions|residential,Mt CO2/yr,2030,0.3521649658352316
canoe,reference,prince edward island,emissions|residential,Mt CO2/yr,2035,0.39608686983256813
canoe,reference,prince edward island,emissions|residential,Mt CO2/yr,2040,0.43382274216281064
canoe,reference,prince edward island,emissions|residential,Mt CO2/yr,2045,0.4641017619076173
canoe,reference,prince edward island,emissions|residential,Mt CO2/yr,2050,0.4832558244065353
canoe,reference,prince edward island,emissions|residential,kt CH4/yr,2025,0.5876758934130893
canoe,reference,prince edward island,emissions|residential,kt CH4/yr,2030,0.8318453759319708
canoe,reference,prince edward island,emissions|residential,kt CH4/yr,2035,1.0607120597768473
canoe,reference,prince edward island,emissions|residential,kt CH4/yr,2040,1.2531296980071347
canoe,reference,prince edward island,emissions|residential,kt CH4/yr,2045,1.398167471587927
canoe,reference,prince edward island,emissions|residential,kt CH4/yr,2050,1.4558770094557005
canoe,reference,prince edward island,emissions|residential,kt N2O/yr,2025,0.09794782440685662
canoe,reference,prince edward island,emissions|residential,kt N2O/yr,2030,0.12707209890722593
canoe,reference,prince edward island,emissions|residential,kt N2O/yr,2035,0.15386202502326807
canoe,reference,prince edward island,emissions|residential,kt N2O/yr,2040,0.17704709030242655
canoe,reference,prince edward island,emissions|residential,kt N2O/yr,2045,0.1949166813517169
canoe,reference,prince edward island,emissions|residential,kt N2O/yr,2050,0.2029618639629846
canoe,reference,prince edward island,emissions|transportation,Mt CO2-equiv/yr,2025,10.280725934157553
canoe,reference,prince edward island,emissions|transportation,Mt CO2-equiv/yr,2030,8.872217930474045
canoe,reference,prince edward island,emissions|transportation,Mt CO2-equiv/yr,2035,7.361976937232685
canoe,reference,prince edward island,emissions|transportation,Mt CO2-equiv/yr,2040,6.38235859962566
canoe,reference,prince edward island,emissions|transportation,Mt CO2-equiv/yr,2045,5.9419270103852
canoe,reference,prince edward island,emissions|transportation,Mt CO2-equiv/yr,2050,5.6318472331501015
canoe,reference,prince edward island,emissions|transportation,Mt CO2/yr,2025,10.001921456545682
canoe,reference,prince edward island,emissions|transportation,Mt CO2/yr,2030,8.646785067671868
canoe,reference,prince edward island,emissions|transportation,Mt CO2/yr,2035,7.188999897930593
canoe,reference,prince edward island,emissions|transportation,Mt CO2/yr,2040,6.249906576710249
canoe,reference,prince edward island,emissions|transportation,Mt CO2/yr,2045,5.821890821065012
canoe,reference,prince edward island,emissions|transportation,Mt CO2/yr,2050,5.5211457659750955
canoe,reference,prince edward island,emissions|transportation,kt CH4/yr,2025,4.184500316078772
canoe,reference,prince edward island,emissions|transportation,kt CH4/yr,2030,3.0953529245966593
canoe,reference,prince edward island,emissions|transportation,kt CH4/yr,2035,2.2652708174184566
canoe,reference,prince edward island,emissions|transportation,kt CH4/yr,2040,2.074006510730231
canoe,reference,prince edward island,emissions|transportation,kt CH4/yr,2045,1.991315143088507
canoe,reference,prince edward island,emissions|transportation,kt CH4/yr,2050,1.8037949146872065
canoe,reference,prince edward island,emissions|transportation,kt N2O/yr,2025,0.5920822376222459
canoe,reference,prince edward island,emissions|transportation,kt N2O/yr,2030,0.5082892863543016
canoe,reference,prince edward island,emissions|transportation,kt N2O/yr,2035,0.4012800399394437
canoe,reference,prince edward island,emissions|transportation,kt N2O/yr,2040,0.2724536079431546
canoe,reference,prince edward island,emissions|transportation,kt N2O/yr,2045,0.23545553048332915
canoe,reference,prince edward island,emissions|transportation,kt N2O/yr,2050,0.22049526387062557
canoe,reference,prince edward island,emissions|upstream,Mt CO2/yr,2025,2.0504033164729467
canoe,reference,prince edward island,emissions|upstream,Mt CO2/yr,2030,1.726499097093173
canoe,reference,prince edward island,emissions|upstream,Mt CO2/yr,2035,1.4037041069610132
canoe,reference,prince edward island,emissions|upstream,Mt CO2/yr,2040,1.1454477242263472
canoe,reference,prince edward island,emissions|upstream,Mt CO2/yr,2045,1.0496999361769708
canoe,reference,prince edward island,emissions|upstream,Mt CO2/yr,2050,0.987357059859455
canoe,reference,quebec,emissions|agriculture,Mt CO2-equiv/yr,2025,1.4444270348332884
canoe,reference,quebec,emissions|agriculture,Mt CO2-equiv/yr,2030,1.5960163837511978
canoe,reference,quebec,emissions|agriculture,Mt CO2-equiv/yr,2035,1.5471427764871055
canoe,reference,quebec,emissions|agriculture,Mt CO2-equiv/yr,2040,1.5009477516845842
canoe,reference,quebec,emissions|agriculture,Mt CO2-equiv/yr,2045,1.5057543873432766
canoe,reference,quebec,emissions|agriculture,Mt CO2-equiv/yr,2050,1.5327691142855542
canoe,reference,quebec,emissions|agriculture,Mt CO2/yr,2025,1.3882053399519083
canoe,reference,quebec,emissions|agriculture,Mt CO2/yr,2030,1.533894347424781
canoe,reference,quebec,emissions|agriculture,Mt CO2/yr,2035,1.4869230535349633
canoe,reference,quebec,emissions|agriculture,Mt CO2/yr,2040,1.442526083784395
canoe,reference,quebec,emissions|agriculture,Mt CO2/yr,2045,1.4471456266132856
canoe,reference,quebec,emissions|agriculture,Mt CO2/yr,2050,1.4731088496454492
canoe,reference,quebec,emissions|agriculture,kt CH4/yr,2025,0.06719512511558025
canoe,reference,quebec,emissions|agriculture,kt CH4/yr,2030,0.07424710291513918
canoe,reference,quebec,emissions|agriculture,kt CH4/yr,2035,0.07197349223689538
canoe,reference,quebec,emissions|agriculture,kt CH4/yr,2040,0.06982448940288466
canoe,reference,quebec,emissions|agriculture,kt CH4/yr,2045,0.0700480980510548
canoe,reference,quebec,emissions|agriculture,kt CH4/yr,2050,0.07130483419195546
canoe,reference,quebec,emissions|agriculture,kt N2O/yr,2025,0.19904846658084366
canoe,reference,quebec,emissions|agriculture,kt N2O/yr,2030,0.21993815913206738
canoe,reference,quebec,emissions|agriculture,kt N2O/yr,2035,0.21320316911290818
canoe,reference,quebec,emissions|agriculture,kt N2O/yr,2040,0.2068372974185851
canoe,reference,quebec,emissions|agriculture,kt N2O/yr,2045,0.20749968491912588
canoe,reference,quebec,emissions|agriculture,kt N2O/yr,2050,0.21122245157897654
canoe,reference,quebec,emissions|commercial,Mt CO2-equiv/yr,2025,7.06634628073519
canoe,reference,quebec,emissions|commercial,Mt CO2-equiv/yr,2030,6.109804470238117
canoe,reference,quebec,emissions|commercial,Mt CO2-equiv/yr,2035,5.037076543011374
canoe,reference,quebec,emissions|commercial,Mt CO2-equiv/yr,2040,4.0402145139435826
canoe,reference,quebec,emissions|commercial,Mt CO2-equiv/yr,2045,2.1417345882269037
canoe,reference,quebec,emissions|commercial,Mt CO2-equiv/yr,2050,0.346579090050234
canoe,reference,quebec,emissions|commercial,Mt CO2/yr,2025,7.027879987569173
canoe,reference,quebec,emissions|commercial,Mt CO2/yr,2030,6.076545198670864
canoe,reference,quebec,emissions|commercial,Mt CO2/yr,2035,5.009656762646042
canoe,reference,quebec,emissions|commercial,Mt CO2/yr,2040,4.01822124192256
canoe,reference,quebec,emissions|commercial,Mt CO2/yr,2045,2.1300758628713212
canoe,reference,quebec,emissions|commercial,Mt CO2/yr,2050,0.3446924555218032
canoe,reference,quebec,emissions|commercial,kt CH4/yr,2025,0.13438323497268495
canoe,reference,quebec,emissions|commercial,kt CH4/yr,2030,0.11619233719122896
canoe,reference,quebec,emissions|commercial,kt CH4/yr,2035,0.09579188646617981
canoe,reference,quebec,emissions|commercial,kt CH4/yr,2040,0.07683420466493823
canoe,reference,quebec,emissions|commercial,kt CH4/yr,2045,0.040730132799107366
canoe,reference,quebec,emissions|commercial,kt N2O/yr,2025,0.12711927632185138
canoe,reference,quebec,emissions|commercial,kt N2O/yr,2030,0.1099116703128616
canoe,reference,quebec,emissions|commercial,kt N2O/yr,2035,0.09061394665458715
canoe,reference,quebec,emissions|commercial,kt N2O/yr,2040,0.07268100441068598
canoe,reference,quebec,emissions|commercial,kt N2O/yr,2045,0.03852850399804588
canoe,reference,quebec,emissions|electricity,Mt CO2-equiv/yr,2025,0.03205306687263296
canoe,reference,quebec,emissions|electricity,Mt CO2-equiv/yr,2030,0.03253873242120444
canoe,reference,quebec,emissions|electricity,Mt CO2-equiv/yr,2035,0.03257104567400005
canoe,reference,quebec,emissions|electricity,Mt CO2-equiv/yr,2040,0.0332580890843007
canoe,reference,quebec,emissions|electricity,Mt CO2-equiv/yr,2045,0.16243649021678683
canoe,reference,quebec,emissions|electricity,Mt CO2-equiv/yr,2050,0.07032430664699336
canoe,reference,quebec,emissions|electricity,Mt CO2/yr,2025,0.03156744772377843
canoe,reference,quebec,emissions|electricity,Mt CO2/yr,2030,0.032015684215061915
canoe,reference,quebec,emissions|electricity,Mt CO2/yr,2035,0.03201560119457282
canoe,reference,quebec,emissions|electricity,Mt CO2/yr,2040,0.03264220401847029
canoe,reference,quebec,emissions|electricity,Mt CO2/yr,2045,0.159981041017593
canoe,reference,quebec,emissions|electricity,Mt CO2/yr,2050,0.06908595318296518
canoe,reference,quebec,emissions|electricity,kt CH4/yr,2040,0.010679139012227069
canoe,reference,quebec,emissions|electricity,kt CH4/yr,2045,0.043781213187127216
canoe,reference,quebec,emissions|electricity,kt CH4/yr,2050,0.021623606562028594
canoe,reference,quebec,emissions|industrial,Mt CO2-equiv/yr,2025,23.967081616331956
canoe,reference,quebec,emissions|industrial,Mt CO2-equiv/yr,2030,23.078617670322608
canoe,reference,quebec,emissions|industrial,Mt CO2-equiv/yr,2035,23.12226301844264
canoe,reference,quebec,emissions|industrial,Mt CO2-equiv/yr,2040,23.209142235454152
canoe,reference,quebec,emissions|industrial,Mt CO2-equiv/yr,2045,23.559882110097494
canoe,reference,quebec,emissions|industrial,Mt CO2-equiv/yr,2050,24.287682817798675
canoe,reference,quebec,emissions|industrial,Mt CO2/yr,2025,23.892490260333844
canoe,reference,quebec,emissions|industrial,Mt CO2/yr,2030,23.01049474677786
canoe,reference,quebec,emissions|industrial,Mt CO2/yr,2035,23.056194202407656
canoe,reference,quebec,emissions|industrial,Mt CO2/yr,2040,23.14377550192455
canoe,reference,quebec,emissions|industrial,Mt CO2/yr,2045,23.49358807632549
canoe,reference,quebec,emissions|industrial,Mt CO2/yr,2050,24.218823124152408
canoe,reference,quebec,emissions|industrial,kt CH4/yr,2025,0.24087626923229383
canoe,reference,quebec,emissions|industrial,kt CH4/yr,2030,0.21706851613638045
canoe,reference,quebec,emissions|industrial,kt CH4/yr,2035,0.208463256860644
canoe,reference,quebec,emissions|industrial,kt CH4/yr,2040,0.20552879361502
canoe,reference,quebec,emissions|industrial,kt CH4/yr,2045,0.20836107457341196
canoe,reference,quebec,emissions|industrial,kt CH4/yr,2050,0.2168473255185286
canoe,reference,quebec,emissions|industrial,kt N2O/yr,2025,0.24852315147042786
canoe,reference,quebec,emissions|industrial,kt N2O/yr,2030,0.227271080603263
canoe,reference,quebec,emissions|industrial,kt N2O/yr,2035,0.22062946800278466
canoe,reference,quebec,emissions|industrial,kt N2O/yr,2040,0.2183587078157047
canoe,reference,quebec,emissions|industrial,kt N2O/yr,2045,0.22146492164283862
canoe,reference,quebec,emissions|industrial,kt N2O/yr,2050,0.22999255843167488
canoe,reference,quebec,emissions|residential,Mt CO2-equiv/yr,2025,7.091455847257159
canoe,reference,quebec,emissions|residential,Mt CO2-equiv/yr,2030,8.161321823598058
canoe,reference,quebec,emissions|residential,Mt CO2-equiv/yr,2035,9.340370983597706
canoe,reference,quebec,emissions|residential,Mt CO2-equiv/yr,2040,9.880332102615846
canoe,reference,quebec,emissions|residential,Mt CO2-equiv/yr,2045,10.821391184022504
canoe,reference,quebec,emissions|residential,Mt CO2-equiv/yr,2050,11.055610684440103
canoe,reference,quebec,emissions|residential,Mt CO2/yr,2025,6.506238948816299
canoe,reference,quebec,emissions|residential,Mt CO2/yr,2030,7.684855057623372
canoe,reference,quebec,emissions|residential,Mt CO2/yr,2035,9.060813309322386
canoe,reference,quebec,emissions|residential,Mt CO2/yr,2040,9.803625502299374
canoe,reference,quebec,emissions|residential,Mt CO2/yr,2045,10.76246695708397
canoe,reference,quebec,emissions|residential,Mt CO2/yr,2050,10.995410467420685
canoe,reference,quebec,emissions|residential,kt CH4/yr,2025,8.137951982972513
canoe,reference,quebec,emissions|residential,kt CH4/yr,2030,6.597429318889559
canoe,reference,quebec,emissions|residential,kt CH4/yr,2035,3.559418461021565
canoe,reference,quebec,emissions|residential,kt CH4/yr,2040,0.4772295590766331
canoe,reference,quebec,emissions|residential,kt CH4/yr,2045,0.206058455080816
canoe,reference,quebec,emissions|residential,kt CH4/yr,2050,0.21052814809007095
canoe,reference,quebec,emissions|residential,kt N2O/yr,2025,1.308989900555003
canoe,reference,quebec,emissions|residential,kt N2O/yr,2030,1.068640091337225
canoe,reference,quebec,emissions|residential,kt N2O/yr,2035,0.6589522241826147
canoe,reference,quebec,emissions|residential,kt N2O/yr,2040,0.23202993573774344
canoe,reference,quebec,emissions|residential,kt N2O/yr,2045,0.19470545774784423
canoe,reference,quebec,emissions|residential,kt N2O/yr,2050,0.19892098401751404
canoe,reference,quebec,emissions|transportation,Mt CO2-equiv/yr,2025,33.894615425634186
canoe,reference,quebec,emissions|transportation,Mt CO2-equiv/yr,2030,31.42470960290762
canoe,reference,quebec,emissions|transportation,Mt CO2-equiv/yr,2035,27.698117011651934
canoe,reference,quebec,emissions|transportation,Mt CO2-equiv/yr,2040,24.29146719827761
canoe,reference,quebec,emissions|transportation,Mt CO2-equiv/yr,2045,22.503250325001503
canoe,reference,quebec,emissions|transportation,Mt CO2-equiv/yr,2050,21.916602449884692
canoe,reference,quebec,emissions|transportation,Mt CO2/yr,2025,32.835058944668006
canoe,reference,quebec,emissions|transportation,Mt CO2/yr,2030,30.47440360367698
canoe,reference,quebec,emissions|transportation,Mt CO2/yr,2035,26.873888642372314
canoe,reference,quebec,emissions|transportation,Mt CO2/yr,2040,23.590827492100235
canoe,reference,quebec,emissions|transportation,Mt CO2/yr,2045,21.877181697123728
canoe,reference,quebec,emissions|transportation,Mt CO2/yr,2050,21.31597921997204
canoe,reference,quebec,emissions|transportation,kt CH4/yr,2025,15.356393137699166
canoe,reference,quebec,emissions|transportation,kt CH4/yr,2030,12.236732024063215
canoe,reference,quebec,emissions|transportation,kt CH4/yr,2035,9.26067353478375
canoe,reference,quebec,emissions|transportation,kt CH4/yr,2040,7.761795513733204
canoe,reference,quebec,emissions|transportation,kt CH4/yr,2045,7.185210027254854
canoe,reference,quebec,emissions|transportation,kt CH4/yr,2050,6.403678867811237
canoe,reference,quebec,emissions|transportation,kt N2O/yr,2025,2.306144569086749
canoe,reference,quebec,emissions|transportation,kt N2O/yr,2030,2.225924896814608
canoe,reference,quebec,emissions|transportation,kt N2O/yr,2035,2.0693388445395624
canoe,reference,quebec,emissions|transportation,kt N2O/yr,2040,1.7703641979193923
canoe,reference,quebec,emissions|transportation,kt N2O/yr,2045,1.5563470372760126
canoe,reference,quebec,emissions|transportation,kt N2O/yr,2050,1.5432975065044374
canoe,reference,quebec,emissions|upstream,Mt CO2/yr,2025,10.865363137069641
canoe,reference,quebec,emissions|upstream,Mt CO2/yr,2030,10.198709771595635
canoe,reference,quebec,emissions|upstream,Mt CO2/yr,2035,9.512788991724594
canoe,reference,quebec,emissions|upstream,Mt CO2/yr,2040,8.7672235964853
canoe,reference,quebec,emissions|upstream,Mt CO2/yr,2045,8.311723619835375
canoe,reference,quebec,emissions|upstream,Mt CO2/yr,2050,8.169090765105672
canoe,reference,saskatchewan,emissions|agriculture,Mt CO2-equiv/yr,2025,3.6840163914981345
canoe,reference,saskatchewan,emissions|agriculture,Mt CO2-equiv/yr,2030,4.070645665049161
canoe,reference,saskatchewan,emissions|agriculture,Mt CO2-equiv/yr,2035,3.9459935215186537
canoe,reference,saskatchewan,emissions|agriculture,Mt CO2-equiv/yr,2040,3.8281730468164556
canoe,reference,saskatchewan,emissions|agriculture,Mt CO2-equiv/yr,2045,3.840432546933555
canoe,reference,saskatchewan,emissions|agriculture,Mt CO2-equiv/yr,2050,3.909333953845057
canoe,reference,saskatchewan,emissions|agriculture,Mt CO2/yr,2025,3.5390580010128945
canoe,reference,saskatchewan,emissions|agriculture,Mt CO2/yr,2030,3.910474214458013
canoe,reference,saskatchewan,emissions|agriculture,Mt CO2/yr,2035,3.790726871728678
canoe,reference,saskatchewan,emissions|agriculture,Mt CO2/yr,2040,3.677542385239316
canoe,reference,saskatchewan,emissions|agriculture,Mt CO2/yr,2045,3.6893194960773457
canoe,reference,saskatchewan,emissions|agriculture,Mt CO2/yr,2050,3.755509771479795
canoe,reference,saskatchewan,emissions|agriculture,kt CH4/yr,2025,0.17266682849827403
canoe,reference,saskatchewan,emissions|agriculture,kt CH4/yr,2030,0.19078782687710502
canoe,reference,saskatchewan,emissions|agriculture,kt CH4/yr,2035,0.18494548476974987
canoe,reference,saskatchewan,emissions|agriculture,kt CH4/yr,2040,0.17942333788532677
canoe,reference,saskatchewan,emissions|agriculture,kt CH4/yr,2045,0.1799979334177271
canoe,reference,saskatchewan,emissions|agriculture,kt CH4/yr,2050,0.18322728942046312
canoe,reference,saskatchewan,emissions|agriculture,kt N2O/yr,2025,0.5132736970118064
canoe,reference,saskatchewan,emissions|agriculture,kt N2O/yr,2030,0.5671406279677743
canoe,reference,saskatchewan,emissions|agriculture,kt N2O/yr,2035,0.5497735392422712
canoe,reference,saskatchewan,emissions|agriculture,kt N2O/yr,2040,0.5333582714767943
canoe,reference,saskatchewan,emissions|agriculture,kt N2O/yr,2045,0.5350663322978658
canoe,reference,saskatchewan,emissions|agriculture,kt N2O/yr,2050,0.5446660009459182
canoe,reference,saskatchewan,emissions|commercial,Mt CO2-equiv/yr,2025,2.1396986309654302
canoe,reference,saskatchewan,emissions|commercial,Mt CO2-equiv/yr,2030,2.2640947255154518
canoe,reference,saskatchewan,emissions|commercial,Mt CO2-equiv/yr,2035,2.333144579667762
canoe,reference,saskatchewan,emissions|commercial,Mt CO2-equiv/yr,2040,2.337364393900801
canoe,reference,saskatchewan,emissions|commercial,Mt CO2-equiv/yr,2045,2.4137547049182646
canoe,reference,saskatchewan,emissions|commercial,Mt CO2-equiv/yr,2050,2.5319289518541668
canoe,reference,saskatchewan,emissions|commercial,Mt CO2/yr,2025,2.128050988526787
canoe,reference,saskatchewan,emissions|commercial,Mt CO2/yr,2030,2.251769921719076
canoe,reference,saskatchewan,emissions|commercial,Mt CO2/yr,2035,2.3204438967639422
canoe,reference,saskatchewan,emissions|commercial,Mt CO2/yr,2040,2.3246407400576943
canoe,reference,saskatchewan,emissions|commercial,Mt CO2/yr,2045,2.4006152135288645
canoe,reference,saskatchewan,emissions|commercial,Mt CO2/yr,2050,2.5181461682955586
canoe,reference,saskatchewan,emissions|commercial,kt CH4/yr,2025,0.04069141427156947
canoe,reference,saskatchewan,emissions|commercial,kt CH4/yr,2030,0.04305709930022061
canoe,reference,saskatchewan,emissions|commercial,kt CH4/yr,2035,0.04437024507693934
canoe,reference,saskatchewan,emissions|commercial,kt CH4/yr,2040,0.044450494793708176
canoe,reference,saskatchewan,emissions|commercial,kt CH4/yr,2045,0.04590323666443748
canoe,reference,saskatchewan,emissions|commercial,kt CH4/yr,2050,0.04815059859135047
canoe,reference,saskatchewan,emissions|commercial,kt N2O/yr,2025,0.03849187836388947
canoe,reference,saskatchewan,emissions|commercial,kt N2O/yr,2030,0.04072968852606257
canoe,reference,saskatchewan,emissions|commercial,kt N2O/yr,2035,0.04197185344994992
canoe,reference,saskatchewan,emissions|commercial,kt N2O/yr,2040,0.04204776534418852
canoe,reference,saskatchewan,emissions|commercial,kt N2O/yr,2045,0.043421980627271255
canoe,reference,saskatchewan,emissions|commercial,kt N2O/yr,2050,0.04554786353104664
canoe,reference,saskatchewan,emissions|electricity,Mt CO2-equiv/yr,2025,6.3658314920552055
canoe,reference,saskatchewan,emissions|electricity,Mt CO2-equiv/yr,2030,7.199393469290938
canoe,reference,saskatchewan,emissions|electricity,Mt CO2-equiv/yr,2035,4.197636519178076
canoe,reference,saskatchewan,emissions|electricity,Mt CO2-equiv/yr,2040,4.607053964313529
canoe,reference,saskatchewan,emissions|electricity,Mt CO2-equiv/yr,2045,4.125479060255297
canoe,reference,saskatchewan,emissions|electricity,Mt CO2-equiv/yr,2050,4.581294981417093
canoe,reference,saskatchewan,emissions|electricity,Mt CO2/yr,2025,6.277990423942891
canoe,reference,saskatchewan,emissions|electricity,Mt CO2/yr,2030,7.099971816891145
canoe,reference,saskatchewan,emissions|electricity,Mt CO2/yr,2035,4.139716906241438
canoe,reference,saskatchewan,emissions|electricity,Mt CO2/yr,2040,4.543428961178571
canoe,reference,saskatchewan,emissions|electricity,Mt CO2/yr,2045,4.068678173991754
canoe,reference,saskatchewan,emissions|electricity,Mt CO2/yr,2050,4.5177767579070505
canoe,reference,saskatchewan,emissions|electricity,kt CH4/yr,2025,1.588284682786139
canoe,reference,saskatchewan,emissions|electricity,kt CH4/yr,2030,1.7975943323283778
canoe,reference,saskatchewan,emissions|electricity,kt CH4/yr,2035,1.0469633583989997
canoe,reference,saskatchewan,emissions|electricity,kt CH4/yr,2040,1.150005657712969
canoe,reference,saskatchewan,emissions|electricity,kt CH4/yr,2045,1.0264336535494967
canoe,reference,saskatchewan,emissions|electricity,kt CH4/yr,2050,1.1479284874119167
canoe,reference,saskatchewan,emissions|electricity,kt N2O/yr,2025,0.15886115932135744
canoe,reference,saskatchewan,emissions|electricity,kt N2O/yr,2030,0.17981322538212477
canoe,reference,saskatchewan,emissions|electricity,kt N2O/yr,2035,0.1047788958704175
canoe,reference,saskatchewan,emissions|electricity,kt N2O/yr,2040,0.11510931999240884
canoe,reference,saskatchewan,emissions|electricity,kt N2O/yr,2045,0.10278660674814608
canoe,reference,saskatchewan,emissions|electricity,kt N2O/yr,2050,0.11493122894642133
canoe,reference,saskatchewan,emissions|industrial,Mt CO2-equiv/yr,2025,22.02307275570582
canoe,reference,saskatchewan,emissions|industrial,Mt CO2-equiv/yr,2030,21.94063979709293
canoe,reference,saskatchewan,emissions|industrial,Mt CO2-equiv/yr,2035,22.077074968685906
canoe,reference,saskatchewan,emissions|industrial,Mt CO2-equiv/yr,2040,22.55130832677068
canoe,reference,saskatchewan,emissions|industrial,Mt CO2-equiv/yr,2045,23.080968595495843
canoe,reference,saskatchewan,emissions|industrial,Mt CO2-equiv/yr,2050,23.51528166178185
canoe,reference,saskatchewan,emissions|industrial,Mt CO2/yr,2025,21.927512152464868
canoe,reference,saskatchewan,emissions|industrial,Mt CO2/yr,2030,21.84758294247016
canoe,reference,saskatchewan,emissions|industrial,Mt CO2/yr,2035,21.983846158715604
canoe,reference,saskatchewan,emissions|industrial,Mt CO2/yr,2040,22.456564462436674
canoe,reference,saskatchewan,emissions|industrial,Mt CO2/yr,2045,22.984430374698086
canoe,reference,saskatchewan,emissions|industrial,Mt CO2/yr,2050,23.417068101798918
canoe,reference,saskatchewan,emissions|industrial,kt CH4/yr,2025,0.32641902811102386
canoe,reference,saskatchewan,emissions|industrial,kt CH4/yr,2030,0.31752140066915296
canoe,reference,saskatchewan,emissions|industrial,kt CH4/yr,2035,0.31756332345929844
canoe,reference,saskatchewan,emissions|industrial,kt CH4/yr,2040,0.32195896286283704
canoe,reference,saskatchewan,emissions|industrial,kt CH4/yr,2045,0.32734490495812796
canoe,reference,saskatchewan,emissions|industrial,kt CH4/yr,2050,0.33276035885301636
canoe,reference,saskatchewan,emissions|industrial,kt N2O/yr,2025,0.3165599642885012
canoe,reference,saskatchewan,emissions|industrial,kt N2O/yr,2030,0.3083013011264522
canoe,reference,saskatchewan,emissions|industrial,kt N2O/yr,2035,0.30892687442686495
canoe,reference,saskatchewan,emissions|industrial,kt N2O/yr,2040,0.31402568929870484
canoe,reference,saskatchewan,emissions|industrial,kt N2O/yr,2045,0.3200460192765425
canoe,reference,saskatchewan,emissions|industrial,kt N2O/yr,2050,0.32562736167094836
canoe,reference,saskatchewan,emissions|residential,Mt CO2-equiv/yr,2025,3.0138299054603985
canoe,reference,saskatchewan,emissions|residential,Mt CO2-equiv/yr,2030,3.827842029094936
canoe,reference,saskatchewan,emissions|residential,Mt CO2-equiv/yr,2035,4.499033253880114
canoe,reference,saskatchewan,emissions|residential,Mt CO2-equiv/yr,2040,5.343589758814161
canoe,reference,saskatchewan,emissions|residential,Mt CO2-equiv/yr,2045,5.6489453559708265
canoe,reference,saskatchewan,emissions|residential,Mt CO2-equiv/yr,2050,5.888883530401224
canoe,reference,saskatchewan,emissions|residential,Mt CO2/yr,2025,2.807483891455498
canoe,reference,saskatchewan,emissions|residential,Mt CO2/yr,2030,3.4234780072363735
canoe,reference,saskatchewan,emissions|residential,Mt CO2/yr,2035,3.881636416741709
canoe,reference,saskatchewan,emissions|residential,Mt CO2/yr,2040,4.469704247640549
canoe,reference,saskatchewan,emissions|residential,Mt CO2/yr,2045,4.696276354932739
canoe,reference,saskatchewan,emissions|residential,Mt CO2/yr,2050,4.895284501208185
canoe,reference,saskatchewan,emissions|residential,kt CH4/yr,2025,3.0076404613236196
canoe,reference,saskatchewan,emissions|residential,kt CH4/yr,2030,6.030093272923423
canoe,reference,saskatchewan,emissions|residential,kt CH4/yr,2035,9.295130275934648
canoe,reference,saskatchewan,emissions|residential,kt CH4/yr,2040,13.223802444595897
canoe,reference,saskatchewan,emissions|residential,kt CH4/yr,2045,14.427529144766577
canoe,reference,saskatchewan,emissions|residential,kt CH4/yr,2050,15.047567716676745
canoe,reference,saskatchewan,emissions|residential,kt N2O/yr,2025,0.44737026024671156
canoe,reference,saskatchewan,emissions|residential,kt N2O/yr,2030,0.8627157882167487
canoe,reference,saskatchewan,emissions|residential,kt N2O/yr,2035,1.3081801809182738
canoe,reference,saskatchewan,emissions|residential,kt N2O/yr,2040,1.8447583982308091
canoe,reference,saskatchewan,emissions|residential,kt N2O/yr,2045,2.0098834614647703
canoe,reference,saskatchewan,emissions|residential,kt N2O/yr,2050,2.096216604839579
canoe,reference,saskatchewan,emissions|transportation,Mt CO2-equiv/yr,2025,6.789852366355265
canoe,reference,saskatchewan,emissions|transportation,Mt CO2-equiv/yr,2030,6.698831935404355
canoe,reference,saskatchewan,emissions|transportation,Mt CO2-equiv/yr,2035,6.396515158773504
canoe,reference,saskatchewan,emissions|transportation,Mt CO2-equiv/yr,2040,6.72237480950333
canoe,reference,saskatchewan,emissions|transportation,Mt CO2-equiv/yr,2045,6.114242225147903
canoe,reference,saskatchewan,emissions|transportation,Mt CO2-equiv/yr,2050,5.890931198352708
canoe,reference,saskatchewan,emissions|transportation,Mt CO2/yr,2025,6.582710442506485
canoe,reference,saskatchewan,emissions|transportation,Mt CO2/yr,2030,6.5009431387913255
canoe,reference,saskatchewan,emissions|transportation,Mt CO2/yr,2035,6.21087246761528
canoe,reference,saskatchewan,emissions|transportation,Mt CO2/yr,2040,6.5434513390923765
canoe,reference,saskatchewan,emissions|transportation,Mt CO2/yr,2045,5.962552613459145
canoe,reference,saskatchewan,emissions|transportation,Mt CO2/yr,2050,5.7485227649901125
canoe,reference,saskatchewan,emissions|transportation,kt CH4/yr,2025,1.99646685512641
canoe,reference,saskatchewan,emissions|transportation,kt CH4/yr,2030,1.788889246932605
canoe,reference,saskatchewan,emissions|transportation,kt CH4/yr,2035,1.585337920352839
canoe,reference,saskatchewan,emissions|transportation,kt CH4/yr,2040,2.132206946290862
canoe,reference,saskatchewan,emissions|transportation,kt CH4/yr,2045,2.1920808139100822
canoe,reference,saskatchewan,emissions|transportation,kt CH4/yr,2050,1.9848762911439264
canoe,reference,saskatchewan,emissions|transportation,kt N2O/yr,2025,0.5539957654587631
canoe,reference,saskatchewan,emissions|transportation,kt N2O/yr,2030,0.5413915459836253
canoe,reference,saskatchewan,emissions|transportation,kt N2O/yr,2035,0.5174110757466643
canoe,reference,saskatchewan,emissions|transportation,kt N2O/yr,2040,0.4367094143410379
canoe,reference,saskatchewan,emissions|transportation,kt N2O/yr,2045,0.3308107814318529
canoe,reference,saskatchewan,emissions|transportation,kt N2O/yr,2050,0.31806554938926035
canoe,reference,saskatchewan,emissions|upstream,Mt CO2/yr,2025,5.516500457714909
canoe,reference,saskatchewan,emissions|upstream,Mt CO2/yr,2030,5.5686533434372985
canoe,reference,saskatchewan,emissions|upstream,Mt CO2/yr,2035,5.247911920259346
canoe,reference,saskatchewan,emissions|upstream,Mt CO2/yr,2040,5.210233533239558
canoe,reference,saskatchewan,emissions|upstream,Mt CO2/yr,2045,5.083528800581252
canoe,reference,saskatchewan,emissions|upstream,Mt CO2/yr,2050,5.143561979102728
canoe,reference,alberta,emissions|agriculture|diesel,Mt CO2-equiv/yr,2025,2.5484586364944
canoe,reference,alberta,emissions|agriculture|diesel,Mt CO2-equiv/yr,2030,2.81591369016108
canoe,reference,alberta,emissions|agriculture|diesel,Mt CO2-equiv/yr,2035,2.7296842360459395
canoe,reference,alberta,emissions|agriculture|diesel,Mt CO2-equiv/yr,2040,2.6481806817043476
canoe,reference,alberta,emissions|agriculture|diesel,Mt CO2-equiv/yr,2045,2.6566613885604533
canoe,reference,alberta,emissions|agriculture|diesel,Mt CO2-equiv/yr,2050,2.7043247721056853
canoe,reference,alberta,emissions|agriculture|diesel,Mt CO2/yr,2025,2.4446789009999996
canoe,reference,alberta,emissions|agriculture|diesel,Mt CO2/yr,2030,2.701242502740135
canoe,reference,alberta,emissions|agriculture|diesel,Mt CO2/yr,2035,2.6185245319238586
canoe,reference,alberta,emissions|agriculture|diesel,Mt CO2/yr,2040,2.5403400101889946
canoe,reference,alberta,emissions|agriculture|diesel,Mt CO2/yr,2045,2.548475361031968
canoe,reference,alberta,emissions|agriculture|diesel,Mt CO2/yr,2050,2.5941977700342913
canoe,reference,alberta,emissions|agriculture|diesel,kt CH4/yr,2025,0.12232197179999998
canoe,reference,alberta,emissions|agriculture|diesel,kt CH4/yr,2030,0.1351593900982173
canoe,reference,alberta,emissions|agriculture|diesel,kt CH4/yr,2035,0.1310205130909331
canoe,reference,alberta,emissions|agriculture|diesel,kt CH4/yr,2040,0.12710847177583995
canoe,reference,alberta,emissions|agriculture|diesel,kt CH4/yr,2045,0.12751553225154916
canoe,reference,alberta,emissions|agriculture|diesel,kt CH4/yr,2050,0.12980329905083002
canoe,reference,alberta,emissions|agriculture|diesel,kt N2O/yr,2025,0.36759970799999997
canoe,reference,alberta,emissions|agriculture|diesel,kt N2O/yr,2030,0.40617847801536805
canoe,reference,alberta,emissions|agriculture|diesel,kt N2O/yr,2035,0.3937404020349284
canoe,reference,alberta,emissions|agriculture|diesel,kt N2O/yr,2040,0.3819840084455293
canoe,reference,alberta,emissions|agriculture|diesel,kt N2O/yr,2045,0.38320729899429273
canoe,reference,alberta,emissions|agriculture|diesel,kt N2O/yr,2050,0.3900824531061213
canoe,reference,alberta,emissions|agriculture|natural gas,Mt CO2-equiv/yr,2025,0.30124316920106486
canoe,reference,alberta,emissions|agriculture|natural gas,Mt CO2-equiv/yr,2030,0.33285792467693553
canoe,reference,alberta,emissions|agriculture|natural gas,Mt CO2-equiv/yr,2035,0.32266502246421946
canoe,reference,alberta,emissions|agriculture|natural gas,Mt CO2-equiv/yr,2040,0.31303073502358936
canoe,reference,alberta,emissions|agriculture|natural gas,Mt CO2-equiv/yr,2045,0.3140331053493808
canoe,reference,alberta,emissions|agriculture|natural gas,Mt CO2-equiv/yr,2050,0.3196670778860933
canoe,reference,alberta,emissions|agriculture|natural gas,Mt CO2/yr,2025,0.2996033248458088
canoe,reference,alberta,emissions|agriculture|natural gas,Mt CO2/yr,2030,0.3310459825494797
canoe,reference,alberta,emissions|agriculture|natural gas,Mt CO2/yr,2035,0.3209085663190733
canoe,reference,alberta,emissions|agriculture|natural gas,Mt CO2/yr,2040,0.3113267239908695
canoe,reference,alberta,emissions|agriculture|natural gas,Mt CO2/yr,2045,0.3123236378234067
canoe,reference,alberta,emissions|agriculture|natural gas,Mt CO2/yr,2050,0.3179269413225889
canoe,reference,alberta,emissions|commercial|natural gas,Mt CO2-equiv/yr,2025,9.004858832638034
canoe,reference,alberta,emissions|commercial|natural gas,Mt CO2-equiv/yr,2030,9.869114910153916
canoe,reference,alberta,emissions|commercial|natural gas,Mt CO2-equiv/yr,2035,10.478060417318398
canoe,reference,alberta,emissions|commercial|natural gas,Mt CO2-equiv/yr,2040,10.787334886310365
canoe,reference,alberta,emissions|commercial|natural gas,Mt CO2-equiv/yr,2045,11.138456727311386
canoe,reference,alberta,emissions|commercial|natural gas,Mt CO2-equiv/yr,2050,11.681904509480884
canoe,reference,alberta,emissions|commercial|natural gas,Mt CO2/yr,2025,8.955840071596109
canoe,reference,alberta,emissions|commercial|natural gas,Mt CO2/yr,2030,9.815391493222302
canoe,reference,alberta,emissions|commercial|natural gas,Mt CO2/yr,2035,10.421022150608678
canoe,reference,alberta,emissions|commercial|natural gas,Mt CO2/yr,2040,10.728613056140778
canoe,reference,alberta,emissions|commercial|natural gas,Mt CO2/yr,2045,11.07782353373894
canoe,reference,alberta,emissions|commercial|natural gas,Mt CO2/yr,2050,11.618313008902403
canoe,reference,alberta,emissions|commercial|natural gas,kt CH4/yr,2025,0.17124862161104767
canoe,reference,alberta,emissions|commercial|natural gas,kt CH4/yr,2030,0.18768448859622805
canoe,reference,alberta,emissions|commercial|natural gas,kt CH4/yr,2035,0.19926502313611358
canoe,reference,alberta,emissions|commercial|natural gas,kt CH4/yr,2040,0.20514660634565818
canoe,reference,alberta,emissions|commercial|natural gas,kt CH4/yr,2045,0.21182401599821382
canoe,reference,alberta,emissions|commercial|natural gas,kt CH4/yr,2050,0.2221589568722223
canoe,reference,alberta,emissions|commercial|natural gas,kt N2O/yr,2025,0.16199193935713602
canoe,reference,alberta,emissions|commercial|natural gas,kt N2O/yr,2030,0.17753938109942638
canoe,reference,alberta,emissions|commercial|natural gas,kt N2O/yr,2035,0.18849394079900256
canoe,reference,alberta,emissions|commercial|natural gas,kt N2O/yr,2040,0.19405760059165475
canoe,reference,alberta,emissions|commercial|natural gas,kt N2O/yr,2045,0.20037406918172818
canoe,reference,alberta,emissions|commercial|natural gas,kt N2O/yr,2050,0.21015036460280598
canoe,reference,alberta,emissions|electricity|natural gas,Mt CO2-equiv/yr,2025,25.112786498248408
canoe,reference,alberta,emissions|electricity|natural gas,Mt CO2-equiv/yr,2030,24.660863024436107
canoe,reference,alberta,emissions|electricity|natural gas,Mt CO2-equiv/yr,2035,16.888635690909577
canoe,reference,alberta,emissions|electricity|natural gas,Mt CO2-equiv/yr,2040,17.50675591964778
canoe,reference,alberta,emissions|electricity|natural gas,Mt CO2-equiv/yr,2045,15.986105468351296
canoe,reference,alberta,emissions|electricity|natural gas,Mt CO2-equiv/yr,2050,15.593000901109454
canoe,reference,alberta,emissions|electricity|natural gas,Mt CO2/yr,2025,24.765973277762985
canoe,reference,alberta,emissions|electricity|natural gas,Mt CO2/yr,2030,24.32029096860108
canoe,reference,alberta,emissions|electricity|natural gas,Mt CO2/yr,2035,16.655399839763472
canoe,reference,alberta,emissions|electricity|natural gas,Mt CO2/yr,2040,17.26498368934714
canoe,reference,alberta,emissions|electricity|natural gas,Mt CO2/yr,2045,15.765333762237153
canoe,reference,alberta,emissions|electricity|natural gas,Mt CO2/yr,2050,15.37765805733849
canoe,reference,alberta,emissions|electricity|natural gas,kt CH4/yr,2025,6.271486772366117
canoe,reference,alberta,emissions|electricity|natural gas,kt CH4/yr,2030,6.1586266527480396
canoe,reference,alberta,emissions|electricity|natural gas,kt CH4/yr,2035,4.2176464705036745
canoe,reference,alberta,emissions|electricity|natural gas,kt CH4/yr,2040,4.372011372962187
canoe,reference,alberta,emissions|electricity|natural gas,kt CH4/yr,2045,3.992255060720069
canoe,reference,alberta,emissions|electricity|natural gas,kt CH4/yr,2050,3.8940839519987853
canoe,reference,alberta,emissions|electricity|natural gas,kt N2O/yr,2025,0.6271486772366119
canoe,reference,alberta,emissions|electricity|natural gas,kt N2O/yr,2030,0.615862665274804
canoe,reference,alberta,emissions|electricity|natural gas,kt N2O/yr,2035,0.4217646470503675
canoe,reference,alberta,emissions|electricity|natural gas,kt N2O/yr,2040,0.43720113729621873
canoe,reference,alberta,emissions|electricity|natural gas,kt N2O/yr,2045,0.39922550607200696
canoe,reference,alberta,emissions|electricity|natural gas,kt N2O/yr,2050,0.38940839519987863
canoe,reference,alberta,emissions|industrial|biomass,Mt CO2-equiv/yr,2025,3.4373601405500533
canoe,reference,alberta,emissions|industrial|biomass,Mt CO2-equiv/yr,2030,3.4757839998762625
canoe,reference,alberta,emissions|industrial|biomass,Mt CO2-equiv/yr,2035,3.5232079998537724
canoe,reference,alberta,emissions|industrial|biomass,Mt CO2-equiv/yr,2040,3.5385219998682262
canoe,reference,alberta,emissions|industrial|biomass,Mt CO2-equiv/yr,2045,3.455035999644565
canoe,reference,alberta,emissions|industrial|biomass,Mt CO2-equiv/yr,2050,3.2939919999436906
canoe,reference,alberta,emissions|industrial|biomass,Mt CO2/yr,2025,3.4373601405500533
canoe,reference,alberta,emissions|industrial|biomass,Mt CO2/yr,2030,3.4757839998762625
canoe,reference,alberta,emissions|industrial|biomass,Mt CO2/yr,2035,3.5232079998537724
canoe,reference,alberta,emissions|industrial|biomass,Mt CO2/yr,2040,3.5385219998682262
canoe,reference,alberta,emissions|industrial|biomass,Mt CO2/yr,2045,3.455035999644565
canoe,reference,alberta,emissions|industrial|biomass,Mt CO2/yr,2050,3.2939919999436906
canoe,reference,alberta,emissions|industrial|natural gas,Mt CO2-equiv/yr,2025,108.51808129931975
canoe,reference,alberta,emissions|industrial|natural gas,Mt CO2-equiv/yr,2030,101.68048649545882
canoe,reference,alberta,emissions|industrial|natural gas,Mt CO2-equiv/yr,2035,99.62697786060464
canoe,reference,alberta,emissions|industrial|natural gas,Mt CO2-equiv/yr,2040,95.90375499228472
canoe,reference,alberta,emissions|industrial|natural gas,Mt CO2-equiv/yr,2045,93.69485134007101
canoe,reference,alberta,emissions|industrial|natural gas,Mt CO2-equiv/yr,2050,93.97696108378112
canoe,reference,alberta,emissions|industrial|natural gas,Mt CO2/yr,2025,107.95764998256487
canoe,reference,alberta,emissions|industrial|natural gas,Mt CO2/yr,2030,101.1553672871884
canoe,reference,alberta,emissions|industrial|natural gas,Mt CO2/yr,2035,99.11246380250292
canoe,reference,alberta,emissions|industrial|natural gas,Mt CO2/yr,2040,95.40846916481222
canoe,reference,alberta,emissions|industrial|natural gas,Mt CO2/yr,2045,93.21097318556482
canoe,reference,alberta,emissions|industrial|natural gas,Mt CO2/yr,2050,93.49162600031671
canoe,reference,alberta,emissions|industrial|natural gas,kt CH4/yr,2025,2.064306486503317
canoe,reference,alberta,emissions|industrial|natural gas,kt CH4/yr,2030,1.9342369982052419
canoe,reference,alberta,emissions|industrial|natural gas,kt CH4/yr,2035,1.8951737274188034
canoe,reference,alberta,emissions|industrial|natural gas,kt CH4/yr,2040,1.8243479901246584
canoe,reference,alberta,emissions|industrial|natural gas,kt CH4/yr,2045,1.7823286871409607
canoe,reference,alberta,emissions|industrial|natural gas,kt CH4/yr,2050,1.787695175074343
canoe,reference,alberta,emissions|industrial|natural gas,kt N2O/yr,2025,1.841138217579659
canoe,reference,alberta,emissions|industrial|natural gas,kt N2O/yr,2030,1.725130295591166
canoe,reference,alberta,emissions|industrial|natural gas,kt N2O/yr,2035,1.6902900811080925
canoe,reference,alberta,emissions|industrial|natural gas,kt N2O/yr,2040,1.6271211802820391
canoe,reference,alberta,emissions|industrial|natural gas,kt N2O/yr,2045,1.5896445046502201
canoe,reference,alberta,emissions|industrial|natural gas,kt N2O/yr,2050,1.594430831725647
canoe,reference,alberta,emissions|industrial|oil,Mt CO2-equiv/yr,2025,58.43321934509524
canoe,reference,alberta,emissions|industrial|oil,Mt CO2-equiv/yr,2030,54.46281351949916
canoe,reference,alberta,emissions|industrial|oil,Mt CO2-equiv/yr,2035,52.64347781707076
canoe,reference,alberta,emissions|industrial|oil,Mt CO2-equiv/yr,2040,52.31751657652658
canoe,reference,alberta,emissions|industrial|oil,Mt CO2-equiv/yr,2045,52.89864204647952
canoe,reference,alberta,emissions|industrial|oil,Mt CO2-equiv/yr,2050,53.897912364763435
canoe,reference,alberta,emissions|industrial|oil,Mt CO2/yr,2025,58.2455223372066
canoe,reference,alberta,emissions|industrial|oil,Mt CO2/yr,2030,54.287870101125534
canoe,reference,alberta,emissions|industrial|oil,Mt CO2/yr,2035,52.474378400987575
canoe,reference,alberta,emissions|industrial|oil,Mt CO2/yr,2040,52.14946420098341
canoe,reference,alberta,emissions|industrial|oil,Mt CO2/yr,2045,52.728723001375094
canoe,reference,alberta,emissions|industrial|oil,Mt CO2/yr,2050,53.72478350081082
canoe,reference,alberta,emissions|industrial|oil,kt CH4/yr,2025,0.5308733501010532
canoe,reference,alberta,emissions|industrial|oil,kt CH4/yr,2030,0.4948017000102586
canoe,reference,alberta,emissions|industrial|oil,kt CH4/yr,2035,0.4782728000090012
canoe,reference,alberta,emissions|industrial|oil,kt CH4/yr,2040,0.47531140000896316
canoe,reference,alberta,emissions|industrial|oil,kt CH4/yr,2045,0.4805910000125332
canoe,reference,alberta,emissions|industrial|oil,kt CH4/yr,2050,0.4896695000073901
canoe,reference,alberta,emissions|industrial|oil,kt N2O/yr,2025,0.6330862787025994
canoe,reference,alberta,emissions|industrial|oil,kt N2O/yr,2030,0.5900694900122337
canoe,reference,alberta,emissions|industrial|oil,kt N2O/yr,2035,0.5703581600107342
canoe,reference,alberta,emissions|industrial|oil,kt N2O/yr,2040,0.5668265800106889
canoe,reference,alberta,emissions|industrial|oil,kt N2O/yr,2045,0.5731227000149463
canoe,reference,alberta,emissions|industrial|oil,kt N2O/yr,2050,0.5839491500088131
canoe,reference,alberta,emissions|residential|lpg,Mt CO2-equiv/yr,2025,0.07356432402765926
canoe,reference,alberta,emissions|residential|lpg,Mt CO2-equiv/yr,2030,0.05192786688094555
canoe,reference,alberta,emissions|residential|lpg,Mt CO2-equiv/yr,2035,0.030291362151392526
canoe,reference,alberta,emissions|residential|lpg,Mt CO2/yr,2025,0.07212002917520252
canoe,reference,alberta,emissions|residential|lpg,Mt CO2/yr,2030,0.050908362497176445
canoe,reference,alberta,emissions|residential|lpg,Mt CO2/yr,2035,0.029696649170509157
canoe,reference,alberta,emissions|residential|natural gas,Mt CO2-equiv/yr,2025,7.700174582193341
canoe,reference,alberta,emissions|residential|natural gas,Mt CO2-equiv/yr,2030,6.662208658590019
canoe,reference,alberta,emissions|residential|natural gas,Mt CO2-equiv/yr,2035,5.417567349729323
canoe,reference,alberta,emissions|residential|natural gas,Mt CO2-equiv/yr,2040,3.947287242145924
canoe,reference,alberta,emissions|residential|natural gas,Mt CO2-equiv/yr,2045,3.967381005328404
canoe,reference,alberta,emissions|residential|natural gas,Mt CO2-equiv/yr,2050,4.201434479495498
canoe,reference,alberta,emissions|residential|natural gas,Mt CO2/yr,2025,7.658257987514747
canoe,reference,alberta,emissions|residential|natural gas,Mt CO2/yr,2030,6.625942325012061
canoe,reference,alberta,emissions|residential|natural gas,Mt CO2/yr,2035,5.38807633334799
canoe,reference,alberta,emissions|residential|natural gas,Mt CO2/yr,2040,3.925799828108373
canoe,reference,alberta,emissions|residential|natural gas,Mt CO2/yr,2045,3.945784209079074
canoe,reference,alberta,emissions|residential|natural gas,Mt CO2/yr,2050,4.178563592054462
canoe,reference,alberta,emissions|residential|natural gas,kt CH4/yr,2025,0.14643697451265084
canoe,reference,alberta,emissions|residential|natural gas,kt CH4/yr,2030,0.12669760524546667
canoe,reference,alberta,emissions|residential|natural gas,kt CH4/yr,2035,0.10302781624555155
canoe,reference,alberta,emissions|residential|natural gas,kt CH4/yr,2040,0.07506697349550054
canoe,reference,alberta,emissions|residential|natural gas,kt CH4/yr,2045,0.07544910377782173
canoe,reference,alberta,emissions|residential|natural gas,kt CH4/yr,2050,0.07990018242095576
canoe,reference,alberta,emissions|residential|natural gas,kt N2O/yr,2025,0.13852146237284202
canoe,reference,alberta,emissions|residential|natural gas,kt N2O/yr,2030,0.119849086039557
canoe,reference,alberta,emissions|residential|natural gas,kt N2O/yr,2035,0.09745874509433625
canoe,reference,alberta,emissions|residential|natural gas,kt N2O/yr,2040,0.07100929925045521
canoe,reference,alberta,emissions|residential|natural gas,kt N2O/yr,2045,0.07137077384182973
canoe,reference,alberta,emissions|residential|natural gas,kt N2O/yr,2050,0.07558125363926767
canoe,reference,alberta,emissions|residential|wood,Mt CO2-equiv/yr,2025,7.765659863019206
canoe,reference,alberta,emissions|residential|wood,Mt CO2-equiv/yr,2030,12.942154168992403
canoe,reference,alberta,emissions|residential|wood,Mt CO2-equiv/yr,2035,19.301585213365104
canoe,reference,alberta,emissions|residential|wood,Mt CO2-equiv/yr,2040,26.029538307642213
canoe,reference,alberta,emissions|residential|wood,Mt CO2-equiv/yr,2045,28.67368674658587
canoe,reference,alberta,emissions|residential|wood,Mt CO2-equiv/yr,2050,30.365680840133983
canoe,reference,alberta,emissions|residential|wood,Mt CO2/yr,2025,6.404181795300001
canoe,reference,alberta,emissions|residential|wood,Mt CO2/yr,2030,10.673131399396983
canoe,reference,alberta,emissions|residential|wood,Mt CO2/yr,2035,15.91762487982649
canoe,reference,alberta,emissions|residential|wood,Mt CO2/yr,2040,21.46603100191101
canoe,reference,alberta,emissions|residential|wood,Mt CO2/yr,2045,23.646606457886527
canoe,reference,alberta,emissions|residential|wood,Mt CO2/yr,2050,25.041959584702862
canoe,reference,alberta,emissions|residential|wood,kt CH4/yr,2025,20.638810182270838
canoe,reference,alberta,emissions|residential|wood,kt CH4/yr,2030,34.39638974088026
canoe,reference,alberta,emissions|residential|wood,kt CH4/yr,2035,51.29786270096682
canoe,reference,alberta,emissions|residential|wood,kt CH4/yr,2040,69.1787574706768
canoe,reference,alberta,emissions|residential|wood,kt CH4/yr,2045,76.20611621258917
canoe,reference,alberta,emissions|residential|wood,kt CH4/yr,2050,80.70293239334397
canoe,reference,alberta,emissions|residential|wood,kt N2O/yr,2025,2.870298104819123
canoe,reference,alberta,emissions|residential|wood,kt N2O/yr,2030,4.783603871248248
canoe,reference,alberta,emissions|residential|wood,kt N2O/yr,2035,7.134139845829822
canoe,reference,alberta,emissions|residential|wood,kt N2O/yr,2040,9.620886800557702
canoe,reference,alberta,emissions|residential|wood,kt N2O/yr,2045,10.598201592479288
canoe,reference,alberta,emissions|residential|wood,kt N2O/yr,2050,11.223586624239891
canoe,reference,alberta,emissions|transportation|diesel,Mt CO2-equiv/yr,2025,11.159086981247517
canoe,reference,alberta,emissions|transportation|diesel,Mt CO2-equiv/yr,2030,9.816331224583596
canoe,reference,alberta,emissions|transportation|diesel,Mt CO2-equiv/yr,2035,7.649543448634766
canoe,reference,alberta,emissions|transportation|diesel,Mt CO2-equiv/yr,2040,4.936839470577225
canoe,reference,alberta,emissions|transportation|diesel,Mt CO2-equiv/yr,2045,3.8569299297175177
canoe,reference,alberta,emissions|transportation|diesel,Mt CO2-equiv/yr,2050,3.6985403990427397
canoe,reference,alberta,emissions|transportation|diesel,Mt CO2/yr,2025,10.722263625289756
canoe,reference,alberta,emissions|transportation|diesel,Mt CO2/yr,2030,9.43207015396792
canoe,reference,alberta,emissions|transportation|diesel,Mt CO2/yr,2035,7.350101463258611
canoe,reference,alberta,emissions|transportation|diesel,Mt CO2/yr,2040,4.7435865044061645
canoe,reference,alberta,emissions|transportation|diesel,Mt CO2/yr,2045,3.7059501041427385
canoe,reference,alberta,emissions|transportation|diesel,Mt CO2/yr,2050,3.553760740185969
canoe,reference,alberta,emissions|transportation|diesel,kt CH4/yr,2025,0.5148702073721542
canoe,reference,alberta,emissions|transportation|diesel,kt CH4/yr,2030,0.45291666155166144
canoe,reference,alberta,emissions|transportation|diesel,kt CH4/yr,2035,0.3529430210468449
canoe,reference,alberta,emissions|transportation|diesel,kt CH4/yr,2040,0.2277812986700025
canoe,reference,alberta,emissions|transportation|diesel,kt CH4/yr,2045,0.1779552561455421
canoe,reference,alberta,emissions|transportation|diesel,kt CH4/yr,2050,0.17064731391863547
canoe,reference,alberta,emissions|transportation|diesel,kt N2O/yr,2025,1.5472783433981834
canoe,reference,alberta,emissions|transportation|diesel,kt N2O/yr,2030,1.361096717814427
canoe,reference,alberta,emissions|transportation|diesel,kt N2O/yr,2035,1.0606578044073975
canoe,reference,alberta,emissions|transportation|diesel,kt N2O/yr,2040,0.6845241376054388
canoe,reference,alberta,emissions|transportation|diesel,kt N2O/yr,2045,0.5347878324611638
canoe,reference,alberta,emissions|transportation|diesel,kt N2O/yr,2050,0.512826124729578
canoe,reference,alberta,emissions|transportation|ethanol,Mt CO2-equiv/yr,2025,0.8597454426222546
canoe,reference,alberta,emissions|transportation|ethanol,Mt CO2-equiv/yr,2030,0.9536303728031192
canoe,reference,alberta,emissions|transportation|ethanol,Mt CO2-equiv/yr,2035,0.7032709812890461
canoe,reference,alberta,emissions|transportation|ethanol,Mt CO2-equiv/yr,2040,0.7875157798646403
canoe,reference,alberta,emissions|transportation|ethanol,Mt CO2-equiv/yr,2045,0.8226602532215622
canoe,reference,alberta,emissions|transportation|ethanol,Mt CO2-equiv/yr,2050,0.740264876635483
canoe,reference,alberta,emissions|transportation|ethanol,Mt CO2/yr,2025,0.8597454426222546
canoe,reference,alberta,emissions|transportation|ethanol,Mt CO2/yr,2030,0.9536303728031192
canoe,reference,alberta,emissions|transportation|ethanol,Mt CO2/yr,2035,0.7032709812890461
canoe,reference,alberta,emissions|transportation|ethanol,Mt CO2/yr,2040,0.7875157798646403
canoe,reference,alberta,emissions|transportation|ethanol,Mt CO2/yr,2045,0.8226602532215622
canoe,reference,alberta,emissions|transportation|ethanol,Mt CO2/yr,2050,0.740264876635483
canoe,reference,alberta,emissions|transportation|gasoline,Mt CO2-equiv/yr,2025,7.283031772898107
canoe,reference,alberta,emissions|transportation|gasoline,Mt CO2-equiv/yr,2030,5.657867103117757
canoe,reference,alberta,emissions|transportation|gasoline,Mt CO2-equiv/yr,2035,4.172490582401071
canoe,reference,alberta,emissions|transportation|gasoline,Mt CO2-equiv/yr,2040,4.672313037791804
canoe,reference,alberta,emissions|transportation|gasoline,Mt CO2-equiv/yr,2045,4.880824391177128
canoe,reference,alberta,emissions|transportation|gasoline,Mt CO2-equiv/yr,2050,4.391974513980922
canoe,reference,alberta,emissions|transportation|gasoline,Mt CO2/yr,2025,7.0097132978387675
canoe,reference,alberta,emissions|transportation|gasoline,Mt CO2/yr,2030,5.445537999396547
canoe,reference,alberta,emissions|transportation|gasoline,Mt CO2/yr,2035,4.015904863878589
canoe,reference,alberta,emissions|transportation|gasoline,Mt CO2/yr,2040,4.496969923233214
canoe,reference,alberta,emissions|transportation|gasoline,Mt CO2/yr,2045,4.697656237964729
canoe,reference,alberta,emissions|transportation|gasoline,Mt CO2/yr,2050,4.227151976596457
canoe,reference,alberta,emissions|transportation|gasoline,kt CH4/yr,2025,8.268031862313187
canoe,reference,alberta,emissions|transportation|gasoline,kt CH4/yr,2030,6.423070355863144
canoe,reference,alberta,emissions|transportation|gasoline,kt CH4/yr,2035,4.7368027706359985
canoe,reference,alberta,emissions|transportation|gasoline,kt CH4/yr,2040,5.304224157159176
canoe,reference,alberta,emissions|transportation|gasoline,kt CH4/yr,2045,5.5409358134036575
canoe,reference,alberta,emissions|transportation|gasoline,kt CH4/yr,2050,4.985971001141446
canoe,reference,alberta,emissions|transportation|gasoline,kt N2O/yr,2025,0.15316330737938222
canoe,reference,alberta,emissions|transportation|gasoline,kt N2O/yr,2030,0.1189858379378848
canoe,reference,alberta,emissions|transportation|gasoline,kt N2O/yr,2035,0.08774813532847864
canoe,reference,alberta,emissions|transportation|gasoline,kt N2O/yr,2040,0.09825948043272574
canoe,reference,alberta,emissions|transportation|gasoline,kt N2O/yr,2045,0.10264450709559018
canoe,reference,alberta,emissions|transportation|gasoline,kt N2O/yr,2050,0.09236391704214582
canoe,reference,alberta,emissions|transportation|jet fuel,Mt CO2-equiv/yr,2025,3.1580601956950876
canoe,reference,alberta,emissions|transportation|jet fuel,Mt CO2-equiv/yr,2030,3.4044613297820905
canoe,reference,alberta,emissions|transportation|jet fuel,Mt CO2-equiv/yr,2035,3.5303037290945745
canoe,reference,alberta,emissions|transportation|jet fuel,Mt CO2-equiv/yr,2040,3.701092440443079
canoe,reference,alberta,emissions|transportation|jet fuel,Mt CO2-equiv/yr,2045,3.929893588043766
canoe,reference,alberta,emissions|transportation|jet fuel,Mt CO2-equiv/yr,2050,4.208113810641432
canoe,reference,alberta,emissions|transportation|jet fuel,Mt CO2/yr,2025,3.079035023469555
canoe,reference,alberta,emissions|transportation|jet fuel,Mt CO2/yr,2030,3.3192703814626325
canoe,reference,alberta,emissions|transportation|jet fuel,Mt CO2/yr,2035,3.441963785296025
canoe,reference,alberta,emissions|transportation|jet fuel,Mt CO2/yr,2040,3.608478794912406
canoe,reference,alberta,emissions|transportation|jet fuel,Mt CO2/yr,2045,3.831554576632104
canoe,reference,alberta,emissions|transportation|jet fuel,Mt CO2/yr,2050,4.102812803686627
canoe,reference,alberta,emissions|transportation|jet fuel,kt CH4/yr,2025,0.09721115741994653
canoe,reference,alberta,emissions|transportation|jet fuel,kt CH4/yr,2030,0.10479585750477595
canoe,reference,alberta,emissions|transportation|jet fuel,kt CH4/yr,2035,0.10866952821768555
canoe,reference,alberta,emissions|transportation|jet fuel,kt CH4/yr,2040,0.11392673272793558
canoe,reference,alberta,emissions|transportation|jet fuel,kt CH4/yr,2045,0.12096967143049549
canoe,reference,alberta,emissions|transportation|jet fuel,kt CH4/yr,2050,0.12953382416362647
canoe,reference,alberta,emissions|transportation|jet fuel,kt N2O/yr,2025,0.2794991202116275
canoe,reference,alberta,emissions|transportation|jet fuel,kt N2O/yr,2030,0.3013064626715158
canoe,reference,alberta,emissions|transportation|jet fuel,kt N2O/yr,2035,0.3124439450859122
canoe,reference,alberta,emissions|transportation|jet fuel,kt N2O/yr,2040,0.32755932972267593
canoe,reference,alberta,emissions|transportation|jet fuel,kt N2O/yr,2045,0.3478090132293349
canoe,reference,alberta,emissions|transportation|jet fuel,kt N2O/yr,2050,0.3724324537663875
canoe,reference,alberta,emissions|transportation|natural gas,Mt CO2-equiv/yr,2025,2.528818562946528
canoe,reference,alberta,emissions|transportation|natural gas,Mt CO2-equiv/yr,2030,3.0416780638987175
canoe,reference,alberta,emissions|transportation|natural gas,Mt CO2-equiv/yr,2035,3.1503144656001467
canoe,reference,alberta,emissions|transportation|natural gas,Mt CO2-equiv/yr,2040,3.4221122614831208
canoe,reference,alberta,emissions|transportation|natural gas,Mt CO2-equiv/yr,2045,3.446726663936966
canoe,reference,alberta,emissions|transportation|natural gas,Mt CO2-equiv/yr,2050,3.3935827439143185
canoe,reference,alberta,emissions|transportation|natural gas,Mt CO2/yr,2025,2.515758719830087
canoe,reference,alberta,emissions|transportation|natural gas,Mt CO2/yr,2030,3.0259696066344093
canoe,reference,alberta,emissions|transportation|natural gas,Mt CO2/yr,2035,3.134044965964612
canoe,reference,alberta,emissions|transportation|natural gas,Mt CO2/yr,2040,3.404439087963806
canoe,reference,alberta,emissions|transportation|natural gas,Mt CO2/yr,2045,3.428926371675658
canoe,reference,alberta,emissions|transportation|natural gas,Mt CO2/yr,2050,3.3760569083768965
canoe,reference,alberta,emissions|transportation|natural gas,kt CH4/yr,2025,0.04810494712196168
canoe,reference,alberta,emissions|transportation|natural gas,kt CH4/yr,2030,0.05786091757227129
canoe,reference,alberta,emissions|transportation|natural gas,kt CH4/yr,2035,0.05992747483183136
canoe,reference,alberta,emissions|transportation|natural gas,kt CH4/yr,2040,0.06509780171506244
canoe,reference,alberta,emissions|transportation|natural gas,kt CH4/yr,2045,0.06556603401366644
canoe,reference,alberta,emissions|transportation|natural gas,kt CH4/yr,2050,0.06455509337126446
canoe,reference,alberta,emissions|transportation|natural gas,kt N2O/yr,2025,0.04290441229534446
canoe,reference,alberta,emissions|transportation|natural gas,kt N2O/yr,2030,0.05160568323698088
canoe,reference,alberta,emissions|transportation|natural gas,kt N2O/yr,2035,0.05344882890080023
canoe,reference,alberta,emissions|transportation|natural gas,kt N2O/yr,2040,0.05806020152610295
canoe,reference,alberta,emissions|transportation|natural gas,kt N2O/yr,2045,0.058477814116724244
canoe,reference,alberta,emissions|transportation|natural gas,kt N2O/yr,2050,0.05757616435463703
canoe,reference,alberta,emissions|transportation|oil,Mt CO2-equiv/yr,2025,0.011642788381447097
canoe,reference,alberta,emissions|transportation|oil,Mt CO2-equiv/yr,2030,0.011642400937693599
canoe,reference,alberta,emissions|transportation|oil,Mt CO2-equiv/yr,2035,0.011641943091099935
canoe,reference,alberta,emissions|transportation|oil,Mt CO2-equiv/yr,2040,0.01164126165391486
canoe,reference,alberta,emissions|transportation|oil,Mt CO2-equiv/yr,2045,0.011640744758453196
canoe,reference,alberta,emissions|transportation|oil,Mt CO2/yr,2025,0.01160538985083094
canoe,reference,alberta,emissions|transportation|oil,Mt CO2/yr,2030,0.011605003651609819
canoe,reference,alberta,emissions|transportation|oil,Mt CO2/yr,2035,0.011604547275693905
canoe,reference,alberta,emissions|transportation|oil,Mt CO2/yr,2040,0.011603868027395941
canoe,reference,alberta,emissions|transportation|oil,Mt CO2/yr,2045,0.011603352792286602
canoe,reference,alberta,emissions|upstream|diesel,Mt CO2/yr,2025,3.3580842275293423
canoe,reference,alberta,emissions|upstream|diesel,Mt CO2/yr,2030,3.099235980059463
canoe,reference,alberta,emissions|upstream|diesel,Mt CO2/yr,2035,2.5505497305714826
canoe,reference,alberta,emissions|upstream|diesel,Mt CO2/yr,2040,1.870314525734884
canoe,reference,alberta,emissions|upstream|diesel,Mt CO2/yr,2045,1.609870138127321
canoe,reference,alberta,emissions|upstream|diesel,Mt CO2/yr,2050,1.5834131429801936
canoe,reference,alberta,emissions|upstream|gasoline,Mt CO2/yr,2025,1.822908907761185
canoe,reference,alberta,emissions|upstream|gasoline,Mt CO2/yr,2030,1.486735399436479
canoe,reference,alberta,emissions|upstream|gasoline,Mt CO2/yr,2035,1.1515571954735961
canoe,reference,alberta,emissions|upstream|gasoline,Mt CO2/yr,2040,1.2550115489614717
canoe,reference,alberta,emissions|upstream|gasoline,Mt CO2/yr,2045,1.301756580044791
canoe,reference,alberta,emissions|upstream|gasoline,Mt CO2/yr,2050,1.1978671676993404
canoe,reference,alberta,emissions|upstream|jet fuel,Mt CO2/yr,2025,0.6817051915776845
canoe,reference,alberta,emissions|upstream|jet fuel,Mt CO2/yr,2030,0.7348938596163475
canoe,reference,alberta,emissions|upstream|jet fuel,Mt CO2/yr,2035,0.7620584799150741
canoe,reference,alberta,emissions|upstream|jet fuel,Mt CO2/yr,2040,0.7989253004719612
canoe,reference,alberta,emissions|upstream|jet fuel,Mt CO2/yr,2045,0.8483147995858876
canoe,reference,alberta,emissions|upstream|jet fuel,Mt CO2/yr,2050,0.9083719441208075
canoe,reference,alberta,emissions|upstream|lpg,Mt CO2/yr,2025,0.014506207678552301
canoe,reference,alberta,emissions|upstream|lpg,Mt CO2/yr,2030,0.01023969745166137
canoe,reference,alberta,emissions|upstream|natural gas,Mt CO2/yr,2025,10.32658141702747
canoe,reference,alberta,emissions|upstream|natural gas,Mt CO2/yr,2030,9.845184714138718
canoe,reference,alberta,emissions|upstream|natural gas,Mt CO2/yr,2035,9.136511460637518
canoe,reference,alberta,emissions|upstream|natural gas,Mt CO2/yr,2040,8.845083521409395
canoe,reference,alberta,emissions|upstream|natural gas,Mt CO2/yr,2045,8.611888183720334
canoe,reference,alberta,emissions|upstream|natural gas,Mt CO2/yr,2050,8.646311576184596
canoe,reference,alberta,emissions|upstream|oil,Mt CO2/yr,2025,9.827076368052131
canoe,reference,alberta,emissions|upstream|oil,Mt CO2/yr,2030,9.159481584808008
canoe,reference,alberta,emissions|upstream|oil,Mt CO2/yr,2035,8.853573507801176
canoe,reference,alberta,emissions|upstream|oil,Mt CO2/yr,2040,8.798765393221792
canoe,reference,alberta,emissions|upstream|oil,Mt CO2/yr,2045,8.89647730637567
canoe,reference,alberta,emissions|upstream|oil,Mt CO2/yr,2050,9.063978888995184
canoe,reference,british columbia,emissions|agriculture|diesel,Mt CO2-equiv/yr,2025,1.0584469736208213
canoe,reference,british columbia,emissions|agriculture|diesel,Mt CO2-equiv/yr,2030,1.1695286326606267
canoe,reference,british columbia,emissions|agriculture|diesel,Mt CO2-equiv/yr,2035,1.1337151047799008
canoe,reference,british columbia,emissions|agriculture|diesel,Mt CO2-equiv/yr,2040,1.0998643742530838
canoe,reference,british columbia,emissions|agriculture|diesel,Mt CO2-equiv/yr,2045,1.103386653261062
canoe,reference,british columbia,emissions|agriculture|diesel,Mt CO2-equiv/yr,2050,1.1231826231537816
canoe,reference,british columbia,emissions|agriculture|diesel,Mt CO2/yr,2025,1.015344313297357
canoe,reference,british columbia,emissions|agriculture|diesel,Mt CO2/yr,2030,1.1219024438684848
canoe,reference,british columbia,emissions|agriculture|diesel,Mt CO2/yr,2035,1.0875473341850799
canoe,reference,british columbia,emissions|agriculture|diesel,Mt CO2/yr,2040,1.0550750917412388
canoe,reference,british columbia,emissions|agriculture|diesel,Mt CO2/yr,2045,1.0584539345644772
canoe,reference,british columbia,emissions|agriculture|diesel,Mt CO2/yr,2050,1.0774437620737571
canoe,reference,british columbia,emissions|agriculture|diesel,kt CH4/yr,2025,0.05080377566462651
canoe,reference,british columbia,emissions|agriculture|diesel,kt CH4/yr,2030,0.05613551908395674
canoe,reference,british columbia,emissions|agriculture|diesel,kt CH4/yr,2035,0.05441652655853329
canoe,reference,british columbia,emissions|agriculture|diesel,kt CH4/yr,2040,0.05279174519241054
canoe,reference,british columbia,emissions|agriculture|diesel,kt CH4/yr,2045,0.05296080899722014
canoe,reference,british columbia,emissions|agriculture|diesel,kt CH4/yr,2050,0.053910984148699874
canoe,reference,british columbia,emissions|agriculture|diesel,kt N2O/yr,2025,0.1526745589921418
canoe,reference,british columbia,emissions|agriculture|diesel,kt N2O/yr,2030,0.16869741486370415
canoe,reference,british columbia,emissions|agriculture|diesel,kt N2O/yr,2035,0.16353153059041092
canoe,reference,british columbia,emissions|agriculture|diesel,kt N2O/yr,2040,0.15864876793574148
canoe,reference,british columbia,emissions|agriculture|diesel,kt N2O/yr,2045,0.15915683532843358
canoe,reference,british columbia,emissions|agriculture|diesel,kt N2O/yr,2050,0.16201228397018613
canoe,reference,british columbia,emissions|agriculture|natural gas,Mt CO2-equiv/yr,2025,0.5491469376518846
canoe,reference,british columbia,emissions|agriculture|natural gas,Mt CO2-equiv/yr,2030,0.6067786392338662
canoe,reference,british columbia,emissions|agriculture|natural gas,Mt CO2-equiv/yr,2035,0.5881976825222592
canoe,reference,british columbia,emissions|agriculture|natural gas,Mt CO2-equiv/yr,2040,0.57063505794756
canoe,reference,british columbia,emissions|agriculture|natural gas,Mt CO2-equiv/yr,2045,0.5724623848317353
canoe,reference,british columbia,emissions|agriculture|natural gas,Mt CO2-equiv/yr,2050,0.5827328692616878
canoe,reference,british columbia,emissions|agriculture|natural gas,Mt CO2/yr,2025,0.5461576067790789
canoe,reference,british columbia,emissions|agriculture|natural gas,Mt CO2/yr,2030,0.6034755849967309
canoe,reference,british columbia,emissions|agriculture|natural gas,Mt CO2/yr,2035,0.5849957753984665
canoe,reference,british columbia,emissions|agriculture|natural gas,Mt CO2/yr,2040,0.5675287545542972
canoe,reference,british columbia,emissions|agriculture|natural gas,Mt CO2/yr,2045,0.5693461342198046
canoe,reference,british columbia,emissions|agriculture|natural gas,Mt CO2/yr,2050,0.5795607103416522
canoe,reference,british columbia,emissions|agriculture|natural gas,kt CH4/yr,2025,0.010443323752501664
canoe,reference,british columbia,emissions|agriculture|natural gas,kt CH4/yr,2030,0.011539326437323572
canoe,reference,british columbia,emissions|agriculture|natural gas,kt CH4/yr,2035,0.011185965736815505
canoe,reference,british columbia,emissions|agriculture|natural gas,kt CH4/yr,2040,0.010851971022829693
canoe,reference,british columbia,emissions|agriculture|natural gas,kt CH4/yr,2045,0.010886721951851882
canoe,reference,british columbia,emissions|agriculture|natural gas,kt CH4/yr,2050,0.011082039428182807
canoe,reference,british columbia,emissions|agriculture|natural gas,kt N2O/yr,2030,0.010915579062018708
canoe,reference,british columbia,emissions|agriculture|natural gas,kt N2O/yr,2035,0.01058131893992611
canoe,reference,british columbia,emissions|agriculture|natural gas,kt N2O/yr,2040,0.010265377994272955
canoe,reference,british columbia,emissions|agriculture|natural gas,kt N2O/yr,2045,0.010298250494698402
canoe,reference,british columbia,emissions|agriculture|natural gas,kt N2O/yr,2050,0.010483010269600712
canoe,reference,british columbia,emissions|commercial|natural gas,Mt CO2-equiv/yr,2025,3.7608611567451353
canoe,reference,british columbia,emissions|commercial|natural gas,Mt CO2-equiv/yr,2030,2.3900081259886994
canoe,reference,british columbia,emissions|commercial|natural gas,Mt CO2-equiv/yr,2035,2.446730658964544
canoe,reference,british columbia,emissions|commercial|natural gas,Mt CO2-equiv/yr,2040,1.7579662499696749
canoe,reference,british columbia,emissions|commercial|natural gas,Mt CO2-equiv/yr,2045,1.6955494759028935
canoe,reference,british columbia,emissions|commercial|natural gas,Mt CO2-equiv/yr,2050,1.7180069230168786
canoe,reference,british columbia,emissions|commercial|natural gas,Mt CO2/yr,2025,3.7403885699138835
canoe,reference,british columbia,emissions|commercial|natural gas,Mt CO2/yr,2030,2.37699790124298
canoe,reference,british columbia,emissions|commercial|natural gas,Mt CO2/yr,2035,2.433411659995784
canoe,reference,british columbia,emissions|commercial|natural gas,Mt CO2/yr,2040,1.7483966021685677
canoe,reference,british columbia,emissions|commercial|natural gas,Mt CO2/yr,2045,1.6863195994396667
canoe,reference,british columbia,emissions|commercial|natural gas,Mt CO2/yr,2050,1.708654797415253
canoe,reference,british columbia,emissions|commercial|natural gas,kt CH4/yr,2025,0.0715216419416603
canoe,reference,british columbia,emissions|commercial|natural gas,kt CH4/yr,2030,0.0454516394783798
canoe,reference,british columbia,emissions|commercial|natural gas,kt CH4/yr,2035,0.04653035217859377
canoe,reference,british columbia,emissions|commercial|natural gas,kt CH4/yr,2040,0.03343187303002449
canoe,reference,british columbia,emissions|commercial|natural gas,kt CH4/yr,2045,0.03224487091005754
canoe,reference,british columbia,emissions|commercial|natural gas,kt CH4/yr,2050,0.03267195221523401
canoe,reference,british columbia,emissions|commercial|natural gas,kt N2O/yr,2025,0.06765560724016242
canoe,reference,british columbia,emissions|commercial|natural gas,kt N2O/yr,2030,0.042994794099931705
canoe,reference,british columbia,emissions|commercial|natural gas,kt N2O/yr,2035,0.04401519800551011
canoe,reference,british columbia,emissions|commercial|natural gas,kt N2O/yr,2040,0.03162474475722039
canoe,reference,british columbia,emissions|commercial|natural gas,kt N2O/yr,2045,0.030501904914040742
canoe,reference,british columbia,emissions|commercial|natural gas,kt N2O/yr,2050,0.030905900743250093
canoe,reference,british columbia,emissions|electricity|biogas,Mt CO2-equiv/yr,2025,0.015607821414937523
canoe,reference,british columbia,emissions|electricity|biogas,Mt CO2-equiv/yr,2030,0.012161088534023642
canoe,reference,british columbia,emissions|electricity|biogas,Mt CO2-equiv/yr,2035,0.019783201531386806
canoe,reference,british columbia,emissions|electricity|biogas,Mt CO2-equiv/yr,2040,0.012763406795206479
canoe,reference,british columbia,emissions|electricity|biogas,Mt CO2-equiv/yr,2045,0.017119422851492833
canoe,reference,british columbia,emissions|electricity|biogas,Mt CO2-equiv/yr,2050,0.012004719048278649
canoe,reference,british columbia,emissions|electricity|biogas,Mt CO2/yr,2025,0.015607821414937523
canoe,reference,british columbia,emissions|electricity|biogas,Mt CO2/yr,2030,0.012161088534023642
canoe,reference,british columbia,emissions|electricity|biogas,Mt CO2/yr,2035,0.019783201531386806
canoe,reference,british columbia,emissions|electricity|biogas,Mt CO2/yr,2040,0.012763406795206479
canoe,reference,british columbia,emissions|electricity|biogas,Mt CO2/yr,2045,0.017119422851492833
canoe,reference,british columbia,emissions|electricity|biogas,Mt CO2/yr,2050,0.012004719048278649
canoe,reference,british columbia,emissions|electricity|natural gas,Mt CO2-equiv/yr,2025,3.8558149591805972
canoe,reference,british columbia,emissions|electricity|natural gas,Mt CO2-equiv/yr,2030,3.282710975425533
canoe,reference,british columbia,emissions|electricity|natural gas,Mt CO2-equiv/yr,2035,1.9057066295770082
canoe,reference,british columbia,emissions|electricity|natural gas,Mt CO2-equiv/yr,2040,1.5617114151566076
canoe,reference,british columbia,emissions|electricity|natural gas,Mt CO2-equiv/yr,2045,1.1493405839044
canoe,reference,british columbia,emissions|electricity|natural gas,Mt CO2-equiv/yr,2050,0.7775335278575711
canoe,reference,british columbia,emissions|electricity|natural gas,Mt CO2/yr,2025,3.802565288791269
canoe,reference,british columbia,emissions|electricity|natural gas,Mt CO2/yr,2030,3.237375999739359
canoe,reference,british columbia,emissions|electricity|natural gas,Mt CO2/yr,2035,1.8793883931061124
canoe,reference,british columbia,emissions|electricity|natural gas,Mt CO2/yr,2040,1.54014382983918
canoe,reference,british columbia,emissions|electricity|natural gas,Mt CO2/yr,2045,1.1334679323622747
canoe,reference,british columbia,emissions|electricity|natural gas,Mt CO2/yr,2050,0.7667956152467789
canoe,reference,british columbia,emissions|electricity|natural gas,kt CH4/yr,2025,0.9629235096981043
canoe,reference,british columbia,emissions|electricity|natural gas,kt CH4/yr,2030,0.8198006406544437
canoe,reference,british columbia,emissions|electricity|natural gas,kt CH4/yr,2035,0.475917474161469
canoe,reference,british columbia,emissions|electricity|natural gas,kt CH4/yr,2040,0.39001058218254575
canoe,reference,british columbia,emissions|electricity|natural gas,kt CH4/yr,2045,0.28702805518625946
canoe,reference,british columbia,emissions|electricity|natural gas,kt CH4/yr,2050,0.1941756338098935
canoe,reference,british columbia,emissions|electricity|natural gas,kt N2O/yr,2025,0.09629235096981043
canoe,reference,british columbia,emissions|electricity|natural gas,kt N2O/yr,2030,0.08198006406544438
canoe,reference,british columbia,emissions|electricity|natural gas,kt N2O/yr,2035,0.047591747416146905
canoe,reference,british columbia,emissions|electricity|natural gas,kt N2O/yr,2040,0.03900105821825458
canoe,reference,british columbia,emissions|electricity|natural gas,kt N2O/yr,2045,0.028702805518625946
canoe,reference,british columbia,emissions|electricity|natural gas,kt N2O/yr,2050,0.01941756338098935
canoe,reference,british columbia,emissions|industrial|biomass,Mt CO2-equiv/yr,2025,10.087974000869078
canoe,reference,british columbia,emissions|industrial|biomass,Mt CO2-equiv/yr,2030,12.139556000879605
canoe,reference,british columbia,emissions|industrial|biomass,Mt CO2-equiv/yr,2035,12.719018000779217
canoe,reference,british columbia,emissions|industrial|biomass,Mt CO2-equiv/yr,2040,12.953668000958984
canoe,reference,british columbia,emissions|industrial|biomass,Mt CO2-equiv/yr,2045,13.112736000517845
canoe,reference,british columbia,emissions|industrial|biomass,Mt CO2-equiv/yr,2050,13.373074000850208
canoe,reference,british columbia,emissions|industrial|biomass,Mt CO2/yr,2025,10.087974000869078
canoe,reference,british columbia,emissions|industrial|biomass,Mt CO2/yr,2030,12.139556000879605
canoe,reference,british columbia,emissions|industrial|biomass,Mt CO2/yr,2035,12.719018000779217
canoe,reference,british columbia,emissions|industrial|biomass,Mt CO2/yr,2040,12.953668000958984
canoe,reference,british columbia,emissions|industrial|biomass,Mt CO2/yr,2045,13.112736000517845
canoe,reference,british columbia,emissions|industrial|biomass,Mt CO2/yr,2050,13.373074000850208
canoe,reference,british columbia,emissions|industrial|natural gas,Mt CO2-equiv/yr,2025,13.142350975435926
canoe,reference,british columbia,emissions|industrial|natural gas,Mt CO2-equiv/yr,2030,15.506128182545426
canoe,reference,british columbia,emissions|industrial|natural gas,Mt CO2-equiv/yr,2035,15.890965504324399
canoe,reference,british columbia,emissions|industrial|natural gas,Mt CO2-equiv/yr,2040,15.92642476972957
canoe,reference,british columbia,emissions|industrial|natural gas,Mt CO2-equiv/yr,2045,16.512545568583057
canoe,reference,british columbia,emissions|industrial|natural gas,Mt CO2-equiv/yr,2050,17.500190402557326
canoe,reference,british columbia,emissions|industrial|natural gas,Mt CO2/yr,2025,13.074478552939786
canoe,reference,british columbia,emissions|industrial|natural gas,Mt CO2/yr,2030,15.426048257328686
canoe,reference,british columbia,emissions|industrial|natural gas,Mt CO2/yr,2035,15.808898123336247
canoe,reference,british columbia,emissions|industrial|natural gas,Mt CO2/yr,2040,15.844174262735466
canoe,reference,british columbia,emissions|industrial|natural gas,Mt CO2/yr,2045,16.427268096431202
canoe,reference,british columbia,emissions|industrial|natural gas,Mt CO2/yr,2050,17.40981233253125
canoe,reference,british columbia,emissions|industrial|natural gas,kt CH4/yr,2025,0.2500029492012927
canoe,reference,british columbia,emissions|industrial|natural gas,kt CH4/yr,2030,0.2949683647602519
canoe,reference,british columbia,emissions|industrial|natural gas,kt CH4/yr,2035,0.3022890081966732
canoe,reference,british columbia,emissions|industrial|natural gas,kt CH4/yr,2040,0.30296353902790524
canoe,reference,british columbia,emissions|industrial|natural gas,kt CH4/yr,2045,0.3141131368871824
canoe,reference,british columbia,emissions|industrial|natural gas,kt CH4/yr,2050,0.33290080446039594
canoe,reference,british columbia,emissions|industrial|natural gas,kt N2O/yr,2025,0.2229756033280702
canoe,reference,british columbia,emissions|industrial|natural gas,kt N2O/yr,2030,0.2630798928782052
canoe,reference,british columbia,emissions|industrial|natural gas,kt N2O/yr,2035,0.2696091154021821
canoe,reference,british columbia,emissions|industrial|natural gas,kt N2O/yr,2040,0.27021072398135226
canoe,reference,british columbia,emissions|industrial|natural gas,kt N2O/yr,2045,0.2801549599092892
canoe,reference,british columbia,emissions|industrial|natural gas,kt N2O/yr,2050,0.2969115282843747
canoe,reference,british columbia,emissions|industrial|oil,Mt CO2-equiv/yr,2025,7.5715928887298904
canoe,reference,british columbia,emissions|industrial|oil,Mt CO2-equiv/yr,2030,7.959501514133713
canoe,reference,british columbia,emissions|industrial|oil,Mt CO2-equiv/yr,2035,8.184429520038918
canoe,reference,british columbia,emissions|industrial|oil,Mt CO2-equiv/yr,2040,8.366584330368713
canoe,reference,british columbia,emissions|industrial|oil,Mt CO2-equiv/yr,2045,8.803165901918216
canoe,reference,british columbia,emissions|industrial|oil,Mt CO2-equiv/yr,2050,9.410102781797017
canoe,reference,british columbia,emissions|industrial|oil,Mt CO2/yr,2025,7.547271700438477
canoe,reference,british columbia,emissions|industrial|oil,Mt CO2/yr,2030,7.933934300222995
canoe,reference,british columbia,emissions|industrial|oil,Mt CO2/yr,2035,8.158139800776418
canoe,reference,british columbia,emissions|industrial|oil,Mt CO2/yr,2040,8.33970950021801
canoe,reference,british columbia,emissions|industrial|oil,Mt CO2/yr,2045,8.774888700725878
canoe,reference,british columbia,emissions|industrial|oil,Mt CO2/yr,2050,9.3798760005951
canoe,reference,british columbia,emissions|industrial|oil,kt CH4/yr,2025,0.06878890000399646
canoe,reference,british columbia,emissions|industrial|oil,kt CH4/yr,2030,0.07231310000203246
canoe,reference,british columbia,emissions|industrial|oil,kt CH4/yr,2035,0.07435660000707658
canoe,reference,british columbia,emissions|industrial|oil,kt CH4/yr,2040,0.07601150000198703
canoe,reference,british columbia,emissions|industrial|oil,kt CH4/yr,2045,0.07997790000661595
canoe,reference,british columbia,emissions|industrial|oil,kt CH4/yr,2050,0.085492000005424
canoe,reference,british columbia,emissions|industrial|oil,kt N2O/yr,2025,0.08203333000476593
canoe,reference,british columbia,emissions|industrial|oil,kt N2O/yr,2030,0.08623607000242378
canoe,reference,british columbia,emissions|industrial|oil,kt N2O/yr,2035,0.08867302000843909
canoe,reference,british columbia,emissions|industrial|oil,kt N2O/yr,2040,0.09064655000236961
canoe,reference,british columbia,emissions|industrial|oil,kt N2O/yr,2045,0.09537663000788978
canoe,reference,british columbia,emissions|industrial|oil,kt N2O/yr,2050,0.10195240000646831
canoe,reference,british columbia,emissions|residential|lpg,Mt CO2-equiv/yr,2025,0.04282505237374565
canoe,reference,british columbia,emissions|residential|lpg,Mt CO2-equiv/yr,2030,0.02857556703299925
canoe,reference,british columbia,emissions|residential|lpg,Mt CO2-equiv/yr,2035,0.01432653191194884
canoe,reference,british columbia,emissions|residential|lpg,Mt CO2/yr,2025,0.041984264348882736
canoe,reference,british columbia,emissions|residential|lpg,Mt CO2/yr,2030,0.02801454040878564
canoe,reference,british columbia,emissions|residential|lpg,Mt CO2/yr,2035,0.014045257849181604
canoe,reference,british columbia,emissions|residential|natural gas,Mt CO2-equiv/yr,2025,5.51030969977559
canoe,reference,british columbia,emissions|residential|natural gas,Mt CO2-equiv/yr,2030,5.501957064576305
canoe,reference,british columbia,emissions|residential|natural gas,Mt CO2-equiv/yr,2035,5.775584447431371
canoe,reference,british columbia,emissions|residential|natural gas,Mt CO2-equiv/yr,2040,6.353539447925517
canoe,reference,british columbia,emissions|residential|natural gas,Mt CO2-equiv/yr,2045,6.822924891249915
canoe,reference,british columbia,emissions|residential|natural gas,Mt CO2-equiv/yr,2050,7.116055027415137
canoe,reference,british columbia,emissions|residential|natural gas,Mt CO2/yr,2025,5.4803138320490135
canoe,reference,british columbia,emissions|residential|natural gas,Mt CO2/yr,2030,5.47200666517261
canoe,reference,british columbia,emissions|residential|natural gas,Mt CO2/yr,2035,5.744144532695567
canoe,reference,british columbia,emissions|residential|natural gas,Mt CO2/yr,2040,6.318953383029142
canoe,reference,british columbia,emissions|residential|natural gas,Mt CO2/yr,2045,6.785783684367363
canoe,reference,british columbia,emissions|residential|natural gas,Mt CO2/yr,2050,7.077318140204229
canoe,reference,british columbia,emissions|residential|natural gas,kt CH4/yr,2025,0.10479153069189337
canoe,reference,british columbia,emissions|residential|natural gas,kt CH4/yr,2030,0.10463268564042925
canoe,reference,british columbia,emissions|residential|natural gas,kt CH4/yr,2035,0.10983635546134096
canoe,reference,british columbia,emissions|residential|natural gas,kt CH4/yr,2040,0.12082753245004665
canoe,reference,british columbia,emissions|residential|natural gas,kt CH4/yr,2045,0.1297540033328829
canoe,reference,british columbia,emissions|residential|natural gas,kt CH4/yr,2050,0.1353285639899595
canoe,reference,british columbia,emissions|residential|natural gas,kt N2O/yr,2025,0.09912712362461154
canoe,reference,british columbia,emissions|residential|natural gas,kt N2O/yr,2030,0.09897686479214982
canoe,reference,british columbia,emissions|residential|natural gas,kt N2O/yr,2035,0.10389925516314072
canoe,reference,british columbia,emissions|residential|natural gas,kt N2O/yr,2040,0.1142963144764818
canoe,reference,british columbia,emissions|residential|natural gas,kt N2O/yr,2045,0.12274027341946203
canoe,reference,british columbia,emissions|residential|natural gas,kt N2O/yr,2050,0.12801350647330154
canoe,reference,british columbia,emissions|residential|oil,Mt CO2-equiv/yr,2025,0.030197828741856177
canoe,reference,british columbia,emissions|residential|oil,Mt CO2/yr,2025,0.028968096136250315
canoe,reference,british columbia,emissions|residential|wood,Mt CO2-equiv/yr,2025,0.47602394624287814
canoe,reference,british columbia,emissions|residential|wood,Mt CO2-equiv/yr,2030,0.3523177932010048
canoe,reference,british columbia,emissions|residential|wood,Mt CO2-equiv/yr,2035,0.1811732167372462
canoe,reference,british columbia,emissions|residential|wood,Mt CO2/yr,2025,0.39256726980445744
canoe,reference,british columbia,emissions|residential|wood,Mt CO2/yr,2030,0.29054932062153405
canoe,reference,british columbia,emissions|residential|wood,Mt CO2/yr,2035,0.1494098681748745
canoe,reference,british columbia,emissions|residential|wood,kt CH4/yr,2025,1.2651298205201809
canoe,reference,british columbia,emissions|residential|wood,kt CH4/yr,2030,0.936355723270764
canoe,reference,british columbia,emissions|residential|wood,kt CH4/yr,2035,0.4815044305710395
canoe,reference,british columbia,emissions|residential|wood,kt CH4/yr,2040,0.023990086682427605
canoe,reference,british columbia,emissions|residential|wood,kt N2O/yr,2025,0.17594520682730994
canoe,reference,british columbia,emissions|residential|wood,kt N2O/yr,2030,0.1302216568787155
canoe,reference,british columbia,emissions|residential|wood,kt N2O/yr,2035,0.06696419233107172
canoe,reference,british columbia,emissions|transportation|diesel,Mt CO2-equiv/yr,2025,5.788736189829211
canoe,reference,british columbia,emissions|transportation|diesel,Mt CO2-equiv/yr,2030,5.393203683196339
canoe,reference,british columbia,emissions|transportation|diesel,Mt CO2-equiv/yr,2035,4.800724647165748
canoe,reference,british columbia,emissions|transportation|diesel,Mt CO2-equiv/yr,2040,3.836820433535853
canoe,reference,british columbia,emissions|transportation|diesel,Mt CO2-equiv/yr,2045,3.165379759790746
canoe,reference,british columbia,emissions|transportation|diesel,Mt CO2-equiv/yr,2050,3.161873671507433
canoe,reference,british columbia,emissions|transportation|diesel,Mt CO2/yr,2025,5.562135673812143
canoe,reference,british columbia,emissions|transportation|diesel,Mt CO2/yr,2030,5.18208630534043
canoe,reference,british columbia,emissions|transportation|diesel,Mt CO2/yr,2035,4.612799910376748
canoe,reference,british columbia,emissions|transportation|diesel,Mt CO2/yr,2040,3.686627807384831
canoe,reference,british columbia,emissions|transportation|diesel,Mt CO2/yr,2045,3.0414707232315368
canoe,reference,british columbia,emissions|transportation|diesel,Mt CO2/yr,2050,3.038101871588015
canoe,reference,british columbia,emissions|transportation|diesel,kt CH4/yr,2025,0.2670870334845121
canoe,reference,british columbia,emissions|transportation|diesel,kt CH4/yr,2030,0.24883752790645924
canoe,reference,british columbia,emissions|transportation|diesel,kt CH4/yr,2035,0.22150108694598203
canoe,reference,british columbia,emissions|transportation|diesel,kt CH4/yr,2040,0.17702741227638033
canoe,reference,british columbia,emissions|transportation|diesel,kt CH4/yr,2045,0.14604775120237173
canoe,reference,british columbia,emissions|transportation|diesel,kt CH4/yr,2050,0.14588600122415357
canoe,reference,british columbia,emissions|transportation|diesel,kt N2O/yr,2025,0.8026449781946097
canoe,reference,british columbia,emissions|transportation|diesel,kt N2O/yr,2030,0.7478019296388273
canoe,reference,british columbia,emissions|transportation|diesel,kt N2O/yr,2035,0.6656509389591295
canoe,reference,british columbia,emissions|transportation|diesel,kt N2O/yr,2040,0.5319994819996028
canoe,reference,british columbia,emissions|transportation|diesel,kt N2O/yr,2045,0.4388999976226566
canoe,reference,british columbia,emissions|transportation|diesel,kt N2O/yr,2050,0.4384138896891661
canoe,reference,british columbia,emissions|transportation|ethanol,Mt CO2-equiv/yr,2025,0.7794035626188126
canoe,reference,british columbia,emissions|transportation|ethanol,Mt CO2-equiv/yr,2030,0.8912054477643677
canoe,reference,british columbia,emissions|transportation|ethanol,Mt CO2-equiv/yr,2035,0.6633571156587658
canoe,reference,british columbia,emissions|transportation|ethanol,Mt CO2-equiv/yr,2040,0.7966085502681967
canoe,reference,british columbia,emissions|transportation|ethanol,Mt CO2-equiv/yr,2045,0.7984873345205444
canoe,reference,british columbia,emissions|transportation|ethanol,Mt CO2-equiv/yr,2050,0.7184030784264993
canoe,reference,british columbia,emissions|transportation|ethanol,Mt CO2/yr,2025,0.7794035626188126
canoe,reference,british columbia,emissions|transportation|ethanol,Mt CO2/yr,2030,0.8912054477643677
canoe,reference,british columbia,emissions|transportation|ethanol,Mt CO2/yr,2035,0.6633571156587658
canoe,reference,british columbia,emissions|transportation|ethanol,Mt CO2/yr,2040,0.7966085502681967
canoe,reference,british columbia,emissions|transportation|ethanol,Mt CO2/yr,2045,0.7984873345205444
canoe,reference,british columbia,emissions|transportation|ethanol,Mt CO2/yr,2050,0.7184030784264993
canoe,reference,british columbia,emissions|transportation|gasoline,Mt CO2-equiv/yr,2025,6.602443733984216
canoe,reference,british columbia,emissions|transportation|gasoline,Mt CO2-equiv/yr,2030,5.2875014563597125
canoe,reference,british columbia,emissions|transportation|gasoline,Mt CO2-equiv/yr,2035,3.935682534180015
canoe,reference,british columbia,emissions|transportation|gasoline,Mt CO2-equiv/yr,2040,4.726260235793966
canoe,reference,british columbia,emissions|transportation|gasoline,Mt CO2-equiv/yr,2045,4.73740701961962
canoe,reference,british columbia,emissions|transportation|gasoline,Mt CO2-equiv/yr,2050,4.262268967231159
canoe,reference,british columbia,emissions|transportation|gasoline,Mt CO2/yr,2025,6.354666447092116
canoe,reference,british columbia,emissions|transportation|gasoline,Mt CO2/yr,2030,5.089071478296991
canoe,reference,british columbia,emissions|transportation|gasoline,Mt CO2/yr,2035,3.7879837760113806
canoe,reference,british columbia,emissions|transportation|gasoline,Mt CO2/yr,2040,4.548892584428254
canoe,reference,british columbia,emissions|transportation|gasoline,Mt CO2/yr,2045,4.559621050436266
canoe,reference,british columbia,emissions|transportation|gasoline,Mt CO2/yr,2050,4.102314034897698
canoe,reference,british columbia,emissions|transportation|gasoline,kt CH4/yr,2025,7.495397090652688
canoe,reference,british columbia,emissions|transportation|gasoline,kt CH4/yr,2030,6.002614278835319
canoe,reference,british columbia,emissions|transportation|gasoline,kt CH4/yr,2035,4.46796740797428
canoe,reference,british columbia,emissions|transportation|gasoline,kt CH4/yr,2040,5.3654674917858625
canoe,reference,british columbia,emissions|transportation|gasoline,kt CH4/yr,2045,5.37812183227299
canoe,reference,british columbia,emissions|transportation|gasoline,kt CH4/yr,2050,4.83872331272184
canoe,reference,british columbia,emissions|transportation|gasoline,kt N2O/yr,2025,0.13885043353049897
canoe,reference,british columbia,emissions|transportation|gasoline,kt N2O/yr,2030,0.11119698994627522
canoe,reference,british columbia,emissions|transportation|gasoline,kt N2O/yr,2035,0.08276802470826089
canoe,reference,british columbia,emissions|transportation|gasoline,kt N2O/yr,2040,0.09939399851908218
canoe,reference,british columbia,emissions|transportation|gasoline,kt N2O/yr,2045,0.09962841714179548
canoe,reference,british columbia,emissions|transportation|gasoline,kt N2O/yr,2050,0.08963618892765764
canoe,reference,british columbia,emissions|transportation|jet fuel,Mt CO2-equiv/yr,2025,6.793294940130781
canoe,reference,british columbia,emissions|transportation|jet fuel,Mt CO2-equiv/yr,2030,7.184070637648718
canoe,reference,british columbia,emissions|transportation|jet fuel,Mt CO2-equiv/yr,2035,7.227301923055229
canoe,reference,british columbia,emissions|transportation|jet fuel,Mt CO2-equiv/yr,2040,7.564639651032005
canoe,reference,british columbia,emissions|transportation|jet fuel,Mt CO2-equiv/yr,2045,7.883223094454421
canoe,reference,british columbia,emissions|transportation|jet fuel,Mt CO2-equiv/yr,2050,8.441322517456879
canoe,reference,british columbia,emissions|transportation|jet fuel,Mt CO2/yr,2025,6.623304101021864
canoe,reference,british columbia,emissions|transportation|jet fuel,Mt CO2/yr,2030,7.004301290568356
canoe,reference,british columbia,emissions|transportation|jet fuel,Mt CO2/yr,2035,7.046450785393599
canoe,reference,british columbia,emissions|transportation|jet fuel,Mt CO2/yr,2040,7.375347201172503
canoe,reference,british columbia,emissions|transportation|jet fuel,Mt CO2/yr,2045,7.685958626987725
canoe,reference,british columbia,emissions|transportation|jet fuel,Mt CO2/yr,2050,8.23009254576013
canoe,reference,british columbia,emissions|transportation|jet fuel,kt CH4/yr,2025,0.20911066379462387
canoe,reference,british columbia,emissions|transportation|jet fuel,kt CH4/yr,2030,0.22113949019226142
canoe,reference,british columbia,emissions|transportation|jet fuel,kt CH4/yr,2035,0.22247023217648573
canoe,reference,british columbia,emissions|transportation|jet fuel,kt CH4/yr,2040,0.23285413525177837
canoe,reference,british columbia,emissions|transportation|jet fuel,kt CH4/yr,2045,0.24266074543360505
canoe,reference,british columbia,emissions|transportation|jet fuel,kt CH4/yr,2050,0.25984011742259655
canoe,reference,british columbia,emissions|transportation|jet fuel,kt N2O/yr,2025,0.6012298187643464
canoe,reference,british columbia,emissions|transportation|jet fuel,kt N2O/yr,2030,0.635814803498087
canoe,reference,british columbia,emissions|transportation|jet fuel,kt N2O/yr,2035,0.6396409200025187
canoe,reference,british columbia,emissions|transportation|jet fuel,kt N2O/yr,2040,0.6694964618038509
canoe,reference,british columbia,emissions|transportation|jet fuel,kt N2O/yr,2045,0.6976921853280371
canoe,reference,british columbia,emissions|transportation|jet fuel,kt N2O/yr,2050,0.7470858916077462
canoe,reference,british columbia,emissions|transportation|natural gas,Mt CO2-equiv/yr,2025,1.9032849961478797
canoe,reference,british columbia,emissions|transportation|natural gas,Mt CO2-equiv/yr,2030,1.997677062750611
canoe,reference,british columbia,emissions|transportation|natural gas,Mt CO2-equiv/yr,2035,1.9669833622582837
canoe,reference,british columbia,emissions|transportation|natural gas,Mt CO2-equiv/yr,2040,2.0807630655069365
canoe,reference,british columbia,emissions|transportation|natural gas,Mt CO2-equiv/yr,2045,2.1297621615991558
canoe,reference,british columbia,emissions|transportation|natural gas,Mt CO2-equiv/yr,2050,2.1126466244764504
canoe,reference,british columbia,emissions|transportation|natural gas,Mt CO2/yr,2025,1.8934556616832499
canoe,reference,british columbia,emissions|transportation|natural gas,Mt CO2/yr,2030,1.9873602494295177
canoe,reference,british columbia,emissions|transportation|natural gas,Mt CO2/yr,2035,1.9568250636360962
canoe,reference,british columbia,emissions|transportation|natural gas,Mt CO2/yr,2040,2.0700171624215282
canoe,reference,british columbia,emissions|transportation|natural gas,Mt CO2/yr,2045,2.1187632073391054
canoe,reference,british columbia,emissions|transportation|natural gas,Mt CO2/yr,2050,2.1017360617811214
canoe,reference,british columbia,emissions|transportation|natural gas,kt CH4/yr,2025,0.0362056121539364
canoe,reference,british columbia,emissions|transportation|natural gas,kt CH4/yr,2030,0.03800120375516473
canoe,reference,british columbia,emissions|transportation|natural gas,kt CH4/yr,2035,0.03741732681721615
canoe,reference,british columbia,emissions|transportation|natural gas,kt CH4/yr,2040,0.03958172353927734
canoe,reference,british columbia,emissions|transportation|natural gas,kt CH4/yr,2045,0.04051381845548742
canoe,reference,british columbia,emissions|transportation|natural gas,kt CH4/yr,2050,0.04018823479348978
canoe,reference,british columbia,emissions|transportation|natural gas,kt N2O/yr,2025,0.032291491919105485
canoe,reference,british columbia,emissions|transportation|natural gas,kt N2O/yr,2030,0.03389296550929236
canoe,reference,british columbia,emissions|transportation|natural gas,kt N2O/yr,2035,0.033372210402505174
canoe,reference,british columbia,emissions|transportation|natural gas,kt N2O/yr,2040,0.035302618289630994
canoe,reference,british columbia,emissions|transportation|natural gas,kt N2O/yr,2045,0.036133946187821626
canoe,reference,british columbia,emissions|transportation|natural gas,kt N2O/yr,2050,0.03584356075957121
canoe,reference,british columbia,emissions|transportation|oil,Mt CO2-equiv/yr,2025,1.158032807832357
canoe,reference,british columbia,emissions|transportation|oil,Mt CO2-equiv/yr,2030,1.2765150962087533
canoe,reference,british columbia,emissions|transportation|oil,Mt CO2-equiv/yr,2035,1.2987329171833404
canoe,reference,british columbia,emissions|transportation|oil,Mt CO2-equiv/yr,2040,1.3379112745592756
canoe,reference,british columbia,emissions|transportation|oil,Mt CO2-equiv/yr,2045,1.3889344686198464
canoe,reference,british columbia,emissions|transportation|oil,Mt CO2-equiv/yr,2050,1.438312791656566
canoe,reference,british columbia,emissions|transportation|oil,Mt CO2/yr,2025,1.154313018036362
canoe,reference,british columbia,emissions|transportation|oil,Mt CO2/yr,2030,1.272414722024883
canoe,reference,british columbia,emissions|transportation|oil,Mt CO2/yr,2035,1.2945611757435584
canoe,reference,british columbia,emissions|transportation|oil,Mt CO2/yr,2040,1.333613685861104
canoe,reference,british columbia,emissions|transportation|oil,Mt CO2/yr,2045,1.3844729851206454
canoe,reference,british columbia,emissions|transportation|oil,Mt CO2/yr,2050,1.4336926969496917
canoe,reference,british columbia,emissions|transportation|oil,kt CH4/yr,2025,0.010520877732068598
canoe,reference,british columbia,emissions|transportation|oil,kt CH4/yr,2030,0.011597304635514508
canoe,reference,british columbia,emissions|transportation|oil,kt CH4/yr,2035,0.01179915641066772
canoe,reference,british columbia,emissions|transportation|oil,kt CH4/yr,2040,0.012155096851135081
canoe,reference,british columbia,emissions|transportation|oil,kt CH4/yr,2045,0.012618649163798564
canoe,reference,british columbia,emissions|transportation|oil,kt CH4/yr,2050,0.013067257610614794
canoe,reference,british columbia,emissions|transportation|oil,kt N2O/yr,2025,0.012546539265556433
canoe,reference,british columbia,emissions|transportation|oil,kt N2O/yr,2030,0.013830218513098645
canoe,reference,british columbia,emissions|transportation|oil,kt N2O/yr,2035,0.014070934286751505
canoe,reference,british columbia,emissions|transportation|oil,kt N2O/yr,2040,0.014495406543368552
canoe,reference,british columbia,emissions|transportation|oil,kt N2O/yr,2045,0.01504820997294784
canoe,reference,british columbia,emissions|transportation|oil,kt N2O/yr,2050,0.015583192284897343
canoe,reference,british columbia,emissions|upstream|diesel,Mt CO2/yr,2025,1.675325287409489
canoe,reference,british columbia,emissions|upstream|diesel,Mt CO2/yr,2030,1.6072470305381037
canoe,reference,british columbia,emissions|upstream|diesel,Mt CO2/yr,2035,1.4541211386477344
canoe,reference,british columbia,emissions|upstream|diesel,Mt CO2/yr,2040,1.2111763941247735
canoe,reference,british columbia,emissions|upstream|diesel,Mt CO2/yr,2045,1.0488006052537364
canoe,reference,british columbia,emissions|upstream|diesel,Mt CO2/yr,2050,1.0529556413794936
canoe,reference,british columbia,emissions|upstream|gasoline,Mt CO2/yr,2025,1.5122123043789255
canoe,reference,british columbia,emissions|upstream|gasoline,Mt CO2/yr,2030,1.2276809710333427
canoe,reference,british columbia,emissions|upstream|gasoline,Mt CO2/yr,2035,0.9274148588480613
canoe,reference,british columbia,emissions|upstream|gasoline,Mt CO2/yr,2040,1.1001851996358942
canoe,reference,british columbia,emissions|upstream|gasoline,Mt CO2/yr,2045,1.1028279531150589
canoe,reference,british columbia,emissions|upstream|gasoline,Mt CO2/yr,2050,0.998964442627872
canoe,reference,british columbia,emissions|upstream|jet fuel,Mt CO2/yr,2025,1.4664142143191097
canoe,reference,british columbia,emissions|upstream|jet fuel,Mt CO2/yr,2030,1.5507678634264093
canoe,reference,british columbia,emissions|upstream|jet fuel,Mt CO2/yr,2035,1.560099881631331
canoe,reference,british columbia,emissions|upstream|jet fuel,Mt CO2/yr,2040,1.632918305839541
canoe,reference,british columbia,emissions|upstream|jet fuel,Mt CO2/yr,2045,1.7016883865906796
canoe,reference,british columbia,emissions|upstream|jet fuel,Mt CO2/yr,2050,1.8221608171463584
canoe,reference,british columbia,emissions|upstream|natural gas,Mt CO2/yr,2025,1.9171899187396158
canoe,reference,british columbia,emissions|upstream|natural gas,Mt CO2/yr,2030,1.9505407404967487
canoe,reference,british columbia,emissions|upstream|natural gas,Mt CO2/yr,2035,1.8990104779736734
canoe,reference,british columbia,emissions|upstream|natural gas,Mt CO2/yr,2040,1.8611980525360505
canoe,reference,british columbia,emissions|upstream|natural gas,Mt CO2/yr,2045,1.9007949642141755
canoe,reference,british columbia,emissions|upstream|natural gas,Mt CO2/yr,2050,1.9599497805127803
canoe,reference,british columbia,emissions|upstream|oil,Mt CO2/yr,2025,1.4740811626449766
canoe,reference,british columbia,emissions|upstream|oil,Mt CO2/yr,2030,1.55458619566467
canoe,reference,british columbia,emissions|upstream|oil,Mt CO2/yr,2035,1.5955156485027728
canoe,reference,british columbia,emissions|upstream|oil,Mt CO2/yr,2040,1.6320818975600142
canoe,reference,british columbia,emissions|upstream|oil,Mt CO2/yr,2045,1.7137271786763284
canoe,reference,british columbia,emissions|upstream|oil,Mt CO2/yr,2050,1.8240817827445983
canoe,reference,canada,emissions|agriculture|diesel,Mt CO2-equiv/yr,2025,11.667716607762392
canoe,reference,canada,emissions|agriculture|diesel,Mt CO2-equiv/yr,2030,12.892214972306146
canoe,reference,canada,emissions|agriculture|diesel,Mt CO2-equiv/yr,2035,12.497425985428537
canoe,reference,canada,emissions|agriculture|diesel,Mt CO2-equiv/yr,2040,12.124274929638764
canoe,reference,canada,emissions|agriculture|diesel,Mt CO2-equiv/yr,2045,12.163102523339209
canoe,reference,canada,emissions|agriculture|diesel,Mt CO2-equiv/yr,2050,12.381321798381993
canoe,reference,canada,emissions|agriculture|diesel,Mt CO2/yr,2025,11.192577429108566
canoe,reference,canada,emissions|agriculture|diesel,Mt CO2/yr,2030,12.367211097178188
canoe,reference,canada,emissions|agriculture|diesel,Mt CO2/yr,2035,11.988498924751301
canoe,reference,canada,emissions|agriculture|diesel,Mt CO2/yr,2040,11.630543531671043
canoe,reference,canada,emissions|agriculture|diesel,Mt CO2/yr,2045,11.667789966726644
canoe,reference,canada,emissions|agriculture|diesel,Mt CO2/yr,2050,11.877122796323771
canoe,reference,canada,emissions|agriculture|diesel,kt CH4/yr,2025,0.5600318880703321
canoe,reference,canada,emissions|agriculture|diesel,kt CH4/yr,2030,0.6188058670833505
canoe,reference,canada,emissions|agriculture|diesel,kt CH4/yr,2035,0.599856621987412
canoe,reference,canada,emissions|agriculture|diesel,kt CH4/yr,2040,0.5819459632583206
canoe,reference,canada,emissions|agriculture|diesel,kt CH4/yr,2045,0.583809626161722
canoe,reference,canada,emissions|agriculture|diesel,kt CH4/yr,2050,0.5942838051912542
canoe,reference,canada,emissions|agriculture|diesel,kt N2O/yr,2025,1.6829973838383037
canoe,reference,canada,emissions|agriculture|diesel,kt N2O/yr,2030,1.8596238492660273
canoe,reference,canada,emissions|agriculture|diesel,kt N2O/yr,2035,1.8026779313611345
canoe,reference,canada,emissions|agriculture|diesel,kt N2O/yr,2040,1.7488531538332948
canoe,reference,canada,emissions|agriculture|diesel,kt N2O/yr,2045,1.7544537988279727
canoe,reference,canada,emissions|agriculture|diesel,kt N2O/yr,2050,1.7859306062742355
canoe,reference,canada,emissions|agriculture|natural gas,Mt CO2-equiv/yr,2025,2.616814440048656
canoe,reference,canada,emissions|agriculture|natural gas,Mt CO2-equiv/yr,2030,2.8914429924873475
canoe,reference,canada,emissions|agriculture|natural gas,Mt CO2-equiv/yr,2035,2.802900254487348
canoe,reference,canada,emissions|agriculture|natural gas,Mt CO2-equiv/yr,2040,2.7192101102870687
canoe,reference,canada,emissions|agriculture|natural gas,Mt CO2-equiv/yr,2045,2.7279176694514233
canoe,reference,canada,emissions|agriculture|natural gas,Mt CO2-equiv/yr,2050,2.776858717137729
canoe,reference,canada,emissions|agriculture|natural gas,Mt CO2/yr,2025,2.6025695746807638
canoe,reference,canada,emissions|agriculture|natural gas,Mt CO2/yr,2030,2.875703161830439
canoe,reference,canada,emissions|agriculture|natural gas,Mt CO2/yr,2035,2.787642414208822
canoe,reference,canada,emissions|agriculture|natural gas,Mt CO2/yr,2040,2.704407844855008
canoe,reference,canada,emissions|agriculture|natural gas,Mt CO2/yr,2045,2.7130680036358727
canoe,reference,canada,emissions|agriculture|natural gas,Mt CO2/yr,2050,2.761742636315984
canoe,reference,canada,emissions|agriculture|natural gas,kt CH4/yr,2025,0.04976489628532427
canoe,reference,canada,emissions|agriculture|natural gas,kt CH4/yr,2030,0.054987605706343076
canoe,reference,canada,emissions|agriculture|natural gas,kt CH4/yr,2035,0.0533037567845576
canoe,reference,canada,emissions|agriculture|natural gas,kt CH4/yr,2040,0.051712191374916526
canoe,reference,canada,emissions|agriculture|natural gas,kt CH4/yr,2045,0.051877786142386695
canoe,reference,canada,emissions|agriculture|natural gas,kt CH4/yr,2050,0.0528085155532802
canoe,reference,canada,emissions|agriculture|natural gas,kt N2O/yr,2025,0.047074901890167054
canoe,reference,canada,emissions|agriculture|natural gas,kt N2O/yr,2030,0.05201530269369121
canoe,reference,canada,emissions|agriculture|natural gas,kt N2O/yr,2035,0.05042247263258866
canoe,reference,canada,emissions|agriculture|natural gas,kt N2O/yr,2040,0.04891693778567424
canoe,reference,canada,emissions|agriculture|natural gas,kt N2O/yr,2045,0.049073581484627996
canoe,reference,canada,emissions|agriculture|natural gas,kt N2O/yr,2050,0.049954001197610017
canoe,reference,canada,emissions|commercial|natural gas,Mt CO2-equiv/yr,2025,41.99822879867183
canoe,reference,canada,emissions|commercial|natural gas,Mt CO2-equiv/yr,2030,39.686702537871305
canoe,reference,canada,emissions|commercial|natural gas,Mt CO2-equiv/yr,2035,37.82006016648876
canoe,reference,canada,emissions|commercial|natural gas,Mt CO2-equiv/yr,2040,34.68457875075374
canoe,reference,canada,emissions|commercial|natural gas,Mt CO2-equiv/yr,2045,33.045674793010015
canoe,reference,canada,emissions|commercial|natural gas,Mt CO2-equiv/yr,2050,32.32802808155851
canoe,reference,canada,emissions|commercial|natural gas,Mt CO2/yr,2025,41.76960765314045
canoe,reference,canada,emissions|commercial|natural gas,Mt CO2/yr,2030,39.47066439397562
canoe,reference,canada,emissions|commercial|natural gas,Mt CO2/yr,2035,37.61418325866063
canoe,reference,canada,emissions|commercial|natural gas,Mt CO2/yr,2040,34.49577011874491
canoe,reference,canada,emissions|commercial|natural gas,Mt CO2/yr,2045,32.86578768247847
canoe,reference,canada,emissions|commercial|natural gas,Mt CO2/yr,2050,32.15204754561242
canoe,reference,canada,emissions|commercial|natural gas,kt CH4/yr,2025,0.7986953405432757
canoe,reference,canada,emissions|commercial|natural gas,kt CH4/yr,2030,0.7547362187694739
canoe,reference,canada,emissions|commercial|natural gas,kt CH4/yr,2035,0.7192376130632485
canoe,reference,canada,emissions|commercial|natural gas,kt CH4/yr,2040,0.6596090413653204
canoe,reference,canada,emissions|commercial|natural gas,kt CH4/yr,2045,0.6284414185371586
canoe,reference,canada,emissions|commercial|natural gas,kt CH4/yr,2050,0.6147936743110819
canoe,reference,canada,emissions|commercial|natural gas,kt N2O/yr,2025,0.755522619411067
canoe,reference,canada,emissions|commercial|natural gas,kt N2O/yr,2030,0.7139396663829928
canoe,reference,canada,emissions|commercial|natural gas,kt N2O/yr,2035,0.6803599042294224
canoe,reference,canada,emissions|commercial|natural gas,kt N2O/yr,2040,0.6239544985708448
canoe,reference,canada,emissions|commercial|natural gas,kt N2O/yr,2045,0.594471612112622
canoe,reference,canada,emissions|commercial|natural gas,kt N2O/yr,2050,0.5815615837910294
canoe,reference,canada,emissions|commercial|oil,Mt CO2-equiv/yr,2025,0.4637788891793822
canoe,reference,canada,emissions|commercial|oil,Mt CO2/yr,2025,0.44489262994892803
canoe,reference,canada,emissions|commercial|oil,kt CH4/yr,2025,0.022260650964173644
canoe,reference,canada,emissions|commercial|oil,kt N2O/yr,2025,0.06689729305295707
canoe,reference,canada,emissions|electricity|biogas,Mt CO2-equiv/yr,2025,0.027072980090392895
canoe,reference,canada,emissions|electricity|biogas,Mt CO2-equiv/yr,2030,0.02355627039643736
canoe,reference,canada,emissions|electricity|biogas,Mt CO2-equiv/yr,2035,0.05233027073555625
canoe,reference,canada,emissions|electricity|biogas,Mt CO2-equiv/yr,2040,0.03124527563946286
canoe,reference,canada,emissions|electricity|biogas,Mt CO2-equiv/yr,2045,0.05485573651954256
canoe,reference,canada,emissions|electricity|biogas,Mt CO2-equiv/yr,2050,0.012701316130388983
canoe,reference,canada,emissions|electricity|biogas,Mt CO2/yr,2025,0.027072980090392895
canoe,reference,canada,emissions|electricity|biogas,Mt CO2/yr,2030,0.02355627039643736
canoe,reference,canada,emissions|electricity|biogas,Mt CO2/yr,2035,0.05233027073555625
canoe,reference,canada,emissions|electricity|biogas,Mt CO2/yr,2040,0.03124527563946286
canoe,reference,canada,emissions|electricity|biogas,Mt CO2/yr,2045,0.05485573651954256
canoe,reference,canada,emissions|electricity|biogas,Mt CO2/yr,2050,0.012701316130388983
canoe,reference,canada,emissions|electricity|biomass,Mt CO2-equiv/yr,2045,0.010395692065587318
canoe,reference,canada,emissions|electricity|biomass,Mt CO2-equiv/yr,2050,0.012666612393064956
canoe,reference,canada,emissions|electricity|biomass,Mt CO2/yr,2050,0.010445897699187877
canoe,reference,canada,emissions|electricity|biomass,kt CH4/yr,2030,0.010535479224300634
canoe,reference,canada,emissions|electricity|biomass,kt CH4/yr,2035,0.015637194443581665
canoe,reference,canada,emissions|electricity|biomass,kt CH4/yr,2040,0.021163716295003715
canoe,reference,canada,emissions|electricity|biomass,kt CH4/yr,2045,0.027628652173748332
canoe,reference,canada,emissions|electricity|biomass,kt CH4/yr,2050,0.033664081796550414
canoe,reference,canada,emissions|electricity|coal,Mt CO2-equiv/yr,2025,0.034542871824360534
canoe,reference,canada,emissions|electricity|coal,Mt CO2-equiv/yr,2030,0.08429155254492449
canoe,reference,canada,emissions|electricity|coal,Mt CO2-equiv/yr,2035,0.09827254235570389
canoe,reference,canada,emissions|electricity|coal,Mt CO2-equiv/yr,2040,0.1117683147260669
canoe,reference,canada,emissions|electricity|coal,Mt CO2-equiv/yr,2045,0.08325110506857265
canoe,reference,canada,emissions|electricity|coal,Mt CO2-equiv/yr,2050,0.10759937592823476
canoe,reference,canada,emissions|electricity|coal,Mt CO2/yr,2025,0.03445530759750758
canoe,reference,canada,emissions|electricity|coal,Mt CO2/yr,2030,0.08407787822547702
canoe,reference,canada,emissions|electricity|coal,Mt CO2/yr,2035,0.09802342701763919
canoe,reference,canada,emissions|electricity|coal,Mt CO2/yr,2040,0.11148498836815984
canoe,reference,canada,emissions|electricity|coal,Mt CO2/yr,2045,0.08304006822464577
canoe,reference,canada,emissions|electricity|coal,Mt CO2/yr,2050,0.10732661759444818
canoe,reference,canada,emissions|electricity|combined cycle ccs,Mt CO2-equiv/yr,2040,-0.014947180440010203
canoe,reference,canada,emissions|electricity|combined cycle ccs,Mt CO2-equiv/yr,2045,-0.019494705976458835
canoe,reference,canada,emissions|electricity|combined cycle ccs,Mt CO2-equiv/yr,2050,-0.023892806967016584
canoe,reference,canada,emissions|electricity|combined cycle ccs,Mt CO2/yr,2040,-0.014947180440010203
canoe,reference,canada,emissions|electricity|combined cycle ccs,Mt CO2/yr,2045,-0.019494705976458835
canoe,reference,canada,emissions|electricity|combined cycle ccs,Mt CO2/yr,2050,-0.023892806967016584
canoe,reference,canada,emissions|electricity|natural gas,Mt CO2-equiv/yr,2025,42.19309451379635
canoe,reference,canada,emissions|electricity|natural gas,Mt CO2-equiv/yr,2030,49.659524212985545
canoe,reference,canada,emissions|electricity|natural gas,Mt CO2-equiv/yr,2035,35.4192548614588
canoe,reference,canada,emissions|electricity|natural gas,Mt CO2-equiv/yr,2040,41.872170490938544
canoe,reference,canada,emissions|electricity|natural gas,Mt CO2-equiv/yr,2045,43.27561841794565
canoe,reference,canada,emissions|electricity|natural gas,Mt CO2-equiv/yr,2050,45.4009173388414
canoe,reference,canada,emissions|electricity|natural gas,Mt CO2/yr,2025,41.61039840432255
canoe,reference,canada,emissions|electricity|natural gas,Mt CO2/yr,2030,48.973715032818276
canoe,reference,canada,emissions|electricity|natural gas,Mt CO2/yr,2035,34.93010699861398
canoe,reference,canada,emissions|electricity|natural gas,Mt CO2/yr,2040,41.29390641428221
canoe,reference,canada,emissions|electricity|natural gas,Mt CO2/yr,2045,42.677972410280475
canoe,reference,canada,emissions|electricity|natural gas,Mt CO2/yr,2050,44.77392047585393
canoe,reference,canada,emissions|electricity|natural gas,kt CH4/yr,2025,10.537000111354578
canoe,reference,canada,emissions|electricity|natural gas,kt CH4/yr,2030,12.401612590679907
canoe,reference,canada,emissions|electricity|natural gas,kt CH4/yr,2035,8.84535009152396
canoe,reference,canada,emissions|electricity|natural gas,kt CH4/yr,2040,10.456854852905158
canoe,reference,canada,emissions|electricity|natural gas,kt CH4/yr,2045,10.807341849262318
canoe,reference,canada,emissions|electricity|natural gas,kt CH4/yr,2050,11.338098723679714
canoe,reference,canada,emissions|electricity|natural gas,kt N2O/yr,2025,1.0537000111354582
canoe,reference,canada,emissions|electricity|natural gas,kt N2O/yr,2030,1.240161259067991
canoe,reference,canada,emissions|electricity|natural gas,kt N2O/yr,2035,0.884535009152396
canoe,reference,canada,emissions|electricity|natural gas,kt N2O/yr,2040,1.045685485290516
canoe,reference,canada,emissions|electricity|natural gas,kt N2O/yr,2045,1.080734184926232
canoe,reference,canada,emissions|electricity|natural gas,kt N2O/yr,2050,1.1338098723679717
canoe,reference,canada,emissions|industrial|biomass,Mt CO2-equiv/yr,2025,25.037510141680563
canoe,reference,canada,emissions|industrial|biomass,Mt CO2-equiv/yr,2030,28.44353200035951
canoe,reference,canada,emissions|industrial|biomass,Mt CO2-equiv/yr,2035,29.66519399891577
canoe,reference,canada,emissions|industrial|biomass,Mt CO2-equiv/yr,2040,30.234281999959258
canoe,reference,canada,emissions|industrial|biomass,Mt CO2-equiv/yr,2045,30.394337999657477
canoe,reference,canada,emissions|industrial|biomass,Mt CO2-equiv/yr,2050,30.51734400052881
canoe,reference,canada,emissions|industrial|biomass,Mt CO2/yr,2025,25.037510141680563
canoe,reference,canada,emissions|industrial|biomass,Mt CO2/yr,2030,28.44353200035951
canoe,reference,canada,emissions|industrial|biomass,Mt CO2/yr,2035,29.66519399891577
canoe,reference,canada,emissions|industrial|biomass,Mt CO2/yr,2040,30.234281999959258
canoe,reference,canada,emissions|industrial|biomass,Mt CO2/yr,2045,30.394337999657477
canoe,reference,canada,emissions|industrial|biomass,Mt CO2/yr,2050,30.51734400052881
canoe,reference,canada,emissions|industrial|natural gas,Mt CO2-equiv/yr,2025,160.8870830230054
canoe,reference,canada,emissions|industrial|natural gas,Mt CO2-equiv/yr,2030,154.96376884213828
canoe,reference,canada,emissions|industrial|natural gas,Mt CO2-equiv/yr,2035,151.86994793434513
canoe,reference,canada,emissions|industrial|natural gas,Mt CO2-equiv/yr,2040,147.31291086965993
canoe,reference,canada,emissions|industrial|natural gas,Mt CO2-equiv/yr,2045,145.59626525315798
canoe,reference,canada,emissions|industrial|natural gas,Mt CO2-equiv/yr,2050,147.84375692974908
canoe,reference,canada,emissions|industrial|natural gas,Mt CO2/yr,2025,160.0561969742673
canoe,reference,canada,emissions|industrial|natural gas,Mt CO2/yr,2030,154.1634731865051
canoe,reference,canada,emissions|industrial|natural gas,Mt CO2/yr,2035,151.0856300227376
canoe,reference,canada,emissions|industrial|natural gas,Mt CO2/yr,2040,146.5521273428488
canoe,reference,canada,emissions|industrial|natural gas,Mt CO2/yr,2045,144.84434717947445
canoe,reference,canada,emissions|industrial|natural gas,Mt CO2/yr,2050,147.08023189891495
canoe,reference,canada,emissions|industrial|natural gas,kt CH4/yr,2025,3.0605060935690327
canoe,reference,canada,emissions|industrial|natural gas,kt CH4/yr,2030,2.9478286877509694
canoe,reference,canada,emissions|industrial|natural gas,kt CH4/yr,2035,2.888975872703298
canoe,reference,canada,emissions|industrial|natural gas,kt CH4/yr,2040,2.802288741312553
canoe,reference,canada,emissions|industrial|natural gas,kt CH4/yr,2045,2.76963351336581
canoe,reference,canada,emissions|industrial|natural gas,kt CH4/yr,2050,2.812386864611971
canoe,reference,canada,emissions|industrial|natural gas,kt N2O/yr,2025,2.7296405697731743
canoe,reference,canada,emissions|industrial|natural gas,kt N2O/yr,2030,2.629144505130771
canoe,reference,canada,emissions|industrial|natural gas,kt N2O/yr,2035,2.5766541565779466
canoe,reference,canada,emissions|industrial|natural gas,kt N2O/yr,2040,2.499338606963898
canoe,reference,canada,emissions|industrial|natural gas,kt N2O/yr,2045,2.4702136739320957
canoe,reference,canada,emissions|industrial|natural gas,kt N2O/yr,2050,2.508345041257423
canoe,reference,canada,emissions|industrial|oil,Mt CO2-equiv/yr,2025,128.11467826343375
canoe,reference,canada,emissions|industrial|oil,Mt CO2-equiv/yr,2030,123.84978456833042
canoe,reference,canada,emissions|industrial|oil,Mt CO2-equiv/yr,2035,122.45375599594834
canoe,reference,canada,emissions|industrial|oil,Mt CO2-equiv/yr,2040,123.08576681897318
canoe,reference,canada,emissions|industrial|oil,Mt CO2-equiv/yr,2045,125.28637392967512
canoe,reference,canada,emissions|industrial|oil,Mt CO2-equiv/yr,2050,128.42282903328044
canoe,reference,canada,emissions|industrial|oil,Mt CO2/yr,2025,127.70315307200714
canoe,reference,canada,emissions|industrial|oil,Mt CO2/yr,2030,123.45195890937023
canoe,reference,canada,emissions|industrial|oil,Mt CO2/yr,2035,122.06041460790289
canoe,reference,canada,emissions|industrial|oil,Mt CO2/yr,2040,122.69039530933311
canoe,reference,canada,emissions|industrial|oil,Mt CO2/yr,2045,124.88393371194663
canoe,reference,canada,emissions|industrial|oil,Mt CO2/yr,2050,128.01031401144357
canoe,reference,canada,emissions|industrial|oil,kt CH4/yr,2025,1.1639384105325097
canoe,reference,canada,emissions|industrial|oil,kt CH4/yr,2030,1.1251913000854041
canoe,reference,canada,emissions|industrial|oil,kt CH4/yr,2035,1.11250820007203
canoe,reference,canada,emissions|industrial|oil,kt CH4/yr,2040,1.1182501000850658
canoe,reference,canada,emissions|industrial|oil,kt CH4/yr,2045,1.1382429001088865
canoe,reference,canada,emissions|industrial|oil,kt CH4/yr,2050,1.1667380001043015
canoe,reference,canada,emissions|industrial|oil,kt N2O/yr,2025,1.3880399850977243
canoe,reference,canada,emissions|industrial|oil,kt N2O/yr,2030,1.3418326101018474
canoe,reference,canada,emissions|industrial|oil,kt N2O/yr,2035,1.3267075400858985
canoe,reference,canada,emissions|industrial|oil,kt N2O/yr,2040,1.3335549701014442
canoe,reference,canada,emissions|industrial|oil,kt N2O/yr,2045,1.357397130129851
canoe,reference,canada,emissions|industrial|oil,kt N2O/yr,2050,1.3913786001243833
canoe,reference,canada,emissions|residential|lpg,Mt CO2-equiv/yr,2025,0.6391239094441785
canoe,reference,canada,emissions|residential|lpg,Mt CO2-equiv/yr,2030,0.44722499704647084
canoe,reference,canada,emissions|residential|lpg,Mt CO2-equiv/yr,2035,0.2558136268483831
canoe,reference,canada,emissions|residential|lpg,Mt CO2-equiv/yr,2040,0.02923625517150838
canoe,reference,canada,emissions|residential|lpg,Mt CO2/yr,2025,0.6265759334423168
canoe,reference,canada,emissions|residential|lpg,Mt CO2/yr,2030,0.43844458929228086
canoe,reference,canada,emissions|residential|lpg,Mt CO2/yr,2035,0.250791215382922
canoe,reference,canada,emissions|residential|lpg,Mt CO2/yr,2040,0.02866225719888452
canoe,reference,canada,emissions|residential|lpg,kt CH4/yr,2025,0.011206109972895608
canoe,reference,canada,emissions|residential|lpg,kt N2O/yr,2025,0.04481393744549725
canoe,reference,canada,emissions|residential|lpg,kt N2O/yr,2030,0.031358415395745264
canoe,reference,canada,emissions|residential|lpg,kt N2O/yr,2035,0.017937078713357833
canoe,reference,canada,emissions|residential|natural gas,Mt CO2-equiv/yr,2025,39.89207570134441
canoe,reference,canada,emissions|residential|natural gas,Mt CO2-equiv/yr,2030,41.8145185160512
canoe,reference,canada,emissions|residential|natural gas,Mt CO2-equiv/yr,2035,42.69924950947953
canoe,reference,canada,emissions|residential|natural gas,Mt CO2-equiv/yr,2040,42.686310424838595
canoe,reference,canada,emissions|residential|natural gas,Mt CO2-equiv/yr,2045,44.71750861270321
canoe,reference,canada,emissions|residential|natural gas,Mt CO2-equiv/yr,2050,46.42879449033218
canoe,reference,canada,emissions|residential|natural gas,Mt CO2/yr,2025,39.67491959011443
canoe,reference,canada,emissions|residential|natural gas,Mt CO2/yr,2030,41.58689741400878
canoe,reference,canada,emissions|residential|natural gas,Mt CO2/yr,2035,42.466812294496386
canoe,reference,canada,emissions|residential|natural gas,Mt CO2/yr,2040,42.45394364492944
canoe,reference,canada,emissions|residential|natural gas,Mt CO2/yr,2045,44.47408482230114
canoe,reference,canada,emissions|residential|natural gas,Mt CO2/yr,2050,46.1760551609451
canoe,reference,canada,emissions|residential|natural gas,kt CH4/yr,2025,0.7586418736847065
canoe,reference,canada,emissions|residential|natural gas,kt CH4/yr,2030,0.7952016563823944
canoe,reference,canada,emissions|residential|natural gas,kt CH4/yr,2035,0.8120269021677065
canoe,reference,canada,emissions|residential|natural gas,kt CH4/yr,2040,0.8117808349665598
canoe,reference,canada,emissions|residential|natural gas,kt CH4/yr,2045,0.8504088574992319
canoe,reference,canada,emissions|residential|natural gas,kt CH4/yr,2050,0.8829529931900919
canoe,reference,canada,emissions|residential|natural gas,kt N2O/yr,2025,0.7176342048162144
canoe,reference,canada,emissions|residential|natural gas,kt N2O/yr,2030,0.752217783042761
canoe,reference,canada,emissions|residential|natural gas,kt N2O/yr,2035,0.7681335560824626
canoe,reference,canada,emissions|residential|natural gas,kt N2O/yr,2040,0.7679007898111143
canoe,reference,canada,emissions|residential|natural gas,kt N2O/yr,2045,0.8044408111247516
canoe,reference,canada,emissions|residential|natural gas,kt N2O/yr,2050,0.8352258043449489
canoe,reference,canada,emissions|residential|oil,Mt CO2-equiv/yr,2025,2.914877637845249
canoe,reference,canada,emissions|residential|oil,Mt CO2-equiv/yr,2030,1.5526985904056199
canoe,reference,canada,emissions|residential|oil,Mt CO2-equiv/yr,2035,0.9327157257936461
canoe,reference,canada,emissions|residential|oil,Mt CO2-equiv/yr,2040,0.369797857419413
canoe,reference,canada,emissions|residential|oil,Mt CO2/yr,2025,2.7961763860681197
canoe,reference,canada,emissions|residential|oil,Mt CO2/yr,2030,1.489468743663245
canoe,reference,canada,emissions|residential|oil,Mt CO2/yr,2035,0.8947331625579
canoe,reference,canada,emissions|residential|oil,Mt CO2/yr,2040,0.35473874549983575
canoe,reference,canada,emissions|residential|oil,kt CH4/yr,2025,0.13990950259542917
canoe,reference,canada,emissions|residential|oil,kt CH4/yr,2030,0.07452706921339641
canoe,reference,canada,emissions|residential|oil,kt CH4/yr,2035,0.04476887522290285
canoe,reference,canada,emissions|residential|oil,kt CH4/yr,2040,0.01774971052666613
canoe,reference,canada,emissions|residential|oil,kt N2O/yr,2025,0.42045342748885445
canoe,reference,canada,emissions|residential|oil,kt N2O/yr,2030,0.2239673582578752
canoe,reference,canada,emissions|residential|oil,kt N2O/yr,2035,0.13453858875276503
canoe,reference,canada,emissions|residential|oil,kt N2O/yr,2040,0.053341098992053644
canoe,reference,canada,emissions|residential|wood,Mt CO2-equiv/yr,2025,15.39052873311302
canoe,reference,canada,emissions|residential|wood,Mt CO2-equiv/yr,2030,21.593563212496406
canoe,reference,canada,emissions|residential|wood,Mt CO2-equiv/yr,2035,27.27718656213445
canoe,reference,canada,emissions|residential|wood,Mt CO2-equiv/yr,2040,33.492911645090864
canoe,reference,canada,emissions|residential|wood,Mt CO2-equiv/yr,2045,36.48858836842425
canoe,reference,canada,emissions|residential|wood,Mt CO2-equiv/yr,2050,38.41834296441974
canoe,reference,canada,emissions|residential|wood,Mt CO2/yr,2025,12.692256121339245
canoe,reference,canada,emissions|residential|wood,Mt CO2/yr,2030,17.80777253452406
canoe,reference,canada,emissions|residential|wood,Mt CO2/yr,2035,22.494941149831202
canoe,reference,canada,emissions|residential|wood,Mt CO2/yr,2040,27.62092324575353
canoe,reference,canada,emissions|residential|wood,Mt CO2/yr,2045,30.091396930486454
canoe,reference,canada,emissions|residential|wood,Mt CO2/yr,2050,31.682826309453095
canoe,reference,canada,emissions|residential|wood,kt CH4/yr,2025,40.90343985321152
canoe,reference,canada,emissions|residential|wood,kt CH4/yr,2030,57.38925734101234
canoe,reference,canada,emissions|residential|wood,kt CH4/yr,2035,72.49463480150489
canoe,reference,canada,emissions|residential|wood,kt CH4/yr,2040,89.01418013251056
canoe,reference,canada,emissions|residential|wood,kt CH4/yr,2045,96.97579631850292
canoe,reference,canada,emissions|residential|wood,kt CH4/yr,2050,102.1045090753904
canoe,reference,canada,emissions|residential|wood,kt N2O/yr,2025,5.688557860380411
canoe,reference,canada,emissions|residential|wood,kt N2O/yr,2030,7.981287444776551
canoe,reference,canada,emissions|residential|wood,kt N2O/yr,2035,10.082035303520549
canoe,reference,canada,emissions|residential|wood,kt N2O/yr,2040,12.379455515117364
canoe,reference,canada,emissions|residential|wood,kt N2O/yr,2045,13.486700150255373
canoe,reference,canada,emissions|residential|wood,kt N2O/yr,2050,14.199964838299328
canoe,reference,canada,emissions|transportation|diesel,Mt CO2-equiv/yr,2025,62.53247038222843
canoe,reference,canada,emissions|transportation|diesel,Mt CO2-equiv/yr,2030,56.103800305430994
canoe,reference,canada,emissions|transportation|diesel,Mt CO2-equiv/yr,2035,45.740193295900205
canoe,reference,canada,emissions|transportation|diesel,Mt CO2-equiv/yr,2040,30.49063635121598
canoe,reference,canada,emissions|transportation|diesel,Mt CO2-equiv/yr,2045,23.834224347550553
canoe,reference,canada,emissions|transportation|diesel,Mt CO2-equiv/yr,2050,22.936498239049964
canoe,reference,canada,emissions|transportation|diesel,Mt CO2/yr,2025,60.08479493946594
canoe,reference,canada,emissions|transportation|diesel,Mt CO2/yr,2030,53.90761264355886
canoe,reference,canada,emissions|transportation|diesel,Mt CO2/yr,2035,43.9496899004149
canoe,reference,canada,emissions|transportation|diesel,Mt CO2/yr,2040,29.29707811872622
canoe,reference,canada,emissions|transportation|diesel,Mt CO2/yr,2045,22.90123180940989
canoe,reference,canada,emissions|transportation|diesel,Mt CO2/yr,2050,22.038647204918203
canoe,reference,canada,emissions|transportation|diesel,kt CH4/yr,2025,2.8849864698731094
canoe,reference,canada,emissions|transportation|diesel,kt CH4/yr,2030,2.588578559475125
canoe,reference,canada,emissions|transportation|diesel,kt CH4/yr,2035,2.1104110698078755
canoe,reference,canada,emissions|transportation|diesel,kt CH4/yr,2040,1.4068102187506515
canoe,reference,canada,emissions|transportation|diesel,kt CH4/yr,2045,1.0996894470854106
canoe,reference,canada,emissions|transportation|diesel,kt CH4/yr,2050,1.058269280465714
canoe,reference,canada,emissions|transportation|diesel,kt N2O/yr,2025,8.669947372665467
canoe,reference,canada,emissions|transportation|diesel,kt N2O/yr,2030,7.779148206781268
canoe,reference,canada,emissions|transportation|diesel,kt N2O/yr,2035,6.3421680763250645
canoe,reference,canada,emissions|transportation|diesel,kt N2O/yr,2040,4.227719946807768
canoe,reference,canada,emissions|transportation|diesel,kt N2O/yr,2045,3.304766417008463
canoe,reference,canada,emissions|transportation|diesel,kt N2O/yr,2050,3.1802911386869215
canoe,reference,canada,emissions|transportation|ethanol,Mt CO2-equiv/yr,2025,8.595604645710992
canoe,reference,canada,emissions|transportation|ethanol,Mt CO2-equiv/yr,2030,9.259780581095258
canoe,reference,canada,emissions|transportation|ethanol,Mt CO2-equiv/yr,2035,6.657072796132105
canoe,reference,canada,emissions|transportation|ethanol,Mt CO2-equiv/yr,2040,6.618878656578164
canoe,reference,canada,emissions|transportation|ethanol,Mt CO2-equiv/yr,2045,7.037417965884802
canoe,reference,canada,emissions|transportation|ethanol,Mt CO2-equiv/yr,2050,6.27270034927199
canoe,reference,canada,emissions|transportation|ethanol,Mt CO2/yr,2025,8.595604645710992
canoe,reference,canada,emissions|transportation|ethanol,Mt CO2/yr,2030,9.259780581095258
canoe,reference,canada,emissions|transportation|ethanol,Mt CO2/yr,2035,6.657072796132105
canoe,reference,canada,emissions|transportation|ethanol,Mt CO2/yr,2040,6.618878656578164
canoe,reference,canada,emissions|transportation|ethanol,Mt CO2/yr,2045,7.037417965884802
canoe,reference,canada,emissions|transportation|ethanol,Mt CO2/yr,2050,6.27270034927199
canoe,reference,canada,emissions|transportation|gasoline,Mt CO2-equiv/yr,2025,72.81464796259365
canoe,reference,canada,emissions|transportation|gasoline,Mt CO2-equiv/yr,2030,54.93806555035527
canoe,reference,canada,emissions|transportation|gasoline,Mt CO2-equiv/yr,2035,39.49626002953665
canoe,reference,canada,emissions|transportation|gasoline,Mt CO2-equiv/yr,2040,39.26965507663554
canoe,reference,canada,emissions|transportation|gasoline,Mt CO2-equiv/yr,2045,41.752839187610306
canoe,reference,canada,emissions|transportation|gasoline,Mt CO2-equiv/yr,2050,37.21578712886522
canoe,reference,canada,emissions|transportation|gasoline,Mt CO2/yr,2025,70.08205126884074
canoe,reference,canada,emissions|transportation|gasoline,Mt CO2/yr,2030,52.876343349058594
canoe,reference,canada,emissions|transportation|gasoline,Mt CO2/yr,2035,38.01403972644927
canoe,reference,canada,emissions|transportation|gasoline,Mt CO2/yr,2040,37.79593883093787
canoe,reference,canada,emissions|transportation|gasoline,Mt CO2/yr,2045,40.18593371582291
canoe,reference,canada,emissions|transportation|gasoline,Mt CO2/yr,2050,35.81914868166718
canoe,reference,canada,emissions|transportation|gasoline,kt CH4/yr,2025,82.66252958529626
canoe,reference,canada,emissions|transportation|gasoline,kt CH4/yr,2030,62.36821293495993
canoe,reference,canada,emissions|transportation|gasoline,kt CH4/yr,2035,44.83796673544795
canoe,reference,canada,emissions|transportation|gasoline,kt CH4/yr,2040,44.58071439477901
canoe,reference,canada,emissions|transportation|gasoline,kt CH4/yr,2045,47.39973894248592
canoe,reference,canada,emissions|transportation|gasoline,kt CH4/yr,2050,42.24906925540988
canoe,reference,canada,emissions|transportation|gasoline,kt N2O/yr,2025,1.5313035361341503
canoe,reference,canada,emissions|transportation|gasoline,kt N2O/yr,2030,1.1553561872447204
canoe,reference,canada,emissions|transportation|gasoline,kt N2O/yr,2035,0.8306125805672171
canoe,reference,canada,emissions|transportation|gasoline,kt N2O/yr,2040,0.8258470426515322
canoe,reference,canada,emissions|transportation|gasoline,kt N2O/yr,2045,0.8780687963289133
canoe,reference,canada,emissions|transportation|gasoline,kt N2O/yr,2050,0.782653875628477
canoe,reference,canada,emissions|transportation|jet fuel,Mt CO2-equiv/yr,2025,32.71263783422549
canoe,reference,canada,emissions|transportation|jet fuel,Mt CO2-equiv/yr,2030,33.714615846843145
canoe,reference,canada,emissions|transportation|jet fuel,Mt CO2-equiv/yr,2035,33.88262335502878
canoe,reference,canada,emissions|transportation|jet fuel,Mt CO2-equiv/yr,2040,34.46903468084719
canoe,reference,canada,emissions|transportation|jet fuel,Mt CO2-equiv/yr,2045,35.83060396215684
canoe,reference,canada,emissions|transportation|jet fuel,Mt CO2-equiv/yr,2050,38.04874478349915
canoe,reference,canada,emissions|transportation|jet fuel,Mt CO2/yr,2025,31.89405880830158
canoe,reference,canada,emissions|transportation|jet fuel,Mt CO2/yr,2030,32.870963997696535
canoe,reference,canada,emissions|transportation|jet fuel,Mt CO2/yr,2035,33.03476739910559
canoe,reference,canada,emissions|transportation|jet fuel,Mt CO2/yr,2040,33.60650476269841
canoe,reference,canada,emissions|transportation|jet fuel,Mt CO2/yr,2045,34.93400305096645
canoe,reference,canada,emissions|transportation|jet fuel,Mt CO2/yr,2050,37.096638609721936
canoe,reference,canada,emissions|transportation|jet fuel,kt CH4/yr,2025,1.0069578124126506
canoe,reference,canada,emissions|transportation|jet fuel,kt CH4/yr,2030,1.0378006197944336
canoe,reference,canada,emissions|transportation|jet fuel,kt CH4/yr,2035,1.0429722135304333
canoe,reference,canada,emissions|transportation|jet fuel,kt CH4/yr,2040,1.061023080257002
canoe,reference,canada,emissions|transportation|jet fuel,kt CH4/yr,2045,1.1029347974319887
canoe,reference,canada,emissions|transportation|jet fuel,kt CH4/yr,2050,1.1712134315305567
canoe,reference,canada,emissions|transportation|jet fuel,kt N2O/yr,2025,2.8951802460672287
canoe,reference,canada,emissions|transportation|jet fuel,kt N2O/yr,2030,2.9838587245141506
canoe,reference,canada,emissions|transportation|jet fuel,kt N2O/yr,2035,2.998727963166043
canoe,reference,canada,emissions|transportation|jet fuel,kt N2O/yr,2040,3.050627369602881
canoe,reference,canada,emissions|transportation|jet fuel,kt N2O/yr,2045,3.171130904257472
canoe,reference,canada,emissions|transportation|jet fuel,kt N2O/yr,2050,3.3674439475983755
canoe,reference,canada,emissions|transportation|natural gas,Mt CO2-equiv/yr,2025,14.390070031966154
canoe,reference,canada,emissions|transportation|natural gas,Mt CO2-equiv/yr,2030,16.767374638082305
canoe,reference,canada,emissions|transportation|natural gas,Mt CO2-equiv/yr,2035,17.065327864230436
canoe,reference,canada,emissions|transportation|natural gas,Mt CO2-equiv/yr,2040,18.977956054251663
canoe,reference,canada,emissions|transportation|natural gas,Mt CO2-equiv/yr,2045,19.08428630452064
canoe,reference,canada,emissions|transportation|natural gas,Mt CO2-equiv/yr,2050,18.374767246683593
canoe,reference,canada,emissions|transportation|natural gas,Mt CO2/yr,2025,14.315753882992185
canoe,reference,canada,emissions|transportation|natural gas,Mt CO2/yr,2030,16.680781125421284
canoe,reference,canada,emissions|transportation|natural gas,Mt CO2/yr,2035,16.977195600451974
canoe,reference,canada,emissions|transportation|natural gas,Mt CO2/yr,2040,18.879946203971837
canoe,reference,canada,emissions|transportation|natural gas,Mt CO2/yr,2045,18.985727321769474
canoe,reference,canada,emissions|transportation|natural gas,Mt CO2/yr,2050,18.279872507670294
canoe,reference,canada,emissions|transportation|natural gas,kt CH4/yr,2025,0.27373792968463534
canoe,reference,canada,emissions|transportation|natural gas,kt CH4/yr,2030,0.31896067284449386
canoe,reference,canada,emissions|transportation|natural gas,kt CH4/yr,2035,0.32462854653013035
canoe,reference,canada,emissions|transportation|natural gas,kt CH4/yr,2040,0.36101189142211815
canoe,reference,canada,emissions|transportation|natural gas,kt CH4/yr,2045,0.36303457946372053
canoe,reference,canada,emissions|transportation|natural gas,kt CH4/yr,2050,0.3495376140193092
canoe,reference,canada,emissions|transportation|natural gas,kt N2O/yr,2025,0.24414463997408248
canoe,reference,canada,emissions|transportation|natural gas,kt N2O/yr,2030,0.28447843792500555
canoe,reference,canada,emissions|transportation|natural gas,kt N2O/yr,2035,0.28953356850918327
canoe,reference,canada,emissions|transportation|natural gas,kt N2O/yr,2040,0.3219835788162708
canoe,reference,canada,emissions|transportation|natural gas,kt N2O/yr,2045,0.32378759788029243
canoe,reference,canada,emissions|transportation|natural gas,kt N2O/yr,2050,0.31174976383601244
canoe,reference,canada,emissions|transportation|oil,Mt CO2-equiv/yr,2025,7.451203396100825
canoe,reference,canada,emissions|transportation|oil,Mt CO2-equiv/yr,2030,7.708977435471104
canoe,reference,canada,emissions|transportation|oil,Mt CO2-equiv/yr,2035,7.77630361047828
canoe,reference,canada,emissions|transportation|oil,Mt CO2-equiv/yr,2040,7.73595441167979
canoe,reference,canada,emissions|transportation|oil,Mt CO2-equiv/yr,2045,7.450784828097838
canoe,reference,canada,emissions|transportation|oil,Mt CO2-equiv/yr,2050,7.363462739180614
canoe,reference,canada,emissions|transportation|oil,Mt CO2/yr,2025,7.427268918447658
canoe,reference,canada,emissions|transportation|oil,Mt CO2/yr,2030,7.684214945662464
canoe,reference,canada,emissions|transportation|oil,Mt CO2/yr,2035,7.75132485804124
canoe,reference,canada,emissions|transportation|oil,Mt CO2/yr,2040,7.711105267434291
canoe,reference,canada,emissions|transportation|oil,Mt CO2/yr,2045,7.4268516949532
canoe,reference,canada,emissions|transportation|oil,Mt CO2/yr,2050,7.339810098793281
canoe,reference,canada,emissions|transportation|oil,kt CH4/yr,2025,0.06769514590341356
canoe,reference,canada,emissions|transportation|oil,kt CH4/yr,2030,0.07003705636775745
canoe,reference,canada,emissions|transportation|oil,kt CH4/yr,2035,0.07064872336944131
canoe,reference,canada,emissions|transportation|oil,kt CH4/yr,2040,0.07028214568332165
canoe,reference,canada,emissions|transportation|oil,kt CH4/yr,2045,0.06769134315900753
canoe,reference,canada,emissions|transportation|oil,kt CH4/yr,2050,0.06689801069502786
canoe,reference,canada,emissions|transportation|oil,kt N2O/yr,2025,0.08072898742810065
canoe,reference,canada,emissions|transportation|oil,kt N2O/yr,2030,0.08352180304154956
canoe,reference,canada,emissions|transportation|oil,kt N2O/yr,2035,0.08425123876445315
canoe,reference,canada,emissions|transportation|oil,kt N2O/yr,2040,0.08381408119548359
canoe,reference,canada,emissions|transportation|oil,kt N2O/yr,2045,0.080724452513503
canoe,reference,canada,emissions|transportation|oil,kt N2O/yr,2050,0.07977837394824965
canoe,reference,canada,emissions|upstream|coal,Mt CO2/yr,2030,0.01466133658895786
canoe,reference,canada,emissions|upstream|coal,Mt CO2/yr,2035,0.01709313421604962
canoe,reference,canada,emissions|upstream|coal,Mt CO2/yr,2040,0.019440535056061352
canoe,reference,canada,emissions|upstream|coal,Mt CO2/yr,2045,0.01448036530306541
canoe,reference,canada,emissions|upstream|coal,Mt CO2/yr,2050,0.018715406462645
canoe,reference,canada,emissions|upstream|diesel,Mt CO2/yr,2025,18.156293540776716
canoe,reference,canada,emissions|upstream|diesel,Mt CO2/yr,2030,16.9033441972837
canoe,reference,canada,emissions|upstream|diesel,Mt CO2/yr,2035,14.283470474891034
canoe,reference,canada,emissions|upstream|diesel,Mt CO2/yr,2040,10.481014350574785
canoe,reference,canada,emissions|upstream|diesel,Mt CO2/yr,2045,8.872271884009379
canoe,reference,canada,emissions|upstream|diesel,Mt CO2/yr,2050,8.709174659686159
canoe,reference,canada,emissions|upstream|gasoline,Mt CO2/yr,2025,16.823428717760404
canoe,reference,canada,emissions|upstream|gasoline,Mt CO2/yr,2030,12.95594702401514
canoe,reference,canada,emissions|upstream|gasoline,Mt CO2/yr,2035,9.521799506006257
canoe,reference,canada,emissions|upstream|gasoline,Mt CO2/yr,2040,9.44780184037681
canoe,reference,canada,emissions|upstream|gasoline,Mt CO2/yr,2045,9.99846301042488
canoe,reference,canada,emissions|upstream|gasoline,Mt CO2/yr,2050,9.010928538457009
canoe,reference,canada,emissions|upstream|jet fuel,Mt CO2/yr,2025,7.0614154562463165
canoe,reference,canada,emissions|upstream|jet fuel,Mt CO2/yr,2030,7.277704702754782
canoe,reference,canada,emissions|upstream|jet fuel,Mt CO2/yr,2035,7.313971410205778
canoe,reference,canada,emissions|upstream|jet fuel,Mt CO2/yr,2040,7.440555620886997
canoe,reference,canada,emissions|upstream|jet fuel,Mt CO2/yr,2045,7.734466960472084
canoe,reference,canada,emissions|upstream|jet fuel,Mt CO2/yr,2050,8.213279011004838
canoe,reference,canada,emissions|upstream|lpg,Mt CO2/yr,2025,0.12602935302225612
canoe,reference,canada,emissions|upstream|lpg,Mt CO2/yr,2030,0.08818865356197403
canoe,reference,canada,emissions|upstream|lpg,Mt CO2/yr,2035,0.05044409293655824
canoe,reference,canada,emissions|upstream|natural gas,Mt CO2/yr,2025,20.05503166774515
canoe,reference,canada,emissions|upstream|natural gas,Mt CO2/yr,2030,20.269291873456037
canoe,reference,canada,emissions|upstream|natural gas,Mt CO2/yr,2035,19.015509868813616
canoe,reference,canada,emissions|upstream|natural gas,Mt CO2/yr,2040,18.9080895244647
canoe,reference,canada,emissions|upstream|natural gas,Mt CO2/yr,2045,18.893152346190416
canoe,reference,canada,emissions|upstream|natural gas,Mt CO2/yr,2050,19.182164030173617
canoe,reference,canada,emissions|upstream|oil,Mt CO2/yr,2025,23.494642532580375
canoe,reference,canada,emissions|upstream|oil,Mt CO2/yr,2030,22.44244947202602
canoe,reference,canada,emissions|upstream|oil,Mt CO2/yr,2035,22.090549857526984
canoe,reference,canada,emissions|upstream|oil,Mt CO2/yr,2040,22.07337221268974
canoe,reference,canada,emissions|upstream|oil,Mt CO2/yr,2045,22.31880241481338
canoe,reference,canada,emissions|upstream|oil,Mt CO2/yr,2050,22.831493315238696
canoe,reference,manitoba,emissions|agriculture|diesel,Mt CO2-equiv/yr,2025,1.1825452569311998
canoe,reference,manitoba,emissions|agriculture|diesel,Mt CO2-equiv/yr,2030,1.3066507515254324
canoe,reference,manitoba,emissions|agriculture|diesel,Mt CO2-equiv/yr,2035,1.266638247583493
canoe,reference,manitoba,emissions|agriculture|diesel,Mt CO2-equiv/yr,2040,1.2288186697814758
canoe,reference,manitoba,emissions|agriculture|diesel,Mt CO2-equiv/yr,2045,1.232753923514203
canoe,reference,manitoba,emissions|agriculture|diesel,Mt CO2-equiv/yr,2050,1.2548708686718568
canoe,reference,manitoba,emissions|agriculture|diesel,Mt CO2/yr,2025,1.1343889980000001
canoe,reference,manitoba,emissions|agriculture|diesel,Mt CO2/yr,2030,1.2534406003246261
canoe,reference,manitoba,emissions|agriculture|diesel,Mt CO2/yr,2035,1.2150575075946635
canoe,reference,manitoba,emissions|agriculture|diesel,Mt CO2/yr,2040,1.1787780394591707
canoe,reference,manitoba,emissions|agriculture|diesel,Mt CO2/yr,2045,1.182553039623079
canoe,reference,manitoba,emissions|agriculture|diesel,Mt CO2/yr,2050,1.2037693263648823
canoe,reference,manitoba,emissions|agriculture|diesel,kt CH4/yr,2025,0.0567602964
canoe,reference,manitoba,emissions|agriculture|diesel,kt CH4/yr,2030,0.06271716326555885
canoe,reference,manitoba,emissions|agriculture|diesel,kt CH4/yr,2035,0.060796626550250046
canoe,reference,manitoba,emissions|agriculture|diesel,kt CH4/yr,2040,0.05898134681090536
canoe,reference,manitoba,emissions|agriculture|diesel,kt CH4/yr,2045,0.05917023274737976
canoe,reference,manitoba,emissions|agriculture|diesel,kt CH4/yr,2050,0.06023181102969323
canoe,reference,manitoba,emissions|agriculture|diesel,kt N2O/yr,2025,0.170574984
canoe,reference,manitoba,emissions|agriculture|diesel,kt N2O/yr,2030,0.18847644919183487
canoe,reference,manitoba,emissions|agriculture|diesel,kt N2O/yr,2035,0.1827048880784716
canoe,reference,manitoba,emissions|agriculture|diesel,kt N2O/yr,2040,0.17724964326593318
canoe,reference,manitoba,emissions|agriculture|diesel,kt N2O/yr,2045,0.17781727975896505
canoe,reference,manitoba,emissions|agriculture|diesel,kt N2O/yr,2050,0.18100751501151333
canoe,reference,manitoba,emissions|commercial|natural gas,Mt CO2-equiv/yr,2025,1.9355755208564167
canoe,reference,manitoba,emissions|commercial|natural gas,Mt CO2-equiv/yr,2030,1.5877075474918567
canoe,reference,manitoba,emissions|commercial|natural gas,Mt CO2-equiv/yr,2035,1.2344596528874905
canoe,reference,manitoba,emissions|commercial|natural gas,Mt CO2-equiv/yr,2040,0.8767958933433572
canoe,reference,manitoba,emissions|commercial|natural gas,Mt CO2-equiv/yr,2045,0.3418363153856831
canoe,reference,manitoba,emissions|commercial|natural gas,Mt CO2-equiv/yr,2050,0.0636284262838266
canoe,reference,manitoba,emissions|commercial|natural gas,Mt CO2/yr,2025,1.9250390409738483
canoe,reference,manitoba,emissions|commercial|natural gas,Mt CO2/yr,2030,1.5790647182902617
canoe,reference,manitoba,emissions|commercial|natural gas,Mt CO2/yr,2035,1.227739760453256
canoe,reference,manitoba,emissions|commercial|natural gas,Mt CO2/yr,2040,0.8720229758354713
canoe,reference,manitoba,emissions|commercial|natural gas,Mt CO2/yr,2045,0.33997549857880444
canoe,reference,manitoba,emissions|commercial|natural gas,Mt CO2/yr,2050,0.06328205920784581
canoe,reference,manitoba,emissions|commercial|natural gas,kt CH4/yr,2025,0.03680953206832697
canoe,reference,manitoba,emissions|commercial|natural gas,kt CH4/yr,2030,0.030194002380577536
canoe,reference,manitoba,emissions|commercial|natural gas,kt CH4/yr,2035,0.023476160806121617
canoe,reference,manitoba,emissions|commercial|natural gas,kt CH4/yr,2040,0.01667434114847635
canoe,reference,manitoba,emissions|commercial|natural gas,kt N2O/yr,2025,0.034819827631198265
canoe,reference,manitoba,emissions|commercial|natural gas,kt N2O/yr,2030,0.028561894142966893
canoe,reference,manitoba,emissions|commercial|natural gas,kt N2O/yr,2035,0.022207179140286217
canoe,reference,manitoba,emissions|commercial|natural gas,kt N2O/yr,2040,0.01577302541026656
canoe,reference,manitoba,emissions|industrial|biomass,Mt CO2-equiv/yr,2025,0.5764980001526948
canoe,reference,manitoba,emissions|industrial|biomass,Mt CO2-equiv/yr,2030,0.6219459999665371
canoe,reference,manitoba,emissions|industrial|biomass,Mt CO2-equiv/yr,2035,0.644669999958233
canoe,reference,manitoba,emissions|industrial|biomass,Mt CO2-equiv/yr,2040,0.6560319999645592
canoe,reference,manitoba,emissions|industrial|biomass,Mt CO2-equiv/yr,2045,0.6609719999616352
canoe,reference,manitoba,emissions|industrial|biomass,Mt CO2-equiv/yr,2050,0.6649239997683803
canoe,reference,manitoba,emissions|industrial|biomass,Mt CO2/yr,2025,0.5764980001526948
canoe,reference,manitoba,emissions|industrial|biomass,Mt CO2/yr,2030,0.6219459999665371
canoe,reference,manitoba,emissions|industrial|biomass,Mt CO2/yr,2035,0.644669999958233
canoe,reference,manitoba,emissions|industrial|biomass,Mt CO2/yr,2040,0.6560319999645592
canoe,reference,manitoba,emissions|industrial|biomass,Mt CO2/yr,2045,0.6609719999616352
canoe,reference,manitoba,emissions|industrial|biomass,Mt CO2/yr,2050,0.6649239997683803
canoe,reference,manitoba,emissions|industrial|natural gas,Mt CO2-equiv/yr,2025,2.1562362140418823
canoe,reference,manitoba,emissions|industrial|natural gas,Mt CO2-equiv/yr,2030,2.182309203121209
canoe,reference,manitoba,emissions|industrial|natural gas,Mt CO2-equiv/yr,2035,2.2803436428138526
canoe,reference,manitoba,emissions|industrial|natural gas,Mt CO2-equiv/yr,2040,2.304852252715413
canoe,reference,manitoba,emissions|industrial|natural gas,Mt CO2-equiv/yr,2045,2.3569982310338298
canoe,reference,manitoba,emissions|industrial|natural gas,Mt CO2-equiv/yr,2050,2.4492966132982996
canoe,reference,manitoba,emissions|industrial|natural gas,Mt CO2/yr,2025,2.1451005370542213
canoe,reference,manitoba,emissions|industrial|natural gas,Mt CO2/yr,2030,2.171038874659558
canoe,reference,manitoba,emissions|industrial|natural gas,Mt CO2/yr,2035,2.2685670248061056
canoe,reference,manitoba,emissions|industrial|natural gas,Mt CO2/yr,2040,2.292949062321253
canoe,reference,manitoba,emissions|industrial|natural gas,Mt CO2/yr,2045,2.344825737690866
canoe,reference,manitoba,emissions|industrial|natural gas,Mt CO2/yr,2050,2.4366474537326437
canoe,reference,manitoba,emissions|industrial|natural gas,kt CH4/yr,2025,0.04101742631076095
canoe,reference,manitoba,emissions|industrial|natural gas,kt CH4/yr,2030,0.0415134048595387
canoe,reference,manitoba,emissions|industrial|natural gas,kt CH4/yr,2035,0.04337828421729336
canoe,reference,manitoba,emissions|industrial|natural gas,kt CH4/yr,2040,0.04384450405632112
canoe,reference,manitoba,emissions|industrial|natural gas,kt CH4/yr,2045,0.04483646115691579
canoe,reference,manitoba,emissions|industrial|natural gas,kt CH4/yr,2050,0.04659222523715946
canoe,reference,manitoba,emissions|industrial|natural gas,kt N2O/yr,2025,0.03658310995060571
canoe,reference,manitoba,emissions|industrial|natural gas,kt N2O/yr,2030,0.03702546919678587
canoe,reference,manitoba,emissions|industrial|natural gas,kt N2O/yr,2035,0.038688739975222194
canoe,reference,manitoba,emissions|industrial|natural gas,kt N2O/yr,2040,0.03910455766946478
canoe,reference,manitoba,emissions|industrial|natural gas,kt N2O/yr,2045,0.0399892761645357
canoe,reference,manitoba,emissions|industrial|natural gas,kt N2O/yr,2050,0.04155522791168438
canoe,reference,manitoba,emissions|industrial|oil,Mt CO2-equiv/yr,2025,2.7839449856658045
canoe,reference,manitoba,emissions|industrial|oil,Mt CO2-equiv/yr,2030,2.892352908895502
canoe,reference,manitoba,emissions|industrial|oil,Mt CO2-equiv/yr,2035,2.980849173689828
canoe,reference,manitoba,emissions|industrial|oil,Mt CO2-equiv/yr,2040,3.0700829066009723
canoe,reference,manitoba,emissions|industrial|oil,Mt CO2-equiv/yr,2045,3.169641204383057
canoe,reference,manitoba,emissions|industrial|oil,Mt CO2-equiv/yr,2050,3.2942734430588176
canoe,reference,manitoba,emissions|industrial|oil,Mt CO2/yr,2025,2.7750025014112567
canoe,reference,manitoba,emissions|industrial|oil,Mt CO2/yr,2030,2.8830622007530753
canoe,reference,manitoba,emissions|industrial|oil,Mt CO2/yr,2035,2.971274201146135
canoe,reference,manitoba,emissions|industrial|oil,Mt CO2/yr,2040,3.060221300788432
canoe,reference,manitoba,emissions|industrial|oil,Mt CO2/yr,2045,3.15945980111945
canoe,reference,manitoba,emissions|industrial|oil,Mt CO2/yr,2050,3.283691700766348
canoe,reference,manitoba,emissions|industrial|oil,kt CH4/yr,2025,0.025292500012862765
canoe,reference,manitoba,emissions|industrial|oil,kt CH4/yr,2030,0.026277400006863832
canoe,reference,manitoba,emissions|industrial|oil,kt CH4/yr,2035,0.027081400010446337
canoe,reference,manitoba,emissions|industrial|oil,kt CH4/yr,2040,0.027892100007186088
canoe,reference,manitoba,emissions|industrial|oil,kt CH4/yr,2045,0.028796600010203118
canoe,reference,manitoba,emissions|industrial|oil,kt CH4/yr,2050,0.029928900006984806
canoe,reference,manitoba,emissions|industrial|oil,kt N2O/yr,2025,0.03016225001533933
canoe,reference,manitoba,emissions|industrial|oil,kt N2O/yr,2030,0.03133678000818538
canoe,reference,manitoba,emissions|industrial|oil,kt N2O/yr,2035,0.03229558001245765
canoe,reference,manitoba,emissions|industrial|oil,kt N2O/yr,2040,0.03326237000856967
canoe,reference,manitoba,emissions|industrial|oil,kt N2O/yr,2045,0.0343410200121676
canoe,reference,manitoba,emissions|industrial|oil,kt N2O/yr,2050,0.03569133000832964
canoe,reference,manitoba,emissions|residential|natural gas,Mt CO2-equiv/yr,2025,1.23544539589836
canoe,reference,manitoba,emissions|residential|natural gas,Mt CO2-equiv/yr,2030,1.362553811778799
canoe,reference,manitoba,emissions|residential|natural gas,Mt CO2-equiv/yr,2035,1.5058932057979226
canoe,reference,manitoba,emissions|residential|natural gas,Mt CO2-equiv/yr,2040,1.6778787538073792
canoe,reference,manitoba,emissions|residential|natural gas,Mt CO2-equiv/yr,2045,1.8319201012252004
canoe,reference,manitoba,emissions|residential|natural gas,Mt CO2-equiv/yr,2050,1.902653916573587
canoe,reference,manitoba,emissions|residential|natural gas,Mt CO2/yr,2025,1.2287201374831598
canoe,reference,manitoba,emissions|residential|natural gas,Mt CO2/yr,2030,1.355136627240129
canoe,reference,manitoba,emissions|residential|natural gas,Mt CO2/yr,2035,1.4976957403427043
canoe,reference,manitoba,emissions|residential|natural gas,Mt CO2/yr,2040,1.6687450695132844
canoe,reference,manitoba,emissions|residential|natural gas,Mt CO2/yr,2045,1.8219478789662147
canoe,reference,manitoba,emissions|residential|natural gas,Mt CO2/yr,2050,1.89229664841254
canoe,reference,manitoba,emissions|residential|natural gas,kt CH4/yr,2025,0.02349490703357632
canoe,reference,manitoba,emissions|residential|natural gas,kt CH4/yr,2030,0.025912173247211363
canoe,reference,manitoba,emissions|residential|natural gas,kt CH4/yr,2035,0.028638109778206
canoe,reference,manitoba,emissions|residential|natural gas,kt CH4/yr,2040,0.03190882046685006
canoe,reference,manitoba,emissions|residential|natural gas,kt CH4/yr,2045,0.03483827987389802
canoe,reference,manitoba,emissions|residential|natural gas,kt CH4/yr,2050,0.03618345014306403
canoe,reference,manitoba,emissions|residential|natural gas,kt N2O/yr,2025,0.022224912058148267
canoe,reference,manitoba,emissions|residential|natural gas,kt N2O/yr,2030,0.024511515233142583
canoe,reference,manitoba,emissions|residential|natural gas,kt N2O/yr,2035,0.027090103843468643
canoe,reference,manitoba,emissions|residential|natural gas,kt N2O/yr,2040,0.030184019359664454
canoe,reference,manitoba,emissions|residential|natural gas,kt N2O/yr,2045,0.03295512960949487
canoe,reference,manitoba,emissions|residential|natural gas,kt N2O/yr,2050,0.03422758797218282
canoe,reference,manitoba,emissions|residential|wood,Mt CO2-equiv/yr,2025,0.158339468581618
canoe,reference,manitoba,emissions|residential|wood,Mt CO2-equiv/yr,2030,0.10561646262589391
canoe,reference,manitoba,emissions|residential|wood,Mt CO2-equiv/yr,2035,0.05290623915949518
canoe,reference,manitoba,emissions|residential|wood,Mt CO2/yr,2025,0.1305793403335629
canoe,reference,manitoba,emissions|residential|wood,Mt CO2/yr,2030,0.08709974930189135
canoe,reference,manitoba,emissions|residential|wood,Mt CO2/yr,2035,0.04363069972926898
canoe,reference,manitoba,emissions|residential|wood,kt CH4/yr,2025,0.42081913115714437
canoe,reference,manitoba,emissions|residential|wood,kt CH4/yr,2030,0.2806970898428256
canoe,reference,manitoba,emissions|residential|wood,kt CH4/yr,2035,0.14060902057666452
canoe,reference,manitoba,emissions|residential|wood,kt N2O/yr,2025,0.05852451492913928
canoe,reference,manitoba,emissions|residential|wood,kt N2O/yr,2030,0.03903734362052542
canoe,reference,manitoba,emissions|residential|wood,kt N2O/yr,2035,0.019554896901390433
canoe,reference,manitoba,emissions|transportation|diesel,Mt CO2-equiv/yr,2025,2.0555139271420066
canoe,reference,manitoba,emissions|transportation|diesel,Mt CO2-equiv/yr,2030,2.0534833075078724
canoe,reference,manitoba,emissions|transportation|diesel,Mt CO2-equiv/yr,2035,1.9800910507880207
canoe,reference,manitoba,emissions|transportation|diesel,Mt CO2-equiv/yr,2040,1.5870437022710846
canoe,reference,manitoba,emissions|transportation|diesel,Mt CO2-equiv/yr,2045,0.9203982706216017
canoe,reference,manitoba,emissions|transportation|diesel,Mt CO2-equiv/yr,2050,0.7849352066283386
canoe,reference,manitoba,emissions|transportation|diesel,Mt CO2/yr,2025,1.9750506727154513
canoe,reference,manitoba,emissions|transportation|diesel,Mt CO2/yr,2030,1.9730995445760924
canoe,reference,manitoba,emissions|transportation|diesel,Mt CO2/yr,2035,1.902580236642861
canoe,reference,manitoba,emissions|transportation|diesel,Mt CO2/yr,2040,1.5249187613133923
canoe,reference,manitoba,emissions|transportation|diesel,Mt CO2/yr,2045,0.8843692134627446
canoe,reference,manitoba,emissions|transportation|diesel,Mt CO2/yr,2050,0.7542088546491363
canoe,reference,manitoba,emissions|transportation|diesel,kt CH4/yr,2025,0.09483955222985369
canoe,reference,manitoba,emissions|transportation|diesel,kt CH4/yr,2030,0.09474585615413789
canoe,reference,manitoba,emissions|transportation|diesel,kt CH4/yr,2035,0.09135959799290662
canoe,reference,manitoba,emissions|transportation|diesel,kt CH4/yr,2040,0.07322474192981025
canoe,reference,manitoba,emissions|transportation|diesel,kt CH4/yr,2045,0.0424663327309829
canoe,reference,manitoba,emissions|transportation|diesel,kt CH4/yr,2050,0.03621620292643429
canoe,reference,manitoba,emissions|transportation|diesel,kt N2O/yr,2025,0.285010053333239
canoe,reference,manitoba,emissions|transportation|diesel,kt N2O/yr,2030,0.28472849389903776
canoe,reference,manitoba,emissions|transportation|diesel,kt N2O/yr,2035,0.27455218029833967
canoe,reference,manitoba,emissions|transportation|diesel,kt N2O/yr,2040,0.22005365548709727
canoe,reference,manitoba,emissions|transportation|diesel,kt N2O/yr,2045,0.12761904654287684
canoe,reference,manitoba,emissions|transportation|diesel,kt N2O/yr,2050,0.10883625749912895
canoe,reference,manitoba,emissions|transportation|ethanol,Mt CO2-equiv/yr,2025,0.14988967295774397
canoe,reference,manitoba,emissions|transportation|ethanol,Mt CO2-equiv/yr,2030,0.1950825337285576
canoe,reference,manitoba,emissions|transportation|ethanol,Mt CO2-equiv/yr,2035,0.15536740926043582
canoe,reference,manitoba,emissions|transportation|ethanol,Mt CO2-equiv/yr,2040,0.07969426249856021
canoe,reference,manitoba,emissions|transportation|ethanol,Mt CO2-equiv/yr,2045,0.08803444310333768
canoe,reference,manitoba,emissions|transportation|ethanol,Mt CO2-equiv/yr,2050,0.09227795914340162
canoe,reference,manitoba,emissions|transportation|ethanol,Mt CO2/yr,2025,0.14988967295774397
canoe,reference,manitoba,emissions|transportation|ethanol,Mt CO2/yr,2030,0.1950825337285576
canoe,reference,manitoba,emissions|transportation|ethanol,Mt CO2/yr,2035,0.15536740926043582
canoe,reference,manitoba,emissions|transportation|ethanol,Mt CO2/yr,2040,0.07969426249856021
canoe,reference,manitoba,emissions|transportation|ethanol,Mt CO2/yr,2045,0.08803444310333768
canoe,reference,manitoba,emissions|transportation|ethanol,Mt CO2/yr,2050,0.09227795914340162
canoe,reference,manitoba,emissions|transportation|gasoline,Mt CO2-equiv/yr,2025,1.2697377577844202
canoe,reference,manitoba,emissions|transportation|gasoline,Mt CO2-equiv/yr,2030,1.1574201928272059
canoe,reference,manitoba,emissions|transportation|gasoline,Mt CO2-equiv/yr,2035,0.9217912713574362
canoe,reference,manitoba,emissions|transportation|gasoline,Mt CO2-equiv/yr,2040,0.47282422934207974
canoe,reference,manitoba,emissions|transportation|gasoline,Mt CO2-equiv/yr,2045,0.5223063293502065
canoe,reference,manitoba,emissions|transportation|gasoline,Mt CO2-equiv/yr,2050,0.5474830125697825
canoe,reference,manitoba,emissions|transportation|gasoline,Mt CO2/yr,2025,1.2220868895053154
canoe,reference,manitoba,emissions|transportation|gasoline,Mt CO2/yr,2030,1.113984391368312
canoe,reference,manitoba,emissions|transportation|gasoline,Mt CO2/yr,2035,0.8871981798446459
canoe,reference,manitoba,emissions|transportation|gasoline,Mt CO2/yr,2040,0.45508002591627755
canoe,reference,manitoba,emissions|transportation|gasoline,Mt CO2/yr,2045,0.5027051558412472
canoe,reference,manitoba,emissions|transportation|gasoline,Mt CO2/yr,2050,0.5269370055245708
canoe,reference,manitoba,emissions|transportation|gasoline,kt CH4/yr,2025,1.4414645666122325
canoe,reference,manitoba,emissions|transportation|gasoline,kt CH4/yr,2030,1.3139565129992599
canoe,reference,manitoba,emissions|transportation|gasoline,kt CH4/yr,2035,1.046459749131743
canoe,reference,manitoba,emissions|transportation|gasoline,kt CH4/yr,2040,0.536771761455377
canoe,reference,manitoba,emissions|transportation|gasoline,kt CH4/yr,2045,0.5929461119509756
canoe,reference,manitoba,emissions|transportation|gasoline,kt CH4/yr,2050,0.6215278380147612
canoe,reference,manitoba,emissions|transportation|gasoline,kt N2O/yr,2025,0.026702785399129902
canoe,reference,manitoba,emissions|transportation|gasoline,kt N2O/yr,2030,0.024340729285402415
canoe,reference,manitoba,emissions|transportation|gasoline,kt N2O/yr,2035,0.019385415886819555
canoe,reference,manitoba,emissions|transportation|gasoline,kt N2O/yr,2045,0.01098418452136303
canoe,reference,manitoba,emissions|transportation|gasoline,kt N2O/yr,2050,0.011513654142119443
canoe,reference,manitoba,emissions|transportation|jet fuel,Mt CO2-equiv/yr,2025,0.770031537514121
canoe,reference,manitoba,emissions|transportation|jet fuel,Mt CO2-equiv/yr,2030,0.8506908237885678
canoe,reference,manitoba,emissions|transportation|jet fuel,Mt CO2-equiv/yr,2035,0.9079023219202463
canoe,reference,manitoba,emissions|transportation|jet fuel,Mt CO2-equiv/yr,2040,0.971491733817073
canoe,reference,manitoba,emissions|transportation|jet fuel,Mt CO2-equiv/yr,2045,1.0321077672488066
canoe,reference,manitoba,emissions|transportation|jet fuel,Mt CO2-equiv/yr,2050,1.1051768522231342
canoe,reference,manitoba,emissions|transportation|jet fuel,Mt CO2/yr,2025,0.7507627867303026
canoe,reference,manitoba,emissions|transportation|jet fuel,Mt CO2/yr,2030,0.8294037093275415
canoe,reference,manitoba,emissions|transportation|jet fuel,Mt CO2/yr,2035,0.8851835854466633
canoe,reference,manitoba,emissions|transportation|jet fuel,Mt CO2/yr,2040,0.9471817787106984
canoe,reference,manitoba,emissions|transportation|jet fuel,Mt CO2/yr,2045,1.0062809973305735
canoe,reference,manitoba,emissions|transportation|jet fuel,Mt CO2/yr,2050,1.0775216507150505
canoe,reference,manitoba,emissions|transportation|jet fuel,kt CH4/yr,2025,0.023703049458540477
canoe,reference,manitoba,emissions|transportation|jet fuel,kt CH4/yr,2030,0.026185897184525627
canoe,reference,manitoba,emissions|transportation|jet fuel,kt CH4/yr,2035,0.02794697696340092
canoe,reference,manitoba,emissions|transportation|jet fuel,kt CH4/yr,2040,0.02990438117582559
canoe,reference,manitoba,emissions|transportation|jet fuel,kt CH4/yr,2045,0.031770259089152715
canoe,reference,manitoba,emissions|transportation|jet fuel,kt CH4/yr,2050,0.03401946584323975
canoe,reference,manitoba,emissions|transportation|jet fuel,kt N2O/yr,2025,0.06815042270688355
canoe,reference,manitoba,emissions|transportation|jet fuel,kt N2O/yr,2030,0.07528904520095027
canoe,reference,manitoba,emissions|transportation|jet fuel,kt N2O/yr,2035,0.08035245830991852
canoe,reference,manitoba,emissions|transportation|jet fuel,kt N2O/yr,2040,0.08598033858407078
canoe,reference,manitoba,emissions|transportation|jet fuel,kt N2O/yr,2045,0.09134506470233249
canoe,reference,manitoba,emissions|transportation|jet fuel,kt N2O/yr,2050,0.09781192844129241
canoe,reference,manitoba,emissions|transportation|natural gas,Mt CO2-equiv/yr,2025,0.5944681146484941
canoe,reference,manitoba,emissions|transportation|natural gas,Mt CO2-equiv/yr,2030,0.66329461780951
canoe,reference,manitoba,emissions|transportation|natural gas,Mt CO2-equiv/yr,2035,0.7179065620049063
canoe,reference,manitoba,emissions|transportation|natural gas,Mt CO2-equiv/yr,2040,0.8709978328316097
canoe,reference,manitoba,emissions|transportation|natural gas,Mt CO2-equiv/yr,2045,0.9195319409398411
canoe,reference,manitoba,emissions|transportation|natural gas,Mt CO2-equiv/yr,2050,0.960205159910762
canoe,reference,manitoba,emissions|transportation|natural gas,Mt CO2/yr,2025,0.5913980405716931
canoe,reference,manitoba,emissions|transportation|natural gas,Mt CO2/yr,2030,0.6598690957987581
canoe,reference,manitoba,emissions|transportation|natural gas,Mt CO2/yr,2035,0.7141990017989567
canoe,reference,manitoba,emissions|transportation|natural gas,Mt CO2/yr,2040,0.8664996473080557
canoe,reference,manitoba,emissions|transportation|natural gas,Mt CO2/yr,2045,0.9147831056278929
canoe,reference,manitoba,emissions|transportation|natural gas,Mt CO2/yr,2050,0.9552462716252302
canoe,reference,manitoba,emissions|transportation|natural gas,kt CH4/yr,2025,0.011308386311249467
canoe,reference,manitoba,emissions|transportation|natural gas,kt CH4/yr,2030,0.012617651967419126
canoe,reference,manitoba,emissions|transportation|natural gas,kt CH4/yr,2035,0.01365651838758887
canoe,reference,manitoba,emissions|transportation|natural gas,kt CH4/yr,2040,0.016568727114565144
canoe,reference,manitoba,emissions|transportation|natural gas,kt CH4/yr,2045,0.017491976705645992
canoe,reference,manitoba,emissions|transportation|natural gas,kt CH4/yr,2050,0.018265690991259412
canoe,reference,manitoba,emissions|transportation|natural gas,kt N2O/yr,2025,0.010085858060768439
canoe,reference,manitoba,emissions|transportation|natural gas,kt N2O/yr,2030,0.011253581483767332
canoe,reference,manitoba,emissions|transportation|natural gas,kt N2O/yr,2035,0.01218013802061887
canoe,reference,manitoba,emissions|transportation|natural gas,kt N2O/yr,2040,0.014777513371547127
canoe,reference,manitoba,emissions|transportation|natural gas,kt N2O/yr,2045,0.01560095219597433
canoe,reference,manitoba,emissions|transportation|natural gas,kt N2O/yr,2050,0.016291021693911705
canoe,reference,manitoba,emissions|transportation|oil,Mt CO2-equiv/yr,2025,0.011642788486795867
canoe,reference,manitoba,emissions|transportation|oil,Mt CO2-equiv/yr,2030,0.011642405805179912
canoe,reference,manitoba,emissions|transportation|oil,Mt CO2-equiv/yr,2035,0.011641951934881803
canoe,reference,manitoba,emissions|transportation|oil,Mt CO2-equiv/yr,2040,0.011641283185953151
canoe,reference,manitoba,emissions|transportation|oil,Mt CO2-equiv/yr,2045,0.011640742642522848
canoe,reference,manitoba,emissions|transportation|oil,Mt CO2/yr,2025,0.011605389955841313
canoe,reference,manitoba,emissions|transportation|oil,Mt CO2/yr,2030,0.011605008503460973
canoe,reference,manitoba,emissions|transportation|oil,Mt CO2/yr,2035,0.011604556091068106
canoe,reference,manitoba,emissions|transportation|oil,Mt CO2/yr,2040,0.011603889490269822
canoe,reference,manitoba,emissions|transportation|oil,Mt CO2/yr,2045,0.011603350683152968
canoe,reference,manitoba,emissions|upstream|diesel,Mt CO2/yr,2025,0.7989506004639625
canoe,reference,manitoba,emissions|upstream|diesel,Mt CO2/yr,2030,0.829850278463833
canoe,reference,manitoba,emissions|upstream|diesel,Mt CO2/yr,2035,0.8018828119288601
canoe,reference,manitoba,emissions|upstream|diesel,Mt CO2/yr,2040,0.6967430680353766
canoe,reference,manitoba,emissions|upstream|diesel,Mt CO2/yr,2045,0.5356377373065351
canoe,reference,manitoba,emissions|upstream|diesel,Mt CO2/yr,2050,0.5082933569064302
canoe,reference,manitoba,emissions|upstream|gasoline,Mt CO2/yr,2025,0.37347215814342094
canoe,reference,manitoba,emissions|upstream|gasoline,Mt CO2/yr,2030,0.35845672610788426
canoe,reference,manitoba,emissions|upstream|gasoline,Mt CO2/yr,2035,0.3032888106788609
canoe,reference,manitoba,emissions|upstream|gasoline,Mt CO2/yr,2040,0.2011992015958122
canoe,reference,manitoba,emissions|upstream|gasoline,Mt CO2/yr,2045,0.21243246934804708
canoe,reference,manitoba,emissions|upstream|gasoline,Mt CO2/yr,2050,0.21973290680507543
canoe,reference,manitoba,emissions|upstream|jet fuel,Mt CO2/yr,2025,0.1662205653854727
canoe,reference,manitoba,emissions|upstream|jet fuel,Mt CO2/yr,2030,0.1836318670505572
canoe,reference,manitoba,emissions|upstream|jet fuel,Mt CO2/yr,2035,0.19598168032003013
canoe,reference,manitoba,emissions|upstream|jet fuel,Mt CO2/yr,2040,0.2097082487056692
canoe,reference,manitoba,emissions|upstream|jet fuel,Mt CO2/yr,2045,0.22279297699688422
canoe,reference,manitoba,emissions|upstream|jet fuel,Mt CO2/yr,2050,0.23856578882572058
canoe,reference,manitoba,emissions|upstream|natural gas,Mt CO2/yr,2025,0.3666299121404071
canoe,reference,manitoba,emissions|upstream|natural gas,Mt CO2/yr,2030,0.353235647909777
canoe,reference,manitoba,emissions|upstream|natural gas,Mt CO2/yr,2035,0.3457707357301892
canoe,reference,manitoba,emissions|upstream|natural gas,Mt CO2/yr,2040,0.33467947480937493
canoe,reference,manitoba,emissions|upstream|natural gas,Mt CO2/yr,2045,0.31248220050098846
canoe,reference,manitoba,emissions|upstream|natural gas,Mt CO2/yr,2050,0.304113063183369
canoe,reference,manitoba,emissions|upstream|oil,Mt CO2/yr,2025,0.4700576500197526
canoe,reference,manitoba,emissions|upstream|oil,Mt CO2/yr,2030,0.4882855855636111
canoe,reference,manitoba,emissions|upstream|oil,Mt CO2/yr,2035,0.5031655093149411
canoe,reference,manitoba,emissions|upstream|oil,Mt CO2/yr,2040,0.5181693968093579
canoe,reference,manitoba,emissions|upstream|oil,Mt CO2/yr,2045,0.5349093059767688
canoe,reference,manitoba,emissions|upstream|oil,Mt CO2/yr,2050,0.5553469090183454
canoe,reference,new brunswick,emissions|agriculture|diesel,Mt CO2-equiv/yr,2025,0.0726169537463529
canoe,reference,new brunswick,emissions|agriculture|diesel,Mt CO2-equiv/yr,2030,0.0802363419500422
canoe,reference,new brunswick,emissions|agriculture|diesel,Mt CO2-equiv/yr,2035,0.07777933632680002
canoe,reference,new brunswick,emissions|agriculture|diesel,Mt CO2-equiv/yr,2040,0.07545698897578144
canoe,reference,new brunswick,emissions|agriculture|diesel,Mt CO2-equiv/yr,2045,0.07569863987981551
canoe,reference,new brunswick,emissions|agriculture|diesel,Mt CO2-equiv/yr,2050,0.07705675775770729
canoe,reference,new brunswick,emissions|agriculture|diesel,Mt CO2/yr,2025,0.06965980618104176
canoe,reference,new brunswick,emissions|agriculture|diesel,Mt CO2/yr,2030,0.07696891346390916
canoe,reference,new brunswick,emissions|agriculture|diesel,Mt CO2/yr,2035,0.07461196337621182
canoe,reference,new brunswick,emissions|agriculture|diesel,Mt CO2/yr,2040,0.07238418793244865
canoe,reference,new brunswick,emissions|agriculture|diesel,Mt CO2/yr,2045,0.07261599819534242
canoe,reference,new brunswick,emissions|agriculture|diesel,Mt CO2/yr,2050,0.0739188100493814
canoe,reference,new brunswick,emissions|agriculture|diesel,kt N2O/yr,2025,0.010474555329541635
canoe,reference,new brunswick,emissions|agriculture|diesel,kt N2O/yr,2030,0.011573605884534228
canoe,reference,new brunswick,emissions|agriculture|diesel,kt N2O/yr,2035,0.011219197719251783
canoe,reference,new brunswick,emissions|agriculture|diesel,kt N2O/yr,2040,0.010884213193356817
canoe,reference,new brunswick,emissions|agriculture|diesel,kt N2O/yr,2045,0.010919069871228213
canoe,reference,new brunswick,emissions|agriculture|diesel,kt N2O/yr,2050,0.011114970141373208
canoe,reference,new brunswick,emissions|commercial|natural gas,Mt CO2-equiv/yr,2025,0.43997530701782994
canoe,reference,new brunswick,emissions|commercial|natural gas,Mt CO2-equiv/yr,2030,0.3390046098533492
canoe,reference,new brunswick,emissions|commercial|natural gas,Mt CO2-equiv/yr,2035,0.11383582897156684
canoe,reference,new brunswick,emissions|commercial|natural gas,Mt CO2-equiv/yr,2040,0.055822175807117715
canoe,reference,new brunswick,emissions|commercial|natural gas,Mt CO2-equiv/yr,2045,0.04748020806703977
canoe,reference,new brunswick,emissions|commercial|natural gas,Mt CO2-equiv/yr,2050,0.039016953216752394
canoe,reference,new brunswick,emissions|commercial|natural gas,Mt CO2/yr,2025,0.4375802617606089
canoe,reference,new brunswick,emissions|commercial|natural gas,Mt CO2/yr,2030,0.3371592076908764
canoe,reference,new brunswick,emissions|commercial|natural gas,Mt CO2/yr,2035,0.11321615337175159
canoe,reference,new brunswick,emissions|commercial|natural gas,Mt CO2/yr,2040,0.05551830275951239
canoe,reference,new brunswick,emissions|commercial|natural gas,Mt CO2/yr,2045,0.04722174527303979
canoe,reference,new brunswick,emissions|commercial|natural gas,Mt CO2/yr,2050,0.03880456091367887
canoe,reference,new brunswick,emissions|electricity|natural gas,Mt CO2-equiv/yr,2025,1.0381073632035989
canoe,reference,new brunswick,emissions|electricity|natural gas,Mt CO2-equiv/yr,2030,0.9023014528912364
canoe,reference,new brunswick,emissions|electricity|natural gas,Mt CO2-equiv/yr,2035,0.6821496033791048
canoe,reference,new brunswick,emissions|electricity|natural gas,Mt CO2-equiv/yr,2040,0.9108832520727532
canoe,reference,new brunswick,emissions|electricity|natural gas,Mt CO2-equiv/yr,2045,0.6356053534019398
canoe,reference,new brunswick,emissions|electricity|natural gas,Mt CO2-equiv/yr,2050,0.5317567975219155
canoe,reference,new brunswick,emissions|electricity|natural gas,Mt CO2/yr,2025,1.0237708674161887
canoe,reference,new brunswick,emissions|electricity|natural gas,Mt CO2/yr,2030,0.8898404672197454
canoe,reference,new brunswick,emissions|electricity|natural gas,Mt CO2/yr,2035,0.6727289641833204
canoe,reference,new brunswick,emissions|electricity|natural gas,Mt CO2/yr,2040,0.8983037498275673
canoe,reference,new brunswick,emissions|electricity|natural gas,Mt CO2/yr,2045,0.6268275007496076
canoe,reference,new brunswick,emissions|electricity|natural gas,Mt CO2/yr,2050,0.5244131167449354
canoe,reference,new brunswick,emissions|electricity|natural gas,kt CH4/yr,2025,0.2592494702681178
canoe,reference,new brunswick,emissions|electricity|natural gas,kt CH4/yr,2030,0.22533427849150922
canoe,reference,new brunswick,emissions|electricity|natural gas,kt CH4/yr,2035,0.17035513819484913
canoe,reference,new brunswick,emissions|electricity|natural gas,kt CH4/yr,2040,0.2274774353273203
canoe,reference,new brunswick,emissions|electricity|natural gas,kt CH4/yr,2045,0.1587315117971234
canoe,reference,new brunswick,emissions|electricity|natural gas,kt CH4/yr,2050,0.1327971199853536
canoe,reference,new brunswick,emissions|electricity|natural gas,kt N2O/yr,2025,0.025924947026811782
canoe,reference,new brunswick,emissions|electricity|natural gas,kt N2O/yr,2030,0.022533427849150925
canoe,reference,new brunswick,emissions|electricity|natural gas,kt N2O/yr,2035,0.017035513819484916
canoe,reference,new brunswick,emissions|electricity|natural gas,kt N2O/yr,2040,0.02274774353273203
canoe,reference,new brunswick,emissions|electricity|natural gas,kt N2O/yr,2045,0.015873151179712337
canoe,reference,new brunswick,emissions|electricity|natural gas,kt N2O/yr,2050,0.01327971199853536
canoe,reference,new brunswick,emissions|industrial|biomass,Mt CO2-equiv/yr,2025,1.4444560004666003
canoe,reference,new brunswick,emissions|industrial|biomass,Mt CO2-equiv/yr,2030,1.405924000469761
canoe,reference,new brunswick,emissions|industrial|biomass,Mt CO2-equiv/yr,2035,1.4103700002581656
canoe,reference,new brunswick,emissions|industrial|biomass,Mt CO2-equiv/yr,2040,1.3925860004670725
canoe,reference,new brunswick,emissions|industrial|biomass,Mt CO2-equiv/yr,2045,1.3649220004669764
canoe,reference,new brunswick,emissions|industrial|biomass,Mt CO2-equiv/yr,2050,1.3510900004683553
canoe,reference,new brunswick,emissions|industrial|biomass,Mt CO2/yr,2025,1.4444560004666003
canoe,reference,new brunswick,emissions|industrial|biomass,Mt CO2/yr,2030,1.405924000469761
canoe,reference,new brunswick,emissions|industrial|biomass,Mt CO2/yr,2035,1.4103700002581656
canoe,reference,new brunswick,emissions|industrial|biomass,Mt CO2/yr,2040,1.3925860004670725
canoe,reference,new brunswick,emissions|industrial|biomass,Mt CO2/yr,2045,1.3649220004669764
canoe,reference,new brunswick,emissions|industrial|biomass,Mt CO2/yr,2050,1.3510900004683553
canoe,reference,new brunswick,emissions|industrial|natural gas,Mt CO2-equiv/yr,2025,1.5190123556543653
canoe,reference,new brunswick,emissions|industrial|natural gas,Mt CO2-equiv/yr,2030,1.3886474092804384
canoe,reference,new brunswick,emissions|industrial|natural gas,Mt CO2-equiv/yr,2035,1.2947846478820224
canoe,reference,new brunswick,emissions|industrial|natural gas,Mt CO2-equiv/yr,2040,1.248896186343493
canoe,reference,new brunswick,emissions|industrial|natural gas,Mt CO2-equiv/yr,2045,1.237945530846618
canoe,reference,new brunswick,emissions|industrial|natural gas,Mt CO2-equiv/yr,2050,1.2593253820404073
canoe,reference,new brunswick,emissions|industrial|natural gas,Mt CO2/yr,2025,1.51116756071832
canoe,reference,new brunswick,emissions|industrial|natural gas,Mt CO2/yr,2030,1.3814758717193873
canoe,reference,new brunswick,emissions|industrial|natural gas,Mt CO2/yr,2035,1.2880978556310152
canoe,reference,new brunswick,emissions|industrial|natural gas,Mt CO2/yr,2040,1.2424463806906263
canoe,reference,new brunswick,emissions|industrial|natural gas,Mt CO2/yr,2045,1.2315522788132585
canoe,reference,new brunswick,emissions|industrial|natural gas,Mt CO2/yr,2050,1.2528217157976083
canoe,reference,new brunswick,emissions|industrial|natural gas,kt CH4/yr,2025,0.028895710478025628
canoe,reference,new brunswick,emissions|industrial|natural gas,kt CH4/yr,2030,0.026415817715546037
canoe,reference,new brunswick,emissions|industrial|natural gas,kt CH4/yr,2035,0.024630294926385948
canoe,reference,new brunswick,emissions|industrial|natural gas,kt CH4/yr,2040,0.023757372666100476
canoe,reference,new brunswick,emissions|industrial|natural gas,kt CH4/yr,2045,0.023549061674024326
canoe,reference,new brunswick,emissions|industrial|natural gas,kt CH4/yr,2050,0.02395576408685155
canoe,reference,new brunswick,emissions|industrial|natural gas,kt N2O/yr,2025,0.025771849884232048
canoe,reference,new brunswick,emissions|industrial|natural gas,kt N2O/yr,2030,0.02356005363675025
canoe,reference,new brunswick,emissions|industrial|natural gas,kt N2O/yr,2035,0.021967560338407466
canoe,reference,new brunswick,emissions|industrial|natural gas,kt N2O/yr,2040,0.02118900805225448
canoe,reference,new brunswick,emissions|industrial|natural gas,kt N2O/yr,2045,0.021003217167441152
canoe,reference,new brunswick,emissions|industrial|natural gas,kt N2O/yr,2050,0.021365951751832465
canoe,reference,new brunswick,emissions|industrial|oil,Mt CO2-equiv/yr,2025,3.2360134034317594
canoe,reference,new brunswick,emissions|industrial|oil,Mt CO2-equiv/yr,2030,2.984536518747764
canoe,reference,new brunswick,emissions|industrial|oil,Mt CO2-equiv/yr,2035,2.8606417485863114
canoe,reference,new brunswick,emissions|industrial|oil,Mt CO2-equiv/yr,2040,2.8399926198818846
canoe,reference,new brunswick,emissions|industrial|oil,Mt CO2-equiv/yr,2045,2.8694913750346194
canoe,reference,new brunswick,emissions|industrial|oil,Mt CO2-equiv/yr,2050,2.9520878884530175
canoe,reference,new brunswick,emissions|industrial|oil,Mt CO2/yr,2025,3.225618801865747
canoe,reference,new brunswick,emissions|industrial|oil,Mt CO2/yr,2030,2.9749497018517967
canoe,reference,new brunswick,emissions|industrial|oil,Mt CO2/yr,2035,2.8514529018503487
canoe,reference,new brunswick,emissions|industrial|oil,Mt CO2/yr,2040,2.8308701015070277
canoe,reference,new brunswick,emissions|industrial|oil,Mt CO2/yr,2045,2.8602741018586304
canoe,reference,new brunswick,emissions|industrial|oil,Mt CO2/yr,2050,2.9426053018370975
canoe,reference,new brunswick,emissions|industrial|oil,kt CH4/yr,2025,0.029399600017005176
canoe,reference,new brunswick,emissions|industrial|oil,kt CH4/yr,2030,0.027114900016878028
canoe,reference,new brunswick,emissions|industrial|oil,kt CH4/yr,2035,0.02598930001686483
canoe,reference,new brunswick,emissions|industrial|oil,kt CH4/yr,2040,0.025801700013735666
canoe,reference,new brunswick,emissions|industrial|oil,kt CH4/yr,2045,0.026069700016940308
canoe,reference,new brunswick,emissions|industrial|oil,kt CH4/yr,2050,0.026820100016744057
canoe,reference,new brunswick,emissions|industrial|oil,kt N2O/yr,2025,0.035060120020279306
canoe,reference,new brunswick,emissions|industrial|oil,kt N2O/yr,2030,0.03233553002012768
canoe,reference,new brunswick,emissions|industrial|oil,kt N2O/yr,2035,0.030993210020111933
canoe,reference,new brunswick,emissions|industrial|oil,kt N2O/yr,2040,0.030769490016380293
canoe,reference,new brunswick,emissions|industrial|oil,kt N2O/yr,2045,0.03108909002020195
canoe,reference,new brunswick,emissions|industrial|oil,kt N2O/yr,2050,0.03198397001996791
canoe,reference,new brunswick,emissions|residential|natural gas,Mt CO2-equiv/yr,2025,0.06546427284555595
canoe,reference,new brunswick,emissions|residential|natural gas,Mt CO2-equiv/yr,2030,0.09769818142520079
canoe,reference,new brunswick,emissions|residential|natural gas,Mt CO2-equiv/yr,2035,0.13164383710354455
canoe,reference,new brunswick,emissions|residential|natural gas,Mt CO2-equiv/yr,2040,0.13815355542265684
canoe,reference,new brunswick,emissions|residential|natural gas,Mt CO2-equiv/yr,2045,0.14061350254078325
canoe,reference,new brunswick,emissions|residential|natural gas,Mt CO2-equiv/yr,2050,0.1443804355284934
canoe,reference,new brunswick,emissions|residential|natural gas,Mt CO2/yr,2025,0.06510791217327436
canoe,reference,new brunswick,emissions|residential|natural gas,Mt CO2/yr,2030,0.09716635256496872
canoe,reference,new brunswick,emissions|residential|natural gas,Mt CO2/yr,2035,0.1309272220056785
canoe,reference,new brunswick,emissions|residential|natural gas,Mt CO2/yr,2040,0.13740150408612614
canoe,reference,new brunswick,emissions|residential|natural gas,Mt CO2/yr,2045,0.1398480602602966
canoe,reference,new brunswick,emissions|residential|natural gas,Mt CO2/yr,2050,0.14359448760861612
canoe,reference,new brunswick,emissions|residential|oil,Mt CO2-equiv/yr,2025,0.2558742141350086
canoe,reference,new brunswick,emissions|residential|oil,Mt CO2-equiv/yr,2030,0.14175056845318837
canoe,reference,new brunswick,emissions|residential|oil,Mt CO2-equiv/yr,2035,0.09112521723759573
canoe,reference,new brunswick,emissions|residential|oil,Mt CO2-equiv/yr,2040,0.036449912181823016
canoe,reference,new brunswick,emissions|residential|oil,Mt CO2/yr,2025,0.24545436353099945
canoe,reference,new brunswick,emissions|residential|oil,Mt CO2/yr,2030,0.13597812377247398
canoe,reference,new brunswick,emissions|residential|oil,Mt CO2/yr,2035,0.08741436597779417
canoe,reference,new brunswick,emissions|residential|oil,Mt CO2/yr,2040,0.03496557879267012
canoe,reference,new brunswick,emissions|residential|oil,kt CH4/yr,2025,0.012281556371981738
canoe,reference,new brunswick,emissions|residential|oil,kt N2O/yr,2025,0.036908304123053924
canoe,reference,new brunswick,emissions|residential|oil,kt N2O/yr,2030,0.020446660120763765
canoe,reference,new brunswick,emissions|residential|oil,kt N2O/yr,2035,0.013144260129744652
canoe,reference,new brunswick,emissions|residential|wood,Mt CO2-equiv/yr,2025,0.2677785942033609
canoe,reference,new brunswick,emissions|residential|wood,Mt CO2-equiv/yr,2030,0.29317962734921393
canoe,reference,new brunswick,emissions|residential|wood,Mt CO2-equiv/yr,2035,0.16307469924824503
canoe,reference,new brunswick,emissions|residential|wood,Mt CO2-equiv/yr,2040,0.029675585534957444
canoe,reference,new brunswick,emissions|residential|wood,Mt CO2/yr,2025,0.2208315620845972
canoe,reference,new brunswick,emissions|residential|wood,Mt CO2/yr,2030,0.24177927765853663
canoe,reference,new brunswick,emissions|residential|wood,Mt CO2/yr,2035,0.13448438878619612
canoe,reference,new brunswick,emissions|residential|wood,Mt CO2/yr,2040,0.02447285201774907
canoe,reference,new brunswick,emissions|residential|wood,kt CH4/yr,2025,0.7116757203025117
canoe,reference,new brunswick,emissions|residential|wood,kt CH4/yr,2030,0.7791840983126461
canoe,reference,new brunswick,emissions|residential|wood,kt CH4/yr,2035,0.43340396343433185
canoe,reference,new brunswick,emissions|residential|wood,kt CH4/yr,2040,0.0788688646821067
canoe,reference,new brunswick,emissions|residential|wood,kt N2O/yr,2025,0.09897476904869368
canoe,reference,new brunswick,emissions|residential|wood,kt N2O/yr,2030,0.10836335142096402
canoe,reference,new brunswick,emissions|residential|wood,kt N2O/yr,2035,0.06027472339152959
canoe,reference,new brunswick,emissions|residential|wood,kt N2O/yr,2040,0.010968517604796297
canoe,reference,new brunswick,emissions|transportation|diesel,Mt CO2-equiv/yr,2025,3.321197469626268
canoe,reference,new brunswick,emissions|transportation|diesel,Mt CO2-equiv/yr,2030,2.855254133838022
canoe,reference,new brunswick,emissions|transportation|diesel,Mt CO2-equiv/yr,2035,2.12843890064282
canoe,reference,new brunswick,emissions|transportation|diesel,Mt CO2-equiv/yr,2040,1.106320686599778
canoe,reference,new brunswick,emissions|transportation|diesel,Mt CO2-equiv/yr,2045,0.8318478735759866
canoe,reference,new brunswick,emissions|transportation|diesel,Mt CO2-equiv/yr,2050,0.7622422650623689
canoe,reference,new brunswick,emissions|transportation|diesel,Mt CO2/yr,2025,3.1912414437490413
canoe,reference,new brunswick,emissions|transportation|diesel,Mt CO2/yr,2030,2.7434849952627003
canoe,reference,new brunswick,emissions|transportation|diesel,Mt CO2/yr,2035,2.0451210080990547
canoe,reference,new brunswick,emissions|transportation|diesel,Mt CO2/yr,2040,1.0630136964253887
canoe,reference,new brunswick,emissions|transportation|diesel,Mt CO2/yr,2045,0.7992851319055575
canoe,reference,new brunswick,emissions|transportation|diesel,Mt CO2/yr,2050,0.7324042406084429
canoe,reference,new brunswick,emissions|transportation|diesel,kt CH4/yr,2025,0.15317096117812334
canoe,reference,new brunswick,emissions|transportation|diesel,kt CH4/yr,2030,0.13173882433061118
canoe,reference,new brunswick,emissions|transportation|diesel,kt CH4/yr,2035,0.09820422733322835
canoe,reference,new brunswick,emissions|transportation|diesel,kt CH4/yr,2040,0.05104461116945346
canoe,reference,new brunswick,emissions|transportation|diesel,kt CH4/yr,2045,0.03838069149527567
canoe,reference,new brunswick,emissions|transportation|diesel,kt CH4/yr,2050,0.035169151351768464
canoe,reference,new brunswick,emissions|transportation|diesel,kt N2O/yr,2025,0.46031934244469974
canoe,reference,new brunswick,emissions|transportation|diesel,kt N2O/yr,2030,0.39589908872184015
canoe,reference,new brunswick,emissions|transportation|diesel,kt N2O/yr,2035,0.29512151705591944
canoe,reference,new brunswick,emissions|transportation|diesel,kt N2O/yr,2040,0.15339831881599492
canoe,reference,new brunswick,emissions|transportation|diesel,kt N2O/yr,2045,0.1153409601321981
canoe,reference,new brunswick,emissions|transportation|diesel,kt N2O/yr,2050,0.10568969971634389
canoe,reference,new brunswick,emissions|transportation|ethanol,Mt CO2-equiv/yr,2025,0.17643468004532534
canoe,reference,new brunswick,emissions|transportation|ethanol,Mt CO2-equiv/yr,2030,0.17201083879510518
canoe,reference,new brunswick,emissions|transportation|ethanol,Mt CO2-equiv/yr,2035,0.08106630372419002
canoe,reference,new brunswick,emissions|transportation|ethanol,Mt CO2-equiv/yr,2040,0.057777783861046796
canoe,reference,new brunswick,emissions|transportation|ethanol,Mt CO2-equiv/yr,2045,0.06773642612211239
canoe,reference,new brunswick,emissions|transportation|ethanol,Mt CO2-equiv/yr,2050,0.08121573741910902
canoe,reference,new brunswick,emissions|transportation|ethanol,Mt CO2/yr,2025,0.17643468004532534
canoe,reference,new brunswick,emissions|transportation|ethanol,Mt CO2/yr,2030,0.17201083879510518
canoe,reference,new brunswick,emissions|transportation|ethanol,Mt CO2/yr,2035,0.08106630372419002
canoe,reference,new brunswick,emissions|transportation|ethanol,Mt CO2/yr,2040,0.057777783861046796
canoe,reference,new brunswick,emissions|transportation|ethanol,Mt CO2/yr,2045,0.06773642612211239
canoe,reference,new brunswick,emissions|transportation|ethanol,Mt CO2/yr,2050,0.08121573741910902
canoe,reference,new brunswick,emissions|transportation|gasoline,Mt CO2-equiv/yr,2025,1.4946044688436875
canoe,reference,new brunswick,emissions|transportation|gasoline,Mt CO2-equiv/yr,2030,1.0205363565946757
canoe,reference,new brunswick,emissions|transportation|gasoline,Mt CO2-equiv/yr,2035,0.4809645184268265
canoe,reference,new brunswick,emissions|transportation|gasoline,Mt CO2-equiv/yr,2040,0.3427942648655071
canoe,reference,new brunswick,emissions|transportation|gasoline,Mt CO2-equiv/yr,2045,0.4018786607147927
canoe,reference,new brunswick,emissions|transportation|gasoline,Mt CO2-equiv/yr,2050,0.4818511051072553
canoe,reference,new brunswick,emissions|transportation|gasoline,Mt CO2/yr,2025,1.4385147761196535
canoe,reference,new brunswick,emissions|transportation|gasoline,Mt CO2/yr,2030,0.9822375478808318
canoe,reference,new brunswick,emissions|transportation|gasoline,Mt CO2/yr,2035,0.4629148252724934
canoe,reference,new brunswick,emissions|transportation|gasoline,Mt CO2/yr,2040,0.3299298412774105
canoe,reference,new brunswick,emissions|transportation|gasoline,Mt CO2/yr,2045,0.3867969109530794
canoe,reference,new brunswick,emissions|transportation|gasoline,Mt CO2/yr,2050,0.46376814002344846
canoe,reference,new brunswick,emissions|transportation|gasoline,kt CH4/yr,2025,1.6967435753802762
canoe,reference,new brunswick,emissions|transportation|gasoline,kt CH4/yr,2030,1.1585597009713662
canoe,reference,new brunswick,emissions|transportation|gasoline,kt CH4/yr,2035,0.5460129911547422
canoe,reference,new brunswick,emissions|transportation|gasoline,kt CH4/yr,2040,0.389155779145863
canoe,reference,new brunswick,emissions|transportation|gasoline,kt CH4/yr,2045,0.45623109649725596
canoe,reference,new brunswick,emissions|transportation|gasoline,kt CH4/yr,2050,0.547019485036832
canoe,reference,new brunswick,emissions|transportation|gasoline,kt N2O/yr,2025,0.03143176781460222
canoe,reference,new brunswick,emissions|transportation|gasoline,kt N2O/yr,2030,0.02146204061042368
canoe,reference,new brunswick,emissions|transportation|gasoline,kt N2O/yr,2035,0.010114759714287356
canoe,reference,new brunswick,emissions|transportation|gasoline,kt N2O/yr,2050,0.010133404772071985
canoe,reference,new brunswick,emissions|transportation|jet fuel,Mt CO2-equiv/yr,2025,1.530843015746106
canoe,reference,new brunswick,emissions|transportation|jet fuel,Mt CO2-equiv/yr,2030,1.4562316854706339
canoe,reference,new brunswick,emissions|transportation|jet fuel,Mt CO2-equiv/yr,2035,1.4067091316836822
canoe,reference,new brunswick,emissions|transportation|jet fuel,Mt CO2-equiv/yr,2040,1.3619165325759794
canoe,reference,new brunswick,emissions|transportation|jet fuel,Mt CO2-equiv/yr,2045,1.344924756017885
canoe,reference,new brunswick,emissions|transportation|jet fuel,Mt CO2-equiv/yr,2050,1.3558357743651976
canoe,reference,new brunswick,emissions|transportation|jet fuel,Mt CO2/yr,2025,1.4925362307346937
canoe,reference,new brunswick,emissions|transportation|jet fuel,Mt CO2/yr,2030,1.419791924157197
canoe,reference,new brunswick,emissions|transportation|jet fuel,Mt CO2/yr,2035,1.3715085894159735
canoe,reference,new brunswick,emissions|transportation|jet fuel,Mt CO2/yr,2040,1.327836850152469
canoe,reference,new brunswick,emissions|transportation|jet fuel,Mt CO2/yr,2045,1.311270264371533
canoe,reference,new brunswick,emissions|transportation|jet fuel,Mt CO2/yr,2050,1.3219082527413846
canoe,reference,new brunswick,emissions|transportation|jet fuel,kt CH4/yr,2025,0.04712228778659055
canoe,reference,new brunswick,emissions|transportation|jet fuel,kt CH4/yr,2030,0.04482560776047593
canoe,reference,new brunswick,emissions|transportation|jet fuel,kt CH4/yr,2035,0.043301208454033464
canoe,reference,new brunswick,emissions|transportation|jet fuel,kt CH4/yr,2040,0.04192240623581006
canoe,reference,new brunswick,emissions|transportation|jet fuel,kt CH4/yr,2045,0.0413993667231101
canoe,reference,new brunswick,emissions|transportation|jet fuel,kt CH4/yr,2050,0.041735228820868206
canoe,reference,new brunswick,emissions|transportation|jet fuel,kt N2O/yr,2025,0.13548483865709768
canoe,reference,new brunswick,emissions|transportation|jet fuel,kt N2O/yr,2030,0.12888148093825477
canoe,reference,new brunswick,emissions|transportation|jet fuel,kt N2O/yr,2035,0.12449856568130241
canoe,reference,new brunswick,emissions|transportation|jet fuel,kt N2O/yr,2040,0.12053426757841602
canoe,reference,new brunswick,emissions|transportation|jet fuel,kt N2O/yr,2045,0.11903043728243437
canoe,reference,new brunswick,emissions|transportation|jet fuel,kt N2O/yr,2050,0.1199960996953434
canoe,reference,new brunswick,emissions|transportation|natural gas,Mt CO2-equiv/yr,2025,1.2469056707922057
canoe,reference,new brunswick,emissions|transportation|natural gas,Mt CO2-equiv/yr,2030,1.2495466960652704
canoe,reference,new brunswick,emissions|transportation|natural gas,Mt CO2-equiv/yr,2035,1.2493888569407172
canoe,reference,new brunswick,emissions|transportation|natural gas,Mt CO2-equiv/yr,2040,1.3958058679811152
canoe,reference,new brunswick,emissions|transportation|natural gas,Mt CO2-equiv/yr,2045,1.3684954068965318
canoe,reference,new brunswick,emissions|transportation|natural gas,Mt CO2-equiv/yr,2050,1.372143660334527
canoe,reference,new brunswick,emissions|transportation|natural gas,Mt CO2/yr,2025,1.2404661449677148
canoe,reference,new brunswick,emissions|transportation|natural gas,Mt CO2/yr,2030,1.2430935309167732
canoe,reference,new brunswick,emissions|transportation|natural gas,Mt CO2/yr,2035,1.242936506937377
canoe,reference,new brunswick,emissions|transportation|natural gas,Mt CO2/yr,2040,1.3885973612404812
canoe,reference,new brunswick,emissions|transportation|natural gas,Mt CO2/yr,2045,1.3614279424364428
canoe,reference,new brunswick,emissions|transportation|natural gas,Mt CO2/yr,2050,1.365057354816306
canoe,reference,new brunswick,emissions|transportation|natural gas,kt CH4/yr,2025,0.023719507693601795
canoe,reference,new brunswick,emissions|transportation|natural gas,kt CH4/yr,2030,0.023769747114875464
canoe,reference,new brunswick,emissions|transportation|natural gas,kt CH4/yr,2035,0.023766744589169723
canoe,reference,new brunswick,emissions|transportation|natural gas,kt CH4/yr,2040,0.026551990900256277
canoe,reference,new brunswick,emissions|transportation|natural gas,kt CH4/yr,2045,0.026032472297537905
canoe,reference,new brunswick,emissions|transportation|natural gas,kt CH4/yr,2050,0.026101871914139013
canoe,reference,new brunswick,emissions|transportation|natural gas,kt N2O/yr,2025,0.021155236590298263
canoe,reference,new brunswick,emissions|transportation|natural gas,kt N2O/yr,2030,0.02120004472278285
canoe,reference,new brunswick,emissions|transportation|natural gas,kt N2O/yr,2035,0.02119736679445086
canoe,reference,new brunswick,emissions|transportation|natural gas,kt N2O/yr,2040,0.023681505396078988
canoe,reference,new brunswick,emissions|transportation|natural gas,kt N2O/yr,2045,0.023218150966655776
canoe,reference,new brunswick,emissions|transportation|natural gas,kt N2O/yr,2050,0.023280047921998934
canoe,reference,new brunswick,emissions|transportation|oil,Mt CO2-equiv/yr,2025,1.2159809073790357
canoe,reference,new brunswick,emissions|transportation|oil,Mt CO2-equiv/yr,2030,1.215987046326659
canoe,reference,new brunswick,emissions|transportation|oil,Mt CO2-equiv/yr,2035,1.2092383096190649
canoe,reference,new brunswick,emissions|transportation|oil,Mt CO2-equiv/yr,2040,1.1802455759203867
canoe,reference,new brunswick,emissions|transportation|oil,Mt CO2-equiv/yr,2045,1.0913485822851983
canoe,reference,new brunswick,emissions|transportation|oil,Mt CO2-equiv/yr,2050,1.053044938046285
canoe,reference,new brunswick,emissions|transportation|oil,Mt CO2/yr,2025,1.212074978858876
canoe,reference,new brunswick,emissions|transportation|oil,Mt CO2/yr,2030,1.2120810980872005
canoe,reference,new brunswick,emissions|transportation|oil,Mt CO2/yr,2035,1.2053540394199618
canoe,reference,new brunswick,emissions|transportation|oil,Mt CO2/yr,2040,1.1764544350991744
canoe,reference,new brunswick,emissions|transportation|oil,Mt CO2/yr,2045,1.0878429930714897
canoe,reference,new brunswick,emissions|transportation|oil,Mt CO2/yr,2050,1.0496623863700498
canoe,reference,new brunswick,emissions|transportation|oil,kt CH4/yr,2025,0.01104734370610049
canoe,reference,new brunswick,emissions|transportation|oil,kt CH4/yr,2030,0.01104739947923309
canoe,reference,new brunswick,emissions|transportation|oil,kt CH4/yr,2035,0.010986086333986865
canoe,reference,new brunswick,emissions|transportation|oil,kt CH4/yr,2040,0.010722683601094365
canoe,reference,new brunswick,emissions|transportation|oil,kt N2O/yr,2025,0.013174369583842225
canoe,reference,new brunswick,emissions|transportation|oil,kt N2O/yr,2030,0.01317443609538394
canoe,reference,new brunswick,emissions|transportation|oil,kt N2O/yr,2035,0.013101317881873888
canoe,reference,new brunswick,emissions|transportation|oil,kt N2O/yr,2040,0.0127872002944394
canoe,reference,new brunswick,emissions|transportation|oil,kt N2O/yr,2045,0.011824058651396005
canoe,reference,new brunswick,emissions|transportation|oil,kt N2O/yr,2050,0.011409063347975375
canoe,reference,new brunswick,emissions|upstream|diesel,Mt CO2/yr,2025,0.8257951943644337
canoe,reference,new brunswick,emissions|upstream|diesel,Mt CO2/yr,2030,0.7145831570052107
canoe,reference,new brunswick,emissions|upstream|diesel,Mt CO2/yr,2035,0.5372237858261177
canoe,reference,new brunswick,emissions|upstream|diesel,Mt CO2/yr,2040,0.288099135989963
canoe,reference,new brunswick,emissions|upstream|diesel,Mt CO2/yr,2045,0.22141977947989086
canoe,reference,new brunswick,emissions|upstream|diesel,Mt CO2/yr,2050,0.20483809944235307
canoe,reference,new brunswick,emissions|upstream|gasoline,Mt CO2/yr,2025,0.33272518802295525
canoe,reference,new brunswick,emissions|upstream|gasoline,Mt CO2/yr,2030,0.22839443926112085
canoe,reference,new brunswick,emissions|upstream|gasoline,Mt CO2/yr,2035,0.10918841962787167
canoe,reference,new brunswick,emissions|upstream|gasoline,Mt CO2/yr,2040,0.07859728329316594
canoe,reference,new brunswick,emissions|upstream|gasoline,Mt CO2/yr,2045,0.09164956351535848
canoe,reference,new brunswick,emissions|upstream|gasoline,Mt CO2/yr,2050,0.10935595498931976
canoe,reference,new brunswick,emissions|upstream|jet fuel,Mt CO2/yr,2025,0.3304508476678829
canoe,reference,new brunswick,emissions|upstream|jet fuel,Mt CO2/yr,2030,0.3143451253792033
canoe,reference,new brunswick,emissions|upstream|jet fuel,Mt CO2/yr,2035,0.3036551147838707
canoe,reference,new brunswick,emissions|upstream|jet fuel,Mt CO2/yr,2040,0.2939861245167046
canoe,reference,new brunswick,emissions|upstream|jet fuel,Mt CO2/yr,2045,0.2903182752767655
canoe,reference,new brunswick,emissions|upstream|jet fuel,Mt CO2/yr,2050,0.29267352578817346
canoe,reference,new brunswick,emissions|upstream|natural gas,Mt CO2/yr,2025,0.24526240337208094
canoe,reference,new brunswick,emissions|upstream|natural gas,Mt CO2/yr,2030,0.22269790942700501
canoe,reference,new brunswick,emissions|upstream|natural gas,Mt CO2/yr,2035,0.18840156051805115
canoe,reference,new brunswick,emissions|upstream|natural gas,Mt CO2/yr,2040,0.19720866402229925
canoe,reference,new brunswick,emissions|upstream|natural gas,Mt CO2/yr,2045,0.1756100004375152
canoe,reference,new brunswick,emissions|upstream|natural gas,Mt CO2/yr,2050,0.16997488308994319
canoe,reference,new brunswick,emissions|upstream|oil,Mt CO2/yr,2025,0.8015994743316547
canoe,reference,new brunswick,emissions|upstream|oil,Mt CO2/yr,2030,0.7356647191888599
canoe,reference,new brunswick,emissions|upstream|oil,Mt CO2/yr,2035,0.70320601443069
canoe,reference,new brunswick,emissions|upstream|oil,Mt CO2/yr,2040,0.6835278031808948
canoe,reference,new brunswick,emissions|upstream|oil,Mt CO2/yr,2045,0.6659862872688543
canoe,reference,new brunswick,emissions|upstream|oil,Mt CO2/yr,2050,0.6734338094649521
canoe,reference,newfoundland and labrador,emissions|agriculture|diesel,Mt CO2-equiv/yr,2025,0.0379721827898072
canoe,reference,newfoundland and labrador,emissions|agriculture|diesel,Mt CO2-equiv/yr,2030,0.041957319952578044
canoe,reference,newfoundland and labrador,emissions|agriculture|diesel,Mt CO2-equiv/yr,2035,0.040672312451463764
canoe,reference,newfoundland and labrador,emissions|agriculture|diesel,Mt CO2-equiv/yr,2040,0.03945791177028001
canoe,reference,newfoundland and labrador,emissions|agriculture|diesel,Mt CO2-equiv/yr,2045,0.0395842768167958
canoe,reference,newfoundland and labrador,emissions|agriculture|diesel,Mt CO2-equiv/yr,2050,0.04029446396446541
canoe,reference,newfoundland and labrador,emissions|agriculture|diesel,Mt CO2/yr,2025,0.03642585865896237
canoe,reference,newfoundland and labrador,emissions|agriculture|diesel,Mt CO2/yr,2030,0.040248710872415716
canoe,reference,newfoundland and labrador,emissions|agriculture|diesel,Mt CO2/yr,2035,0.03901603215414463
canoe,reference,newfoundland and labrador,emissions|agriculture|diesel,Mt CO2/yr,2040,0.037851084966014546
canoe,reference,newfoundland and labrador,emissions|agriculture|diesel,Mt CO2/yr,2045,0.037972304105543524
canoe,reference,newfoundland and labrador,emissions|agriculture|diesel,Mt CO2/yr,2050,0.038653570621235346
canoe,reference,newfoundland and labrador,emissions|commercial|oil,Mt CO2-equiv/yr,2025,0.37049080904409715
canoe,reference,newfoundland and labrador,emissions|commercial|oil,Mt CO2/yr,2025,0.35540347836699704
canoe,reference,newfoundland and labrador,emissions|commercial|oil,kt CH4/yr,2025,0.01778297110538597
canoe,reference,newfoundland and labrador,emissions|commercial|oil,kt N2O/yr,2025,0.05344105306281793
canoe,reference,newfoundland and labrador,emissions|industrial|biomass,Mt CO2-equiv/yr,2025,0.2647839999419227
canoe,reference,newfoundland and labrador,emissions|industrial|biomass,Mt CO2-equiv/yr,2030,0.30479799974712385
canoe,reference,newfoundland and labrador,emissions|industrial|biomass,Mt CO2-equiv/yr,2035,0.33641399955903173
canoe,reference,newfoundland and labrador,emissions|industrial|biomass,Mt CO2-equiv/yr,2040,0.36358399964258376
canoe,reference,newfoundland and labrador,emissions|industrial|biomass,Mt CO2-equiv/yr,2045,0.3803799997266275
canoe,reference,newfoundland and labrador,emissions|industrial|biomass,Mt CO2-equiv/yr,2050,0.3937179998293105
canoe,reference,newfoundland and labrador,emissions|industrial|biomass,Mt CO2/yr,2025,0.2647839999419227
canoe,reference,newfoundland and labrador,emissions|industrial|biomass,Mt CO2/yr,2030,0.30479799974712385
canoe,reference,newfoundland and labrador,emissions|industrial|biomass,Mt CO2/yr,2035,0.33641399955903173
canoe,reference,newfoundland and labrador,emissions|industrial|biomass,Mt CO2/yr,2040,0.36358399964258376
canoe,reference,newfoundland and labrador,emissions|industrial|biomass,Mt CO2/yr,2045,0.3803799997266275
canoe,reference,newfoundland and labrador,emissions|industrial|biomass,Mt CO2/yr,2050,0.3937179998293105
canoe,reference,newfoundland and labrador,emissions|industrial|natural gas,Mt CO2-equiv/yr,2025,1.133653574245344
canoe,reference,newfoundland and labrador,emissions|industrial|natural gas,Mt CO2-equiv/yr,2030,1.6874438666620355
canoe,reference,newfoundland and labrador,emissions|industrial|natural gas,Mt CO2-equiv/yr,2035,1.508583160673357
canoe,reference,newfoundland and labrador,emissions|industrial|natural gas,Mt CO2-equiv/yr,2040,0.9120331656019202
canoe,reference,newfoundland and labrador,emissions|industrial|natural gas,Mt CO2-equiv/yr,2045,0.46931380698123754
canoe,reference,newfoundland and labrador,emissions|industrial|natural gas,Mt CO2-equiv/yr,2050,0.35824287235649466
canoe,reference,newfoundland and labrador,emissions|industrial|natural gas,Mt CO2/yr,2025,1.1277989281094085
canoe,reference,newfoundland and labrador,emissions|industrial|natural gas,Mt CO2/yr,2030,1.6787292231959863
canoe,reference,newfoundland and labrador,emissions|industrial|natural gas,Mt CO2/yr,2035,1.500792226323547
canoe,reference,newfoundland and labrador,emissions|industrial|natural gas,Mt CO2/yr,2040,0.9073230570024825
canoe,reference,newfoundland and labrador,emissions|industrial|natural gas,Mt CO2/yr,2045,0.4668900804310761
canoe,reference,newfoundland and labrador,emissions|industrial|natural gas,Mt CO2/yr,2050,0.35639276109145107
canoe,reference,newfoundland and labrador,emissions|industrial|natural gas,kt CH4/yr,2025,0.02156514747351143
canoe,reference,newfoundland and labrador,emissions|industrial|natural gas,kt CH4/yr,2030,0.03209973193271447
canoe,reference,newfoundland and labrador,emissions|industrial|natural gas,kt CH4/yr,2035,0.028697319070893016
canoe,reference,newfoundland and labrador,emissions|industrial|natural gas,kt CH4/yr,2040,0.017349329780953285
canoe,reference,newfoundland and labrador,emissions|industrial|natural gas,kt N2O/yr,2025,0.019233780177902626
canoe,reference,newfoundland and labrador,emissions|industrial|natural gas,kt N2O/yr,2030,0.028629490640942095
canoe,reference,newfoundland and labrador,emissions|industrial|natural gas,kt N2O/yr,2035,0.025594906196800257
canoe,reference,newfoundland and labrador,emissions|industrial|natural gas,kt N2O/yr,2040,0.015473726560445362
canoe,reference,newfoundland and labrador,emissions|industrial|oil,Mt CO2-equiv/yr,2025,1.7478012230554973
canoe,reference,newfoundland and labrador,emissions|industrial|oil,Mt CO2-equiv/yr,2030,1.4410141722383862
canoe,reference,newfoundland and labrador,emissions|industrial|oil,Mt CO2-equiv/yr,2035,1.2831958340154075
canoe,reference,newfoundland and labrador,emissions|industrial|oil,Mt CO2-equiv/yr,2040,1.2817208971282081
canoe,reference,newfoundland and labrador,emissions|industrial|oil,Mt CO2-equiv/yr,2045,1.319331809650666
canoe,reference,newfoundland and labrador,emissions|industrial|oil,Mt CO2-equiv/yr,2050,1.4203650448365368
canoe,reference,newfoundland and labrador,emissions|industrial|oil,Mt CO2/yr,2025,1.7421870011517857
canoe,reference,newfoundland and labrador,emissions|industrial|oil,Mt CO2/yr,2030,1.4363854002575562
canoe,reference,newfoundland and labrador,emissions|industrial|oil,Mt CO2/yr,2035,1.2790740002147156
canoe,reference,newfoundland and labrador,emissions|industrial|oil,Mt CO2/yr,2040,1.277603801064777
canoe,reference,newfoundland and labrador,emissions|industrial|oil,Mt CO2/yr,2045,1.3150939012167453
canoe,reference,newfoundland and labrador,emissions|industrial|oil,Mt CO2/yr,2050,1.4158026012126292
canoe,reference,newfoundland and labrador,emissions|industrial|oil,kt CH4/yr,2025,0.015879000010497843
canoe,reference,newfoundland and labrador,emissions|industrial|oil,kt CH4/yr,2030,0.013091800002347472
canoe,reference,newfoundland and labrador,emissions|industrial|oil,kt CH4/yr,2035,0.011658000001957004
canoe,reference,newfoundland and labrador,emissions|industrial|oil,kt CH4/yr,2040,0.01164460000970481
canoe,reference,newfoundland and labrador,emissions|industrial|oil,kt CH4/yr,2045,0.01198630001108991
canoe,reference,newfoundland and labrador,emissions|industrial|oil,kt CH4/yr,2050,0.012904200011052396
canoe,reference,newfoundland and labrador,emissions|industrial|oil,kt N2O/yr,2025,0.01893630001251907
canoe,reference,newfoundland and labrador,emissions|industrial|oil,kt N2O/yr,2030,0.015612460002799448
canoe,reference,newfoundland and labrador,emissions|industrial|oil,kt N2O/yr,2035,0.013902600002333801
canoe,reference,newfoundland and labrador,emissions|industrial|oil,kt N2O/yr,2040,0.013886620011573347
canoe,reference,newfoundland and labrador,emissions|industrial|oil,kt N2O/yr,2045,0.014294110013225133
canoe,reference,newfoundland and labrador,emissions|industrial|oil,kt N2O/yr,2050,0.015388740013180394
canoe,reference,newfoundland and labrador,emissions|residential|natural gas,Mt CO2-equiv/yr,2025,0.025979081144002533
canoe,reference,newfoundland and labrador,emissions|residential|natural gas,Mt CO2-equiv/yr,2030,0.0477334249042088
canoe,reference,newfoundland and labrador,emissions|residential|natural gas,Mt CO2-equiv/yr,2035,0.07148314523038755
canoe,reference,newfoundland and labrador,emissions|residential|natural gas,Mt CO2-equiv/yr,2040,0.07598311526254148
canoe,reference,newfoundland and labrador,emissions|residential|natural gas,Mt CO2-equiv/yr,2045,0.07443689413928309
canoe,reference,newfoundland and labrador,emissions|residential|natural gas,Mt CO2-equiv/yr,2050,0.07383525931266043
canoe,reference,newfoundland and labrador,emissions|residential|natural gas,Mt CO2/yr,2025,0.0258376616732085
canoe,reference,newfoundland and labrador,emissions|residential|natural gas,Mt CO2/yr,2030,0.047473583701522604
canoe,reference,newfoundland and labrador,emissions|residential|natural gas,Mt CO2/yr,2035,0.07109402028354515
canoe,reference,newfoundland and labrador,emissions|residential|natural gas,Mt CO2/yr,2040,0.07556949432305758
canoe,reference,newfoundland and labrador,emissions|residential|natural gas,Mt CO2/yr,2045,0.07403169019390955
canoe,reference,newfoundland and labrador,emissions|residential|natural gas,Mt CO2/yr,2050,0.07343333042071624
canoe,reference,newfoundland and labrador,emissions|residential|oil,Mt CO2-equiv/yr,2025,0.15436562500171727
canoe,reference,newfoundland and labrador,emissions|residential|oil,Mt CO2-equiv/yr,2030,0.11088794742331604
canoe,reference,newfoundland and labrador,emissions|residential|oil,Mt CO2-equiv/yr,2035,0.06738449230938223
canoe,reference,newfoundland and labrador,emissions|residential|oil,Mt CO2-equiv/yr,2040,0.026772527847695193
canoe,reference,newfoundland and labrador,emissions|residential|oil,Mt CO2/yr,2025,0.14807946304378072
canoe,reference,newfoundland and labrador,emissions|residential|oil,Mt CO2/yr,2030,0.10637230738572113
canoe,reference,newfoundland and labrador,emissions|residential|oil,Mt CO2/yr,2035,0.06464042391912116
canoe,reference,newfoundland and labrador,emissions|residential|oil,Mt CO2/yr,2040,0.025682282230692667
canoe,reference,newfoundland and labrador,emissions|residential|oil,kt N2O/yr,2025,0.022266305547703737
canoe,reference,newfoundland and labrador,emissions|residential|oil,kt N2O/yr,2030,0.01599491414528199
canoe,reference,newfoundland and labrador,emissions|residential|wood,Mt CO2-equiv/yr,2025,0.7706570489073759
canoe,reference,newfoundland and labrador,emissions|residential|wood,Mt CO2-equiv/yr,2030,1.0459132294923048
canoe,reference,newfoundland and labrador,emissions|residential|wood,Mt CO2-equiv/yr,2035,1.3743129975761181
canoe,reference,newfoundland and labrador,emissions|residential|wood,Mt CO2-equiv/yr,2040,1.668807784330407
canoe,reference,newfoundland and labrador,emissions|residential|wood,Mt CO2-equiv/yr,2045,1.8604011312910866
canoe,reference,newfoundland and labrador,emissions|residential|wood,Mt CO2-equiv/yr,2050,1.8430248467409287
canoe,reference,newfoundland and labrador,emissions|residential|wood,Mt CO2/yr,2025,0.6355451990030113
canoe,reference,newfoundland and labrador,emissions|residential|wood,Mt CO2/yr,2030,0.8625433745399524
canoe,reference,newfoundland and labrador,emissions|residential|wood,Mt CO2/yr,2035,1.1333679861558188
canoe,reference,newfoundland and labrador,emissions|residential|wood,Mt CO2/yr,2040,1.3762318490355043
canoe,reference,newfoundland and labrador,emissions|residential|wood,Mt CO2/yr,2045,1.5342349867404228
canoe,reference,newfoundland and labrador,emissions|residential|wood,Mt CO2/yr,2050,1.5199051181717511
canoe,reference,newfoundland and labrador,emissions|residential|wood,kt CH4/yr,2025,2.0481768231662514
canoe,reference,newfoundland and labrador,emissions|residential|wood,kt CH4/yr,2030,2.7797257401671716
canoe,reference,newfoundland and labrador,emissions|residential|wood,kt CH4/yr,2035,3.6525144789142816
canoe,reference,newfoundland and labrador,emissions|residential|wood,kt CH4/yr,2040,4.435193879081447
canoe,reference,newfoundland and labrador,emissions|residential|wood,kt CH4/yr,2045,4.94439191116858
canoe,reference,newfoundland and labrador,emissions|residential|wood,kt CH4/yr,2050,4.898210923998174
canoe,reference,newfoundland and labrador,emissions|residential|wood,kt N2O/yr,2025,0.28484578335424693
canoe,reference,newfoundland and labrador,emissions|residential|wood,kt N2O/yr,2030,0.3865843744603351
canoe,reference,newfoundland and labrador,emissions|residential|wood,kt N2O/yr,2035,0.5079655897827808
canoe,reference,newfoundland and labrador,emissions|residential|wood,kt N2O/yr,2040,0.6168150427861614
canoe,reference,newfoundland and labrador,emissions|residential|wood,kt N2O/yr,2045,0.6876306631426503
canoe,reference,newfoundland and labrador,emissions|residential|wood,kt N2O/yr,2050,0.6812081417480904
canoe,reference,newfoundland and labrador,emissions|transportation|diesel,Mt CO2-equiv/yr,2025,3.033879912420752
canoe,reference,newfoundland and labrador,emissions|transportation|diesel,Mt CO2-equiv/yr,2030,2.6003601770435223
canoe,reference,newfoundland and labrador,emissions|transportation|diesel,Mt CO2-equiv/yr,2035,1.904404705376355
canoe,reference,newfoundland and labrador,emissions|transportation|diesel,Mt CO2-equiv/yr,2040,0.7548297796372002
canoe,reference,newfoundland and labrador,emissions|transportation|diesel,Mt CO2-equiv/yr,2045,0.4536535080286408
canoe,reference,newfoundland and labrador,emissions|transportation|diesel,Mt CO2-equiv/yr,2050,0.3336407508000693
canoe,reference,newfoundland and labrador,emissions|transportation|diesel,Mt CO2/yr,2025,2.915151872144353
canoe,reference,newfoundland and labrador,emissions|transportation|diesel,Mt CO2/yr,2030,2.4985688821317997
canoe,reference,newfoundland and labrador,emissions|transportation|diesel,Mt CO2/yr,2035,1.8298566485069312
canoe,reference,newfoundland and labrador,emissions|transportation|diesel,Mt CO2/yr,2040,0.7252819284380148
canoe,reference,newfoundland and labrador,emissions|transportation|diesel,Mt CO2/yr,2045,0.4358952149071642
canoe,reference,newfoundland and labrador,emissions|transportation|diesel,Mt CO2/yr,2050,0.3205803605995296
canoe,reference,newfoundland and labrador,emissions|transportation|diesel,kt CH4/yr,2025,0.13993840587129872
canoe,reference,newfoundland and labrador,emissions|transportation|diesel,kt CH4/yr,2030,0.11997824848370241
canoe,reference,newfoundland and labrador,emissions|transportation|diesel,kt CH4/yr,2035,0.08786749272037973
canoe,reference,newfoundland and labrador,emissions|transportation|diesel,kt CH4/yr,2040,0.034827138712195546
canoe,reference,newfoundland and labrador,emissions|transportation|diesel,kt CH4/yr,2045,0.02093114510245182
canoe,reference,newfoundland and labrador,emissions|transportation|diesel,kt CH4/yr,2050,0.015393876187041864
canoe,reference,newfoundland and labrador,emissions|transportation|diesel,kt N2O/yr,2025,0.4205484530556211
canoe,reference,newfoundland and labrador,emissions|transportation|diesel,kt N2O/yr,2030,0.3605564237970152
canoe,reference,newfoundland and labrador,emissions|transportation|diesel,kt N2O/yr,2035,0.26405775476983673
canoe,reference,newfoundland and labrador,emissions|transportation|diesel,kt N2O/yr,2040,0.10466187286227889
canoe,reference,newfoundland and labrador,emissions|transportation|diesel,kt N2O/yr,2045,0.06290190796137046
canoe,reference,newfoundland and labrador,emissions|transportation|diesel,kt N2O/yr,2050,0.046261389577638756
canoe,reference,newfoundland and labrador,emissions|transportation|ethanol,Mt CO2-equiv/yr,2025,0.2694938809340402
canoe,reference,newfoundland and labrador,emissions|transportation|ethanol,Mt CO2-equiv/yr,2030,0.2911830364700415
canoe,reference,newfoundland and labrador,emissions|transportation|ethanol,Mt CO2-equiv/yr,2035,0.15906125406129465
canoe,reference,newfoundland and labrador,emissions|transportation|ethanol,Mt CO2-equiv/yr,2040,0.0296667885875968
canoe,reference,newfoundland and labrador,emissions|transportation|ethanol,Mt CO2-equiv/yr,2045,0.02862504677973733
canoe,reference,newfoundland and labrador,emissions|transportation|ethanol,Mt CO2-equiv/yr,2050,0.03166049605564154
canoe,reference,newfoundland and labrador,emissions|transportation|ethanol,Mt CO2/yr,2025,0.2694938809340402
canoe,reference,newfoundland and labrador,emissions|transportation|ethanol,Mt CO2/yr,2030,0.2911830364700415
canoe,reference,newfoundland and labrador,emissions|transportation|ethanol,Mt CO2/yr,2035,0.15906125406129465
canoe,reference,newfoundland and labrador,emissions|transportation|ethanol,Mt CO2/yr,2040,0.0296667885875968
canoe,reference,newfoundland and labrador,emissions|transportation|ethanol,Mt CO2/yr,2045,0.02862504677973733
canoe,reference,newfoundland and labrador,emissions|transportation|ethanol,Mt CO2/yr,2050,0.03166049605564154
canoe,reference,newfoundland and labrador,emissions|transportation|gasoline,Mt CO2-equiv/yr,2025,2.2829228282476604
canoe,reference,newfoundland and labrador,emissions|transportation|gasoline,Mt CO2-equiv/yr,2030,1.7275822687853017
canoe,reference,newfoundland and labrador,emissions|transportation|gasoline,Mt CO2-equiv/yr,2035,0.9437067677372023
canoe,reference,newfoundland and labrador,emissions|transportation|gasoline,Mt CO2-equiv/yr,2040,0.17601237543591403
canoe,reference,newfoundland and labrador,emissions|transportation|gasoline,Mt CO2-equiv/yr,2045,0.16983174521195685
canoe,reference,newfoundland and labrador,emissions|transportation|gasoline,Mt CO2-equiv/yr,2050,0.18784099606125493
canoe,reference,newfoundland and labrador,emissions|transportation|gasoline,Mt CO2/yr,2025,2.197249031187386
canoe,reference,newfoundland and labrador,emissions|transportation|gasoline,Mt CO2/yr,2030,1.6627493577164463
canoe,reference,newfoundland and labrador,emissions|transportation|gasoline,Mt CO2/yr,2035,0.9082912288923852
canoe,reference,newfoundland and labrador,emissions|transportation|gasoline,Mt CO2/yr,2040,0.16940696225829546
canoe,reference,newfoundland and labrador,emissions|transportation|gasoline,Mt CO2/yr,2045,0.16345827945409327
canoe,reference,newfoundland and labrador,emissions|transportation|gasoline,Mt CO2/yr,2050,0.18079167701418727
canoe,reference,newfoundland and labrador,emissions|transportation|gasoline,kt CH4/yr,2025,2.591678750241513
canoe,reference,newfoundland and labrador,emissions|transportation|gasoline,kt CH4/yr,2030,1.9612306644380222
canoe,reference,newfoundland and labrador,emissions|transportation|gasoline,kt CH4/yr,2035,1.0713392262501313
canoe,reference,newfoundland and labrador,emissions|transportation|gasoline,kt CH4/yr,2040,0.19981732520802617
canoe,reference,newfoundland and labrador,emissions|transportation|gasoline,kt CH4/yr,2045,0.19280079016955284
canoe,reference,newfoundland and labrador,emissions|transportation|gasoline,kt CH4/yr,2050,0.21324571811734566
canoe,reference,newfoundland and labrador,emissions|transportation|gasoline,kt N2O/yr,2025,0.04801022730224425
canoe,reference,newfoundland and labrador,emissions|transportation|gasoline,kt N2O/yr,2030,0.0363313277091254
canoe,reference,newfoundland and labrador,emissions|transportation|gasoline,kt N2O/yr,2035,0.019846302233749516
canoe,reference,newfoundland and labrador,emissions|transportation|jet fuel,Mt CO2-equiv/yr,2025,1.3626659758873187
canoe,reference,newfoundland and labrador,emissions|transportation|jet fuel,Mt CO2-equiv/yr,2030,1.291149845648186
canoe,reference,newfoundland and labrador,emissions|transportation|jet fuel,Mt CO2-equiv/yr,2035,1.2427357454779626
canoe,reference,newfoundland and labrador,emissions|transportation|jet fuel,Mt CO2-equiv/yr,2040,1.1994884452170054
canoe,reference,newfoundland and labrador,emissions|transportation|jet fuel,Mt CO2-equiv/yr,2045,1.1815343372214862
canoe,reference,newfoundland and labrador,emissions|transportation|jet fuel,Mt CO2-equiv/yr,2050,1.1884646380383932
canoe,reference,newfoundland and labrador,emissions|transportation|jet fuel,Mt CO2/yr,2025,1.3285675398989358
canoe,reference,newfoundland and labrador,emissions|transportation|jet fuel,Mt CO2/yr,2030,1.2588409811558612
canoe,reference,newfoundland and labrador,emissions|transportation|jet fuel,Mt CO2/yr,2035,1.211638362834309
canoe,reference,newfoundland and labrador,emissions|transportation|jet fuel,Mt CO2/yr,2040,1.1694732538995556
canoe,reference,newfoundland and labrador,emissions|transportation|jet fuel,Mt CO2/yr,2045,1.1519684174152114
canoe,reference,newfoundland and labrador,emissions|transportation|jet fuel,Mt CO2/yr,2050,1.1587252990501862
canoe,reference,newfoundland and labrador,emissions|transportation|jet fuel,kt CH4/yr,2025,0.041945475540130235
canoe,reference,newfoundland and labrador,emissions|transportation|jet fuel,kt CH4/yr,2030,0.039744071715016774
canoe,reference,newfoundland and labrador,emissions|transportation|jet fuel,kt CH4/yr,2035,0.03825379273952157
canoe,reference,newfoundland and labrador,emissions|transportation|jet fuel,kt CH4/yr,2040,0.036922557787323236
canoe,reference,newfoundland and labrador,emissions|transportation|jet fuel,kt CH4/yr,2045,0.036369895864961435
canoe,reference,newfoundland and labrador,emissions|transportation|jet fuel,kt CH4/yr,2050,0.036583223832743136
canoe,reference,newfoundland and labrador,emissions|transportation|jet fuel,kt N2O/yr,2025,0.12060059587274473
canoe,reference,newfoundland and labrador,emissions|transportation|jet fuel,kt N2O/yr,2030,0.11427117393518149
canoe,reference,newfoundland and labrador,emissions|transportation|jet fuel,kt N2O/yr,2035,0.10998636061152767
canoe,reference,newfoundland and labrador,emissions|transportation|jet fuel,kt N2O/yr,2040,0.10615882673774565
canoe,reference,newfoundland and labrador,emissions|transportation|jet fuel,kt N2O/yr,2045,0.10456982682071661
canoe,reference,newfoundland and labrador,emissions|transportation|jet fuel,kt N2O/yr,2050,0.10518318212780288
canoe,reference,newfoundland and labrador,emissions|transportation|natural gas,Mt CO2-equiv/yr,2025,0.7023452948786595
canoe,reference,newfoundland and labrador,emissions|transportation|natural gas,Mt CO2-equiv/yr,2030,0.7020122212090292
canoe,reference,newfoundland and labrador,emissions|transportation|natural gas,Mt CO2-equiv/yr,2035,0.7015451163245264
canoe,reference,newfoundland and labrador,emissions|transportation|natural gas,Mt CO2-equiv/yr,2040,0.8474720055151521
canoe,reference,newfoundland and labrador,emissions|transportation|natural gas,Mt CO2-equiv/yr,2045,0.8475988067191096
canoe,reference,newfoundland and labrador,emissions|transportation|natural gas,Mt CO2-equiv/yr,2050,0.8461112115253874
canoe,reference,newfoundland and labrador,emissions|transportation|natural gas,Mt CO2/yr,2025,0.6987180993577606
canoe,reference,newfoundland and labrador,emissions|transportation|natural gas,Mt CO2/yr,2030,0.6983867458154401
canoe,reference,newfoundland and labrador,emissions|transportation|natural gas,Mt CO2/yr,2035,0.6979220532497172
canoe,reference,newfoundland and labrador,emissions|transportation|natural gas,Mt CO2/yr,2040,0.8430953168907587
canoe,reference,newfoundland and labrador,emissions|transportation|natural gas,Mt CO2/yr,2045,0.8432214632419502
canoe,reference,newfoundland and labrador,emissions|transportation|natural gas,Mt CO2/yr,2050,0.8417415505922172
canoe,reference,newfoundland and labrador,emissions|transportation|natural gas,kt CH4/yr,2025,0.013360501131456978
canoe,reference,newfoundland and labrador,emissions|transportation|natural gas,kt CH4/yr,2030,0.0133541651722466
canoe,reference,newfoundland and labrador,emissions|transportation|natural gas,kt CH4/yr,2035,0.01334527957796211
canoe,reference,newfoundland and labrador,emissions|transportation|natural gas,kt CH4/yr,2040,0.016121202450027745
canoe,reference,newfoundland and labrador,emissions|transportation|natural gas,kt CH4/yr,2045,0.016123614550801108
canoe,reference,newfoundland and labrador,emissions|transportation|natural gas,kt CH4/yr,2050,0.016095316479448174
canoe,reference,newfoundland and labrador,emissions|transportation|natural gas,kt N2O/yr,2025,0.011916122630030883
canoe,reference,newfoundland and labrador,emissions|transportation|natural gas,kt N2O/yr,2030,0.011910471639384133
canoe,reference,newfoundland and labrador,emissions|transportation|natural gas,kt N2O/yr,2035,0.01190254664988764
canoe,reference,newfoundland and labrador,emissions|transportation|natural gas,kt N2O/yr,2040,0.014378369751848967
canoe,reference,newfoundland and labrador,emissions|transportation|natural gas,kt N2O/yr,2045,0.014380521084971024
canoe,reference,newfoundland and labrador,emissions|transportation|natural gas,kt N2O/yr,2050,0.014355282264576703
canoe,reference,newfoundland and labrador,emissions|transportation|oil,Mt CO2-equiv/yr,2025,1.2292932080512218
canoe,reference,newfoundland and labrador,emissions|transportation|oil,Mt CO2-equiv/yr,2030,1.2292993433856059
canoe,reference,newfoundland and labrador,emissions|transportation|oil,Mt CO2-equiv/yr,2035,1.2230240889840032
canoe,reference,newfoundland and labrador,emissions|transportation|oil,Mt CO2-equiv/yr,2040,1.1941112625995942
canoe,reference,newfoundland and labrador,emissions|transportation|oil,Mt CO2-equiv/yr,2045,1.1045094476996913
canoe,reference,newfoundland and labrador,emissions|transportation|oil,Mt CO2-equiv/yr,2050,1.0660417003919773
canoe,reference,newfoundland and labrador,emissions|transportation|oil,Mt CO2/yr,2025,1.2253445182553309
canoe,reference,newfoundland and labrador,emissions|transportation|oil,Mt CO2/yr,2030,1.2253506338820226
canoe,reference,newfoundland and labrador,emissions|transportation|oil,Mt CO2/yr,2035,1.2190955366185703
canoe,reference,newfoundland and labrador,emissions|transportation|oil,Mt CO2/yr,2040,1.1902755829367575
canoe,reference,newfoundland and labrador,emissions|transportation|oil,Mt CO2/yr,2045,1.1009615836449382
canoe,reference,newfoundland and labrador,emissions|transportation|oil,Mt CO2/yr,2050,1.0626174010004552
canoe,reference,newfoundland and labrador,emissions|transportation|oil,kt CH4/yr,2025,0.011168287678289644
canoe,reference,newfoundland and labrador,emissions|transportation|oil,kt CH4/yr,2030,0.011168343418595498
canoe,reference,newfoundland and labrador,emissions|transportation|oil,kt CH4/yr,2035,0.011111331921295636
canoe,reference,newfoundland and labrador,emissions|transportation|oil,kt CH4/yr,2040,0.010848655156681097
canoe,reference,newfoundland and labrador,emissions|transportation|oil,kt CH4/yr,2045,0.010034611087499777
canoe,reference,newfoundland and labrador,emissions|transportation|oil,kt N2O/yr,2025,0.013318599783512575
canoe,reference,newfoundland and labrador,emissions|transportation|oil,kt N2O/yr,2030,0.01331866625590717
canoe,reference,newfoundland and labrador,emissions|transportation|oil,kt N2O/yr,2035,0.013250677918082406
canoe,reference,newfoundland and labrador,emissions|transportation|oil,kt N2O/yr,2040,0.012937426074907757
canoe,reference,newfoundland and labrador,emissions|transportation|oil,kt N2O/yr,2045,0.01196664814763033
canoe,reference,newfoundland and labrador,emissions|transportation|oil,kt N2O/yr,2050,0.011549874893203154
canoe,reference,newfoundland and labrador,emissions|upstream|diesel,Mt CO2/yr,2025,0.7472244202365997
canoe,reference,newfoundland and labrador,emissions|upstream|diesel,Mt CO2/yr,2030,0.6429197177506406
canoe,reference,newfoundland and labrador,emissions|upstream|diesel,Mt CO2/yr,2035,0.4733674140027233
canoe,reference,newfoundland and labrador,emissions|upstream|diesel,Mt CO2/yr,2040,0.19353156679814082
canoe,reference,newfoundland and labrador,emissions|upstream|diesel,Mt CO2/yr,2045,0.12033063979558688
canoe,reference,newfoundland and labrador,emissions|upstream|diesel,Mt CO2/yr,2050,0.09132899456310266
canoe,reference,newfoundland and labrador,emissions|upstream|gasoline,Mt CO2/yr,2025,0.5054187177171374
canoe,reference,newfoundland and labrador,emissions|upstream|gasoline,Mt CO2/yr,2030,0.38298116993225306
canoe,reference,newfoundland and labrador,emissions|upstream|gasoline,Mt CO2/yr,2035,0.20989174395388271
canoe,reference,newfoundland and labrador,emissions|upstream|gasoline,Mt CO2/yr,2040,0.040377311510669193
canoe,reference,newfoundland and labrador,emissions|upstream|gasoline,Mt CO2/yr,2045,0.03902014263588849
canoe,reference,newfoundland and labrador,emissions|upstream|gasoline,Mt CO2/yr,2050,0.04302444834338522
canoe,reference,newfoundland and labrador,emissions|upstream|jet fuel,Mt CO2/yr,2025,0.29414781687591607
canoe,reference,newfoundland and labrador,emissions|upstream|jet fuel,Mt CO2/yr,2030,0.27871022956454217
canoe,reference,newfoundland and labrador,emissions|upstream|jet fuel,Mt CO2/yr,2035,0.2682594937169944
canoe,reference,newfoundland and labrador,emissions|upstream|jet fuel,Mt CO2/yr,2040,0.25892407474376217
canoe,reference,newfoundland and labrador,emissions|upstream|jet fuel,Mt CO2/yr,2045,0.25504849622800607
canoe,reference,newfoundland and labrador,emissions|upstream|jet fuel,Mt CO2/yr,2050,0.25654445720659186
canoe,reference,newfoundland and labrador,emissions|upstream|natural gas,Mt CO2/yr,2025,0.07942194937738052
canoe,reference,newfoundland and labrador,emissions|upstream|natural gas,Mt CO2/yr,2030,0.11857933445364018
canoe,reference,newfoundland and labrador,emissions|upstream|natural gas,Mt CO2/yr,2035,0.10798124480797427
canoe,reference,newfoundland and labrador,emissions|upstream|natural gas,Mt CO2/yr,2040,0.06769758373852663
canoe,reference,newfoundland and labrador,emissions|upstream|natural gas,Mt CO2/yr,2045,0.03746991176419246
canoe,reference,newfoundland and labrador,emissions|upstream|natural gas,Mt CO2/yr,2050,0.029790484153422177
canoe,reference,newfoundland and labrador,emissions|upstream|oil,Mt CO2/yr,2025,0.6093579006768061
canoe,reference,newfoundland and labrador,emissions|upstream|oil,Mt CO2/yr,2030,0.4719808586884126
canoe,reference,newfoundland and labrador,emissions|upstream|oil,Mt CO2/yr,2035,0.4353743797350539
canoe,reference,newfoundland and labrador,emissions|upstream|oil,Mt CO2/yr,2040,0.42184902028595
canoe,reference,newfoundland and labrador,emissions|upstream|oil,Mt CO2/yr,2045,0.4075599124494119
canoe,reference,newfoundland and labrador,emissions|upstream|oil,Mt CO2/yr,2050,0.4180806835400639
canoe,reference,nova scotia,emissions|agriculture|diesel,Mt CO2-equiv/yr,2025,0.12604901074435554
canoe,reference,nova scotia,emissions|agriculture|diesel,Mt CO2-equiv/yr,2030,0.13927735200658517
canoe,reference,nova scotia,emissions|agriculture|diesel,Mt CO2-equiv/yr,2035,0.13501141812850967
canoe,reference,nova scotia,emissions|agriculture|diesel,Mt CO2-equiv/yr,2040,0.13098021805549828
canoe,reference,nova scotia,emissions|agriculture|diesel,Mt CO2-equiv/yr,2045,0.1313996801063486
canoe,reference,nova scotia,emissions|agriculture|diesel,Mt CO2-equiv/yr,2050,0.13375713492878077
canoe,reference,nova scotia,emissions|agriculture|diesel,Mt CO2/yr,2025,0.12091597354019894
canoe,reference,nova scotia,emissions|agriculture|diesel,Mt CO2/yr,2030,0.13360562300748843
canoe,reference,nova scotia,emissions|agriculture|diesel,Mt CO2/yr,2035,0.12951340883714665
canoe,reference,nova scotia,emissions|agriculture|diesel,Mt CO2/yr,2040,0.12564636951264074
canoe,reference,nova scotia,emissions|agriculture|diesel,Mt CO2/yr,2045,0.12604874999894697
canoe,reference,nova scotia,emissions|agriculture|diesel,Mt CO2/yr,2050,0.12831020324834655
canoe,reference,nova scotia,emissions|agriculture|diesel,kt N2O/yr,2025,0.018181805613706994
canoe,reference,nova scotia,emissions|agriculture|diesel,kt N2O/yr,2030,0.02008991364249142
canoe,reference,nova scotia,emissions|agriculture|diesel,kt N2O/yr,2035,0.019474578543278276
canoe,reference,nova scotia,emissions|agriculture|diesel,kt N2O/yr,2040,0.018893102372345802
canoe,reference,nova scotia,emissions|agriculture|diesel,kt N2O/yr,2045,0.018953607230145556
canoe,reference,nova scotia,emissions|agriculture|diesel,kt N2O/yr,2050,0.01929365579594898
canoe,reference,nova scotia,emissions|commercial|natural gas,Mt CO2-equiv/yr,2025,0.528538697059909
canoe,reference,nova scotia,emissions|commercial|natural gas,Mt CO2-equiv/yr,2030,0.43080863385291684
canoe,reference,nova scotia,emissions|commercial|natural gas,Mt CO2-equiv/yr,2035,0.265172485326865
canoe,reference,nova scotia,emissions|commercial|natural gas,Mt CO2-equiv/yr,2040,0.11713060591865024
canoe,reference,nova scotia,emissions|commercial|natural gas,Mt CO2-equiv/yr,2045,0.10803096766127973
canoe,reference,nova scotia,emissions|commercial|natural gas,Mt CO2-equiv/yr,2050,0.0981012839077897
canoe,reference,nova scotia,emissions|commercial|natural gas,Mt CO2/yr,2025,0.5256615490030525
canoe,reference,nova scotia,emissions|commercial|natural gas,Mt CO2/yr,2030,0.4284634882076466
canoe,reference,nova scotia,emissions|commercial|natural gas,Mt CO2/yr,2035,0.2637289949918452
canoe,reference,nova scotia,emissions|commercial|natural gas,Mt CO2/yr,2040,0.11649299490342678
canoe,reference,nova scotia,emissions|commercial|natural gas,Mt CO2/yr,2045,0.10744289134744318
canoe,reference,nova scotia,emissions|commercial|natural gas,Mt CO2/yr,2050,0.09756726072284509
canoe,reference,nova scotia,emissions|commercial|natural gas,kt CH4/yr,2025,0.010051409469246785
canoe,reference,nova scotia,emissions|commercial|oil,Mt CO2-equiv/yr,2025,0.08221210844370457
canoe,reference,nova scotia,emissions|commercial|oil,Mt CO2/yr,2025,0.07886422170677838
canoe,reference,nova scotia,emissions|commercial|oil,kt N2O/yr,2025,0.011858598222940605
canoe,reference,nova scotia,emissions|electricity|coal,Mt CO2-equiv/yr,2025,0.03366549225482599
canoe,reference,nova scotia,emissions|electricity|coal,Mt CO2-equiv/yr,2030,0.08295193172447597
canoe,reference,nova scotia,emissions|electricity|coal,Mt CO2-equiv/yr,2035,0.09641019524582521
canoe,reference,nova scotia,emissions|electricity|coal,Mt CO2-equiv/yr,2040,0.11000338815335649
canoe,reference,nova scotia,emissions|electricity|coal,Mt CO2-equiv/yr,2045,0.08097526547853426
canoe,reference,nova scotia,emissions|electricity|coal,Mt CO2-equiv/yr,2050,0.1060595635454589
canoe,reference,nova scotia,emissions|electricity|coal,Mt CO2/yr,2025,0.0335801521355705
canoe,reference,nova scotia,emissions|electricity|coal,Mt CO2/yr,2030,0.08274165326805967
canoe,reference,nova scotia,emissions|electricity|coal,Mt CO2/yr,2035,0.0961658008523779
canoe,reference,nova scotia,emissions|electricity|coal,Mt CO2/yr,2040,0.10972453578451374
canoe,reference,nova scotia,emissions|electricity|coal,Mt CO2/yr,2045,0.08076999775928109
canoe,reference,nova scotia,emissions|electricity|coal,Mt CO2/yr,2050,0.10579070854899418
canoe,reference,nova scotia,emissions|electricity|natural gas,Mt CO2-equiv/yr,2025,0.698693742094898
canoe,reference,nova scotia,emissions|electricity|natural gas,Mt CO2-equiv/yr,2030,0.7392003346909702
canoe,reference,nova scotia,emissions|electricity|natural gas,Mt CO2-equiv/yr,2035,0.7777316747577371
canoe,reference,nova scotia,emissions|electricity|natural gas,Mt CO2-equiv/yr,2040,0.9542817741218433
canoe,reference,nova scotia,emissions|electricity|natural gas,Mt CO2-equiv/yr,2045,1.0505723101111613
canoe,reference,nova scotia,emissions|electricity|natural gas,Mt CO2-equiv/yr,2050,0.8832901530654439
canoe,reference,nova scotia,emissions|electricity|natural gas,Mt CO2/yr,2025,0.689044624628549
canoe,reference,nova scotia,emissions|electricity|natural gas,Mt CO2/yr,2030,0.7289918120853264
canoe,reference,nova scotia,emissions|electricity|natural gas,Mt CO2/yr,2035,0.7669910256937607
canoe,reference,nova scotia,emissions|electricity|natural gas,Mt CO2/yr,2040,0.941102928542249
canoe,reference,nova scotia,emissions|electricity|natural gas,Mt CO2/yr,2045,1.036063670608019
canoe,reference,nova scotia,emissions|electricity|natural gas,Mt CO2/yr,2050,0.8710917177134347
canoe,reference,nova scotia,emissions|electricity|natural gas,kt CH4/yr,2025,0.1744867524672647
canoe,reference,nova scotia,emissions|electricity|natural gas,kt CH4/yr,2030,0.18460257771340413
canoe,reference,nova scotia,emissions|electricity|natural gas,kt CH4/yr,2035,0.1942251175923269
canoe,reference,nova scotia,emissions|electricity|natural gas,kt CH4/yr,2040,0.23831547024591015
canoe,reference,nova scotia,emissions|electricity|natural gas,kt CH4/yr,2045,0.2623623765023374
canoe,reference,nova scotia,emissions|electricity|natural gas,kt CH4/yr,2050,0.22058653313910634
canoe,reference,nova scotia,emissions|electricity|natural gas,kt N2O/yr,2025,0.01744867524672647
canoe,reference,nova scotia,emissions|electricity|natural gas,kt N2O/yr,2030,0.018460257771340416
canoe,reference,nova scotia,emissions|electricity|natural gas,kt N2O/yr,2035,0.01942251175923269
canoe,reference,nova scotia,emissions|electricity|natural gas,kt N2O/yr,2040,0.023831547024591018
canoe,reference,nova scotia,emissions|electricity|natural gas,kt N2O/yr,2045,0.02623623765023374
canoe,reference,nova scotia,emissions|electricity|natural gas,kt N2O/yr,2050,0.022058653313910635
canoe,reference,nova scotia,emissions|industrial|biomass,Mt CO2-equiv/yr,2025,0.31319600022602
canoe,reference,nova scotia,emissions|industrial|biomass,Mt CO2-equiv/yr,2030,0.3522219998384759
canoe,reference,nova scotia,emissions|industrial|biomass,Mt CO2-equiv/yr,2035,0.3749459998386503
canoe,reference,nova scotia,emissions|industrial|biomass,Mt CO2-equiv/yr,2040,0.39371799976077804
canoe,reference,nova scotia,emissions|industrial|biomass,Mt CO2-equiv/yr,2045,0.4070559998371845
canoe,reference,nova scotia,emissions|industrial|biomass,Mt CO2-equiv/yr,2050,0.4179240002300391
canoe,reference,nova scotia,emissions|industrial|biomass,Mt CO2/yr,2025,0.31319600022602
canoe,reference,nova scotia,emissions|industrial|biomass,Mt CO2/yr,2030,0.3522219998384759
canoe,reference,nova scotia,emissions|industrial|biomass,Mt CO2/yr,2035,0.3749459998386503
canoe,reference,nova scotia,emissions|industrial|biomass,Mt CO2/yr,2040,0.39371799976077804
canoe,reference,nova scotia,emissions|industrial|biomass,Mt CO2/yr,2045,0.4070559998371845
canoe,reference,nova scotia,emissions|industrial|biomass,Mt CO2/yr,2050,0.4179240002300391
canoe,reference,nova scotia,emissions|industrial|natural gas,Mt CO2-equiv/yr,2025,0.14705165954011007
canoe,reference,nova scotia,emissions|industrial|natural gas,Mt CO2-equiv/yr,2030,0.1303649459963662
canoe,reference,nova scotia,emissions|industrial|natural gas,Mt CO2-equiv/yr,2035,0.11837137092942757
canoe,reference,nova scotia,emissions|industrial|natural gas,Mt CO2-equiv/yr,2040,0.11315677306089163
canoe,reference,nova scotia,emissions|industrial|natural gas,Mt CO2-equiv/yr,2045,0.1089850947800207
canoe,reference,nova scotia,emissions|industrial|natural gas,Mt CO2-equiv/yr,2050,0.10794217563182208
canoe,reference,nova scotia,emissions|industrial|natural gas,Mt CO2/yr,2025,0.14629222522095975
canoe,reference,nova scotia,emissions|industrial|natural gas,Mt CO2/yr,2030,0.1296916886233216
canoe,reference,nova scotia,emissions|industrial|natural gas,Mt CO2/yr,2035,0.11776005323488524
canoe,reference,nova scotia,emissions|industrial|natural gas,Mt CO2/yr,2040,0.11257238566141921
canoe,reference,nova scotia,emissions|industrial|natural gas,Mt CO2/yr,2045,0.10842225161653213
canoe,reference,nova scotia,emissions|industrial|natural gas,Mt CO2/yr,2050,0.10738471852515
canoe,reference,nova scotia,emissions|industrial|oil,Mt CO2-equiv/yr,2025,1.1209526837742412
canoe,reference,nova scotia,emissions|industrial|oil,Mt CO2-equiv/yr,2030,1.173312974113708
canoe,reference,nova scotia,emissions|industrial|oil,Mt CO2-equiv/yr,2035,1.2116613553463207
canoe,reference,nova scotia,emissions|industrial|oil,Mt CO2-equiv/yr,2040,1.2359978282154909
canoe,reference,nova scotia,emissions|industrial|oil,Mt CO2-equiv/yr,2045,1.2691839272404917
canoe,reference,nova scotia,emissions|industrial|oil,Mt CO2-equiv/yr,2050,1.2979452127245883
canoe,reference,nova scotia,emissions|industrial|oil,Mt CO2/yr,2025,1.117352001369827
canoe,reference,nova scotia,emissions|industrial|oil,Mt CO2/yr,2030,1.1695441019374646
canoe,reference,nova scotia,emissions|industrial|oil,Mt CO2/yr,2035,1.2077693019301012
canoe,reference,nova scotia,emissions|industrial|oil,Mt CO2/yr,2040,1.2320276020887597
canoe,reference,nova scotia,emissions|industrial|oil,Mt CO2/yr,2045,1.2651071019641622
canoe,reference,nova scotia,emissions|industrial|oil,Mt CO2/yr,2050,1.293776001519691
canoe,reference,nova scotia,emissions|industrial|oil,kt CH4/yr,2025,0.01018400001248516
canoe,reference,nova scotia,emissions|industrial|oil,kt CH4/yr,2030,0.01065970001765884
canoe,reference,nova scotia,emissions|industrial|oil,kt CH4/yr,2035,0.011008100017591727
canoe,reference,nova scotia,emissions|industrial|oil,kt CH4/yr,2040,0.011229200019037804
canoe,reference,nova scotia,emissions|industrial|oil,kt CH4/yr,2045,0.011530700017902172
canoe,reference,nova scotia,emissions|industrial|oil,kt CH4/yr,2050,0.011792000013851082
canoe,reference,nova scotia,emissions|industrial|oil,kt N2O/yr,2025,0.01214480001488902
canoe,reference,nova scotia,emissions|industrial|oil,kt N2O/yr,2030,0.012712090021058825
canoe,reference,nova scotia,emissions|industrial|oil,kt N2O/yr,2035,0.01312757002097879
canoe,reference,nova scotia,emissions|industrial|oil,kt N2O/yr,2040,0.013391240022703293
canoe,reference,nova scotia,emissions|industrial|oil,kt N2O/yr,2045,0.013750790021349008
canoe,reference,nova scotia,emissions|industrial|oil,kt N2O/yr,2050,0.014062400016517932
canoe,reference,nova scotia,emissions|residential|natural gas,Mt CO2-equiv/yr,2025,0.06474388313861507
canoe,reference,nova scotia,emissions|residential|natural gas,Mt CO2-equiv/yr,2030,0.10855788968573499
canoe,reference,nova scotia,emissions|residential|natural gas,Mt CO2-equiv/yr,2035,0.15432186858881528
canoe,reference,nova scotia,emissions|residential|natural gas,Mt CO2-equiv/yr,2040,0.16488502361762078
canoe,reference,nova scotia,emissions|residential|natural gas,Mt CO2-equiv/yr,2045,0.16808450105103412
canoe,reference,nova scotia,emissions|residential|natural gas,Mt CO2-equiv/yr,2050,0.17254239108317843
canoe,reference,nova scotia,emissions|residential|natural gas,Mt CO2/yr,2025,0.06439144397266221
canoe,reference,nova scotia,emissions|residential|natural gas,Mt CO2/yr,2030,0.1079669450243447
canoe,reference,nova scotia,emissions|residential|natural gas,Mt CO2/yr,2035,0.15348180358163485
canoe,reference,nova scotia,emissions|residential|natural gas,Mt CO2/yr,2040,0.16398745712353988
canoe,reference,nova scotia,emissions|residential|natural gas,Mt CO2/yr,2045,0.16716951791304102
canoe,reference,nova scotia,emissions|residential|natural gas,Mt CO2/yr,2050,0.17160314101881832
canoe,reference,nova scotia,emissions|residential|oil,Mt CO2-equiv/yr,2025,0.8714960636309489
canoe,reference,nova scotia,emissions|residential|oil,Mt CO2-equiv/yr,2030,0.5160237589047444
canoe,reference,nova scotia,emissions|residential|oil,Mt CO2-equiv/yr,2035,0.28732184210628625
canoe,reference,nova scotia,emissions|residential|oil,Mt CO2-equiv/yr,2040,0.11287409014359288
canoe,reference,nova scotia,emissions|residential|oil,Mt CO2/yr,2025,0.8360065211785579
canoe,reference,nova scotia,emissions|residential|oil,Mt CO2/yr,2030,0.49500995532909503
canoe,reference,nova scotia,emissions|residential|oil,Mt CO2/yr,2035,0.27562136388444963
canoe,reference,nova scotia,emissions|residential|oil,Mt CO2/yr,2040,0.10827756930879265
canoe,reference,nova scotia,emissions|residential|oil,kt CH4/yr,2025,0.041830428555009506
canoe,reference,nova scotia,emissions|residential|oil,kt CH4/yr,2030,0.024768321832252284
canoe,reference,nova scotia,emissions|residential|oil,kt CH4/yr,2035,0.013790992627604465
canoe,reference,nova scotia,emissions|residential|oil,kt N2O/yr,2025,0.12570802363681613
canoe,reference,nova scotia,emissions|residential|oil,kt N2O/yr,2030,0.07443329877049908
canoe,reference,nova scotia,emissions|residential|oil,kt N2O/yr,2035,0.04144443380316368
canoe,reference,nova scotia,emissions|residential|oil,kt N2O/yr,2040,0.016281403191470475
canoe,reference,nova scotia,emissions|residential|wood,Mt CO2-equiv/yr,2025,0.32780388884017325
canoe,reference,nova scotia,emissions|residential|wood,Mt CO2-equiv/yr,2030,0.4614462282431893
canoe,reference,nova scotia,emissions|residential|wood,Mt CO2-equiv/yr,2035,0.2657776949199112
canoe,reference,nova scotia,emissions|residential|wood,Mt CO2-equiv/yr,2040,0.06314424504596855
canoe,reference,nova scotia,emissions|residential|wood,Mt CO2/yr,2025,0.27033320211923256
canoe,reference,nova scotia,emissions|residential|wood,Mt CO2/yr,2030,0.38054532216866077
canoe,reference,nova scotia,emissions|residential|wood,Mt CO2/yr,2035,0.21918146112842227
canoe,reference,nova scotia,emissions|residential|wood,Mt CO2/yr,2040,0.0520737750216287
canoe,reference,nova scotia,emissions|residential|wood,kt CH4/yr,2025,0.8712050692563039
canoe,reference,nova scotia,emissions|residential|wood,kt CH4/yr,2030,1.2263865894241337
canoe,reference,nova scotia,emissions|residential|wood,kt CH4/yr,2035,0.7063579261635207
canoe,reference,nova scotia,emissions|residential|wood,kt CH4/yr,2040,0.16781858986801695
canoe,reference,nova scotia,emissions|residential|wood,kt N2O/yr,2025,0.12116096989657207
canoe,reference,nova scotia,emissions|residential|wood,kt N2O/yr,2030,0.1705570753503762
canoe,reference,nova scotia,emissions|residential|wood,kt N2O/yr,2035,0.09823520827439693
canoe,reference,nova scotia,emissions|residential|wood,kt N2O/yr,2040,0.023339009186942754
canoe,reference,nova scotia,emissions|transportation|diesel,Mt CO2-equiv/yr,2025,3.527597073778284
canoe,reference,nova scotia,emissions|transportation|diesel,Mt CO2-equiv/yr,2030,3.0351692617434916
canoe,reference,nova scotia,emissions|transportation|diesel,Mt CO2-equiv/yr,2035,2.270093354901401
canoe,reference,nova scotia,emissions|transportation|diesel,Mt CO2-equiv/yr,2040,1.2060786951230817
canoe,reference,nova scotia,emissions|transportation|diesel,Mt CO2-equiv/yr,2045,0.919198859373819
canoe,reference,nova scotia,emissions|transportation|diesel,Mt CO2-equiv/yr,2050,0.8513103265016891
canoe,reference,nova scotia,emissions|transportation|diesel,Mt CO2/yr,2025,3.3895749544144764
canoe,reference,nova scotia,emissions|transportation|diesel,Mt CO2/yr,2030,2.9163573305399977
canoe,reference,nova scotia,emissions|transportation|diesel,Mt CO2/yr,2035,2.181230385860949
canoe,reference,nova scotia,emissions|transportation|diesel,Mt CO2/yr,2040,1.1588666682070987
canoe,reference,nova scotia,emissions|transportation|diesel,Mt CO2/yr,2045,0.8832167555524465
canoe,reference,nova scotia,emissions|transportation|diesel,Mt CO2/yr,2050,0.8179857180616549
canoe,reference,nova scotia,emissions|transportation|diesel,kt CH4/yr,2025,0.16267714309561213
canoe,reference,nova scotia,emissions|transportation|diesel,kt CH4/yr,2030,0.14003994697842656
canoe,reference,nova scotia,emissions|transportation|diesel,kt CH4/yr,2035,0.10474003800685117
canoe,reference,nova scotia,emissions|transportation|diesel,kt CH4/yr,2040,0.05564735759139111
canoe,reference,nova scotia,emissions|transportation|diesel,kt CH4/yr,2045,0.042410988683132
canoe,reference,nova scotia,emissions|transportation|diesel,kt CH4/yr,2050,0.03927868557190683
canoe,reference,nova scotia,emissions|transportation|diesel,kt N2O/yr,2025,0.48889042461496973
canoe,reference,nova scotia,emissions|transportation|diesel,kt N2O/yr,2030,0.4208454667512483
canoe,reference,nova scotia,emissions|transportation|diesel,kt N2O/yr,2035,0.3147628130245974
canoe,reference,nova scotia,emissions|transportation|diesel,kt N2O/yr,2040,0.16723040615444007
canoe,reference,nova scotia,emissions|transportation|diesel,kt N2O/yr,2045,0.12745273245381533
canoe,reference,nova scotia,emissions|transportation|diesel,kt N2O/yr,2050,0.11803957322127438
canoe,reference,nova scotia,emissions|transportation|ethanol,Mt CO2-equiv/yr,2025,0.22343213388491584
canoe,reference,nova scotia,emissions|transportation|ethanol,Mt CO2-equiv/yr,2030,0.22356382604349856
canoe,reference,nova scotia,emissions|transportation|ethanol,Mt CO2-equiv/yr,2035,0.11286192700780937
canoe,reference,nova scotia,emissions|transportation|ethanol,Mt CO2-equiv/yr,2040,0.09131602147153321
canoe,reference,nova scotia,emissions|transportation|ethanol,Mt CO2-equiv/yr,2045,0.09665858117010385
canoe,reference,nova scotia,emissions|transportation|ethanol,Mt CO2-equiv/yr,2050,0.10865096592241459
canoe,reference,nova scotia,emissions|transportation|ethanol,Mt CO2/yr,2025,0.22343213388491584
canoe,reference,nova scotia,emissions|transportation|ethanol,Mt CO2/yr,2030,0.22356382604349856
canoe,reference,nova scotia,emissions|transportation|ethanol,Mt CO2/yr,2035,0.11286192700780937
canoe,reference,nova scotia,emissions|transportation|ethanol,Mt CO2/yr,2040,0.09131602147153321
canoe,reference,nova scotia,emissions|transportation|ethanol,Mt CO2/yr,2045,0.09665858117010385
canoe,reference,nova scotia,emissions|transportation|ethanol,Mt CO2/yr,2050,0.10865096592241459
canoe,reference,nova scotia,emissions|transportation|gasoline,Mt CO2-equiv/yr,2025,1.8927269043812012
canoe,reference,nova scotia,emissions|transportation|gasoline,Mt CO2-equiv/yr,2030,1.326399046100636
canoe,reference,nova scotia,emissions|transportation|gasoline,Mt CO2-equiv/yr,2035,0.6696072212286751
canoe,reference,nova scotia,emissions|transportation|gasoline,Mt CO2-equiv/yr,2040,0.5417758584520754
canoe,reference,nova scotia,emissions|transportation|gasoline,Mt CO2-equiv/yr,2045,0.5734731424596458
canoe,reference,nova scotia,emissions|transportation|gasoline,Mt CO2-equiv/yr,2050,0.6446236858075746
canoe,reference,nova scotia,emissions|transportation|gasoline,Mt CO2/yr,2025,1.8216964259567745
canoe,reference,nova scotia,emissions|transportation|gasoline,Mt CO2/yr,2030,1.2766217863131055
canoe,reference,nova scotia,emissions|transportation|gasoline,Mt CO2/yr,2035,0.6444781224821903
canoe,reference,nova scotia,emissions|transportation|gasoline,Mt CO2/yr,2040,0.5214440301594795
canoe,reference,nova scotia,emissions|transportation|gasoline,Mt CO2/yr,2045,0.5519517747556316
canoe,reference,nova scotia,emissions|transportation|gasoline,Mt CO2/yr,2050,0.6204321721239885
canoe,reference,nova scotia,emissions|transportation|gasoline,kt CH4/yr,2025,2.148710432695804
canoe,reference,nova scotia,emissions|transportation|gasoline,kt CH4/yr,2030,1.5057890611038676
canoe,reference,nova scotia,emissions|transportation|gasoline,kt CH4/yr,2035,0.7601688435516233
canoe,reference,nova scotia,emissions|transportation|gasoline,kt CH4/yr,2040,0.6150488147783217
canoe,reference,nova scotia,emissions|transportation|gasoline,kt CH4/yr,2045,0.6510330260649758
canoe,reference,nova scotia,emissions|transportation|gasoline,kt CH4/yr,2050,0.7318063877315668
canoe,reference,nova scotia,emissions|transportation|gasoline,kt N2O/yr,2025,0.03980434545400964
canoe,reference,nova scotia,emissions|transportation|gasoline,kt N2O/yr,2030,0.02789438123304935
canoe,reference,nova scotia,emissions|transportation|gasoline,kt N2O/yr,2035,0.014081945520291283
canoe,reference,nova scotia,emissions|transportation|gasoline,kt N2O/yr,2040,0.011393631790487706
canoe,reference,nova scotia,emissions|transportation|gasoline,kt N2O/yr,2045,0.012060230674706384
canoe,reference,nova scotia,emissions|transportation|gasoline,kt N2O/yr,2050,0.013556537828213753
canoe,reference,nova scotia,emissions|transportation|jet fuel,Mt CO2-equiv/yr,2025,1.649262012788506
canoe,reference,nova scotia,emissions|transportation|jet fuel,Mt CO2-equiv/yr,2030,1.5724712694135863
canoe,reference,nova scotia,emissions|transportation|jet fuel,Mt CO2-equiv/yr,2035,1.5221681991722806
canoe,reference,nova scotia,emissions|transportation|jet fuel,Mt CO2-equiv/yr,2040,1.476287498539201
canoe,reference,nova scotia,emissions|transportation|jet fuel,Mt CO2-equiv/yr,2045,1.4599733092867067
canoe,reference,nova scotia,emissions|transportation|jet fuel,Mt CO2-equiv/yr,2050,1.473687323270097
canoe,reference,nova scotia,emissions|transportation|jet fuel,Mt CO2/yr,2025,1.6079919905187263
canoe,reference,nova scotia,emissions|transportation|jet fuel,Mt CO2/yr,2030,1.5331228070079288
canoe,reference,nova scotia,emissions|transportation|jet fuel,Mt CO2/yr,2035,1.4840784869306356
canoe,reference,nova scotia,emissions|transportation|jet fuel,Mt CO2/yr,2040,1.4393458740617788
canoe,reference,nova scotia,emissions|transportation|jet fuel,Mt CO2/yr,2045,1.4234399200978824
canoe,reference,nova scotia,emissions|transportation|jet fuel,Mt CO2/yr,2050,1.4368107638280843
canoe,reference,nova scotia,emissions|transportation|jet fuel,kt CH4/yr,2025,0.050767451922059864
canoe,reference,nova scotia,emissions|transportation|jet fuel,kt CH4/yr,2030,0.04840368537549755
canoe,reference,nova scotia,emissions|transportation|jet fuel,kt CH4/yr,2035,0.046855260273721465
canoe,reference,nova scotia,emissions|transportation|jet fuel,kt CH4/yr,2040,0.045442964201005825
canoe,reference,nova scotia,emissions|transportation|jet fuel,kt CH4/yr,2045,0.04494078212678037
canoe,reference,nova scotia,emissions|transportation|jet fuel,kt CH4/yr,2050,0.045362925812963424
canoe,reference,nova scotia,emissions|transportation|jet fuel,kt N2O/yr,2025,0.14596532460059292
canoe,reference,nova scotia,emissions|transportation|jet fuel,kt N2O/yr,2030,0.13916908137415146
canoe,reference,nova scotia,emissions|transportation|jet fuel,kt N2O/yr,2035,0.13471708774351895
canoe,reference,nova scotia,emissions|transportation|jet fuel,kt N2O/yr,2040,0.1306564889369733
canoe,reference,nova scotia,emissions|transportation|jet fuel,kt N2O/yr,2045,0.1292126274332395
canoe,reference,nova scotia,emissions|transportation|jet fuel,kt N2O/yr,2050,0.13042636453937592
canoe,reference,nova scotia,emissions|transportation|natural gas,Mt CO2-equiv/yr,2025,1.26188483741071
canoe,reference,nova scotia,emissions|transportation|natural gas,Mt CO2-equiv/yr,2030,1.273008579019748
canoe,reference,nova scotia,emissions|transportation|natural gas,Mt CO2-equiv/yr,2035,1.2728553206192963
canoe,reference,nova scotia,emissions|transportation|natural gas,Mt CO2-equiv/yr,2040,1.4197256228368569
canoe,reference,nova scotia,emissions|transportation|natural gas,Mt CO2-equiv/yr,2045,1.3913163816384175
canoe,reference,nova scotia,emissions|transportation|natural gas,Mt CO2-equiv/yr,2050,1.3863055516918301
canoe,reference,nova scotia,emissions|transportation|natural gas,Mt CO2/yr,2025,1.2553679531039146
canoe,reference,nova scotia,emissions|transportation|natural gas,Mt CO2/yr,2030,1.2664342472066705
canoe,reference,nova scotia,emissions|transportation|natural gas,Mt CO2/yr,2035,1.266281780294661
canoe,reference,nova scotia,emissions|transportation|natural gas,Mt CO2/yr,2040,1.4123935847957267
canoe,reference,nova scotia,emissions|transportation|natural gas,Mt CO2/yr,2045,1.3841310604232968
canoe,reference,nova scotia,emissions|transportation|natural gas,Mt CO2/yr,2050,1.3791461084317131
canoe,reference,nova scotia,emissions|transportation|natural gas,kt CH4/yr,2025,0.024004451828650616
canoe,reference,nova scotia,emissions|transportation|natural gas,kt CH4/yr,2030,0.02421605538524491
canoe,reference,nova scotia,emissions|transportation|natural gas,kt CH4/yr,2035,0.024213139997261855
canoe,reference,nova scotia,emissions|transportation|natural gas,kt CH4/yr,2040,0.02700700912867557
canoe,reference,nova scotia,emissions|transportation|natural gas,kt CH4/yr,2045,0.0264665887657241
canoe,reference,nova scotia,emissions|transportation|natural gas,kt CH4/yr,2050,0.026371269270229383
canoe,reference,nova scotia,emissions|transportation|natural gas,kt N2O/yr,2025,0.021409375953974925
canoe,reference,nova scotia,emissions|transportation|natural gas,kt N2O/yr,2030,0.02159810345038533
canoe,reference,nova scotia,emissions|transportation|natural gas,kt N2O/yr,2035,0.02159550323948168
canoe,reference,nova scotia,emissions|transportation|natural gas,kt N2O/yr,2040,0.024087332464644368
canoe,reference,nova scotia,emissions|transportation|natural gas,kt N2O/yr,2045,0.023605335924744134
canoe,reference,nova scotia,emissions|transportation|natural gas,kt N2O/yr,2050,0.02352032123957836
canoe,reference,nova scotia,emissions|transportation|oil,Mt CO2-equiv/yr,2025,1.2066073366731958
canoe,reference,nova scotia,emissions|transportation|oil,Mt CO2-equiv/yr,2030,1.2066134682762415
canoe,reference,nova scotia,emissions|transportation|oil,Mt CO2-equiv/yr,2035,1.1995313850098817
canoe,reference,nova scotia,emissions|transportation|oil,Mt CO2-equiv/yr,2040,1.1704823666608752
canoe,reference,nova scotia,emissions|transportation|oil,Mt CO2-equiv/yr,2045,1.0820816341996564
canoe,reference,nova scotia,emissions|transportation|oil,Mt CO2-equiv/yr,2050,1.0438938669808868
canoe,reference,nova scotia,emissions|transportation|oil,Mt CO2/yr,2025,1.2027315175872662
canoe,reference,nova scotia,emissions|transportation|oil,Mt CO2/yr,2030,1.2027376294946053
canoe,reference,nova scotia,emissions|transportation|oil,Mt CO2/yr,2035,1.1956782950319842
canoe,reference,nova scotia,emissions|transportation|oil,Mt CO2/yr,2040,1.166722586856323
canoe,reference,nova scotia,emissions|transportation|oil,Mt CO2/yr,2045,1.0786058119309734
canoe,reference,nova scotia,emissions|transportation|oil,Mt CO2/yr,2050,1.0405407100338349
canoe,reference,nova scotia,emissions|transportation|oil,kt CH4/yr,2025,0.010962183604726816
canoe,reference,nova scotia,emissions|transportation|oil,kt CH4/yr,2030,0.01096223931113298
canoe,reference,nova scotia,emissions|transportation|oil,kt CH4/yr,2035,0.010897897669316139
canoe,reference,nova scotia,emissions|transportation|oil,kt CH4/yr,2040,0.010633983583100755
canoe,reference,nova scotia,emissions|transportation|oil,kt N2O/yr,2025,0.013072812985338397
canoe,reference,nova scotia,emissions|transportation|oil,kt N2O/yr,2030,0.013072879417306347
canoe,reference,nova scotia,emissions|transportation|oil,kt N2O/yr,2035,0.012996149608632232
canoe,reference,nova scotia,emissions|transportation|oil,kt N2O/yr,2040,0.012681422213279855
canoe,reference,nova scotia,emissions|transportation|oil,kt N2O/yr,2045,0.011723657240278162
canoe,reference,nova scotia,emissions|transportation|oil,kt N2O/yr,2050,0.011309917389702544
canoe,reference,nova scotia,emissions|upstream|coal,Mt CO2/yr,2030,0.014428328284362881
canoe,reference,nova scotia,emissions|upstream|coal,Mt CO2/yr,2035,0.01676920498472063
canoe,reference,nova scotia,emissions|upstream|coal,Mt CO2/yr,2040,0.019133550764562964
canoe,reference,nova scotia,emissions|upstream|coal,Mt CO2/yr,2045,0.014084514838284311
canoe,reference,nova scotia,emissions|upstream|coal,Mt CO2/yr,2050,0.01844757763583949
canoe,reference,nova scotia,emissions|upstream|diesel,Mt CO2/yr,2025,0.8894540473677583
canoe,reference,nova scotia,emissions|upstream|diesel,Mt CO2/yr,2030,0.7732598016252055
canoe,reference,nova scotia,emissions|upstream|diesel,Mt CO2/yr,2035,0.586145637814989
canoe,reference,nova scotia,emissions|upstream|diesel,Mt CO2/yr,2040,0.3264012248287602
canoe,reference,nova scotia,emissions|upstream|diesel,Mt CO2/yr,2045,0.25674996641689124
canoe,reference,nova scotia,emissions|upstream|diesel,Mt CO2/yr,2050,0.24083861903620052
canoe,reference,nova scotia,emissions|upstream|gasoline,Mt CO2/yr,2025,0.4226642901242846
canoe,reference,nova scotia,emissions|upstream|gasoline,Mt CO2/yr,2030,0.29820276369705295
canoe,reference,nova scotia,emissions|upstream|gasoline,Mt CO2/yr,2035,0.15305053690246734
canoe,reference,nova scotia,emissions|upstream|gasoline,Mt CO2/yr,2040,0.12467531819177173
canoe,reference,nova scotia,emissions|upstream|gasoline,Mt CO2/yr,2045,0.131688817898279
canoe,reference,nova scotia,emissions|upstream|gasoline,Mt CO2/yr,2050,0.14748655546247416
canoe,reference,nova scotia,emissions|upstream|jet fuel,Mt CO2/yr,2025,0.3560130085086557
canoe,reference,nova scotia,emissions|upstream|jet fuel,Mt CO2/yr,2030,0.33943683288115345
canoe,reference,nova scotia,emissions|upstream|jet fuel,Mt CO2/yr,2035,0.32857833949012827
canoe,reference,nova scotia,emissions|upstream|jet fuel,Mt CO2/yr,2040,0.318674469666526
canoe,reference,nova scotia,emissions|upstream|jet fuel,Mt CO2/yr,2045,0.3151528888161149
canoe,reference,nova scotia,emissions|upstream|jet fuel,Mt CO2/yr,2050,0.31811319331912075
canoe,reference,nova scotia,emissions|upstream|natural gas,Mt CO2/yr,2025,0.13586001632385492
canoe,reference,nova scotia,emissions|upstream|natural gas,Mt CO2/yr,2030,0.13451119762008223
canoe,reference,nova scotia,emissions|upstream|natural gas,Mt CO2/yr,2035,0.12809803539612977
canoe,reference,nova scotia,emissions|upstream|natural gas,Mt CO2/yr,2040,0.13030105625965946
canoe,reference,nova scotia,emissions|upstream|natural gas,Mt CO2/yr,2045,0.1341640226754838
canoe,reference,nova scotia,emissions|upstream|natural gas,Mt CO2/yr,2050,0.12207636177466191
canoe,reference,nova scotia,emissions|upstream|oil,Mt CO2/yr,2025,0.5890229949306284
canoe,reference,nova scotia,emissions|upstream|oil,Mt CO2/yr,2030,0.5071186533044101
canoe,reference,nova scotia,emissions|upstream|oil,Mt CO2/yr,2035,0.4649790806326446
canoe,reference,nova scotia,emissions|upstream|oil,Mt CO2/yr,2040,0.42803391682782344
canoe,reference,nova scotia,emissions|upstream|oil,Mt CO2/yr,2045,0.39535880081352237
canoe,reference,nova scotia,emissions|upstream|oil,Mt CO2/yr,2050,0.3937744366744043
canoe,reference,ontario,emissions|agriculture|diesel,Mt CO2-equiv/yr,2025,1.6129374184592
canoe,reference,ontario,emissions|agriculture|diesel,Mt CO2-equiv/yr,2030,1.7822115999395567
canoe,reference,ontario,emissions|agriculture|diesel,Mt CO2-equiv/yr,2035,1.727636374207701
canoe,reference,ontario,emissions|agriculture|diesel,Mt CO2-equiv/yr,2040,1.6760521999982285
canoe,reference,ontario,emissions|agriculture|diesel,Mt CO2-equiv/yr,2045,1.6814196982595953
canoe,reference,ontario,emissions|agriculture|diesel,Mt CO2-equiv/yr,2050,1.7115861885469714
canoe,reference,ontario,emissions|agriculture|diesel,Mt CO2/yr,2025,1.547254493
canoe,reference,ontario,emissions|agriculture|diesel,Mt CO2/yr,2030,1.7096353980784973
canoe,reference,ontario,emissions|agriculture|diesel,Mt CO2/yr,2035,1.657282614731969
canoe,reference,ontario,emissions|agriculture|diesel,Mt CO2/yr,2040,1.607799079661188
canoe,reference,ontario,emissions|agriculture|diesel,Mt CO2/yr,2045,1.6129479997036051
canoe,reference,ontario,emissions|agriculture|diesel,Mt CO2/yr,2050,1.6418860335671701
canoe,reference,ontario,emissions|agriculture|diesel,kt CH4/yr,2025,0.0774184374
canoe,reference,ontario,emissions|agriculture|diesel,kt CH4/yr,2030,0.08554332958266886
canoe,reference,ontario,emissions|agriculture|diesel,kt CH4/yr,2035,0.08292380532304278
canoe,reference,ontario,emissions|agriculture|diesel,kt CH4/yr,2040,0.08044784679163137
canoe,reference,ontario,emissions|agriculture|diesel,kt CH4/yr,2045,0.08070547819343689
canoe,reference,ontario,emissions|agriculture|diesel,kt CH4/yr,2050,0.08215342187256733
canoe,reference,ontario,emissions|agriculture|diesel,kt N2O/yr,2025,0.232656444
canoe,reference,ontario,emissions|agriculture|diesel,kt N2O/yr,2030,0.2570732184349634
canoe,reference,ontario,emissions|agriculture|diesel,kt N2O/yr,2035,0.2492010729915275
canoe,reference,ontario,emissions|agriculture|diesel,kt N2O/yr,2040,0.2417603685966124
canoe,reference,ontario,emissions|agriculture|diesel,kt N2O/yr,2045,0.24253459767975852
canoe,reference,ontario,emissions|agriculture|diesel,kt N2O/yr,2050,0.2468859310160054
canoe,reference,ontario,emissions|agriculture|natural gas,Mt CO2-equiv/yr,2025,1.543761222100969
canoe,reference,ontario,emissions|agriculture|natural gas,Mt CO2-equiv/yr,2030,1.7057754731869246
canoe,reference,ontario,emissions|agriculture|natural gas,Mt CO2-equiv/yr,2035,1.6535408234850622
canoe,reference,ontario,emissions|agriculture|natural gas,Mt CO2-equiv/yr,2040,1.6041689338538005
canoe,reference,ontario,emissions|agriculture|natural gas,Mt CO2-equiv/yr,2045,1.609306133090063
canoe,reference,ontario,emissions|agriculture|natural gas,Mt CO2-equiv/yr,2050,1.638178707200299
canoe,reference,ontario,emissions|agriculture|natural gas,Mt CO2/yr,2025,1.5353576186843692
canoe,reference,ontario,emissions|agriculture|natural gas,Mt CO2/yr,2030,1.696489930585383
canoe,reference,ontario,emissions|agriculture|natural gas,Mt CO2/yr,2035,1.6445396249092776
canoe,reference,ontario,emissions|agriculture|natural gas,Mt CO2/yr,2040,1.5954364956111877
canoe,reference,ontario,emissions|agriculture|natural gas,Mt CO2/yr,2045,1.6005457300401758
canoe,reference,ontario,emissions|agriculture|natural gas,Mt CO2/yr,2050,1.6292611336897438
canoe,reference,ontario,emissions|agriculture|natural gas,kt CH4/yr,2025,0.02935825939027289
canoe,reference,ontario,emissions|agriculture|natural gas,kt CH4/yr,2030,0.03243934235842066
canoe,reference,ontario,emissions|agriculture|natural gas,kt CH4/yr,2035,0.03144597733982
canoe,reference,ontario,emissions|agriculture|natural gas,kt CH4/yr,2040,0.03050705445353979
canoe,reference,ontario,emissions|agriculture|natural gas,kt CH4/yr,2045,0.03060475040907911
canoe,reference,ontario,emissions|agriculture|natural gas,kt CH4/yr,2050,0.03115383047914304
canoe,reference,ontario,emissions|agriculture|natural gas,kt N2O/yr,2025,0.027771326449458244
canoe,reference,ontario,emissions|agriculture|natural gas,kt N2O/yr,2030,0.030685864392216784
canoe,reference,ontario,emissions|agriculture|natural gas,kt N2O/yr,2035,0.02974619478005403
canoe,reference,ontario,emissions|agriculture|natural gas,kt N2O/yr,2040,0.02885802448224698
canoe,reference,ontario,emissions|agriculture|natural gas,kt N2O/yr,2045,0.028950439575322055
canoe,reference,ontario,emissions|agriculture|natural gas,kt N2O/yr,2050,0.02946983964158379
canoe,reference,ontario,emissions|commercial|natural gas,Mt CO2-equiv/yr,2025,17.12237437265389
canoe,reference,ontario,emissions|commercial|natural gas,Mt CO2-equiv/yr,2030,16.696159514777
canoe,reference,ontario,emissions|commercial|natural gas,Mt CO2-equiv/yr,2035,15.911580000340757
canoe,reference,ontario,emissions|commercial|natural gas,Mt CO2-equiv/yr,2040,14.711950031560189
canoe,reference,ontario,emissions|commercial|natural gas,Mt CO2-equiv/yr,2045,15.158831805536567
canoe,reference,ontario,emissions|commercial|natural gas,Mt CO2-equiv/yr,2050,15.848861943747979
canoe,reference,ontario,emissions|commercial|natural gas,Mt CO2/yr,2025,17.029167183796982
canoe,reference,ontario,emissions|commercial|natural gas,Mt CO2/yr,2030,16.60527246493161
canoe,reference,ontario,emissions|commercial|natural gas,Mt CO2/yr,2035,15.82496387982933
canoe,reference,ontario,emissions|commercial|natural gas,Mt CO2/yr,2040,14.631864204956896
canoe,reference,ontario,emissions|commercial|natural gas,Mt CO2/yr,2045,15.076313337700393
canoe,reference,ontario,emissions|commercial|natural gas,Mt CO2/yr,2050,15.76258723463303
canoe,reference,ontario,emissions|commercial|natural gas,kt CH4/yr,2025,0.32562231840855005
canoe,reference,ontario,emissions|commercial|natural gas,kt CH4/yr,2030,0.3175168379920199
canoe,reference,ontario,emissions|commercial|natural gas,kt CH4/yr,2035,0.3025962087085833
canoe,reference,ontario,emissions|commercial|natural gas,kt CH4/yr,2040,0.27978241646429186
canoe,reference,ontario,emissions|commercial|natural gas,kt CH4/yr,2045,0.2882809270171925
canoe,reference,ontario,emissions|commercial|natural gas,kt CH4/yr,2050,0.3014034769910456
canoe,reference,ontario,emissions|commercial|natural gas,kt N2O/yr,2025,0.3080211119992159
canoe,reference,ontario,emissions|commercial|natural gas,kt N2O/yr,2030,0.30035376565947586
canoe,reference,ontario,emissions|commercial|natural gas,kt N2O/yr,2035,0.28623965687825315
canoe,reference,ontario,emissions|commercial|natural gas,kt N2O/yr,2040,0.26465904259373424
canoe,reference,ontario,emissions|commercial|natural gas,kt N2O/yr,2045,0.2726981741975978
canoe,reference,ontario,emissions|commercial|natural gas,kt N2O/yr,2050,0.2851113971454797
canoe,reference,ontario,emissions|electricity|biogas,Mt CO2-equiv/yr,2035,0.0185092172441313
canoe,reference,ontario,emissions|electricity|biogas,Mt CO2/yr,2035,0.0185092172441313
canoe,reference,ontario,emissions|electricity|natural gas,Mt CO2-equiv/yr,2025,4.779741978513805
canoe,reference,ontario,emissions|electricity|natural gas,Mt CO2-equiv/yr,2030,12.457487691170549
canoe,reference,ontario,emissions|electricity|natural gas,Mt CO2-equiv/yr,2035,10.468840490561476
canoe,reference,ontario,emissions|electricity|natural gas,Mt CO2-equiv/yr,2040,15.701306369710402
canoe,reference,ontario,emissions|electricity|natural gas,Mt CO2-equiv/yr,2045,19.61697948716858
canoe,reference,ontario,emissions|electricity|natural gas,Mt CO2-equiv/yr,2050,22.42709733677148
canoe,reference,ontario,emissions|electricity|natural gas,Mt CO2/yr,2025,4.713732668524514
canoe,reference,ontario,emissions|electricity|natural gas,Mt CO2/yr,2030,12.285446988891904
canoe,reference,ontario,emissions|electricity|natural gas,Mt CO2/yr,2035,10.324263452663548
canoe,reference,ontario,emissions|electricity|natural gas,Mt CO2/yr,2040,15.484467803098632
canoe,reference,ontario,emissions|electricity|natural gas,Mt CO2/yr,2045,19.346064595560833
canoe,reference,ontario,emissions|electricity|natural gas,Mt CO2/yr,2050,22.117374086663485
canoe,reference,ontario,emissions|electricity|natural gas,kt CH4/yr,2025,1.1936584016936227
canoe,reference,ontario,emissions|electricity|natural gas,kt CH4/yr,2030,3.1110434231398063
canoe,reference,ontario,emissions|electricity|natural gas,kt CH4/yr,2035,2.6144129670017504
canoe,reference,ontario,emissions|electricity|natural gas,kt CH4/yr,2040,3.9211313811541735
canoe,reference,ontario,emissions|electricity|natural gas,kt CH4/yr,2045,4.899003436999566
canoe,reference,ontario,emissions|electricity|natural gas,kt CH4/yr,2050,5.600782067730319
canoe,reference,ontario,emissions|electricity|natural gas,kt N2O/yr,2025,0.11936584016936229
canoe,reference,ontario,emissions|electricity|natural gas,kt N2O/yr,2030,0.31110434231398065
canoe,reference,ontario,emissions|electricity|natural gas,kt N2O/yr,2035,0.2614412967001751
canoe,reference,ontario,emissions|electricity|natural gas,kt N2O/yr,2040,0.39211313811541737
canoe,reference,ontario,emissions|electricity|natural gas,kt N2O/yr,2045,0.4899003436999566
canoe,reference,ontario,emissions|electricity|natural gas,kt N2O/yr,2050,0.560078206773032
canoe,reference,ontario,emissions|industrial|biomass,Mt CO2-equiv/yr,2025,4.044377999874156
canoe,reference,ontario,emissions|industrial|biomass,Mt CO2-equiv/yr,2030,4.45884399998859
canoe,reference,ontario,emissions|industrial|biomass,Mt CO2-equiv/yr,2035,4.651998000006814
canoe,reference,ontario,emissions|industrial|biomass,Mt CO2-equiv/yr,2040,4.73894199999579
canoe,reference,ontario,emissions|industrial|biomass,Mt CO2-equiv/yr,2045,4.711277999999278
canoe,reference,ontario,emissions|industrial|biomass,Mt CO2-equiv/yr,2050,4.615935999996655
canoe,reference,ontario,emissions|industrial|biomass,Mt CO2/yr,2025,4.044377999874156
canoe,reference,ontario,emissions|industrial|biomass,Mt CO2/yr,2030,4.45884399998859
canoe,reference,ontario,emissions|industrial|biomass,Mt CO2/yr,2035,4.651998000006814
canoe,reference,ontario,emissions|industrial|biomass,Mt CO2/yr,2040,4.73894199999579
canoe,reference,ontario,emissions|industrial|biomass,Mt CO2/yr,2045,4.711277999999278
canoe,reference,ontario,emissions|industrial|biomass,Mt CO2/yr,2050,4.615935999996655
canoe,reference,ontario,emissions|industrial|natural gas,Mt CO2-equiv/yr,2025,14.716116607519968
canoe,reference,ontario,emissions|industrial|natural gas,Mt CO2-equiv/yr,2030,14.48980306032326
canoe,reference,ontario,emissions|industrial|natural gas,Mt CO2-equiv/yr,2035,13.982944147882108
canoe,reference,ontario,emissions|industrial|natural gas,Mt CO2-equiv/yr,2040,13.923497733283547
canoe,reference,ontario,emissions|industrial|natural gas,Mt CO2-equiv/yr,2045,14.113830554577971
canoe,reference,ontario,emissions|industrial|natural gas,Mt CO2-equiv/yr,2050,14.65354143311116
canoe,reference,ontario,emissions|industrial|natural gas,Mt CO2/yr,2025,14.640116621995695
canoe,reference,ontario,emissions|industrial|natural gas,Mt CO2/yr,2030,14.41497184960348
canoe,reference,ontario,emissions|industrial|natural gas,Mt CO2/yr,2035,13.91073056184116
canoe,reference,ontario,emissions|industrial|natural gas,Mt CO2/yr,2040,13.851591152600701
canoe,reference,ontario,emissions|industrial|natural gas,Mt CO2/yr,2045,14.040941018129756
canoe,reference,ontario,emissions|industrial|natural gas,Mt CO2/yr,2050,14.577864611127653
canoe,reference,ontario,emissions|industrial|natural gas,kt CH4/yr,2025,0.27994021461963586
canoe,reference,ontario,emissions|industrial|natural gas,kt CH4/yr,2030,0.27563512077842484
canoe,reference,ontario,emissions|industrial|natural gas,kt CH4/yr,2035,0.2659932977000357
canoe,reference,ontario,emissions|industrial|natural gas,kt CH4/yr,2040,0.2648624666183776
canoe,reference,ontario,emissions|industrial|natural gas,kt CH4/yr,2045,0.2684831100437698
canoe,reference,ontario,emissions|industrial|natural gas,kt CH4/yr,2050,0.27874986609080515
canoe,reference,ontario,emissions|industrial|natural gas,kt N2O/yr,2025,0.2496764076184747
canoe,reference,ontario,emissions|industrial|natural gas,kt N2O/yr,2030,0.24583672932789943
canoe,reference,ontario,emissions|industrial|natural gas,kt N2O/yr,2035,0.23723726550175347
canoe,reference,ontario,emissions|industrial|natural gas,kt N2O/yr,2040,0.23622868642898487
canoe,reference,ontario,emissions|industrial|natural gas,kt N2O/yr,2045,0.23945790894332655
canoe,reference,ontario,emissions|industrial|natural gas,kt N2O/yr,2050,0.24861474541714998
canoe,reference,ontario,emissions|industrial|oil,Mt CO2-equiv/yr,2025,31.43682299188907
canoe,reference,ontario,emissions|industrial|oil,Mt CO2-equiv/yr,2030,31.27310490284242
canoe,reference,ontario,emissions|industrial|oil,Mt CO2-equiv/yr,2035,31.03047764343043
canoe,reference,ontario,emissions|industrial|oil,Mt CO2-equiv/yr,2040,31.152160007496203
canoe,reference,ontario,emissions|industrial|oil,Mt CO2-equiv/yr,2045,31.46927162213803
canoe,reference,ontario,emissions|industrial|oil,Mt CO2-equiv/yr,2050,32.02679808808124
canoe,reference,ontario,emissions|industrial|oil,Mt CO2/yr,2025,31.33584280152416
canoe,reference,ontario,emissions|industrial|oil,Mt CO2/yr,2030,31.17265060161721
canoe,reference,ontario,emissions|industrial|oil,Mt CO2/yr,2035,30.930802700439017
canoe,reference,ontario,emissions|industrial|oil,Mt CO2/yr,2040,31.05209420095313
canoe,reference,ontario,emissions|industrial|oil,Mt CO2/yr,2045,31.36818720149322
canoe,reference,ontario,emissions|industrial|oil,Mt CO2/yr,2050,31.92392280171572
canoe,reference,ontario,emissions|industrial|oil,kt CH4/yr,2025,0.2856076000138918
canoe,reference,ontario,emissions|industrial|oil,kt CH4/yr,2030,0.2841202000147399
canoe,reference,ontario,emissions|industrial|oil,kt CH4/yr,2035,0.2819159000040014
canoe,reference,ontario,emissions|industrial|oil,kt CH4/yr,2040,0.28302140000868725
canoe,reference,ontario,emissions|industrial|oil,kt CH4/yr,2045,0.2859024000136098
canoe,reference,ontario,emissions|industrial|oil,kt CH4/yr,2050,0.29096760001563776
canoe,reference,ontario,emissions|industrial|oil,kt N2O/yr,2025,0.34059772001656646
canoe,reference,ontario,emissions|industrial|oil,kt N2O/yr,2030,0.3388239400175779
canoe,reference,ontario,emissions|industrial|oil,kt N2O/yr,2035,0.3361952300047718
canoe,reference,ontario,emissions|industrial|oil,kt N2O/yr,2040,0.33751358001035986
canoe,reference,ontario,emissions|industrial|oil,kt N2O/yr,2045,0.3409492800162302
canoe,reference,ontario,emissions|industrial|oil,kt N2O/yr,2050,0.3469897200186486
canoe,reference,ontario,emissions|residential|lpg,Mt CO2-equiv/yr,2025,0.4639438591253802
canoe,reference,ontario,emissions|residential|lpg,Mt CO2-equiv/yr,2030,0.32522224187882537
canoe,reference,ontario,emissions|residential|lpg,Mt CO2-equiv/yr,2035,0.18698774934560433
canoe,reference,ontario,emissions|residential|lpg,Mt CO2-equiv/yr,2040,0.021370141335453296
canoe,reference,ontario,emissions|residential|lpg,Mt CO2/yr,2025,0.4548352084795622
canoe,reference,ontario,emissions|residential|lpg,Mt CO2/yr,2030,0.31883712496164385
canoe,reference,ontario,emissions|residential|lpg,Mt CO2/yr,2035,0.18331660239466127
canoe,reference,ontario,emissions|residential|lpg,Mt CO2/yr,2040,0.0209505794685426
canoe,reference,ontario,emissions|residential|lpg,kt N2O/yr,2025,0.0325307045689288
canoe,reference,ontario,emissions|residential|lpg,kt N2O/yr,2030,0.022803855384031752
canoe,reference,ontario,emissions|residential|lpg,kt N2O/yr,2035,0.01311116229329567
canoe,reference,ontario,emissions|residential|natural gas,Mt CO2-equiv/yr,2025,20.288917778548516
canoe,reference,ontario,emissions|residential|natural gas,Mt CO2-equiv/yr,2030,21.261655793513363
canoe,reference,ontario,emissions|residential|natural gas,Mt CO2-equiv/yr,2035,20.888146032848194
canoe,reference,ontario,emissions|residential|natural gas,Mt CO2-equiv/yr,2040,20.28665798141942
canoe,reference,ontario,emissions|residential|natural gas,Mt CO2-equiv/yr,2045,20.63829554112623
canoe,reference,ontario,emissions|residential|natural gas,Mt CO2-equiv/yr,2050,21.501878672730516
canoe,reference,ontario,emissions|residential|natural gas,Mt CO2/yr,2025,20.17847322512795
canoe,reference,ontario,emissions|residential|natural gas,Mt CO2/yr,2030,21.14591605299457
canoe,reference,ontario,emissions|residential|natural gas,Mt CO2/yr,2035,20.774439526391717
canoe,reference,ontario,emissions|residential|natural gas,Mt CO2/yr,2040,20.176225729408294
canoe,reference,ontario,emissions|residential|natural gas,Mt CO2/yr,2045,20.52594911835097
canoe,reference,ontario,emissions|residential|natural gas,Mt CO2/yr,2050,21.384831257307315
canoe,reference,ontario,emissions|residential|natural gas,kt CH4/yr,2025,0.3858416070847442
canoe,reference,ontario,emissions|residential|natural gas,kt CH4/yr,2030,0.40434051388022096
canoe,reference,ontario,emissions|residential|natural gas,kt CH4/yr,2035,0.39723734515087356
canoe,reference,ontario,emissions|residential|natural gas,kt CH4/yr,2040,0.3857986317143724
canoe,reference,ontario,emissions|residential|natural gas,kt CH4/yr,2045,0.3924858489740374
canoe,reference,ontario,emissions|residential|natural gas,kt CH4/yr,2050,0.4089089183060927
canoe,reference,ontario,emissions|residential|natural gas,kt N2O/yr,2025,0.36498530398856965
canoe,reference,ontario,emissions|residential|natural gas,kt N2O/yr,2030,0.3824842698756788
canoe,reference,ontario,emissions|residential|natural gas,kt N2O/yr,2035,0.3757650562129762
canoe,reference,ontario,emissions|residential|natural gas,kt N2O/yr,2040,0.36494465161119205
canoe,reference,ontario,emissions|residential|natural gas,kt N2O/yr,2045,0.37127039766744974
canoe,reference,ontario,emissions|residential|natural gas,kt N2O/yr,2050,0.3868057335216493
canoe,reference,ontario,emissions|residential|oil,Mt CO2-equiv/yr,2025,0.572105304708106
canoe,reference,ontario,emissions|residential|oil,Mt CO2-equiv/yr,2030,0.19564329536449807
canoe,reference,ontario,emissions|residential|oil,Mt CO2-equiv/yr,2035,0.12020820642015707
canoe,reference,ontario,emissions|residential|oil,Mt CO2-equiv/yr,2040,0.047825088550916404
canoe,reference,ontario,emissions|residential|oil,Mt CO2/yr,2025,0.5488077175519644
canoe,reference,ontario,emissions|residential|oil,Mt CO2/yr,2030,0.18767620139113472
canoe,reference,ontario,emissions|residential|oil,Mt CO2/yr,2035,0.11531302166499044
canoe,reference,ontario,emissions|residential|oil,Mt CO2/yr,2040,0.04587752896774902
canoe,reference,ontario,emissions|residential|oil,kt CH4/yr,2025,0.027460147065757227
canoe,reference,ontario,emissions|residential|oil,kt N2O/yr,2025,0.08252272175201653
canoe,reference,ontario,emissions|residential|oil,kt N2O/yr,2030,0.028220359247061014
canoe,reference,ontario,emissions|residential|oil,kt N2O/yr,2035,0.017339305000468097
canoe,reference,ontario,emissions|residential|wood,Mt CO2-equiv/yr,2025,1.2642390722769714
canoe,reference,ontario,emissions|residential|wood,Mt CO2-equiv/yr,2030,1.387865806328789
canoe,reference,ontario,emissions|residential|wood,Mt CO2-equiv/yr,2035,0.7718719925557911
canoe,reference,ontario,emissions|residential|wood,Mt CO2-equiv/yr,2040,0.1402945743093294
canoe,reference,ontario,emissions|residential|wood,Mt CO2/yr,2025,1.0425922580177678
canoe,reference,ontario,emissions|residential|wood,Mt CO2/yr,2030,1.1445447119743628
canoe,reference,ontario,emissions|residential|wood,Mt CO2/yr,2035,0.6365471383272596
canoe,reference,ontario,emissions|residential|wood,Mt CO2/yr,2040,0.11569808292142404
canoe,reference,ontario,emissions|residential|wood,kt CH4/yr,2025,3.3599707813612834
canoe,reference,ontario,emissions|residential|wood,kt CH4/yr,2030,3.6885338065975626
canoe,reference,ontario,emissions|residential|wood,kt CH4/yr,2035,2.051405781398276
canoe,reference,ontario,emissions|residential|wood,kt CH4/yr,2040,0.37286117855373024
canoe,reference,ontario,emissions|residential|wood,kt N2O/yr,2025,0.46728070469262883
canoe,reference,ontario,emissions|residential|wood,kt N2O/yr,2030,0.5129749002552901
canoe,reference,ontario,emissions|residential|wood,kt N2O/yr,2035,0.28529484377062114
canoe,reference,ontario,emissions|residential|wood,kt N2O/yr,2040,0.05185486589157838
canoe,reference,ontario,emissions|transportation|diesel,Mt CO2-equiv/yr,2025,17.920673865670903
canoe,reference,ontario,emissions|transportation|diesel,Mt CO2-equiv/yr,2030,15.559448727489391
canoe,reference,ontario,emissions|transportation|diesel,Mt CO2-equiv/yr,2035,11.734034126275871
canoe,reference,ontario,emissions|transportation|diesel,Mt CO2-equiv/yr,2040,7.357300105974465
canoe,reference,ontario,emissions|transportation|diesel,Mt CO2-equiv/yr,2045,6.75741497473101
canoe,reference,ontario,emissions|transportation|diesel,Mt CO2-equiv/yr,2050,6.948764791197582
canoe,reference,ontario,emissions|transportation|diesel,Mt CO2/yr,2025,17.219167678479508
canoe,reference,ontario,emissions|transportation|diesel,Mt CO2/yr,2030,14.95037286860147
canoe,reference,ontario,emissions|transportation|diesel,Mt CO2/yr,2035,11.274704433612365
canoe,reference,ontario,emissions|transportation|diesel,Mt CO2/yr,2040,7.069298021614151
canoe,reference,ontario,emissions|transportation|diesel,Mt CO2/yr,2045,6.492895430644936
canoe,reference,ontario,emissions|transportation|diesel,Mt CO2/yr,2050,6.676754839917805
canoe,reference,ontario,emissions|transportation|diesel,kt CH4/yr,2025,0.826843692874829
canoe,reference,ontario,emissions|transportation|diesel,kt CH4/yr,2030,0.7178989187253502
canoe,reference,ontario,emissions|transportation|diesel,kt CH4/yr,2035,0.5413977332057855
canoe,reference,ontario,emissions|transportation|diesel,kt CH4/yr,2040,0.3394591679506074
canoe,reference,ontario,emissions|transportation|diesel,kt CH4/yr,2045,0.31178101698085686
canoe,reference,ontario,emissions|transportation|diesel,kt CH4/yr,2050,0.3206097310321486
canoe,reference,ontario,emissions|transportation|diesel,kt N2O/yr,2025,2.484815251831117
canoe,reference,ontario,emissions|transportation|diesel,kt N2O/yr,2030,2.1574164437549217
canoe,reference,ontario,emissions|transportation|diesel,kt N2O/yr,2035,1.626998374035851
canoe,reference,ontario,emissions|transportation|diesel,kt N2O/yr,2040,1.0201363649577828
canoe,reference,ontario,emissions|transportation|diesel,kt N2O/yr,2045,0.9369585180329297
canoe,reference,ontario,emissions|transportation|diesel,kt N2O/yr,2050,0.9634903981030021
canoe,reference,ontario,emissions|transportation|ethanol,Mt CO2-equiv/yr,2025,4.012071495502762
canoe,reference,ontario,emissions|transportation|ethanol,Mt CO2-equiv/yr,2030,4.150240946562538
canoe,reference,ontario,emissions|transportation|ethanol,Mt CO2-equiv/yr,2035,2.9840981493061665
canoe,reference,ontario,emissions|transportation|ethanol,Mt CO2-equiv/yr,2040,3.1250129413373102
canoe,reference,ontario,emissions|transportation|ethanol,Mt CO2-equiv/yr,2045,3.5559375959858532
canoe,reference,ontario,emissions|transportation|ethanol,Mt CO2-equiv/yr,2050,3.0948141626106915
canoe,reference,ontario,emissions|transportation|ethanol,Mt CO2/yr,2025,4.012071495502762
canoe,reference,ontario,emissions|transportation|ethanol,Mt CO2/yr,2030,4.150240946562538
canoe,reference,ontario,emissions|transportation|ethanol,Mt CO2/yr,2035,2.9840981493061665
canoe,reference,ontario,emissions|transportation|ethanol,Mt CO2/yr,2040,3.1250129413373102
canoe,reference,ontario,emissions|transportation|ethanol,Mt CO2/yr,2045,3.5559375959858532
canoe,reference,ontario,emissions|transportation|ethanol,Mt CO2/yr,2050,3.0948141626106915
canoe,reference,ontario,emissions|transportation|gasoline,Mt CO2-equiv/yr,2025,33.98685556013331
canoe,reference,ontario,emissions|transportation|gasoline,Mt CO2-equiv/yr,2030,24.623284231757935
canoe,reference,ontario,emissions|transportation|gasoline,Mt CO2-equiv/yr,2035,17.704585794395236
canoe,reference,ontario,emissions|transportation|gasoline,Mt CO2-equiv/yr,2040,18.54063001961445
canoe,reference,ontario,emissions|transportation|gasoline,Mt CO2-equiv/yr,2045,21.097296100091445
canoe,reference,ontario,emissions|transportation|gasoline,Mt CO2-equiv/yr,2050,18.361461358900094
canoe,reference,ontario,emissions|transportation|gasoline,Mt CO2/yr,2025,32.711392837545006
canoe,reference,ontario,emissions|transportation|gasoline,Mt CO2/yr,2030,23.69921871796728
canoe,reference,ontario,emissions|transportation|gasoline,Mt CO2/yr,2035,17.040166011292218
canoe,reference,ontario,emissions|transportation|gasoline,Mt CO2/yr,2040,17.844835070255893
canoe,reference,ontario,emissions|transportation|gasoline,Mt CO2/yr,2045,20.305554284627995
canoe,reference,ontario,emissions|transportation|gasoline,Mt CO2/yr,2050,17.672390272165217
canoe,reference,ontario,emissions|transportation|gasoline,kt CH4/yr,2025,38.58343797382602
canoe,reference,ontario,emissions|transportation|gasoline,kt CH4/yr,2030,27.95348213920483
canoe,reference,ontario,emissions|transportation|gasoline,kt CH4/yr,2035,20.09905819741715
canoe,reference,ontario,emissions|transportation|gasoline,kt CH4/yr,2040,21.048173965130573
canoe,reference,ontario,emissions|transportation|gasoline,kt CH4/yr,2045,23.950618616455706
canoe,reference,ontario,emissions|transportation|gasoline,kt CH4/yr,2050,20.84477348004319
canoe,reference,ontario,emissions|transportation|gasoline,kt N2O/yr,2025,0.7147489352423826
canoe,reference,ontario,emissions|transportation|gasoline,kt N2O/yr,2030,0.517831552721334
canoe,reference,ontario,emissions|transportation|gasoline,kt N2O/yr,2035,0.37233023287670614
canoe,reference,ontario,emissions|transportation|gasoline,kt N2O/yr,2040,0.3899123748531447
canoe,reference,ontario,emissions|transportation|gasoline,kt N2O/yr,2045,0.44367946594393576
canoe,reference,ontario,emissions|transportation|gasoline,kt N2O/yr,2050,0.38614442964715734
canoe,reference,ontario,emissions|transportation|jet fuel,Mt CO2-equiv/yr,2025,8.379721682505012
canoe,reference,ontario,emissions|transportation|jet fuel,Mt CO2-equiv/yr,2030,8.537136519890502
canoe,reference,ontario,emissions|transportation|jet fuel,Mt CO2-equiv/yr,2035,8.6915664426444
canoe,reference,ontario,emissions|transportation|jet fuel,Mt CO2-equiv/yr,2040,8.904051806632127
canoe,reference,ontario,emissions|transportation|jet fuel,Mt CO2-equiv/yr,2045,9.300584437539031
canoe,reference,ontario,emissions|transportation|jet fuel,Mt CO2-equiv/yr,2050,9.95902711864092
canoe,reference,ontario,emissions|transportation|jet fuel,Mt CO2/yr,2025,8.170033168630363
canoe,reference,ontario,emissions|transportation|jet fuel,Mt CO2/yr,2030,8.32350896310204
canoe,reference,ontario,emissions|transportation|jet fuel,Mt CO2/yr,2035,8.474074535436324
canoe,reference,ontario,emissions|transportation|jet fuel,Mt CO2/yr,2040,8.681242808727863
canoe,reference,ontario,emissions|transportation|jet fuel,Mt CO2/yr,2045,9.067852874037955
canoe,reference,ontario,emissions|transportation|jet fuel,Mt CO2/yr,2050,9.709819128773542
canoe,reference,ontario,emissions|transportation|jet fuel,kt CH4/yr,2025,0.2579439254273113
canoe,reference,ontario,emissions|transportation|jet fuel,kt CH4/yr,2030,0.26278945641439505
canoe,reference,ontario,emissions|transportation|jet fuel,kt CH4/yr,2035,0.2675431059970228
canoe,reference,ontario,emissions|transportation|jet fuel,kt CH4/yr,2040,0.27408381354788036
canoe,reference,ontario,emissions|transportation|jet fuel,kt CH4/yr,2045,0.2862898494105858
canoe,reference,ontario,emissions|transportation|jet fuel,kt CH4/yr,2050,0.3065579795785477
canoe,reference,ontario,emissions|transportation|jet fuel,kt N2O/yr,2025,0.7416340071893245
canoe,reference,ontario,emissions|transportation|jet fuel,kt N2O/yr,2030,0.7555657582742074
canoe,reference,ontario,emissions|transportation|jet fuel,kt N2O/yr,2035,0.7692333342130391
canoe,reference,ontario,emissions|transportation|jet fuel,kt N2O/yr,2040,0.788039015109614
canoe,reference,ontario,emissions|transportation|jet fuel,kt N2O/yr,2045,0.8231335081230026
canoe,reference,ontario,emissions|transportation|jet fuel,kt N2O/yr,2050,0.8814079356746464
canoe,reference,ontario,emissions|transportation|natural gas,Mt CO2-equiv/yr,2025,2.058955326123137
canoe,reference,ontario,emissions|transportation|natural gas,Mt CO2-equiv/yr,2030,3.5943331585536757
canoe,reference,ontario,emissions|transportation|natural gas,Mt CO2-equiv/yr,2035,3.681993196742665
canoe,reference,ontario,emissions|transportation|natural gas,Mt CO2-equiv/yr,2040,4.007695586443793
canoe,reference,ontario,emissions|transportation|natural gas,Mt CO2-equiv/yr,2045,3.9628861451809034
canoe,reference,ontario,emissions|transportation|natural gas,Mt CO2-equiv/yr,2050,3.2467822914288718
canoe,reference,ontario,emissions|transportation|natural gas,Mt CO2/yr,2025,2.048322047035057
canoe,reference,ontario,emissions|transportation|natural gas,Mt CO2/yr,2030,3.5757705665801987
canoe,reference,ontario,emissions|transportation|natural gas,Mt CO2/yr,2035,3.6629778928336214
canoe,reference,ontario,emissions|transportation|natural gas,Mt CO2/yr,2040,3.9869982234995645
canoe,reference,ontario,emissions|transportation|natural gas,Mt CO2/yr,2045,3.942420196337158
canoe,reference,ontario,emissions|transportation|natural gas,Mt CO2/yr,2050,3.2300145928756425
canoe,reference,ontario,emissions|transportation|natural gas,kt CH4/yr,2025,0.039166881539428655
canoe,reference,ontario,emissions|transportation|natural gas,kt CH4/yr,2030,0.06837390750939144
canoe,reference,ontario,emissions|transportation|natural gas,kt CH4/yr,2035,0.07004143777968377
canoe,reference,ontario,emissions|transportation|natural gas,kt CH4/yr,2040,0.07623717537179217
canoe,reference,ontario,emissions|transportation|natural gas,kt CH4/yr,2045,0.07538477898634158
canoe,reference,ontario,emissions|transportation|natural gas,kt CH4/yr,2050,0.061762552970080375
canoe,reference,ontario,emissions|transportation|natural gas,kt N2O/yr,2025,0.034932624073572345
canoe,reference,ontario,emissions|transportation|natural gas,kt N2O/yr,2030,0.06098213372086651
canoe,reference,ontario,emissions|transportation|natural gas,kt N2O/yr,2035,0.06246939044833367
canoe,reference,ontario,emissions|transportation|natural gas,kt N2O/yr,2040,0.0679953185706873
canoe,reference,ontario,emissions|transportation|natural gas,kt N2O/yr,2045,0.06723507314587243
canoe,reference,ontario,emissions|transportation|natural gas,kt N2O/yr,2050,0.05508552021319259
canoe,reference,ontario,emissions|transportation|oil,Mt CO2-equiv/yr,2025,0.6682174734176823
canoe,reference,ontario,emissions|transportation|oil,Mt CO2-equiv/yr,2030,0.7366327075753326
canoe,reference,ontario,emissions|transportation|oil,Mt CO2-equiv/yr,2035,0.7824430710770578
canoe,reference,ontario,emissions|transportation|oil,Mt CO2-equiv/yr,2040,0.8109044687981168
canoe,reference,ontario,emissions|transportation|oil,Mt CO2-equiv/yr,2045,0.7960406687885184
canoe,reference,ontario,emissions|transportation|oil,Mt CO2-equiv/yr,2050,0.8186674918404622
canoe,reference,ontario,emissions|transportation|oil,Mt CO2/yr,2025,0.6660710501710237
canoe,reference,ontario,emissions|transportation|oil,Mt CO2/yr,2030,0.7342665234650881
canoe,reference,ontario,emissions|transportation|oil,Mt CO2/yr,2035,0.77992973662569
canoe,reference,ontario,emissions|transportation|oil,Mt CO2/yr,2040,0.8082997117064693
canoe,reference,ontario,emissions|transportation|oil,Mt CO2/yr,2045,0.7934836566409101
canoe,reference,ontario,emissions|transportation|oil,Mt CO2/yr,2050,0.8160377986557232
canoe,reference,ontario,emissions|upstream|diesel,Mt CO2/yr,2025,4.765577099760574
canoe,reference,ontario,emissions|upstream|diesel,Mt CO2/yr,2030,4.234243366453936
canoe,reference,ontario,emissions|upstream|diesel,Mt CO2/yr,2035,3.290254350522965
canoe,reference,ontario,emissions|upstream|diesel,Mt CO2/yr,2040,2.2129636991057016
canoe,reference,ontario,emissions|upstream|diesel,Mt CO2/yr,2045,2.0684540485222467
canoe,reference,ontario,emissions|upstream|diesel,Mt CO2/yr,2050,2.1226133258181807
canoe,reference,ontario,emissions|upstream|gasoline,Mt CO2/yr,2025,7.621771534686103
canoe,reference,ontario,emissions|upstream|gasoline,Mt CO2/yr,2030,5.567264541962495
canoe,reference,ontario,emissions|upstream|gasoline,Mt CO2/yr,2035,4.035927037504697
canoe,reference,ontario,emissions|upstream|gasoline,Mt CO2/yr,2040,4.216673292358545
canoe,reference,ontario,emissions|upstream|gasoline,Mt CO2/yr,2045,4.781454966349075
canoe,reference,ontario,emissions|upstream|gasoline,Mt CO2/yr,2050,4.179746867112234
canoe,reference,ontario,emissions|upstream|jet fuel,Mt CO2/yr,2025,1.808863454944252
canoe,reference,ontario,emissions|upstream|jet fuel,Mt CO2/yr,2030,1.8428433625978522
canoe,reference,ontario,emissions|upstream|jet fuel,Mt CO2/yr,2035,1.8761789405356812
canoe,reference,ontario,emissions|upstream|jet fuel,Mt CO2/yr,2040,1.9220464834237914
canoe,reference,ontario,emissions|upstream|jet fuel,Mt CO2/yr,2045,2.00764283191232
canoe,reference,ontario,emissions|upstream|jet fuel,Mt CO2/yr,2050,2.1497755594252363
canoe,reference,ontario,emissions|upstream|lpg,Mt CO2/yr,2025,0.09148545929860454
canoe,reference,ontario,emissions|upstream|lpg,Mt CO2/yr,2030,0.06413083304625757
canoe,reference,ontario,emissions|upstream|lpg,Mt CO2/yr,2035,0.03687226330432342
canoe,reference,ontario,emissions|upstream|natural gas,Mt CO2/yr,2025,4.055860928026404
canoe,reference,ontario,emissions|upstream|natural gas,Mt CO2/yr,2030,4.702843127822231
canoe,reference,ontario,emissions|upstream|natural gas,Mt CO2/yr,2035,4.451508388862225
canoe,reference,ontario,emissions|upstream|natural gas,Mt CO2/yr,2040,4.674639569208429
canoe,reference,ontario,emissions|upstream|natural gas,Mt CO2/yr,2045,4.997749304289104
canoe,reference,ontario,emissions|upstream|natural gas,Mt CO2/yr,2050,5.276755806867605
canoe,reference,ontario,emissions|upstream|oil,Mt CO2/yr,2025,5.5167950130653285
canoe,reference,ontario,emissions|upstream|oil,Mt CO2/yr,2030,5.4227498988440415
canoe,reference,ontario,emissions|upstream|oil,Mt CO2/yr,2035,5.374022877789471
canoe,reference,ontario,emissions|upstream|oil,Mt CO2/yr,2040,5.384267267196448
canoe,reference,ontario,emissions|upstream|oil,Mt CO2/yr,2045,5.425176420090644
canoe,reference,ontario,emissions|upstream|oil,Mt CO2/yr,2050,5.522724955034769
canoe,reference,prince edward island,emissions|agriculture|diesel,Mt CO2-equiv/yr,2025,0.11746434588983372
canoe,reference,prince edward island,emissions|agriculture|diesel,Mt CO2-equiv/yr,2030,0.12979123782215457
canoe,reference,prince edward island,emissions|agriculture|diesel,Mt CO2-equiv/yr,2035,0.12581675638517045
canoe,reference,prince edward island,emissions|agriculture|diesel,Mt CO2-equiv/yr,2040,0.1220600927501285
canoe,reference,prince edward island,emissions|agriculture|diesel,Mt CO2-equiv/yr,2045,0.12245098839357392
canoe,reference,prince edward island,emissions|agriculture|diesel,Mt CO2-equiv/yr,2050,0.12464789400196717
canoe,reference,prince edward island,emissions|agriculture|diesel,Mt CO2/yr,2025,0.11268089813364864
canoe,reference,prince edward island,emissions|agriculture|diesel,Mt CO2/yr,2030,0.12450580758688005
canoe,reference,prince edward island,emissions|agriculture|diesel,Mt CO2/yr,2035,0.12069317717088211
canoe,reference,prince edward island,emissions|agriculture|diesel,Mt CO2/yr,2040,0.11708949446038926
canoe,reference,prince edward island,emissions|agriculture|diesel,Mt CO2/yr,2045,0.11746447183625845
canoe,reference,prince edward island,emissions|agriculture|diesel,Mt CO2/yr,2050,0.1195719138450938
canoe,reference,prince edward island,emissions|agriculture|diesel,kt N2O/yr,2025,0.016943519753929017
canoe,reference,prince edward island,emissions|agriculture|diesel,kt N2O/yr,2030,0.018721599182011054
canoe,reference,prince edward island,emissions|agriculture|diesel,kt N2O/yr,2035,0.018148304330462467
canoe,reference,prince edward island,emissions|agriculture|diesel,kt N2O/yr,2040,0.01760642837629935
canoe,reference,prince edward island,emissions|agriculture|diesel,kt N2O/yr,2045,0.017662812703017977
canoe,reference,prince edward island,emissions|agriculture|diesel,kt N2O/yr,2050,0.01797970301804377
canoe,reference,prince edward island,emissions|commercial|oil,Mt CO2-equiv/yr,2025,0.011075971691580495
canoe,reference,prince edward island,emissions|commercial|oil,Mt CO2/yr,2025,0.010624929875152641
canoe,reference,prince edward island,emissions|electricity|natural gas,Mt CO2-equiv/yr,2025,0.3184071616654113
canoe,reference,prince edward island,emissions|electricity|natural gas,Mt CO2-equiv/yr,2030,0.39027234166265384
canoe,reference,prince edward island,emissions|electricity|natural gas,Mt CO2-equiv/yr,2035,0.47774987415416303
canoe,reference,prince edward island,emissions|electricity|natural gas,Mt CO2-equiv/yr,2040,0.6067374909930205
canoe,reference,prince edward island,emissions|electricity|natural gas,Mt CO2-equiv/yr,2045,0.572690917014649
canoe,reference,prince edward island,emissions|electricity|natural gas,Mt CO2-equiv/yr,2050,0.5240093650821424
canoe,reference,prince edward island,emissions|electricity|natural gas,Mt CO2/yr,2025,0.3140098872661523
canoe,reference,prince edward island,emissions|electricity|natural gas,Mt CO2/yr,2030,0.38488259299068334
canoe,reference,prince edward island,emissions|electricity|natural gas,Mt CO2/yr,2035,0.47115204111586323
canoe,reference,prince edward island,emissions|electricity|natural gas,Mt CO2/yr,2040,0.5983583100026826
canoe,reference,prince edward island,emissions|electricity|natural gas,Mt CO2/yr,2045,0.5647819268559323
canoe,reference,prince edward island,emissions|electricity|natural gas,Mt CO2/yr,2050,0.5167726780868009
canoe,reference,prince edward island,emissions|electricity|natural gas,kt CH4/yr,2025,0.07951671562813421
canoe,reference,prince edward island,emissions|electricity|natural gas,kt CH4/yr,2030,0.09746380906509124
canoe,reference,prince edward island,emissions|electricity|natural gas,kt CH4/yr,2035,0.11930981918180976
canoe,reference,prince edward island,emissions|electricity|natural gas,kt CH4/yr,2040,0.1515222593608535
canoe,reference,prince edward island,emissions|electricity|natural gas,kt CH4/yr,2045,0.14301971272531247
canoe,reference,prince edward island,emissions|electricity|natural gas,kt CH4/yr,2050,0.13086233190163274
canoe,reference,prince edward island,emissions|electricity|natural gas,kt N2O/yr,2035,0.011930981918180978
canoe,reference,prince edward island,emissions|electricity|natural gas,kt N2O/yr,2040,0.015152225936085352
canoe,reference,prince edward island,emissions|electricity|natural gas,kt N2O/yr,2045,0.01430197127253125
canoe,reference,prince edward island,emissions|electricity|natural gas,kt N2O/yr,2050,0.013086233190163273
canoe,reference,prince edward island,emissions|industrial|natural gas,Mt CO2-equiv/yr,2025,0.06935415172988785
canoe,reference,prince edward island,emissions|industrial|natural gas,Mt CO2-equiv/yr,2030,0.0730043699941183
canoe,reference,prince edward island,emissions|industrial|natural gas,Mt CO2-equiv/yr,2035,0.07509020913488962
canoe,reference,prince edward island,emissions|industrial|natural gas,Mt CO2-equiv/yr,2040,0.07821896796055393
canoe,reference,prince edward island,emissions|industrial|natural gas,Mt CO2-equiv/yr,2045,0.08186918635159592
canoe,reference,prince edward island,emissions|industrial|natural gas,Mt CO2-equiv/yr,2050,0.08656232444913411
canoe,reference,prince edward island,emissions|industrial|natural gas,Mt CO2/yr,2025,0.06899597880505343
canoe,reference,prince edward island,emissions|industrial|natural gas,Mt CO2/yr,2030,0.07262734586399373
canoe,reference,prince edward island,emissions|industrial|natural gas,Mt CO2/yr,2035,0.0747024128867714
canoe,reference,prince edward island,emissions|industrial|natural gas,Mt CO2/yr,2040,0.07781501353485386
canoe,reference,prince edward island,emissions|industrial|natural gas,Mt CO2/yr,2045,0.0814463807199508
canoe,reference,prince edward island,emissions|industrial|natural gas,Mt CO2/yr,2050,0.08611528155184421
canoe,reference,prince edward island,emissions|industrial|oil,Mt CO2-equiv/yr,2025,0.1408565551242808
canoe,reference,prince edward island,emissions|industrial|oil,Mt CO2-equiv/yr,2030,0.1445438991349394
canoe,reference,prince edward island,emissions|industrial|oil,Mt CO2-equiv/yr,2035,0.1467563057450293
canoe,reference,prince edward island,emissions|industrial|oil,Mt CO2-equiv/yr,2040,0.15118111897560824
canoe,reference,prince edward island,emissions|industrial|oil,Mt CO2-equiv/yr,2045,0.15929327684340683
canoe,reference,prince edward island,emissions|industrial|oil,Mt CO2-equiv/yr,2050,0.1688803721931944
canoe,reference,prince edward island,emissions|industrial|oil,Mt CO2/yr,2025,0.1404041009512155
canoe,reference,prince edward island,emissions|industrial|oil,Mt CO2/yr,2030,0.14407960061296413
canoe,reference,prince edward island,emissions|industrial|oil,Mt CO2/yr,2035,0.14628490061305374
canoe,reference,prince edward island,emissions|industrial|oil,Mt CO2/yr,2040,0.15069550062359868
canoe,reference,prince edward island,emissions|industrial|oil,Mt CO2/yr,2045,0.15878160092044072
canoe,reference,prince edward island,emissions|industrial|oil,Mt CO2/yr,2050,0.16833790096010046
canoe,reference,prince edward island,emissions|residential|natural gas,Mt CO2-equiv/yr,2030,0.017987987065238527
canoe,reference,prince edward island,emissions|residential|natural gas,Mt CO2-equiv/yr,2035,0.02647679865365019
canoe,reference,prince edward island,emissions|residential|natural gas,Mt CO2-equiv/yr,2040,0.02938719691320671
canoe,reference,prince edward island,emissions|residential|natural gas,Mt CO2-equiv/yr,2045,0.03060032289088935
canoe,reference,prince edward island,emissions|residential|natural gas,Mt CO2-equiv/yr,2050,0.031861538479052424
canoe,reference,prince edward island,emissions|residential|natural gas,Mt CO2/yr,2030,0.017890067835635473
canoe,reference,prince edward island,emissions|residential|natural gas,Mt CO2/yr,2035,0.02633266981271219
canoe,reference,prince edward island,emissions|residential|natural gas,Mt CO2/yr,2040,0.029227225056906274
canoe,reference,prince edward island,emissions|residential|natural gas,Mt CO2/yr,2045,0.03043374727393936
canoe,reference,prince edward island,emissions|residential|natural gas,Mt CO2/yr,2050,0.03168809732132189
canoe,reference,prince edward island,emissions|residential|oil,Mt CO2-equiv/yr,2025,0.11681381260013311
canoe,reference,prince edward island,emissions|residential|oil,Mt CO2-equiv/yr,2030,0.08075222346551605
canoe,reference,prince edward island,emissions|residential|oil,Mt CO2-equiv/yr,2035,0.04317482272211313
canoe,reference,prince edward island,emissions|residential|oil,Mt CO2-equiv/yr,2040,0.016863143450304742
canoe,reference,prince edward island,emissions|residential|oil,Mt CO2/yr,2025,0.11205685621868279
canoe,reference,prince edward island,emissions|residential|oil,Mt CO2/yr,2030,0.07746378696832265
canoe,reference,prince edward island,emissions|residential|oil,Mt CO2/yr,2035,0.041416633823947606
canoe,reference,prince edward island,emissions|residential|oil,Mt CO2/yr,2040,0.0161764332397423
canoe,reference,prince edward island,emissions|residential|oil,kt N2O/yr,2025,0.016849684270820228
canoe,reference,prince edward island,emissions|residential|oil,kt N2O/yr,2030,0.011648018665552186
canoe,reference,prince edward island,emissions|residential|wood,Mt CO2-equiv/yr,2025,0.21894305689518478
canoe,reference,prince edward island,emissions|residential|wood,Mt CO2-equiv/yr,2030,0.311407108832629
canoe,reference,prince edward island,emissions|residential|wood,Mt CO2-equiv/yr,2035,0.3981395189624742
canoe,reference,prince edward island,emissions|residential|wood,Mt CO2-equiv/yr,2040,0.47099388899668915
canoe,reference,prince edward island,emissions|residential|wood,Mt CO2-equiv/yr,2045,0.5258623822308622
canoe,reference,prince edward island,emissions|residential|wood,Mt CO2-equiv/yr,2050,0.5475674310548179
canoe,reference,prince edward island,emissions|residential|wood,Mt CO2/yr,2025,0.1805578874053767
canoe,reference,prince edward island,emissions|residential|wood,Mt CO2/yr,2030,0.25681111103127346
canoe,reference,prince edward island,emissions|residential|wood,Mt CO2/yr,2035,0.3283375661959083
canoe,reference,prince edward island,emissions|residential|wood,Mt CO2/yr,2040,0.3884190838661621
canoe,reference,prince edward island,emissions|residential|wood,Mt CO2/yr,2045,0.43366801463367793
canoe,reference,prince edward island,emissions|residential|wood,Mt CO2/yr,2050,0.4515677270852134
canoe,reference,prince edward island,emissions|residential|wood,kt CH4/yr,2025,0.5818854124044794
canoe,reference,prince edward island,emissions|residential|wood,kt CH4/yr,2030,0.8276273133224266
canoe,reference,prince edward island,emissions|residential|wood,kt CH4/yr,2035,1.0581362180254434
canoe,reference,prince edward island,emissions|residential|wood,kt CH4/yr,2040,1.2517614270363993
canoe,reference,prince edward island,emissions|residential|wood,kt CH4/yr,2045,1.3975855343012564
canoe,reference,prince edward island,emissions|residential|wood,kt CH4/yr,2050,1.4552710871810315
canoe,reference,prince edward island,emissions|residential|wood,kt N2O/yr,2025,0.08092446132777528
canoe,reference,prince edward island,emissions|residential|wood,kt N2O/yr,2030,0.11510048728325137
canoe,reference,prince edward island,emissions|residential|wood,kt N2O/yr,2035,0.14715801707638618
canoe,reference,prince edward island,emissions|residential|wood,kt N2O/yr,2040,0.1740860262765853
canoe,reference,prince edward island,emissions|residential|wood,kt N2O/yr,2045,0.19436620013461184
canoe,reference,prince edward island,emissions|residential|wood,kt N2O/yr,2050,0.20238869424371964
canoe,reference,prince edward island,emissions|transportation|diesel,Mt CO2-equiv/yr,2025,2.750189043028836
canoe,reference,prince edward island,emissions|transportation|diesel,Mt CO2-equiv/yr,2030,2.331621829204398
canoe,reference,prince edward island,emissions|transportation|diesel,Mt CO2-equiv/yr,2035,1.6972023295620575
canoe,reference,prince edward island,emissions|transportation|diesel,Mt CO2-equiv/yr,2040,0.799365348051941
canoe,reference,prince edward island,emissions|transportation|diesel,Mt CO2-equiv/yr,2045,0.5640049044657796
canoe,reference,prince edward island,emissions|transportation|diesel,Mt CO2-equiv/yr,2050,0.4826112859877878
canoe,reference,prince edward island,emissions|transportation|diesel,Mt CO2/yr,2025,2.642543800719799
canoe,reference,prince edward island,emissions|transportation|diesel,Mt CO2/yr,2030,2.2403503187628235
canoe,reference,prince edward island,emissions|transportation|diesel,Mt CO2/yr,2035,1.630765225904112
canoe,reference,prince edward island,emissions|transportation|diesel,Mt CO2/yr,2040,0.7680741492704423
canoe,reference,prince edward island,emissions|transportation|diesel,Mt CO2/yr,2045,0.5419269004602244
canoe,reference,prince edward island,emissions|transportation|diesel,Mt CO2/yr,2050,0.463719432497447
canoe,reference,prince edward island,emissions|transportation|diesel,kt CH4/yr,2025,0.1268772360924722
canoe,reference,prince edward island,emissions|transportation|diesel,kt CH4/yr,2030,0.10757890303110017
canoe,reference,prince edward island,emissions|transportation|diesel,kt CH4/yr,2035,0.07830736249742182
canoe,reference,prince edward island,emissions|transportation|diesel,kt CH4/yr,2040,0.03688196864460518
canoe,reference,prince edward island,emissions|transportation|diesel,kt CH4/yr,2045,0.026022652627696156
canoe,reference,prince edward island,emissions|transportation|diesel,kt CH4/yr,2050,0.022267241791716953
canoe,reference,prince edward island,emissions|transportation|diesel,kt N2O/yr,2025,0.3812918216329168
canoe,reference,prince edward island,emissions|transportation|diesel,kt N2O/yr,2030,0.3232941424763335
canoe,reference,prince edward island,emissions|transportation|diesel,kt N2O/yr,2035,0.23532782962450602
canoe,reference,prince edward island,emissions|transportation|diesel,kt N2O/yr,2040,0.11083700965083343
canoe,reference,prince edward island,emissions|transportation|diesel,kt N2O/yr,2045,0.07820281862117008
canoe,reference,prince edward island,emissions|transportation|diesel,kt N2O/yr,2050,0.06691709968495249
canoe,reference,prince edward island,emissions|transportation|ethanol,Mt CO2-equiv/yr,2025,0.41466219564758994
canoe,reference,prince edward island,emissions|transportation|ethanol,Mt CO2-equiv/yr,2030,0.433529117981244
canoe,reference,prince edward island,emissions|transportation|ethanol,Mt CO2-equiv/yr,2035,0.3148568370777296
canoe,reference,prince edward island,emissions|transportation|ethanol,Mt CO2-equiv/yr,2040,0.29243203128414597
canoe,reference,prince edward island,emissions|transportation|ethanol,Mt CO2-equiv/yr,2045,0.28204280389279673
canoe,reference,prince edward island,emissions|transportation|ethanol,Mt CO2-equiv/yr,2050,0.25481096652729235
canoe,reference,prince edward island,emissions|transportation|ethanol,Mt CO2/yr,2025,0.41466219564758994
canoe,reference,prince edward island,emissions|transportation|ethanol,Mt CO2/yr,2030,0.433529117981244
canoe,reference,prince edward island,emissions|transportation|ethanol,Mt CO2/yr,2035,0.3148568370777296
canoe,reference,prince edward island,emissions|transportation|ethanol,Mt CO2/yr,2040,0.29243203128414597
canoe,reference,prince edward island,emissions|transportation|ethanol,Mt CO2/yr,2045,0.28204280389279673
canoe,reference,prince edward island,emissions|transportation|ethanol,Mt CO2/yr,2050,0.25481096652729235
canoe,reference,prince edward island,emissions|transportation|gasoline,Mt CO2-equiv/yr,2025,3.512665256718298
canoe,reference,prince edward island,emissions|transportation|gasoline,Mt CO2-equiv/yr,2030,2.5721183016222344
canoe,reference,prince edward island,emissions|transportation|gasoline,Mt CO2-equiv/yr,2035,1.8680383841565988
canoe,reference,prince edward island,emissions|transportation|gasoline,Mt CO2-equiv/yr,2040,1.7349925263360497
canoe,reference,prince edward island,emissions|transportation|gasoline,Mt CO2-equiv/yr,2045,1.6733534787965463
canoe,reference,prince edward island,emissions|transportation|gasoline,Mt CO2-equiv/yr,2050,1.511787613046223
canoe,reference,prince edward island,emissions|transportation|gasoline,Mt CO2/yr,2025,3.380841540812946
canoe,reference,prince edward island,emissions|transportation|gasoline,Mt CO2/yr,2030,2.475591542740354
canoe,reference,prince edward island,emissions|transportation|gasoline,Mt CO2/yr,2035,1.7979344194299935
canoe,reference,prince edward island,emissions|transportation|gasoline,Mt CO2/yr,2040,1.6698815222481436
canoe,reference,prince edward island,emissions|transportation|gasoline,Mt CO2/yr,2045,1.6105556721520866
canoe,reference,prince edward island,emissions|transportation|gasoline,Mt CO2/yr,2050,1.4550530692606247
canoe,reference,prince edward island,emissions|transportation|gasoline,kt CH4/yr,2025,3.987738783766218
canoe,reference,prince edward island,emissions|transportation|gasoline,kt CH4/yr,2030,2.9199867218194333
canoe,reference,prince edward island,emissions|transportation|gasoline,kt CH4/yr,2035,2.1206828916640625
canoe,reference,prince edward island,emissions|transportation|gasoline,kt CH4/yr,2040,1.9696431288413117
canoe,reference,prince edward island,emissions|transportation|gasoline,kt CH4/yr,2045,1.8996676536668495
canoe,reference,prince edward island,emissions|transportation|gasoline,kt CH4/yr,2050,1.7162506691554218
canoe,reference,prince edward island,emissions|transportation|gasoline,kt N2O/yr,2025,0.07387190461501071
canoe,reference,prince edward island,emissions|transportation|gasoline,kt N2O/yr,2030,0.054092053739693675
canoe,reference,prince edward island,emissions|transportation|gasoline,kt N2O/yr,2035,0.039285141978065145
canoe,reference,prince edward island,emissions|transportation|gasoline,kt N2O/yr,2040,0.03648716659468803
canoe,reference,prince edward island,emissions|transportation|gasoline,kt N2O/yr,2045,0.03519088769885828
canoe,reference,prince edward island,emissions|transportation|gasoline,kt N2O/yr,2050,0.03179313204852343
canoe,reference,prince edward island,emissions|transportation|jet fuel,Mt CO2-equiv/yr,2025,1.1660921770904091
canoe,reference,prince edward island,emissions|transportation|jet fuel,Mt CO2-equiv/yr,2030,1.0981938434125464
canoe,reference,prince edward island,emissions|transportation|jet fuel,Mt CO2-equiv/yr,2035,1.0510753925137537
canoe,reference,prince edward island,emissions|transportation|jet fuel,Mt CO2-equiv/yr,2040,1.0096343177746827
canoe,reference,prince edward island,emissions|transportation|jet fuel,Mt CO2-equiv/yr,2045,0.9905554162502508
canoe,reference,prince edward island,emissions|transportation|jet fuel,Mt CO2-equiv/yr,2050,0.9928327990981801
canoe,reference,prince edward island,emissions|transportation|jet fuel,Mt CO2/yr,2025,1.136912671503077
canoe,reference,prince edward island,emissions|transportation|jet fuel,Mt CO2/yr,2030,1.0707133800157445
canoe,reference,prince edward island,emissions|transportation|jet fuel,Mt CO2/yr,2035,1.024773989510529
canoe,reference,prince edward island,emissions|transportation|jet fuel,Mt CO2/yr,2040,0.9843699083262137
canoe,reference,prince edward island,emissions|transportation|jet fuel,Mt CO2/yr,2045,0.9657684243889757
canoe,reference,prince edward island,emissions|transportation|jet fuel,Mt CO2/yr,2050,0.9679888195417288
canoe,reference,prince edward island,emissions|transportation|jet fuel,kt CH4/yr,2025,0.035894556521698616
canoe,reference,prince edward island,emissions|transportation|jet fuel,kt CH4/yr,2030,0.03380451542219449
canoe,reference,prince edward island,emissions|transportation|jet fuel,kt CH4/yr,2035,0.032354119019380394
canoe,reference,prince edward island,emissions|transportation|jet fuel,kt CH4/yr,2040,0.031078483157339794
canoe,reference,prince edward island,emissions|transportation|jet fuel,kt CH4/yr,2045,0.030491197930155263
canoe,reference,prince edward island,emissions|transportation|jet fuel,kt CH4/yr,2050,0.0305613001475979
canoe,reference,prince edward island,emissions|transportation|jet fuel,kt N2O/yr,2025,0.10320314287444905
canoe,reference,prince edward island,emissions|transportation|jet fuel,kt N2O/yr,2030,0.09719390829663214
canoe,reference,prince edward island,emissions|transportation|jet fuel,kt N2O/yr,2035,0.09302376436147239
canoe,reference,prince edward island,emissions|transportation|jet fuel,kt N2O/yr,2040,0.08935608761927992
canoe,reference,prince edward island,emissions|transportation|jet fuel,kt N2O/yr,2045,0.0876675396308812
canoe,reference,prince edward island,emissions|transportation|jet fuel,kt N2O/yr,2050,0.08786909579603885
canoe,reference,prince edward island,emissions|transportation|natural gas,Mt CO2-equiv/yr,2025,1.192264597227205
canoe,reference,prince edward island,emissions|transportation|natural gas,Mt CO2-equiv/yr,2030,1.1918960269433765
canoe,reference,prince edward island,emissions|transportation|natural gas,Mt CO2-equiv/yr,2035,1.1916670062843568
canoe,reference,prince edward island,emissions|transportation|natural gas,Mt CO2-equiv/yr,2040,1.335616862331356
canoe,reference,prince edward island,emissions|transportation|natural gas,Mt CO2-equiv/yr,2045,1.3120785578713954
canoe,reference,prince edward island,emissions|transportation|natural gas,Mt CO2-equiv/yr,2050,1.3085718414834306
canoe,reference,prince edward island,emissions|transportation|natural gas,Mt CO2/yr,2025,1.1861072600337725
canoe,reference,prince edward island,emissions|transportation|natural gas,Mt CO2/yr,2030,1.185740593196144
canoe,reference,prince edward island,emissions|transportation|natural gas,Mt CO2/yr,2035,1.1855127552925504
canoe,reference,prince edward island,emissions|transportation|natural gas,Mt CO2/yr,2040,1.3287191959897282
canoe,reference,prince edward island,emissions|transportation|natural gas,Mt CO2/yr,2045,1.3053024528659498
canoe,reference,prince edward island,emissions|transportation|natural gas,Mt CO2/yr,2050,1.3018138465814744
canoe,reference,prince edward island,emissions|transportation|natural gas,kt CH4/yr,2025,0.022680087154285253
canoe,reference,prince edward island,emissions|transportation|natural gas,kt CH4/yr,2030,0.022673075953768898
canoe,reference,prince edward island,emissions|transportation|natural gas,kt CH4/yr,2035,0.022668719363362053
canoe,reference,prince edward island,emissions|transportation|natural gas,kt CH4/yr,2040,0.02540703373467321
canoe,reference,prince edward island,emissions|transportation|natural gas,kt CH4/yr,2045,0.024959271721226226
canoe,reference,prince edward island,emissions|transportation|natural gas,kt CH4/yr,2050,0.024892564520920715
canoe,reference,prince edward island,emissions|transportation|natural gas,kt N2O/yr,2025,0.020228185839072578
canoe,reference,prince edward island,emissions|transportation|natural gas,kt N2O/yr,2030,0.020221932606179993
canoe,reference,prince edward island,emissions|transportation|natural gas,kt N2O/yr,2035,0.020218046998520076
canoe,reference,prince edward island,emissions|transportation|natural gas,kt N2O/yr,2040,0.022660327383594317
canoe,reference,prince edward island,emissions|transportation|natural gas,kt N2O/yr,2045,0.022260972074328166
canoe,reference,prince edward island,emissions|transportation|natural gas,kt N2O/yr,2050,0.02220147646324851
canoe,reference,prince edward island,emissions|transportation|oil,Mt CO2-equiv/yr,2025,1.2448532360877764
canoe,reference,prince edward island,emissions|transportation|oil,Mt CO2-equiv/yr,2030,1.244859380861665
canoe,reference,prince edward island,emissions|transportation|oil,Mt CO2-equiv/yr,2035,1.2391375584730155
canoe,reference,prince edward island,emissions|transportation|oil,Mt CO2-equiv/yr,2040,1.210318098144554
canoe,reference,prince edward island,emissions|transportation|oil,Mt CO2-equiv/yr,2045,1.1198923939706638
canoe,reference,prince edward island,emissions|transportation|oil,Mt CO2-equiv/yr,2050,1.081232727007188
canoe,reference,prince edward island,emissions|transportation|oil,Mt CO2/yr,2025,1.2408545649501443
canoe,reference,prince edward island,emissions|transportation|oil,Mt CO2/yr,2030,1.2408606899860193
canoe,reference,prince edward island,emissions|transportation|oil,Mt CO2/yr,2035,1.2351572470218488
canoe,reference,prince edward island,emissions|transportation|oil,Mt CO2/yr,2040,1.2064303594890204
canoe,reference,prince edward island,emissions|transportation|oil,Mt CO2/yr,2045,1.1162951173896127
canoe,reference,prince edward island,emissions|transportation|oil,Mt CO2/yr,2050,1.0777596315665285
canoe,reference,prince edward island,emissions|transportation|oil,kt CH4/yr,2025,0.011309652544097356
canoe,reference,prince edward island,emissions|transportation|oil,kt CH4/yr,2030,0.01130970837016233
canoe,reference,prince edward island,emissions|transportation|oil,kt CH4/yr,2035,0.011257724874229885
canoe,reference,prince edward island,emissions|transportation|oil,kt CH4/yr,2040,0.010995896352300963
canoe,reference,prince edward island,emissions|transportation|oil,kt CH4/yr,2045,0.010174367142579792
canoe,reference,prince edward island,emissions|transportation|oil,kt N2O/yr,2025,0.013487182660796697
canoe,reference,prince edward island,emissions|transportation|oil,kt N2O/yr,2030,0.013487249235462241
canoe,reference,prince edward island,emissions|transportation|oil,kt N2O/yr,2035,0.013425256976880115
canoe,reference,prince edward island,emissions|transportation|oil,kt N2O/yr,2040,0.013113016694758908
canoe,reference,prince edward island,emissions|transportation|oil,kt N2O/yr,2045,0.012133312458091423
canoe,reference,prince edward island,emissions|transportation|oil,kt N2O/yr,2050,0.01171445987786228
canoe,reference,prince edward island,emissions|upstream|diesel,Mt CO2/yr,2025,0.69841784278982
canoe,reference,prince edward island,emissions|upstream|diesel,Mt CO2/yr,2030,0.599792352183892
canoe,reference,prince edward island,emissions|upstream|diesel,Mt CO2/yr,2035,0.4445229074045704
canoe,reference,prince edward island,emissions|upstream|diesel,Mt CO2/yr,2040,0.2252563417467071
canoe,reference,prince edward island,emissions|upstream|diesel,Mt CO2/yr,2045,0.16812611422570362
canoe,reference,prince edward island,emissions|upstream|diesel,Mt CO2/yr,2050,0.14888189217390907
canoe,reference,prince edward island,emissions|upstream|gasoline,Mt CO2/yr,2025,0.7799364892958452
canoe,reference,prince edward island,emissions|upstream|gasoline,Mt CO2/yr,2030,0.5728256509228292
canoe,reference,prince edward island,emissions|upstream|gasoline,Mt CO2/yr,2035,0.4172480749837776
canoe,reference,prince edward island,emissions|upstream|gasoline,Mt CO2/yr,2040,0.3877324383986022
canoe,reference,prince edward island,emissions|upstream|gasoline,Mt CO2/yr,2045,0.37414081682156874
canoe,reference,prince edward island,emissions|upstream|gasoline,Mt CO2/yr,2050,0.33855999595718866
canoe,reference,prince edward island,emissions|upstream|jet fuel,Mt CO2/yr,2025,0.2517150050200093
canoe,reference,prince edward island,emissions|upstream|jet fuel,Mt CO2/yr,2030,0.23705836280014564
canoe,reference,prince edward island,emissions|upstream|jet fuel,Mt CO2/yr,2035,0.22688730710668112
canoe,reference,prince edward island,emissions|upstream|jet fuel,Mt CO2/yr,2040,0.21794178462460018
canoe,reference,prince edward island,emissions|upstream|jet fuel,Mt CO2/yr,2045,0.2138234024556535
canoe,reference,prince edward island,emissions|upstream|jet fuel,Mt CO2/yr,2050,0.21431498253959314
canoe,reference,prince edward island,emissions|upstream|natural gas,Mt CO2/yr,2025,0.0608322279586389
canoe,reference,prince edward island,emissions|upstream|natural gas,Mt CO2/yr,2030,0.06646896903711974
canoe,reference,prince edward island,emissions|upstream|natural gas,Mt CO2/yr,2035,0.07306999369420415
canoe,reference,prince edward island,emissions|upstream|natural gas,Mt CO2/yr,2040,0.0820961230599646
canoe,reference,prince edward island,emissions|upstream|natural gas,Mt CO2/yr,2045,0.07852388226805034
canoe,reference,prince edward island,emissions|upstream|natural gas,Mt CO2/yr,2050,0.07540280919515509
canoe,reference,prince edward island,emissions|upstream|oil,Mt CO2/yr,2025,0.25950175140863335
canoe,reference,prince edward island,emissions|upstream|oil,Mt CO2/yr,2030,0.2503537621491862
canoe,reference,prince edward island,emissions|upstream|oil,Mt CO2/yr,2035,0.2419758237717801
canoe,reference,prince edward island,emissions|upstream|oil,Mt CO2/yr,2040,0.23242103639647307
canoe,reference,prince edward island,emissions|upstream|oil,Mt CO2/yr,2045,0.21508572040599458
canoe,reference,prince edward island,emissions|upstream|oil,Mt CO2/yr,2050,0.21019737999360902
canoe,reference,quebec,emissions|agriculture|diesel,Mt CO2-equiv/yr,2025,1.3707554201008212
canoe,reference,quebec,emissions|agriculture|diesel,Mt CO2-equiv/yr,2030,1.5146131503017333
canoe,reference,quebec,emissions|agriculture|diesel,Mt CO2-equiv/yr,2035,1.4682323762826779
canoe,reference,quebec,emissions|agriculture|diesel,Mt CO2-equiv/yr,2040,1.4243935484080832
canoe,reference,quebec,emissions|agriculture|diesel,Mt CO2-equiv/yr,2045,1.4289551192061578
canoe,reference,quebec,emissions|agriculture|diesel,Mt CO2-equiv/yr,2050,1.4545921221081233
canoe,reference,quebec,emissions|agriculture|diesel,Mt CO2/yr,2025,1.314934763297357
canoe,reference,quebec,emissions|agriculture|diesel,Mt CO2/yr,2030,1.452934239816894
canoe,reference,quebec,emissions|agriculture|diesel,Mt CO2/yr,2035,1.40844220920956
canoe,reference,quebec,emissions|agriculture|diesel,Mt CO2/yr,2040,1.366388610216478
canoe,reference,quebec,emissions|agriculture|diesel,Mt CO2/yr,2045,1.3707644222174176
canoe,reference,quebec,emissions|agriculture|diesel,Mt CO2/yr,2050,1.3953574209743147
canoe,reference,quebec,emissions|agriculture|diesel,kt CH4/yr,2025,0.06579408566462651
canoe,reference,quebec,emissions|agriculture|diesel,kt CH4/yr,2030,0.07269902850531312
canoe,reference,quebec,emissions|agriculture|diesel,kt CH4/yr,2035,0.07047282492861892
canoe,reference,quebec,emissions|agriculture|diesel,kt CH4/yr,2040,0.0683686307344382
canoe,reference,quebec,emissions|agriculture|diesel,kt CH4/yr,2045,0.06858757889649011
canoe,reference,quebec,emissions|agriculture|diesel,kt CH4/yr,2050,0.0698181143664809
canoe,reference,quebec,emissions|agriculture|diesel,kt N2O/yr,2025,0.1977231589921418
canoe,reference,quebec,emissions|agriculture|diesel,kt N2O/yr,2030,0.21847376442011193
canoe,reference,quebec,emissions|agriculture|diesel,kt N2O/yr,2035,0.21178361895647135
canoe,reference,quebec,emissions|agriculture|diesel,kt N2O/yr,2040,0.20546013381333755
canoe,reference,quebec,emissions|agriculture|diesel,kt N2O/yr,2045,0.2061181127459288
canoe,reference,quebec,emissions|agriculture|diesel,kt N2O/yr,2050,0.20981609498735193
canoe,reference,quebec,emissions|agriculture|natural gas,Mt CO2-equiv/yr,2025,0.07367161473246721
canoe,reference,quebec,emissions|agriculture|natural gas,Mt CO2-equiv/yr,2030,0.08140323344946457
canoe,reference,quebec,emissions|agriculture|natural gas,Mt CO2-equiv/yr,2035,0.0789104002044276
canoe,reference,quebec,emissions|agriculture|natural gas,Mt CO2-equiv/yr,2040,0.07655420327650103
canoe,reference,quebec,emissions|agriculture|natural gas,Mt CO2-equiv/yr,2045,0.07679926813711878
canoe,reference,quebec,emissions|agriculture|natural gas,Mt CO2-equiv/yr,2050,0.07817699217743085
canoe,reference,quebec,emissions|agriculture|natural gas,Mt CO2/yr,2025,0.07327057665455147
canoe,reference,quebec,emissions|agriculture|natural gas,Mt CO2/yr,2030,0.08096010760788705
canoe,reference,quebec,emissions|agriculture|natural gas,Mt CO2/yr,2035,0.07848084432540331
canoe,reference,quebec,emissions|agriculture|natural gas,Mt CO2/yr,2040,0.07613747356791697
canoe,reference,quebec,emissions|agriculture|natural gas,Mt CO2/yr,2045,0.07638120439586796
canoe,reference,quebec,emissions|agriculture|natural gas,Mt CO2/yr,2050,0.0777514286711344
canoe,reference,quebec,emissions|commercial|natural gas,Mt CO2-equiv/yr,2025,7.06634628073519
canoe,reference,quebec,emissions|commercial|natural gas,Mt CO2-equiv/yr,2030,6.109804470238117
canoe,reference,quebec,emissions|commercial|natural gas,Mt CO2-equiv/yr,2035,5.037076543011374
canoe,reference,quebec,emissions|commercial|natural gas,Mt CO2-equiv/yr,2040,4.0402145139435826
canoe,reference,quebec,emissions|commercial|natural gas,Mt CO2-equiv/yr,2045,2.1417345882269037
canoe,reference,quebec,emissions|commercial|natural gas,Mt CO2-equiv/yr,2050,0.346579090050234
canoe,reference,quebec,emissions|commercial|natural gas,Mt CO2/yr,2025,7.027879987569173
canoe,reference,quebec,emissions|commercial|natural gas,Mt CO2/yr,2030,6.076545198670864
canoe,reference,quebec,emissions|commercial|natural gas,Mt CO2/yr,2035,5.009656762646042
canoe,reference,quebec,emissions|commercial|natural gas,Mt CO2/yr,2040,4.01822124192256
canoe,reference,quebec,emissions|commercial|natural gas,Mt CO2/yr,2045,2.1300758628713212
canoe,reference,quebec,emissions|commercial|natural gas,Mt CO2/yr,2050,0.3446924555218032
canoe,reference,quebec,emissions|commercial|natural gas,kt CH4/yr,2025,0.13438323497268495
canoe,reference,quebec,emissions|commercial|natural gas,kt CH4/yr,2030,0.11619233719122896
canoe,reference,quebec,emissions|commercial|natural gas,kt CH4/yr,2035,0.09579188646617981
canoe,reference,quebec,emissions|commercial|natural gas,kt CH4/yr,2040,0.07683420466493823
canoe,reference,quebec,emissions|commercial|natural gas,kt CH4/yr,2045,0.040730132799107366
canoe,reference,quebec,emissions|commercial|natural gas,kt N2O/yr,2025,0.12711927632185138
canoe,reference,quebec,emissions|commercial|natural gas,kt N2O/yr,2030,0.1099116703128616
canoe,reference,quebec,emissions|commercial|natural gas,kt N2O/yr,2035,0.09061394665458715
canoe,reference,quebec,emissions|commercial|natural gas,kt N2O/yr,2040,0.07268100441068598
canoe,reference,quebec,emissions|commercial|natural gas,kt N2O/yr,2045,0.03852850399804588
canoe,reference,quebec,emissions|electricity|natural gas,Mt CO2-equiv/yr,2025,0.03196548269920922
canoe,reference,quebec,emissions|electricity|natural gas,Mt CO2-equiv/yr,2030,0.03258009365757878
canoe,reference,quebec,emissions|electricity|natural gas,Mt CO2-equiv/yr,2035,0.03251179531136571
canoe,reference,quebec,emissions|electricity|natural gas,Mt CO2-equiv/yr,2040,0.033254039585678095
canoe,reference,quebec,emissions|electricity|natural gas,Mt CO2-equiv/yr,2045,0.16241816804898143
canoe,reference,quebec,emissions|electricity|natural gas,Mt CO2-equiv/yr,2050,0.07060721254260785
canoe,reference,quebec,emissions|electricity|natural gas,Mt CO2/yr,2025,0.031524032205451503
canoe,reference,quebec,emissions|electricity|natural gas,Mt CO2/yr,2030,0.03213015524847831
canoe,reference,quebec,emissions|electricity|natural gas,Mt CO2/yr,2035,0.032062800117762476
canoe,reference,quebec,emissions|electricity|natural gas,Mt CO2/yr,2040,0.032794793831979537
canoe,reference,quebec,emissions|electricity|natural gas,Mt CO2/yr,2045,0.16017513667807648
canoe,reference,quebec,emissions|electricity|natural gas,Mt CO2/yr,2050,0.06963211108291487
canoe,reference,quebec,emissions|electricity|natural gas,kt CH4/yr,2045,0.040561145716831185
canoe,reference,quebec,emissions|electricity|natural gas,kt CH4/yr,2050,0.017632937687958043
canoe,reference,quebec,emissions|industrial|biomass,Mt CO2-equiv/yr,2025,4.861453999851645
canoe,reference,quebec,emissions|industrial|biomass,Mt CO2-equiv/yr,2030,5.228002000109403
canoe,reference,quebec,emissions|industrial|biomass,Mt CO2-equiv/yr,2035,5.526377999359808
canoe,reference,quebec,emissions|industrial|biomass,Mt CO2-equiv/yr,2040,5.701254000032589
canoe,reference,quebec,emissions|industrial|biomass,Mt CO2-equiv/yr,2045,5.792150000121092
canoe,reference,quebec,emissions|industrial|biomass,Mt CO2-equiv/yr,2050,5.890455999967748
canoe,reference,quebec,emissions|industrial|biomass,Mt CO2/yr,2025,4.861453999851645
canoe,reference,quebec,emissions|industrial|biomass,Mt CO2/yr,2030,5.228002000109403
canoe,reference,quebec,emissions|industrial|biomass,Mt CO2/yr,2035,5.526377999359808
canoe,reference,quebec,emissions|industrial|biomass,Mt CO2/yr,2040,5.701254000032589
canoe,reference,quebec,emissions|industrial|biomass,Mt CO2/yr,2045,5.792150000121092
canoe,reference,quebec,emissions|industrial|biomass,Mt CO2/yr,2050,5.890455999967748
canoe,reference,quebec,emissions|industrial|natural gas,Mt CO2-equiv/yr,2025,6.772198234601552
canoe,reference,quebec,emissions|industrial|natural gas,Mt CO2-equiv/yr,2030,5.5238235078462115
canoe,reference,quebec,emissions|industrial|natural gas,Mt CO2-equiv/yr,2035,4.890771327817595
canoe,reference,quebec,emissions|industrial|natural gas,Mt CO2-equiv/yr,2040,4.675929896780828
canoe,reference,quebec,emissions|industrial|natural gas,Mt CO2-equiv/yr,2045,4.723382736985027
canoe,reference,quebec,emissions|industrial|natural gas,Mt CO2-equiv/yr,2050,5.001842262632748
canoe,reference,quebec,emissions|industrial|natural gas,Mt CO2/yr,2025,6.737223860483436
canoe,reference,quebec,emissions|industrial|natural gas,Mt CO2/yr,2030,5.49529624635248
canoe,reference,quebec,emissions|industrial|natural gas,Mt CO2/yr,2035,4.865513404139093
canoe,reference,quebec,emissions|industrial|natural gas,Mt CO2/yr,2040,4.651781501253283
canoe,reference,quebec,emissions|industrial|natural gas,Mt CO2/yr,2045,4.698989275774408
canoe,reference,quebec,emissions|industrial|natural gas,Mt CO2/yr,2050,4.9760107236681455
canoe,reference,quebec,emissions|industrial|natural gas,kt CH4/yr,2025,0.1288254692323051
canoe,reference,quebec,emissions|industrial|natural gas,kt CH4/yr,2030,0.10507801613350053
canoe,reference,quebec,emissions|industrial|natural gas,kt CH4/yr,2035,0.09303565687059002
canoe,reference,quebec,emissions|industrial|natural gas,kt CH4/yr,2040,0.08894879360919883
canoe,reference,quebec,emissions|industrial|natural gas,kt CH4/yr,2045,0.08985147456949283
canoe,reference,quebec,emissions|industrial|natural gas,kt CH4/yr,2050,0.09514852551382086
canoe,reference,quebec,emissions|industrial|natural gas,kt N2O/yr,2025,0.1148983914704413
canoe,reference,quebec,emissions|industrial|natural gas,kt N2O/yr,2030,0.09371823059982858
canoe,reference,quebec,emissions|industrial|natural gas,kt N2O/yr,2035,0.08297774801464569
canoe,reference,quebec,emissions|industrial|natural gas,kt N2O/yr,2040,0.07933270780876274
canoe,reference,quebec,emissions|industrial|natural gas,kt N2O/yr,2045,0.08013780163816495
canoe,reference,quebec,emissions|industrial|natural gas,kt N2O/yr,2050,0.08486219842606076
canoe,reference,quebec,emissions|industrial|oil,Mt CO2-equiv/yr,2025,12.333429381878759
canoe,reference,quebec,emissions|industrial|oil,Mt CO2-equiv/yr,2030,12.326792162366994
canoe,reference,quebec,emissions|industrial|oil,Mt CO2-equiv/yr,2035,12.705113691265238
canoe,reference,quebec,emissions|industrial|oil,Mt CO2-equiv/yr,2040,12.831958338640733
canoe,reference,quebec,emissions|industrial|oil,Mt CO2-equiv/yr,2045,13.044349372991375
canoe,reference,quebec,emissions|industrial|oil,Mt CO2-equiv/yr,2050,13.395384555198179
canoe,reference,quebec,emissions|industrial|oil,Mt CO2/yr,2025,12.293812399998764
canoe,reference,quebec,emissions|industrial|oil,Mt CO2/yr,2030,12.287196500315975
canoe,reference,quebec,emissions|industrial|oil,Mt CO2/yr,2035,12.664302798908755
canoe,reference,quebec,emissions|industrial|oil,Mt CO2/yr,2040,12.790740000638678
canoe,reference,quebec,emissions|industrial|oil,Mt CO2/yr,2045,13.002448800429992
canoe,reference,quebec,emissions|industrial|oil,Mt CO2/yr,2050,13.352356400516515
canoe,reference,quebec,emissions|industrial|oil,kt CH4/yr,2025,0.11205079999998874
canoe,reference,quebec,emissions|industrial|oil,kt CH4/yr,2030,0.11199050000287993
canoe,reference,quebec,emissions|industrial|oil,kt CH4/yr,2035,0.11542759999005395
canoe,reference,quebec,emissions|industrial|oil,kt CH4/yr,2040,0.11658000000582117
canoe,reference,quebec,emissions|industrial|oil,kt CH4/yr,2045,0.11850960000391912
canoe,reference,quebec,emissions|industrial|oil,kt CH4/yr,2050,0.12169880000470773
canoe,reference,quebec,emissions|industrial|oil,kt N2O/yr,2025,0.13362475999998658
canoe,reference,quebec,emissions|industrial|oil,kt N2O/yr,2030,0.13355285000343442
canoe,reference,quebec,emissions|industrial|oil,kt N2O/yr,2035,0.13765171998813897
canoe,reference,quebec,emissions|industrial|oil,kt N2O/yr,2040,0.13902600000694196
canoe,reference,quebec,emissions|industrial|oil,kt N2O/yr,2045,0.14132712000467368
canoe,reference,quebec,emissions|industrial|oil,kt N2O/yr,2050,0.14513036000561413
canoe,reference,quebec,emissions|residential|lpg,Mt CO2-equiv/yr,2025,0.05879067391739344
canoe,reference,quebec,emissions|residential|lpg,Mt CO2-equiv/yr,2030,0.04149932125370065
canoe,reference,quebec,emissions|residential|lpg,Mt CO2-equiv/yr,2035,0.024207983439437395
canoe,reference,quebec,emissions|residential|lpg,Mt CO2/yr,2025,0.057636431438669256
canoe,reference,quebec,emissions|residential|lpg,Mt CO2/yr,2030,0.04068456142467493
canoe,reference,quebec,emissions|residential|lpg,Mt CO2/yr,2035,0.02373270596856997
canoe,reference,quebec,emissions|residential|natural gas,Mt CO2-equiv/yr,2025,3.0956611450992817
canoe,reference,quebec,emissions|residential|natural gas,Mt CO2-equiv/yr,2030,5.184000705262107
canoe,reference,quebec,emissions|residential|natural gas,Mt CO2-equiv/yr,2035,7.719312159086335
canoe,reference,quebec,emissions|residential|natural gas,Mt CO2-equiv/yr,2040,9.641949290621884
canoe,reference,quebec,emissions|residential|natural gas,Mt CO2-equiv/yr,2045,10.821291062951106
canoe,reference,quebec,emissions|residential|natural gas,Mt CO2-equiv/yr,2050,11.055504705531451
canoe,reference,quebec,emissions|residential|natural gas,Mt CO2/yr,2025,3.078809634513864
canoe,reference,quebec,emissions|residential|natural gas,Mt CO2/yr,2030,5.155781129971111
canoe,reference,quebec,emissions|residential|natural gas,Mt CO2/yr,2035,7.67729138728225
canoe,reference,quebec,emissions|residential|natural gas,Mt CO2/yr,2040,9.58946247022418
canoe,reference,quebec,emissions|residential|natural gas,Mt CO2/yr,2045,10.762384389272079
canoe,reference,quebec,emissions|residential|natural gas,Mt CO2/yr,2050,10.995323068769515
canoe,reference,quebec,emissions|residential|natural gas,kt CH4/yr,2025,0.05887129536686195
canoe,reference,quebec,emissions|residential|natural gas,kt CH4/yr,2030,0.09858599581696735
canoe,reference,quebec,emissions|residential|natural gas,kt CH4/yr,2035,0.1468009206582608
canoe,reference,quebec,emissions|residential|natural gas,kt CH4/yr,2040,0.1833643987485915
canoe,reference,quebec,emissions|residential|natural gas,kt CH4/yr,2045,0.20579236310353557
canoe,reference,quebec,emissions|residential|natural gas,kt CH4/yr,2050,0.21024648772667934
canoe,reference,quebec,emissions|residential|natural gas,kt N2O/yr,2025,0.0556890631832654
canoe,reference,quebec,emissions|residential|natural gas,kt N2O/yr,2030,0.09325702306741818
canoe,reference,quebec,emissions|residential|natural gas,kt N2O/yr,2035,0.13886573575381453
canoe,reference,quebec,emissions|residential|natural gas,kt N2O/yr,2040,0.17345280962205004
canoe,reference,quebec,emissions|residential|natural gas,kt N2O/yr,2045,0.19466845157881849
canoe,reference,quebec,emissions|residential|natural gas,kt N2O/yr,2050,0.19888181270869798
canoe,reference,quebec,emissions|residential|oil,Mt CO2-equiv/yr,2025,0.9140247890274785
canoe,reference,quebec,emissions|residential|oil,Mt CO2-equiv/yr,2030,0.49983603949598265
canoe,reference,quebec,emissions|residential|oil,Mt CO2-equiv/yr,2035,0.31871844033200075
canoe,reference,quebec,emissions|residential|oil,Mt CO2-equiv/yr,2040,0.1273633920451834
canoe,reference,quebec,emissions|residential|oil,Mt CO2/yr,2025,0.876803368407884
canoe,reference,quebec,emissions|residential|oil,Mt CO2/yr,2030,0.47948144114126245
canoe,reference,quebec,emissions|residential|oil,Mt CO2/yr,2035,0.3057394125537269
canoe,reference,quebec,emissions|residential|oil,Mt CO2/yr,2040,0.12217682988214174
canoe,reference,quebec,emissions|residential|oil,kt CH4/yr,2025,0.043871739908526414
canoe,reference,quebec,emissions|residential|oil,kt CH4/yr,2030,0.02399133698004819
canoe,reference,quebec,emissions|residential|oil,kt CH4/yr,2035,0.015297979536391289
canoe,reference,quebec,emissions|residential|oil,kt N2O/yr,2025,0.13184253444013116
canoe,reference,quebec,emissions|residential|oil,kt N2O/yr,2030,0.07209831838563703
canoe,reference,quebec,emissions|residential|oil,kt N2O/yr,2035,0.04597320275184946
canoe,reference,quebec,emissions|residential|oil,kt N2O/yr,2040,0.018371397147768392
canoe,reference,quebec,emissions|residential|wood,Mt CO2-equiv/yr,2025,3.0229792392130057
canoe,reference,quebec,emissions|residential|wood,Mt CO2-equiv/yr,2030,2.4359857575862676
canoe,reference,quebec,emissions|residential|wood,Mt CO2-equiv/yr,2035,1.2781324007399333
canoe,reference,quebec,emissions|residential|wood,Mt CO2-equiv/yr,2040,0.10825269462289545
canoe,reference,quebec,emissions|residential|wood,Mt CO2/yr,2025,2.492989514455882
canoe,reference,quebec,emissions|residential|wood,Mt CO2/yr,2030,2.0089079250863233
canoe,reference,quebec,emissions|residential|wood,Mt CO2/yr,2035,1.0540498035178396
canoe,reference,quebec,emissions|residential|wood,Mt CO2/yr,2040,0.08927379622915667
canoe,reference,quebec,emissions|residential|wood,kt CH4/yr,2025,8.034178138573004
canoe,reference,quebec,emissions|residential|wood,kt CH4/yr,2030,6.4741243557365244
canoe,reference,quebec,emissions|residential|wood,kt CH4/yr,2035,3.3968951089786317
canoe,reference,quebec,emissions|residential|wood,kt CH4/yr,2040,0.28770340904071406
canoe,reference,quebec,emissions|residential|wood,kt N2O/yr,2025,1.1173360325167756
canoe,reference,quebec,emissions|residential|wood,kt N2O/yr,2030,0.9003749104004438
canoe,reference,quebec,emissions|residential|wood,kt N2O/yr,2035,0.4724158760831209
canoe,reference,quebec,emissions|residential|wood,kt N2O/yr,2040,0.04001173238314567
canoe,reference,quebec,emissions|transportation|diesel,Mt CO2-equiv/yr,2025,9.521038322557143
canoe,reference,quebec,emissions|transportation|diesel,Mt CO2-equiv/yr,2030,9.095794646949408
canoe,reference,quebec,emissions|transportation|diesel,Mt CO2-equiv/yr,2035,8.375482749919437
canoe,reference,quebec,emissions|transportation|diesel,Mt CO2-equiv/yr,2040,6.429130276990977
canoe,reference,quebec,emissions|transportation|diesel,Mt CO2-equiv/yr,2045,4.684920154757652
canoe,reference,quebec,emissions|transportation|diesel,Mt CO2-equiv/yr,2050,4.315973639512593
canoe,reference,quebec,emissions|transportation|diesel,Mt CO2/yr,2025,9.148336552946093
canoe,reference,quebec,emissions|transportation|diesel,Mt CO2/yr,2030,8.73973904857264
canoe,reference,quebec,emissions|transportation|diesel,Mt CO2/yr,2035,8.047623820772392
canoe,reference,quebec,emissions|transportation|diesel,Mt CO2/yr,2040,6.177461473661002
canoe,reference,quebec,emissions|transportation|diesel,Mt CO2/yr,2045,4.50152858777583
canoe,reference,quebec,emissions|transportation|diesel,Mt CO2/yr,2050,4.1470245071516985
canoe,reference,quebec,emissions|transportation|diesel,kt CH4/yr,2025,0.4392920715594328
canoe,reference,quebec,emissions|transportation|diesel,kt CH4/yr,2030,0.41967174532925927
canoe,reference,quebec,emissions|transportation|diesel,kt CH4/yr,2035,0.38643720124566
canoe,reference,quebec,emissions|transportation|diesel,kt CH4/yr,2040,0.2966342509132024
canoe,reference,quebec,emissions|transportation|diesel,kt CH4/yr,2045,0.2161579736683814
canoe,reference,quebec,emissions|transportation|diesel,kt CH4/yr,2050,0.19913512616995216
canoe,reference,quebec,emissions|transportation|diesel,kt N2O/yr,2025,1.3201523500326684
canoe,reference,quebec,emissions|transportation|diesel,kt N2O/yr,2030,1.261189705087427
canoe,reference,quebec,emissions|transportation|diesel,kt N2O/yr,2035,1.1613138735946904
canoe,reference,quebec,emissions|transportation|diesel,kt N2O/yr,2040,0.8914397226453504
canoe,reference,quebec,emissions|transportation|diesel,kt N2O/yr,2045,0.6495939323361613
canoe,reference,quebec,emissions|transportation|diesel,kt N2O/yr,2050,0.5984371667283537
canoe,reference,quebec,emissions|transportation|ethanol,Mt CO2-equiv/yr,2025,1.522773333264587
canoe,reference,quebec,emissions|transportation|ethanol,Mt CO2-equiv/yr,2030,1.7119440079395924
canoe,reference,quebec,emissions|transportation|ethanol,Mt CO2-equiv/yr,2035,1.27505665183352
canoe,reference,quebec,emissions|transportation|ethanol,Mt CO2-equiv/yr,2040,1.0659613820132818
canoe,reference,quebec,emissions|transportation|ethanol,Mt CO2-equiv/yr,2045,0.9902838772480027
canoe,reference,quebec,emissions|transportation|ethanol,Mt CO2-equiv/yr,2050,0.8740814654320701
canoe,reference,quebec,emissions|transportation|ethanol,Mt CO2/yr,2025,1.522773333264587
canoe,reference,quebec,emissions|transportation|ethanol,Mt CO2/yr,2030,1.7119440079395924
canoe,reference,quebec,emissions|transportation|ethanol,Mt CO2/yr,2035,1.27505665183352
canoe,reference,quebec,emissions|transportation|ethanol,Mt CO2/yr,2040,1.0659613820132818
canoe,reference,quebec,emissions|transportation|ethanol,Mt CO2/yr,2045,0.9902838772480027
canoe,reference,quebec,emissions|transportation|ethanol,Mt CO2/yr,2050,0.8740814654320701
canoe,reference,quebec,emissions|transportation|gasoline,Mt CO2-equiv/yr,2025,12.899639846024428
canoe,reference,quebec,emissions|transportation|gasoline,Mt CO2-equiv/yr,2030,10.15692448682178
canoe,reference,quebec,emissions|transportation|gasoline,Mt CO2-equiv/yr,2035,7.564881835521953
canoe,reference,quebec,emissions|transportation|gasoline,Mt CO2-equiv/yr,2040,6.324324401244744
canoe,reference,quebec,emissions|transportation|gasoline,Mt CO2-equiv/yr,2045,5.8753315032952695
canoe,reference,quebec,emissions|transportation|gasoline,Mt CO2-equiv/yr,2050,5.185905262409333
canoe,reference,quebec,emissions|transportation|gasoline,Mt CO2/yr,2025,12.415540640985931
canoe,reference,quebec,emissions|transportation|gasoline,Mt CO2/yr,2030,9.775754227155822
canoe,reference,quebec,emissions|transportation|gasoline,Mt CO2/yr,2035,7.2809860580817025
canoe,reference,quebec,emissions|transportation|gasoline,Mt CO2/yr,2040,6.086984409462593
canoe,reference,quebec,emissions|transportation|gasoline,Mt CO2/yr,2045,5.654841369924651
canoe,reference,quebec,emissions|transportation|gasoline,Mt CO2/yr,2050,4.991287998291605
canoe,reference,quebec,emissions|transportation|gasoline,kt CH4/yr,2025,14.644263074092578
canoe,reference,quebec,emissions|transportation|gasoline,kt CH4/yr,2030,11.53060674438532
canoe,reference,quebec,emissions|transportation|gasoline,kt CH4/yr,2035,8.588000986550801
canoe,reference,quebec,emissions|transportation|gasoline,kt CH4/yr,2040,7.179663262170404
canoe,reference,quebec,emissions|transportation|gasoline,kt CH4/yr,2045,6.669945921651185
canoe,reference,quebec,emissions|transportation|gasoline,kt CH4/yr,2050,5.887277617556794
canoe,reference,quebec,emissions|transportation|gasoline,kt N2O/yr,2025,0.2712814614062522
canoe,reference,quebec,emissions|transportation|gasoline,kt N2O/yr,2030,0.213601724626998
canoe,reference,quebec,emissions|transportation|gasoline,kt N2O/yr,2035,0.15909065866970568
canoe,reference,quebec,emissions|transportation|gasoline,kt N2O/yr,2040,0.13300154007831871
canoe,reference,quebec,emissions|transportation|gasoline,kt N2O/yr,2045,0.12355914858749734
canoe,reference,quebec,emissions|transportation|gasoline,kt N2O/yr,2050,0.10906040595655508
canoe,reference,quebec,emissions|transportation|jet fuel,Mt CO2-equiv/yr,2025,7.690101653252455
canoe,reference,quebec,emissions|transportation|jet fuel,Mt CO2-equiv/yr,2030,8.084628702272449
canoe,reference,quebec,emissions|transportation|jet fuel,Mt CO2-equiv/yr,2035,8.050669444780251
canoe,reference,quebec,emissions|transportation|jet fuel,Mt CO2-equiv/yr,2040,8.011766219569019
canoe,reference,quebec,emissions|transportation|jet fuel,Mt CO2-equiv/yr,2045,8.421856521664328
canoe,reference,quebec,emissions|transportation|jet fuel,Mt CO2-equiv/yr,2050,9.018088945631925
canoe,reference,quebec,emissions|transportation|jet fuel,Mt CO2/yr,2025,7.497669726714597
canoe,reference,quebec,emissions|transportation|jet fuel,Mt CO2/yr,2030,7.882324396468692
canoe,reference,quebec,emissions|transportation|jet fuel,Mt CO2/yr,2035,7.849214912573475
canoe,reference,quebec,emissions|transportation|jet fuel,Mt CO2/yr,2040,7.811285175478978
canoe,reference,quebec,emissions|transportation|jet fuel,Mt CO2/yr,2045,8.211113653941133
canoe,reference,quebec,emissions|transportation|jet fuel,Mt CO2/yr,2050,8.792426359134938
canoe,reference,quebec,emissions|transportation|jet fuel,kt CH4/yr,2025,0.23671609661169773
canoe,reference,quebec,emissions|transportation|jet fuel,kt CH4/yr,2030,0.24886039681249494
canoe,reference,quebec,emissions|transportation|jet fuel,kt CH4/yr,2035,0.24781506565305772
canoe,reference,quebec,emissions|transportation|jet fuel,kt CH4/yr,2040,0.24661754967305582
canoe,reference,quebec,emissions|transportation|jet fuel,kt CH4/yr,2045,0.2592409166904809
canoe,reference,quebec,emissions|transportation|jet fuel,kt CH4/yr,2050,0.2775940956780757
canoe,reference,quebec,emissions|transportation|jet fuel,kt N2O/yr,2025,0.6806002777755686
canoe,reference,quebec,emissions|transportation|jet fuel,kt N2O/yr,2030,0.7155172699377486
canoe,reference,quebec,emissions|transportation|jet fuel,kt N2O/yr,2035,0.7125117595915406
canoe,reference,quebec,emissions|transportation|jet fuel,kt N2O/yr,2040,0.7090686912058409
canoe,reference,quebec,emissions|transportation|jet fuel,kt N2O/yr,2045,0.745363084453697
canoe,reference,quebec,emissions|transportation|jet fuel,kt N2O/yr,2050,0.7981316916410313
canoe,reference,quebec,emissions|transportation|natural gas,Mt CO2-equiv/yr,2025,1.5677728014703958
canoe,reference,quebec,emissions|transportation|natural gas,Mt CO2-equiv/yr,2030,1.6112751705837884
canoe,reference,quebec,emissions|transportation|natural gas,Mt CO2-equiv/yr,2035,1.6427564782288966
canoe,reference,quebec,emissions|transportation|natural gas,Mt CO2-equiv/yr,2040,1.6632279578393656
canoe,reference,quebec,emissions|transportation|natural gas,Mt CO2-equiv/yr,2045,1.6978034492243999
canoe,reference,quebec,emissions|transportation|natural gas,Mt CO2-equiv/yr,2050,1.685956663366727
canoe,reference,quebec,emissions|transportation|natural gas,Mt CO2/yr,2025,1.5596761878463765
canoe,reference,quebec,emissions|transportation|natural gas,Mt CO2/yr,2030,1.6029538931091714
canoe,reference,quebec,emissions|transportation|natural gas,Mt CO2/yr,2035,1.6342726185330916
canoe,reference,quebec,emissions|transportation|natural gas,Mt CO2/yr,2040,1.6546383751328269
canoe,reference,quebec,emissions|transportation|natural gas,Mt CO2/yr,2045,1.6890353046788351
canoe,reference,quebec,emissions|transportation|natural gas,Mt CO2/yr,2050,1.677249700420745
canoe,reference,quebec,emissions|transportation|natural gas,kt CH4/yr,2025,0.029823265622547487
canoe,reference,quebec,emissions|transportation|natural gas,kt CH4/yr,2030,0.030650797971662112
canoe,reference,quebec,emissions|transportation|natural gas,kt CH4/yr,2035,0.03124965732115754
canoe,reference,quebec,emissions|transportation|natural gas,kt CH4/yr,2040,0.03163908005737097
canoe,reference,quebec,emissions|transportation|natural gas,kt CH4/yr,2045,0.03229679912395948
canoe,reference,quebec,emissions|transportation|natural gas,kt CH4/yr,2050,0.03207144131632597
canoe,reference,quebec,emissions|transportation|natural gas,kt N2O/yr,2025,0.02659912879686316
canoe,reference,quebec,emissions|transportation|natural gas,kt N2O/yr,2030,0.027337198189271647
canoe,reference,quebec,emissions|transportation|natural gas,kt N2O/yr,2035,0.027871315987437646
canoe,reference,quebec,emissions|transportation|natural gas,kt N2O/yr,2040,0.028218638968363532
canoe,reference,quebec,emissions|transportation|natural gas,kt N2O/yr,2045,0.028805253270960687
canoe,reference,quebec,emissions|transportation|natural gas,kt N2O/yr,2050,0.02860425846957011
canoe,reference,quebec,emissions|transportation|oil,Mt CO2-equiv/yr,2025,0.6932900612948605
canoe,reference,quebec,emissions|transportation|oil,Mt CO2-equiv/yr,2030,0.7641431811601118
canoe,reference,quebec,emissions|transportation|oil,Mt CO2-equiv/yr,2035,0.7892704459875319
canoe,reference,quebec,emissions|transportation|oil,Mt CO2-equiv/yr,2040,0.7970575565689291
canoe,reference,quebec,emissions|transportation|oil,Mt CO2-equiv/yr,2045,0.8330554155717376
canoe,reference,quebec,emissions|transportation|oil,Mt CO2-equiv/yr,2050,0.8365964735320434
canoe,reference,quebec,emissions|transportation|oil,Mt CO2/yr,2025,0.6910631008165158
canoe,reference,quebec,emissions|transportation|oil,Mt CO2/yr,2030,0.761688628932633
canoe,reference,quebec,emissions|transportation|oil,Mt CO2/yr,2035,0.7867351808971066
canoe,reference,quebec,emissions|transportation|oil,Mt CO2/yr,2040,0.7944972780123177
canoe,reference,quebec,emissions|transportation|oil,Mt CO2/yr,2045,0.8303795060349927
canoe,reference,quebec,emissions|transportation|oil,Mt CO2/yr,2050,0.8339091895409838
canoe,reference,quebec,emissions|upstream|diesel,Mt CO2/yr,2025,2.661868742606677
canoe,reference,quebec,emissions|upstream|diesel,Mt CO2/yr,2030,2.5948569502803283
canoe,reference,quebec,emissions|upstream|diesel,Mt CO2/yr,2035,2.4079742861864846
canoe,reference,quebec,emissions|upstream|diesel,Mt CO2/yr,2040,1.9236118959637503
canoe,reference,quebec,emissions|upstream|diesel,Mt CO2/yr,2045,1.5006455160810914
canoe,reference,quebec,emissions|upstream|diesel,Mt CO2/yr,2050,1.4174179692116144
canoe,reference,quebec,emissions|upstream|gasoline,Mt CO2/yr,2025,2.9145295644463145
canoe,reference,quebec,emissions|upstream|gasoline,Mt CO2/yr,2030,2.316097961667148
canoe,reference,quebec,emissions|upstream|gasoline,Mt CO2/yr,2035,1.741638839955269
canoe,reference,quebec,emissions|upstream|gasoline,Mt CO2/yr,2040,1.4656447763560139
canoe,reference,quebec,emissions|upstream|gasoline,Mt CO2/yr,2045,1.3667521235560696
canoe,reference,quebec,emissions|upstream|gasoline,Mt CO2/yr,2050,1.2158127354931076
canoe,reference,quebec,emissions|upstream|jet fuel,Mt CO2/yr,2025,1.6600007007142081
canoe,reference,quebec,emissions|upstream|jet fuel,Mt CO2/yr,2030,1.7451641236177011
canoe,reference,quebec,emissions|upstream|jet fuel,Mt CO2/yr,2035,1.7378336368479235
canoe,reference,quebec,emissions|upstream|jet fuel,Mt CO2/yr,2040,1.7294359349773054
canoe,reference,quebec,emissions|upstream|jet fuel,Mt CO2/yr,2045,1.8179588720407505
canoe,reference,quebec,emissions|upstream|jet fuel,Mt CO2/yr,2050,1.94666276737225
canoe,reference,quebec,emissions|upstream|lpg,Mt CO2/yr,2025,0.011592979840161433
canoe,reference,quebec,emissions|upstream|natural gas,Mt CO2/yr,2025,1.2375945644302528
canoe,reference,quebec,emissions|upstream|natural gas,Mt CO2/yr,2030,1.2296728233907834
canoe,reference,quebec,emissions|upstream|natural gas,Mt CO2/yr,2035,1.2855331287821503
canoe,reference,quebec,emissions|upstream|natural gas,Mt CO2/yr,2040,1.3299703286653897
canoe,reference,quebec,emissions|upstream|natural gas,Mt CO2/yr,2045,1.2929829291319452
canoe,reference,quebec,emissions|upstream|natural gas,Mt CO2/yr,2050,1.1961937109757408
canoe,reference,quebec,emissions|upstream|oil,Mt CO2/yr,2025,2.379776585032028
canoe,reference,quebec,emissions|upstream|oil,Mt CO2/yr,2030,2.3047346284107753
canoe,reference,quebec,emissions|upstream|oil,Mt CO2/yr,2035,2.33503550840696
canoe,reference,quebec,emissions|upstream|oil,Mt CO2/yr,2040,2.318015087751021
canoe,reference,quebec,emissions|upstream|oil,Mt CO2/yr,2045,2.333384179025517
canoe,reference,quebec,emissions|upstream|oil,Mt CO2/yr,2050,2.3930035820529585
canoe,reference,saskatchewan,emissions|agriculture|diesel,Mt CO2-equiv/yr,2025,3.5404704089855996
canoe,reference,saskatchewan,emissions|agriculture|diesel,Mt CO2-equiv/yr,2030,3.9120348959863565
canoe,reference,saskatchewan,emissions|agriculture|diesel,Mt CO2-equiv/yr,2035,3.79223982323688
canoe,reference,saskatchewan,emissions|agriculture|diesel,Mt CO2-equiv/yr,2040,3.6790102439418573
canoe,reference,saskatchewan,emissions|agriculture|diesel,Mt CO2-equiv/yr,2045,3.690792155341203
canoe,reference,saskatchewan,emissions|agriculture|diesel,Mt CO2-equiv/yr,2050,3.757008973142654
canoe,reference,saskatchewan,emissions|agriculture|diesel,Mt CO2/yr,2025,3.396293424
canoe,reference,saskatchewan,emissions|agriculture|diesel,Mt CO2/yr,2030,3.7527268574188573
canoe,reference,saskatchewan,emissions|agriculture|diesel,Mt CO2/yr,2035,3.637810145567785
canoe,reference,saskatchewan,emissions|agriculture|diesel,Mt CO2/yr,2040,3.5291915635324793
canoe,reference,saskatchewan,emissions|agriculture|diesel,Mt CO2/yr,2045,3.5404936854500053
canoe,reference,saskatchewan,emissions|agriculture|diesel,Mt CO2/yr,2050,3.6040139855452993
canoe,reference,saskatchewan,emissions|agriculture|diesel,kt CH4/yr,2025,0.16993696319999999
canoe,reference,saskatchewan,emissions|agriculture|diesel,kt CH4/yr,2030,0.18777146914407475
canoe,reference,saskatchewan,emissions|agriculture|diesel,kt CH4/yr,2035,0.1820214956892191
canoe,reference,saskatchewan,emissions|agriculture|diesel,kt CH4/yr,2040,0.17658665550499544
canoe,reference,saskatchewan,emissions|agriculture|diesel,kt CH4/yr,2045,0.17715216856190866
canoe,reference,saskatchewan,emissions|agriculture|diesel,kt CH4/yr,2050,0.18033047077321576
canoe,reference,saskatchewan,emissions|agriculture|diesel,kt N2O/yr,2025,0.5106913919999999
canoe,reference,saskatchewan,emissions|agriculture|diesel,kt N2O/yr,2030,0.5642873165987738
canoe,reference,saskatchewan,emissions|agriculture|diesel,kt N2O/yr,2035,0.5470076036256326
canoe,reference,saskatchewan,emissions|agriculture|diesel,kt N2O/yr,2040,0.5306749232792608
canoe,reference,saskatchewan,emissions|agriculture|diesel,kt N2O/yr,2045,0.5323743925694664
canoe,reference,saskatchewan,emissions|agriculture|diesel,kt N2O/yr,2050,0.5419257670904929
canoe,reference,saskatchewan,emissions|agriculture|natural gas,Mt CO2-equiv/yr,2025,0.14354598251253495
canoe,reference,saskatchewan,emissions|agriculture|natural gas,Mt CO2-equiv/yr,2030,0.15861076906280508
canoe,reference,saskatchewan,emissions|agriculture|natural gas,Mt CO2-equiv/yr,2035,0.15375369828177396
canoe,reference,saskatchewan,emissions|agriculture|natural gas,Mt CO2-equiv/yr,2040,0.1491628028745982
canoe,reference,saskatchewan,emissions|agriculture|natural gas,Mt CO2-equiv/yr,2045,0.1496403915923522
canoe,reference,saskatchewan,emissions|agriculture|natural gas,Mt CO2-equiv/yr,2050,0.15232498070240305
canoe,reference,saskatchewan,emissions|agriculture|natural gas,Mt CO2/yr,2025,0.14276457701289438
canoe,reference,saskatchewan,emissions|agriculture|natural gas,Mt CO2/yr,2030,0.15774735703915563
canoe,reference,saskatchewan,emissions|agriculture|natural gas,Mt CO2/yr,2035,0.152916726160893
canoe,reference,saskatchewan,emissions|agriculture|natural gas,Mt CO2/yr,2040,0.14835082170683664
canoe,reference,saskatchewan,emissions|agriculture|natural gas,Mt CO2/yr,2045,0.14882581062734038
canoe,reference,saskatchewan,emissions|agriculture|natural gas,Mt CO2/yr,2050,0.15149578593449578
canoe,reference,saskatchewan,emissions|commercial|natural gas,Mt CO2-equiv/yr,2025,2.1396986309654302
canoe,reference,saskatchewan,emissions|commercial|natural gas,Mt CO2-equiv/yr,2030,2.2640947255154518
canoe,reference,saskatchewan,emissions|commercial|natural gas,Mt CO2-equiv/yr,2035,2.333144579667762
canoe,reference,saskatchewan,emissions|commercial|natural gas,Mt CO2-equiv/yr,2040,2.337364393900801
canoe,reference,saskatchewan,emissions|commercial|natural gas,Mt CO2-equiv/yr,2045,2.4137547049182646
canoe,reference,saskatchewan,emissions|commercial|natural gas,Mt CO2-equiv/yr,2050,2.5319289518541668
canoe,reference,saskatchewan,emissions|commercial|natural gas,Mt CO2/yr,2025,2.128050988526787
canoe,reference,saskatchewan,emissions|commercial|natural gas,Mt CO2/yr,2030,2.251769921719076
canoe,reference,saskatchewan,emissions|commercial|natural gas,Mt CO2/yr,2035,2.3204438967639422
canoe,reference,saskatchewan,emissions|commercial|natural gas,Mt CO2/yr,2040,2.3246407400576943
canoe,reference,saskatchewan,emissions|commercial|natural gas,Mt CO2/yr,2045,2.4006152135288645
canoe,reference,saskatchewan,emissions|commercial|natural gas,Mt CO2/yr,2050,2.5181461682955586
canoe,reference,saskatchewan,emissions|commercial|natural gas,kt CH4/yr,2025,0.04069141427156947
canoe,reference,saskatchewan,emissions|commercial|natural gas,kt CH4/yr,2030,0.04305709930022061
canoe,reference,saskatchewan,emissions|commercial|natural gas,kt CH4/yr,2035,0.04437024507693934
canoe,reference,saskatchewan,emissions|commercial|natural gas,kt CH4/yr,2040,0.044450494793708176
canoe,reference,saskatchewan,emissions|commercial|natural gas,kt CH4/yr,2045,0.04590323666443748
canoe,reference,saskatchewan,emissions|commercial|natural gas,kt CH4/yr,2050,0.04815059859135047
canoe,reference,saskatchewan,emissions|commercial|natural gas,kt N2O/yr,2025,0.03849187836388947
canoe,reference,saskatchewan,emissions|commercial|natural gas,kt N2O/yr,2030,0.04072968852606257
canoe,reference,saskatchewan,emissions|commercial|natural gas,kt N2O/yr,2035,0.04197185344994992
canoe,reference,saskatchewan,emissions|commercial|natural gas,kt N2O/yr,2040,0.04204776534418852
canoe,reference,saskatchewan,emissions|commercial|natural gas,kt N2O/yr,2045,0.043421980627271255
canoe,reference,saskatchewan,emissions|commercial|natural gas,kt N2O/yr,2050,0.04554786353104664
canoe,reference,saskatchewan,emissions|electricity|biogas,Mt CO2-equiv/yr,2035,0.013766495782258853
canoe,reference,saskatchewan,emissions|electricity|biogas,Mt CO2-equiv/yr,2040,0.0134999582565862
canoe,reference,saskatchewan,emissions|electricity|biogas,Mt CO2-equiv/yr,2045,0.030350166893522736
canoe,reference,saskatchewan,emissions|electricity|biogas,Mt CO2/yr,2035,0.013766495782258853
canoe,reference,saskatchewan,emissions|electricity|biogas,Mt CO2/yr,2040,0.0134999582565862
canoe,reference,saskatchewan,emissions|electricity|biogas,Mt CO2/yr,2045,0.030350166893522736
canoe,reference,saskatchewan,emissions|electricity|natural gas,Mt CO2-equiv/yr,2025,6.356804083705528
canoe,reference,saskatchewan,emissions|electricity|natural gas,Mt CO2-equiv/yr,2030,7.192881421419037
canoe,reference,saskatchewan,emissions|electricity|natural gas,Mt CO2-equiv/yr,2035,4.184340738306185
canoe,reference,saskatchewan,emissions|electricity|natural gas,Mt CO2-equiv/yr,2040,4.594399650839933
canoe,reference,saskatchewan,emissions|electricity|natural gas,Mt CO2-equiv/yr,2045,4.096204103529883
canoe,reference,saskatchewan,emissions|electricity|natural gas,Mt CO2-equiv/yr,2050,4.58255194630131
canoe,reference,saskatchewan,emissions|electricity|natural gas,Mt CO2/yr,2025,6.269015191922509
canoe,reference,saskatchewan,emissions|electricity|natural gas,Mt CO2/yr,2030,7.093546113865409
canoe,reference,saskatchewan,emissions|electricity|natural gas,Mt CO2/yr,2035,4.12655405313839
canoe,reference,saskatchewan,emissions|electricity|natural gas,Mt CO2/yr,2040,4.5309499600134675
canoe,reference,saskatchewan,emissions|electricity|natural gas,Mt CO2/yr,2045,4.039634605078969
canoe,reference,saskatchewan,emissions|electricity|natural gas,Mt CO2/yr,2050,4.519265874934863
canoe,reference,saskatchewan,emissions|electricity|natural gas,kt CH4/yr,2025,1.5875025548543886
canoe,reference,saskatchewan,emissions|electricity|natural gas,kt CH4/yr,2030,1.7962984988851745
canoe,reference,saskatchewan,emissions|electricity|natural gas,kt CH4/yr,2035,1.0449671761112718
canoe,reference,saskatchewan,emissions|electricity|natural gas,kt CH4/yr,2040,1.147372341146447
canoe,reference,saskatchewan,emissions|electricity|natural gas,kt CH4/yr,2045,1.0229565665280225
canoe,reference,saskatchewan,emissions|electricity|natural gas,kt CH4/yr,2050,1.1444135805842903
canoe,reference,saskatchewan,emissions|electricity|natural gas,kt N2O/yr,2025,0.1587502554854389
canoe,reference,saskatchewan,emissions|electricity|natural gas,kt N2O/yr,2030,0.17962984988851746
canoe,reference,saskatchewan,emissions|electricity|natural gas,kt N2O/yr,2035,0.1044967176111272
canoe,reference,saskatchewan,emissions|electricity|natural gas,kt N2O/yr,2040,0.11473723411464469
canoe,reference,saskatchewan,emissions|electricity|natural gas,kt N2O/yr,2045,0.10229565665280227
canoe,reference,saskatchewan,emissions|electricity|natural gas,kt N2O/yr,2050,0.11444135805842902
canoe,reference,saskatchewan,emissions|industrial|biomass,Mt CO2-equiv/yr,2030,0.44706999982470325
canoe,reference,saskatchewan,emissions|industrial|biomass,Mt CO2-equiv/yr,2035,0.4688059996429715
canoe,reference,saskatchewan,emissions|industrial|biomass,Mt CO2-equiv/yr,2040,0.48658999973289785
canoe,reference,saskatchewan,emissions|industrial|biomass,Mt CO2-equiv/yr,2045,0.5004219995525034
canoe,reference,saskatchewan,emissions|industrial|biomass,Mt CO2-equiv/yr,2050,0.506349999716868
canoe,reference,saskatchewan,emissions|industrial|biomass,Mt CO2/yr,2030,0.44706999982470325
canoe,reference,saskatchewan,emissions|industrial|biomass,Mt CO2/yr,2035,0.4688059996429715
canoe,reference,saskatchewan,emissions|industrial|biomass,Mt CO2/yr,2040,0.48658999973289785
canoe,reference,saskatchewan,emissions|industrial|biomass,Mt CO2/yr,2045,0.5004219995525034
canoe,reference,saskatchewan,emissions|industrial|biomass,Mt CO2/yr,2050,0.506349999716868
canoe,reference,saskatchewan,emissions|industrial|natural gas,Mt CO2-equiv/yr,2025,12.71302795091663
canoe,reference,saskatchewan,emissions|industrial|natural gas,Mt CO2-equiv/yr,2030,12.301757800910394
canoe,reference,saskatchewan,emissions|industrial|natural gas,Mt CO2-equiv/yr,2035,12.201116062282834
canoe,reference,saskatchewan,emissions|industrial|natural gas,Mt CO2-equiv/yr,2040,12.226146131898988
canoe,reference,saskatchewan,emissions|industrial|natural gas,Mt CO2-equiv/yr,2045,12.296543202947607
canoe,reference,saskatchewan,emissions|industrial|natural gas,Mt CO2-equiv/yr,2050,12.449852379890563
canoe,reference,saskatchewan,emissions|industrial|natural gas,Mt CO2/yr,2025,12.647372726375554
canoe,reference,saskatchewan,emissions|industrial|natural gas,Mt CO2/yr,2030,12.2382265419698
canoe,reference,saskatchewan,emissions|industrial|natural gas,Mt CO2/yr,2035,12.138104558035874
canoe,reference,saskatchewan,emissions|industrial|natural gas,Mt CO2/yr,2040,12.163005362236483
canoe,reference,saskatchewan,emissions|industrial|natural gas,Mt CO2/yr,2045,12.233038874302569
canoe,reference,saskatchewan,emissions|industrial|natural gas,Mt CO2/yr,2050,12.385556300572494
canoe,reference,saskatchewan,emissions|industrial|natural gas,kt CH4/yr,2025,0.2418360677589651
canoe,reference,saskatchewan,emissions|industrial|natural gas,kt CH4/yr,2030,0.23401260066299476
canoe,reference,saskatchewan,emissions|industrial|natural gas,kt CH4/yr,2035,0.232098123449849
canoe,reference,saskatchewan,emissions|industrial|natural gas,kt CH4/yr,2040,0.23257426285857796
canoe,reference,saskatchewan,emissions|industrial|natural gas,kt CH4/yr,2045,0.23391340495044435
canoe,reference,saskatchewan,emissions|industrial|natural gas,kt CH4/yr,2050,0.23682975883925764
canoe,reference,saskatchewan,emissions|industrial|natural gas,kt N2O/yr,2025,0.21569162798806094
canoe,reference,saskatchewan,emissions|industrial|natural gas,kt N2O/yr,2030,0.20871394111910832
canoe,reference,saskatchewan,emissions|industrial|natural gas,kt N2O/yr,2035,0.20700643441559616
canoe,reference,saskatchewan,emissions|industrial|natural gas,kt N2O/yr,2040,0.20743109929362574
canoe,reference,saskatchewan,emissions|industrial|natural gas,kt N2O/yr,2045,0.20862546926737954
canoe,reference,saskatchewan,emissions|industrial|natural gas,kt N2O/yr,2050,0.2112265416545406
canoe,reference,saskatchewan,emissions|industrial|oil,Mt CO2-equiv/yr,2025,9.310044804789191
canoe,reference,saskatchewan,emissions|industrial|oil,Mt CO2-equiv/yr,2030,9.191811996357833
canoe,reference,saskatchewan,emissions|industrial|oil,Mt CO2-equiv/yr,2035,9.4071529067601
canoe,reference,saskatchewan,emissions|industrial|oil,Mt CO2-equiv/yr,2040,9.838572195138797
canoe,reference,saskatchewan,emissions|industrial|oil,Mt CO2-equiv/yr,2045,10.284003392995732
canoe,reference,saskatchewan,emissions|industrial|oil,Mt CO2-equiv/yr,2050,10.55907928217442
canoe,reference,saskatchewan,emissions|industrial|oil,Mt CO2/yr,2025,9.280139426089313
canoe,reference,saskatchewan,emissions|industrial|oil,Mt CO2/yr,2030,9.162286400675658
canoe,reference,saskatchewan,emissions|industrial|oil,Mt CO2/yr,2035,9.37693560103676
canoe,reference,saskatchewan,emissions|industrial|oil,Mt CO2/yr,2040,9.806969100467292
canoe,reference,saskatchewan,emissions|industrial|oil,Mt CO2/yr,2045,10.250969500843015
canoe,reference,saskatchewan,emissions|industrial|oil,Mt CO2/yr,2050,10.525161801509556
canoe,reference,saskatchewan,emissions|industrial|oil,kt CH4/yr,2025,0.08458296035205878
canoe,reference,saskatchewan,emissions|industrial|oil,kt CH4/yr,2030,0.08350880000615821
canoe,reference,saskatchewan,emissions|industrial|oil,kt CH4/yr,2035,0.08546520000944945
canoe,reference,saskatchewan,emissions|industrial|oil,kt CH4/yr,2040,0.08938470000425908
canoe,reference,saskatchewan,emissions|industrial|oil,kt CH4/yr,2045,0.09343150000768359
canoe,reference,saskatchewan,emissions|industrial|oil,kt CH4/yr,2050,0.09593060001375871
canoe,reference,saskatchewan,emissions|industrial|oil,kt N2O/yr,2025,0.10086833630044023
canoe,reference,saskatchewan,emissions|industrial|oil,kt N2O/yr,2030,0.0995873600073439
canoe,reference,saskatchewan,emissions|industrial|oil,kt N2O/yr,2035,0.10192044001126882
canoe,reference,saskatchewan,emissions|industrial|oil,kt N2O/yr,2040,0.1065945900050791
canoe,reference,saskatchewan,emissions|industrial|oil,kt N2O/yr,2045,0.11142055000916297
canoe,reference,saskatchewan,emissions|industrial|oil,kt N2O/yr,2050,0.11440082001640776
canoe,reference,saskatchewan,emissions|residential|natural gas,Mt CO2-equiv/yr,2025,1.8957253505271516
canoe,reference,saskatchewan,emissions|residential|natural gas,Mt CO2-equiv/yr,2030,1.5701649992502271
canoe,reference,saskatchewan,emissions|residential|natural gas,Mt CO2-equiv/yr,2035,1.008820665009982
canoe,reference,saskatchewan,emissions|residential|natural gas,Mt CO2-equiv/yr,2040,0.3705888177024503
canoe,reference,saskatchewan,emissions|residential|natural gas,Mt CO2-equiv/yr,2045,0.2219607902003659
canoe,reference,saskatchewan,emissions|residential|natural gas,Mt CO2-equiv/yr,2050,0.22864806418260347
canoe,reference,saskatchewan,emissions|residential|natural gas,Mt CO2/yr,2025,1.8854057986401416
canoe,reference,saskatchewan,emissions|residential|natural gas,Mt CO2/yr,2030,1.5616176644918325
canoe,reference,saskatchewan,emissions|residential|natural gas,Mt CO2/yr,2035,1.0033290587525863
canoe,reference,saskatchewan,emissions|residential|natural gas,Mt CO2/yr,2040,0.36857148405653856
canoe,reference,saskatchewan,emissions|residential|natural gas,Mt CO2/yr,2045,0.22075252662425374
canoe,reference,saskatchewan,emissions|residential|natural gas,Mt CO2/yr,2050,0.22740339782756386
canoe,reference,saskatchewan,emissions|residential|natural gas,kt CH4/yr,2025,0.036051687124093346
canoe,reference,saskatchewan,emissions|residential|natural gas,kt CH4/yr,2030,0.029860389465399356
canoe,reference,saskatchewan,emissions|residential|natural gas,kt CH4/yr,2035,0.019185103458761156
canoe,reference,saskatchewan,emissions|residential|natural gas,kt N2O/yr,2025,0.03410294727856549
canoe,reference,saskatchewan,emissions|residential|natural gas,kt N2O/yr,2030,0.02824631435834797
canoe,reference,saskatchewan,emissions|residential|natural gas,kt N2O/yr,2035,0.018148070838845943
canoe,reference,saskatchewan,emissions|residential|wood,Mt CO2-equiv/yr,2025,1.1181045549332471
canoe,reference,saskatchewan,emissions|residential|wood,Mt CO2-equiv/yr,2030,2.257677029844709
canoe,reference,saskatchewan,emissions|residential|wood,Mt CO2-equiv/yr,2035,3.4902125888701323
canoe,reference,saskatchewan,emissions|residential|wood,Mt CO2-equiv/yr,2040,4.973000941111711
canoe,reference,saskatchewan,emissions|residential|wood,Mt CO2-equiv/yr,2045,5.426984565770461
canoe,reference,saskatchewan,emissions|residential|wood,Mt CO2-equiv/yr,2050,5.66023546621862
canoe,reference,saskatchewan,emissions|residential|wood,Mt CO2/yr,2025,0.9220780928153564
canoe,reference,saskatchewan,emissions|residential|wood,Mt CO2/yr,2030,1.861860342744541
canoe,reference,saskatchewan,emissions|residential|wood,Mt CO2/yr,2035,2.8783073579891227
canoe,reference,saskatchewan,emissions|residential|wood,Mt CO2/yr,2040,4.101132763584011
canoe,reference,saskatchewan,emissions|residential|wood,Mt CO2/yr,2045,4.475523828308486
canoe,reference,saskatchewan,emissions|residential|wood,Mt CO2/yr,2050,4.667881103380622
canoe,reference,saskatchewan,emissions|residential|wood,kt CH4/yr,2025,2.9715887741995264
canoe,reference,saskatchewan,emissions|residential|wood,kt CH4/yr,2030,6.000232883458024
canoe,reference,saskatchewan,emissions|residential|wood,kt CH4/yr,2035,9.275945172475886
canoe,reference,saskatchewan,emissions|residential|wood,kt CH4/yr,2040,13.216754824483742
canoe,reference,saskatchewan,emissions|residential|wood,kt CH4/yr,2045,14.423308037020197
canoe,reference,saskatchewan,emissions|residential|wood,kt CH4/yr,2050,15.043219434648893
canoe,reference,saskatchewan,emissions|residential|wood,kt N2O/yr,2025,0.41326731296814606
canoe,reference,saskatchewan,emissions|residential|wood,kt N2O/yr,2030,0.8344694738584006
canoe,reference,saskatchewan,emissions|residential|wood,kt N2O/yr,2035,1.2900321100794279
canoe,reference,saskatchewan,emissions|residential|wood,kt N2O/yr,2040,1.8380917305573414
canoe,reference,saskatchewan,emissions|residential|wood,kt N2O/yr,2045,2.0058905217047958
canoe,reference,saskatchewan,emissions|residential|wood,kt N2O/yr,2050,2.092103365083621
canoe,reference,saskatchewan,emissions|transportation|diesel,Mt CO2-equiv/yr,2025,3.4545575969275157
canoe,reference,saskatchewan,emissions|transportation|diesel,Mt CO2-equiv/yr,2030,3.3631333138749575
canoe,reference,saskatchewan,emissions|transportation|diesel,Mt CO2-equiv/yr,2035,3.2001779826337273
canoe,reference,saskatchewan,emissions|transportation|diesel,Mt CO2-equiv/yr,2040,2.476907852454376
canoe,reference,saskatchewan,emissions|transportation|diesel,Mt CO2-equiv/yr,2045,1.6804761124878005
canoe,reference,saskatchewan,emissions|transportation|diesel,Mt CO2-equiv/yr,2050,1.5966059028093638
canoe,reference,saskatchewan,emissions|transportation|diesel,Mt CO2/yr,2025,3.319328665195319
canoe,reference,saskatchewan,emissions|transportation|diesel,Mt CO2/yr,2030,3.2314831958029915
canoe,reference,saskatchewan,emissions|transportation|diesel,Mt CO2/yr,2035,3.0749067673808765
canoe,reference,saskatchewan,emissions|transportation|diesel,Mt CO2/yr,2040,2.3799491080057367
canoe,reference,saskatchewan,emissions|transportation|diesel,Mt CO2/yr,2045,1.614693747326712
canoe,reference,saskatchewan,emissions|transportation|diesel,Mt CO2/yr,2050,1.534106639658505
canoe,reference,saskatchewan,emissions|transportation|diesel,kt CH4/yr,2025,0.15939016611482118
canoe,reference,saskatchewan,emissions|transportation|diesel,kt CH4/yr,2030,0.1551719269844169
canoe,reference,saskatchewan,emissions|transportation|diesel,kt CH4/yr,2035,0.1476533088128155
canoe,reference,saskatchewan,emissions|transportation|diesel,kt CH4/yr,2040,0.11428227089300338
canoe,reference,saskatchewan,emissions|transportation|diesel,kt CH4/yr,2045,0.07753563844872005
canoe,reference,saskatchewan,emissions|transportation|diesel,kt CH4/yr,2050,0.07366595029195554
canoe,reference,saskatchewan,emissions|transportation|diesel,kt N2O/yr,2025,0.47899635412744185
canoe,reference,saskatchewan,emissions|transportation|diesel,kt N2O/yr,2030,0.46631979484019037
canoe,reference,saskatchewan,emissions|transportation|diesel,kt N2O/yr,2035,0.4437249905547973
canoe,reference,saskatchewan,emissions|transportation|diesel,kt N2O/yr,2040,0.3434389766289481
canoe,reference,saskatchewan,emissions|transportation|diesel,kt N2O/yr,2045,0.23300867084412094
canoe,reference,saskatchewan,emissions|transportation|diesel,kt N2O/yr,2050,0.22137953973748292
canoe,reference,saskatchewan,emissions|transportation|ethanol,Mt CO2-equiv/yr,2025,0.1876982482329601
canoe,reference,saskatchewan,emissions|transportation|ethanol,Mt CO2-equiv/yr,2030,0.2373904530071944
canoe,reference,saskatchewan,emissions|transportation|ethanol,Mt CO2-equiv/yr,2035,0.2080761669131463
canoe,reference,saskatchewan,emissions|transportation|ethanol,Mt CO2-equiv/yr,2040,0.29289311539185164
canoe,reference,saskatchewan,emissions|transportation|ethanol,Mt CO2-equiv/yr,2045,0.306951603840751
canoe,reference,saskatchewan,emissions|transportation|ethanol,Mt CO2-equiv/yr,2050,0.2765206410993876
canoe,reference,saskatchewan,emissions|transportation|ethanol,Mt CO2/yr,2025,0.1876982482329601
canoe,reference,saskatchewan,emissions|transportation|ethanol,Mt CO2/yr,2030,0.2373904530071944
canoe,reference,saskatchewan,emissions|transportation|ethanol,Mt CO2/yr,2035,0.2080761669131463
canoe,reference,saskatchewan,emissions|transportation|ethanol,Mt CO2/yr,2040,0.29289311539185164
canoe,reference,saskatchewan,emissions|transportation|ethanol,Mt CO2/yr,2045,0.306951603840751
canoe,reference,saskatchewan,emissions|transportation|ethanol,Mt CO2/yr,2050,0.2765206410993876
canoe,reference,saskatchewan,emissions|transportation|gasoline,Mt CO2-equiv/yr,2025,1.5900198335783293
canoe,reference,saskatchewan,emissions|transportation|gasoline,Mt CO2-equiv/yr,2030,1.4084321063680307
canoe,reference,saskatchewan,emissions|transportation|gasoline,Mt CO2-equiv/yr,2035,1.2345111201316377
canoe,reference,saskatchewan,emissions|transportation|gasoline,Mt CO2-equiv/yr,2040,1.7377281277589474
canoe,reference,saskatchewan,emissions|transportation|gasoline,Mt CO2-equiv/yr,2045,1.8211368168936937
canoe,reference,saskatchewan,emissions|transportation|gasoline,Mt CO2-equiv/yr,2050,1.6405906137516217
canoe,reference,saskatchewan,emissions|transportation|gasoline,Mt CO2/yr,2025,1.5303493817968452
canoe,reference,saskatchewan,emissions|transportation|gasoline,Mt CO2/yr,2030,1.3555763002229007
canoe,reference,saskatchewan,emissions|transportation|gasoline,Mt CO2/yr,2035,1.1881822412636673
canoe,reference,saskatchewan,emissions|transportation|gasoline,Mt CO2/yr,2040,1.672514461698309
canoe,reference,saskatchewan,emissions|transportation|gasoline,Mt CO2/yr,2045,1.7527929797131323
canoe,reference,saskatchewan,emissions|transportation|gasoline,Mt CO2/yr,2050,1.5790223357693842
canoe,reference,saskatchewan,emissions|transportation|gasoline,kt CH4/yr,2025,1.8050634757157282
canoe,reference,saskatchewan,emissions|transportation|gasoline,kt CH4/yr,2030,1.5989167553393664
canoe,reference,saskatchewan,emissions|transportation|gasoline,kt CH4/yr,2035,1.40147367111742
canoe,reference,saskatchewan,emissions|transportation|gasoline,kt CH4/yr,2040,1.9727487091040907
canoe,reference,saskatchewan,emissions|transportation|gasoline,kt CH4/yr,2045,2.067438080352768
canoe,reference,saskatchewan,emissions|transportation|gasoline,kt CH4/yr,2050,1.862473745890677
canoe,reference,saskatchewan,emissions|transportation|gasoline,kt N2O/yr,2025,0.033438367990637485
canoe,reference,saskatchewan,emissions|transportation|gasoline,kt N2O/yr,2030,0.029619549434534022
canoe,reference,saskatchewan,emissions|transportation|gasoline,kt N2O/yr,2035,0.025961963650852907
canoe,reference,saskatchewan,emissions|transportation|gasoline,kt N2O/yr,2040,0.03654469672426427
canoe,reference,saskatchewan,emissions|transportation|gasoline,kt N2O/yr,2045,0.03829879461789092
canoe,reference,saskatchewan,emissions|transportation|gasoline,kt N2O/yr,2050,0.03450187947728516
canoe,reference,saskatchewan,emissions|transportation|jet fuel,Mt CO2-equiv/yr,2025,0.21256464361569272
canoe,reference,saskatchewan,emissions|transportation|jet fuel,Mt CO2-equiv/yr,2030,0.23558118951586496
canoe,reference,saskatchewan,emissions|transportation|jet fuel,Mt CO2-equiv/yr,2035,0.25219102468639615
canoe,reference,saskatchewan,emissions|transportation|jet fuel,Mt CO2-equiv/yr,2040,0.2686660352470166
canoe,reference,saskatchewan,emissions|transportation|jet fuel,Mt CO2-equiv/yr,2045,0.28595073443016206
canoe,reference,saskatchewan,emissions|transportation|jet fuel,Mt CO2-equiv/yr,2050,0.30619500413299366
canoe,reference,saskatchewan,emissions|transportation|jet fuel,Mt CO2/yr,2025,0.2072455690794672
canoe,reference,saskatchewan,emissions|transportation|jet fuel,Mt CO2/yr,2030,0.22968616443054052
canoe,reference,saskatchewan,emissions|transportation|jet fuel,Mt CO2/yr,2035,0.24588036626805984
canoe,reference,saskatchewan,emissions|transportation|jet fuel,Mt CO2/yr,2040,0.2619431172559384
canoe,reference,saskatchewan,emissions|transportation|jet fuel,Mt CO2/yr,2045,0.27879529576336126
canoe,reference,saskatchewan,emissions|transportation|jet fuel,Mt CO2/yr,2050,0.2985329864902673
canoe,reference,saskatchewan,emissions|transportation|jet fuel,kt N2O/yr,2025,0.018812697414593703
canoe,reference,saskatchewan,emissions|transportation|jet fuel,kt N2O/yr,2030,0.020849740387421756
canoe,reference,saskatchewan,emissions|transportation|jet fuel,kt N2O/yr,2035,0.022319767565292515
canoe,reference,saskatchewan,emissions|transportation|jet fuel,kt N2O/yr,2040,0.023777862304413595
canoe,reference,saskatchewan,emissions|transportation|jet fuel,kt N2O/yr,2045,0.02530761725379589
canoe,reference,saskatchewan,emissions|transportation|jet fuel,kt N2O/yr,2050,0.027099304308710614
canoe,reference,saskatchewan,emissions|transportation|natural gas,Mt CO2-equiv/yr,2025,1.3333698303209394
canoe,reference,saskatchewan,emissions|transportation|natural gas,Mt CO2-equiv/yr,2030,1.4426530412485783
canoe,reference,saskatchewan,emissions|transportation|natural gas,Mt CO2-equiv/yr,2035,1.489917499226641
canoe,reference,saskatchewan,emissions|transportation|natural gas,Mt CO2-equiv/yr,2040,1.934538991482356
canoe,reference,saskatchewan,emissions|transportation|natural gas,Mt CO2-equiv/yr,2045,2.0080867905139175
canoe,reference,saskatchewan,emissions|transportation|natural gas,Mt CO2-equiv/yr,2050,2.0624614985512895
canoe,reference,saskatchewan,emissions|transportation|natural gas,Mt CO2/yr,2025,1.32648376856256
canoe,reference,saskatchewan,emissions|transportation|natural gas,Mt CO2/yr,2030,1.4352025967342004
canoe,reference,saskatchewan,emissions|transportation|natural gas,Mt CO2/yr,2035,1.482222961911292
canoe,reference,saskatchewan,emissions|transportation|natural gas,Mt CO2/yr,2040,1.9245482487293613
canoe,reference,saskatchewan,emissions|transportation|natural gas,Mt CO2/yr,2045,1.997716217143185
canoe,reference,saskatchewan,emissions|transportation|natural gas,Mt CO2/yr,2050,2.051810112168949
canoe,reference,saskatchewan,emissions|transportation|natural gas,kt CH4/yr,2025,0.02536428912751701
canoe,reference,saskatchewan,emissions|transportation|natural gas,kt CH4/yr,2030,0.02744315044244932
canoe,reference,saskatchewan,emissions|transportation|natural gas,kt CH4/yr,2035,0.028342247864896926
canoe,reference,saskatchewan,emissions|transportation|natural gas,kt CH4/yr,2040,0.03680014741041728
canoe,reference,saskatchewan,emissions|transportation|natural gas,kt CH4/yr,2045,0.038199224843330264
canoe,reference,saskatchewan,emissions|transportation|natural gas,kt CH4/yr,2050,0.03923357839215194
canoe,reference,saskatchewan,emissions|transportation|natural gas,kt N2O/yr,2025,0.02262220381505193
canoe,reference,saskatchewan,emissions|transportation|natural gas,kt N2O/yr,2030,0.02447632336609449
canoe,reference,saskatchewan,emissions|transportation|natural gas,kt N2O/yr,2035,0.025278221067147416
canoe,reference,saskatchewan,emissions|transportation|natural gas,kt N2O/yr,2040,0.03282175309377225
canoe,reference,saskatchewan,emissions|transportation|natural gas,kt N2O/yr,2045,0.03406957891224002
canoe,reference,saskatchewan,emissions|transportation|natural gas,kt N2O/yr,2050,0.03499211045572732
canoe,reference,saskatchewan,emissions|transportation|oil,Mt CO2-equiv/yr,2025,0.011642788496452474
canoe,reference,saskatchewan,emissions|transportation|oil,Mt CO2-equiv/yr,2030,0.01164240493386104
canoe,reference,saskatchewan,emissions|transportation|oil,Mt CO2-equiv/yr,2035,0.011641939118402753
canoe,reference,saskatchewan,emissions|transportation|oil,Mt CO2-equiv/yr,2040,0.011641263588190422
canoe,reference,saskatchewan,emissions|transportation|oil,Mt CO2-equiv/yr,2045,0.011640729561549204
canoe,reference,saskatchewan,emissions|transportation|oil,Mt CO2/yr,2025,0.0116053899654669
canoe,reference,saskatchewan,emissions|transportation|oil,Mt CO2/yr,2030,0.011605007634940918
canoe,reference,saskatchewan,emissions|transportation|oil,Mt CO2/yr,2035,0.011604543315757674
canoe,reference,saskatchewan,emissions|transportation|oil,Mt CO2/yr,2040,0.011603869955458297
canoe,reference,saskatchewan,emissions|transportation|oil,Mt CO2/yr,2045,0.011603337644197537
canoe,reference,saskatchewan,emissions|upstream|diesel,Mt CO2/yr,2025,1.7355960782480573
canoe,reference,saskatchewan,emissions|upstream|diesel,Mt CO2/yr,2030,1.8073555629230882
canoe,reference,saskatchewan,emissions|upstream|diesel,Mt CO2/yr,2035,1.7374284119851071
canoe,reference,saskatchewan,emissions|upstream|diesel,Mt CO2/yr,2040,1.5329164982467285
canoe,reference,saskatchewan,emissions|upstream|diesel,Mt CO2/yr,2045,1.3422373388003759
canoe,reference,saskatchewan,emissions|upstream|diesel,Mt CO2/yr,2050,1.3385936181746811
canoe,reference,saskatchewan,emissions|upstream|gasoline,Mt CO2/yr,2025,0.5377895631842319
canoe,reference,saskatchewan,emissions|upstream|gasoline,Mt CO2/yr,2030,0.5173073999945347
canoe,reference,saskatchewan,emissions|upstream|gasoline,Mt CO2/yr,2035,0.47259398807777414
canoe,reference,saskatchewan,emissions|upstream|gasoline,Mt CO2/yr,2040,0.5777054700748642
canoe,reference,saskatchewan,emissions|upstream|gasoline,Mt CO2/yr,2045,0.5967395771407441
canoe,reference,saskatchewan,emissions|upstream|gasoline,Mt CO2/yr,2050,0.5603774639670116
canoe,reference,saskatchewan,emissions|upstream|jet fuel,Mt CO2/yr,2025,0.0458846512331257
canoe,reference,saskatchewan,emissions|upstream|jet fuel,Mt CO2/yr,2030,0.050853075820870244
canoe,reference,saskatchewan,emissions|upstream|jet fuel,Mt CO2/yr,2035,0.054438535858063644
canoe,reference,saskatchewan,emissions|upstream|jet fuel,Mt CO2/yr,2040,0.05799489391713648
canoe,reference,saskatchewan,emissions|upstream|jet fuel,Mt CO2/yr,2045,0.06172603056902205
canoe,reference,saskatchewan,emissions|upstream|jet fuel,Mt CO2/yr,2050,0.06609597526098607
canoe,reference,saskatchewan,emissions|upstream|natural gas,Mt CO2/yr,2025,1.6297983303490455
canoe,reference,saskatchewan,emissions|upstream|natural gas,Mt CO2/yr,2030,1.6455574091599343
canoe,reference,saskatchewan,emissions|upstream|natural gas,Mt CO2/yr,2035,1.3996248424114996
canoe,reference,saskatchewan,emissions|upstream|natural gas,Mt CO2/yr,2040,1.38521515075561
canoe,reference,saskatchewan,emissions|upstream|natural gas,Mt CO2/yr,2045,1.3514869471886275
canoe,reference,saskatchewan,emissions|upstream|natural gas,Mt CO2/yr,2050,1.4015955542363439
canoe,reference,saskatchewan,emissions|upstream|oil,Mt CO2/yr,2025,1.5673736324184366
canoe,reference,saskatchewan,emissions|upstream|oil,Mt CO2/yr,2030,1.547493585404046
canoe,reference,saskatchewan,emissions|upstream|oil,Mt CO2/yr,2035,1.583701507141494
canoe,reference,saskatchewan,emissions|upstream|oil,Mt CO2/yr,2040,1.6562413934599658
canoe,reference,saskatchewan,emissions|upstream|oil,Mt CO2/yr,2045,1.7311373037306685
canoe,reference,saskatchewan,emissions|upstream|oil,Mt CO2/yr,2050,1.7768708877198118
