model,scenario,region,variable,unit,time,value
canoe,nz,alberta,emissions,Mt CO2-equiv/yr,2025,201.43024821965528
canoe,nz,alberta,emissions,Mt CO2-equiv/yr,2030,183.25327080428494
canoe,nz,alberta,emissions,Mt CO2-equiv/yr,2035,146.43177967066617
canoe,nz,alberta,emissions,Mt CO2-equiv/yr,2040,110.05913916585632
canoe,nz,alberta,emissions,Mt CO2-equiv/yr,2045,90.64075887960256
canoe,nz,alberta,emissions,Mt CO2-equiv/yr,2050,81.55618110409291
canoe,nz,alberta,emissions,Mt CO2/yr,2025,222.2731458662581
canoe,nz,alberta,emissions,Mt CO2/yr,2030,202.13254404454068
canoe,nz,alberta,emissions,Mt CO2/yr,2035,161.7674888192166
canoe,nz,alberta,emissions,Mt CO2/yr,2040,121.9662718697396
canoe,nz,alberta,emissions,Mt CO2/yr,2045,101.04084147614164
canoe,nz,alberta,emissions,Mt CO2/yr,2050,91.19646338041078
canoe,nz,alberta,emissions,kt CH4/yr,2025,11.430238182879362
canoe,nz,alberta,emissions,kt CH4/yr,2030,9.526101283036049
canoe,nz,alberta,emissions,kt CH4/yr,2035,6.499161442165723
canoe,nz,alberta,emissions,kt CH4/yr,2040,3.820081112388118
canoe,nz,alberta,emissions,kt CH4/yr,2045,3.102091322352119
canoe,nz,alberta,emissions,kt CH4/yr,2050,2.892611267856042
canoe,nz,alberta,emissions,kt N2O/yr,2025,4.624882514449635
canoe,nz,alberta,emissions,kt N2O/yr,2030,4.185252808021591
canoe,nz,alberta,emissions,kt N2O/yr,2035,3.23990228378997
canoe,nz,alberta,emissions,kt N2O/yr,2040,2.3266410787026115
canoe,nz,alberta,emissions,kt N2O/yr,2045,2.063684351832934
canoe,nz,alberta,emissions,kt N2O/yr,2050,1.9931039400459176
canoe,nz,british columbia,emissions,Mt CO2-equiv/yr,2025,53.79314818770892
canoe,nz,british columbia,emissions,Mt CO2-equiv/yr,2030,51.358719381671406
canoe,nz,british columbia,emissions,Mt CO2-equiv/yr,2035,45.471910709239104
canoe,nz,british columbia,emissions,Mt CO2-equiv/yr,2040,40.87684350781133
canoe,nz,british columbia,emissions,Mt CO2-equiv/yr,2045,40.16559950084412
canoe,nz,british columbia,emissions,Mt CO2-equiv/yr,2050,43.32387128067771
canoe,nz,british columbia,emissions,Mt CO2/yr,2025,59.54641035460586
canoe,nz,british columbia,emissions,Mt CO2/yr,2030,56.650755627032865
canoe,nz,british columbia,emissions,Mt CO2/yr,2035,49.869611273422144
canoe,nz,british columbia,emissions,Mt CO2/yr,2040,44.715127519750936
canoe,nz,british columbia,emissions,Mt CO2/yr,2045,43.985866227486994
canoe,nz,british columbia,emissions,Mt CO2/yr,2050,47.4253046793119
canoe,nz,british columbia,emissions,kt CH4/yr,2025,6.989779563452941
canoe,nz,british columbia,emissions,kt CH4/yr,2030,5.435726513253639
canoe,nz,british columbia,emissions,kt CH4/yr,2035,3.294838247673662
canoe,nz,british columbia,emissions,kt CH4/yr,2040,1.252848624693887
canoe,nz,british columbia,emissions,kt CH4/yr,2045,1.0450235566177644
canoe,nz,british columbia,emissions,kt CH4/yr,2050,0.9637444961540226
canoe,nz,british columbia,emissions,kt N2O/yr,2025,1.8254113868930542
canoe,nz,british columbia,emissions,kt N2O/yr,2030,1.7387419157281137
canoe,nz,british columbia,emissions,kt N2O/yr,2035,1.5247631139646964
canoe,nz,british columbia,emissions,kt N2O/yr,2040,1.3681742275000364
canoe,nz,british columbia,emissions,kt N2O/yr,2045,1.4009613026176757
canoe,nz,british columbia,emissions,kt N2O/yr,2050,1.5134593983595435
canoe,nz,canada,emissions,Mt CO2-equiv/yr,2025,523.2221376292775
canoe,nz,canada,emissions,Mt CO2-equiv/yr,2030,479.37270939122334
canoe,nz,canada,emissions,Mt CO2-equiv/yr,2035,392.1949020328262
canoe,nz,canada,emissions,Mt CO2-equiv/yr,2040,317.62669906727746
canoe,nz,canada,emissions,Mt CO2-equiv/yr,2045,285.7241963336725
canoe,nz,canada,emissions,Mt CO2-equiv/yr,2050,273.4212608521819
canoe,nz,canada,emissions,Mt CO2/yr,2025,586.9538745788863
canoe,nz,canada,emissions,Mt CO2/yr,2030,536.7546810278675
canoe,nz,canada,emissions,Mt CO2/yr,2035,437.85296709357954
canoe,nz,canada,emissions,Mt CO2/yr,2040,354.2467845376358
canoe,nz,canada,emissions,Mt CO2/yr,2045,319.31012839256334
canoe,nz,canada,emissions,Mt CO2/yr,2050,305.756330967895
canoe,nz,canada,emissions,kt CH4/yr,2025,80.87486249783728
canoe,nz,canada,emissions,kt CH4/yr,2030,59.32520933466175
canoe,nz,canada,emissions,kt CH4/yr,2035,31.33646989543759
canoe,nz,canada,emissions,kt CH4/yr,2040,16.699515442899866
canoe,nz,canada,emissions,kt CH4/yr,2045,13.45057770629084
canoe,nz,canada,emissions,kt CH4/yr,2050,11.151806991892046
canoe,nz,canada,emissions,kt N2O/yr,2025,17.74834914816064
canoe,nz,canada,emissions,kt N2O/yr,2030,16.02459126145082
canoe,nz,canada,emissions,kt N2O/yr,2035,12.839851748800285
canoe,nz,canada,emissions,kt N2O/yr,2040,9.88307550357289
canoe,nz,canada,emissions,kt N2O/yr,2045,9.528456289432407
canoe,nz,canada,emissions,kt N2O/yr,2050,9.655171232469963
canoe,nz,manitoba,emissions,Mt CO2-equiv/yr,2025,10.723535216989358
canoe,nz,manitoba,emissions,Mt CO2-equiv/yr,2030,10.601212363542134
canoe,nz,manitoba,emissions,Mt CO2-equiv/yr,2035,9.959096995403536
canoe,nz,manitoba,emissions,Mt CO2-equiv/yr,2040,8.751662427594315
canoe,nz,manitoba,emissions,Mt CO2-equiv/yr,2045,8.510929714880508
canoe,nz,manitoba,emissions,Mt CO2-equiv/yr,2050,8.372466337013103
canoe,nz,manitoba,emissions,Mt CO2/yr,2025,12.158645813529544
canoe,nz,manitoba,emissions,Mt CO2/yr,2030,12.042547861014151
canoe,nz,manitoba,emissions,Mt CO2/yr,2035,11.295323407605004
canoe,nz,manitoba,emissions,Mt CO2/yr,2040,9.910841531818981
canoe,nz,manitoba,emissions,Mt CO2/yr,2045,9.636948915303195
canoe,nz,manitoba,emissions,Mt CO2/yr,2050,9.484478508256364
canoe,nz,manitoba,emissions,kt CH4/yr,2025,1.2253286614458045
canoe,nz,manitoba,emissions,kt CH4/yr,2030,1.1026423739207132
canoe,nz,manitoba,emissions,kt CH4/yr,2035,0.8628818002043886
canoe,nz,manitoba,emissions,kt CH4/yr,2040,0.3076336256354626
canoe,nz,manitoba,emissions,kt CH4/yr,2045,0.25651947550289744
canoe,nz,manitoba,emissions,kt CH4/yr,2050,0.24882465798479317
canoe,nz,manitoba,emissions,kt N2O/yr,2025,0.45216970195823936
canoe,nz,manitoba,emissions,kt N2O/yr,2030,0.4616218307037321
canoe,nz,manitoba,emissions,kt N2O/yr,2035,0.4348793704488659
canoe,nz,manitoba,emissions,kt N2O/yr,2040,0.39738017699655054
canoe,nz,manitoba,emissions,kt N2O/yr,2045,0.40008712029335336
canoe,nz,manitoba,emissions,kt N2O/yr,2050,0.40973873764312546
canoe,nz,new brunswick,emissions,Mt CO2-equiv/yr,2025,14.02639673884246
canoe,nz,new brunswick,emissions,Mt CO2-equiv/yr,2030,12.407785398548494
canoe,nz,new brunswick,emissions,Mt CO2-equiv/yr,2035,9.97145979313655
canoe,nz,new brunswick,emissions,Mt CO2-equiv/yr,2040,8.164112768700619
canoe,nz,new brunswick,emissions,Mt CO2-equiv/yr,2045,7.705867385416065
canoe,nz,new brunswick,emissions,Mt CO2-equiv/yr,2050,7.299921462371693
canoe,nz,new brunswick,emissions,Mt CO2/yr,2025,15.848784748387402
canoe,nz,new brunswick,emissions,Mt CO2/yr,2030,13.988901535480665
canoe,nz,new brunswick,emissions,Mt CO2/yr,2035,11.087042458097384
canoe,nz,new brunswick,emissions,Mt CO2/yr,2040,8.985279366470241
canoe,nz,new brunswick,emissions,Mt CO2/yr,2045,8.477690129048293
canoe,nz,new brunswick,emissions,Mt CO2/yr,2050,8.034512773572958
canoe,nz,new brunswick,emissions,kt CH4/yr,2025,1.9878583646443224
canoe,nz,new brunswick,emissions,kt CH4/yr,2030,1.4751017780890991
canoe,nz,new brunswick,emissions,kt CH4/yr,2035,0.6927565587221813
canoe,nz,new brunswick,emissions,kt CH4/yr,2040,0.23538663719833527
canoe,nz,new brunswick,emissions,kt CH4/yr,2045,0.1844599514855435
canoe,nz,new brunswick,emissions,kt CH4/yr,2050,0.1441590779659716
canoe,nz,new brunswick,emissions,kt N2O/yr,2025,0.6663769616127165
canoe,nz,new brunswick,emissions,kt N2O/yr,2030,0.5596381244294032
canoe,nz,new brunswick,emissions,kt N2O/yr,2035,0.4014654801297506
canoe,nz,new brunswick,emissions,kt N2O/yr,2040,0.24731133482788947
canoe,nz,new brunswick,emissions,kt N2O/yr,2045,0.23500588389210833
canoe,nz,new brunswick,emissions,kt N2O/yr,2050,0.23086662588366455
canoe,nz,newfoundland and labrador,emissions,Mt CO2-equiv/yr,2025,10.829155278572987
canoe,nz,newfoundland and labrador,emissions,Mt CO2-equiv/yr,2030,9.478392833785
canoe,nz,newfoundland and labrador,emissions,Mt CO2-equiv/yr,2035,6.8648081850322695
canoe,nz,newfoundland and labrador,emissions,Mt CO2-equiv/yr,2040,4.901972522854781
canoe,nz,newfoundland and labrador,emissions,Mt CO2-equiv/yr,2045,4.743860932732199
canoe,nz,newfoundland and labrador,emissions,Mt CO2-equiv/yr,2050,4.505501677985223
canoe,nz,newfoundland and labrador,emissions,Mt CO2/yr,2025,12.416106225215598
canoe,nz,newfoundland and labrador,emissions,Mt CO2/yr,2030,10.776197647458034
canoe,nz,newfoundland and labrador,emissions,Mt CO2/yr,2035,7.662459842656001
canoe,nz,newfoundland and labrador,emissions,Mt CO2/yr,2040,5.386067650338479
canoe,nz,newfoundland and labrador,emissions,Mt CO2/yr,2045,5.20494418474789
canoe,nz,newfoundland and labrador,emissions,Mt CO2/yr,2050,4.940595995987405
canoe,nz,newfoundland and labrador,emissions,kt CH4/yr,2025,2.128707314337024
canoe,nz,newfoundland and labrador,emissions,kt CH4/yr,2030,1.5659477077959016
canoe,nz,newfoundland and labrador,emissions,kt CH4/yr,2035,0.6925874961079809
canoe,nz,newfoundland and labrador,emissions,kt CH4/yr,2040,0.13714103547585593
canoe,nz,newfoundland and labrador,emissions,kt CH4/yr,2045,0.10984240893849709
canoe,nz,newfoundland and labrador,emissions,kt CH4/yr,2050,0.09760291539308556
canoe,nz,newfoundland and labrador,emissions,kt N2O/yr,2025,0.5857768593078932
canoe,nz,newfoundland and labrador,emissions,kt N2O/yr,2030,0.46624581221115374
canoe,nz,newfoundland and labrador,emissions,kt N2O/yr,2035,0.3214061116910454
canoe,nz,newfoundland and labrador,emissions,kt N2O/yr,2040,0.18246315258004583
canoe,nz,newfoundland and labrador,emissions,kt N2O/yr,2045,0.17530833481342437
canoe,nz,newfoundland and labrador,emissions,kt N2O/yr,2050,0.17270162602302952
canoe,nz,nova scotia,emissions,Mt CO2-equiv/yr,2025,11.318983088378335
canoe,nz,nova scotia,emissions,Mt CO2-equiv/yr,2030,10.005062595696824
canoe,nz,nova scotia,emissions,Mt CO2-equiv/yr,2035,7.709910424363204
canoe,nz,nova scotia,emissions,Mt CO2-equiv/yr,2040,5.947087665841471
canoe,nz,nova scotia,emissions,Mt CO2-equiv/yr,2045,5.640556143339287
canoe,nz,nova scotia,emissions,Mt CO2-equiv/yr,2050,5.487477050095408
canoe,nz,nova scotia,emissions,Mt CO2/yr,2025,13.033182987970154
canoe,nz,nova scotia,emissions,Mt CO2/yr,2030,11.475790718523635
canoe,nz,nova scotia,emissions,Mt CO2/yr,2035,8.709541815853447
canoe,nz,nova scotia,emissions,Mt CO2/yr,2040,6.644815034468917
canoe,nz,nova scotia,emissions,Mt CO2/yr,2045,6.290959522603201
canoe,nz,nova scotia,emissions,Mt CO2/yr,2050,6.117576761063887
canoe,nz,nova scotia,emissions,kt CH4/yr,2025,2.5252850639348634
canoe,nz,nova scotia,emissions,kt CH4/yr,2030,1.8222441829889018
canoe,nz,nova scotia,emissions,kt CH4/yr,2035,0.9132699073698335
canoe,nz,nova scotia,emissions,kt CH4/yr,2040,0.43256571438352753
canoe,nz,nova scotia,emissions,kt CH4/yr,2045,0.3795628757176095
canoe,nz,nova scotia,emissions,kt CH4/yr,2050,0.3001027110616029
canoe,nz,nova scotia,emissions,kt N2O/yr,2025,0.7733552272466347
canoe,nz,nova scotia,emissions,kt N2O/yr,2030,0.6372126181321841
canoe,nz,nova scotia,emissions,kt N2O/yr,2035,0.44737961638478146
canoe,nz,nova scotia,emissions,kt N2O/yr,2040,0.27309805980186785
canoe,nz,nova scotia,emissions,kt N2O/yr,2045,0.2522876506803077
canoe,nz,nova scotia,emissions,kt N2O/yr,2050,0.252044365081683
canoe,nz,ontario,emissions,Mt CO2-equiv/yr,2025,127.24575400810497
canoe,nz,ontario,emissions,Mt CO2-equiv/yr,2030,115.46298578652944
canoe,nz,ontario,emissions,Mt CO2-equiv/yr,2035,91.06320345877683
canoe,nz,ontario,emissions,Mt CO2-equiv/yr,2040,74.70123581785482
canoe,nz,ontario,emissions,Mt CO2-equiv/yr,2045,66.96859324451552
canoe,nz,ontario,emissions,Mt CO2-equiv/yr,2050,61.87088722122543
canoe,nz,ontario,emissions,Mt CO2/yr,2025,145.06820679997386
canoe,nz,ontario,emissions,Mt CO2/yr,2030,131.18158335259682
canoe,nz,ontario,emissions,Mt CO2/yr,2035,103.12320842045943
canoe,nz,ontario,emissions,Mt CO2/yr,2040,84.42516434953164
canoe,nz,ontario,emissions,Mt CO2/yr,2045,75.70737528955797
canoe,nz,ontario,emissions,Mt CO2/yr,2050,70.00977701372267
canoe,nz,ontario,emissions,kt CH4/yr,2025,35.57668582094018
canoe,nz,ontario,emissions,kt CH4/yr,2030,24.419311913713788
canoe,nz,ontario,emissions,kt CH4/yr,2035,10.988847834473082
canoe,nz,ontario,emissions,kt CH4/yr,2040,7.280279720665978
canoe,nz,ontario,emissions,kt CH4/yr,2045,5.803149851722807
canoe,nz,ontario,emissions,kt CH4/yr,2050,4.382346646505581
canoe,nz,ontario,emissions,kt N2O/yr,2025,4.813277538069464
canoe,nz,ontario,emissions,kt N2O/yr,2030,4.245764048380986
canoe,nz,ontario,emissions,kt N2O/yr,2035,3.317999486349472
canoe,nz,ontario,emissions,kt N2O/yr,2040,2.481816067231899
canoe,nz,ontario,emissions,kt N2O/yr,2045,2.4080429274737267
canoe,nz,ontario,emissions,kt N2O/yr,2050,2.420200866391796
canoe,nz,prince edward island,emissions,Mt CO2-equiv/yr,2025,8.856915756428881
canoe,nz,prince edward island,emissions,Mt CO2-equiv/yr,2030,7.389444045710104
canoe,nz,prince edward island,emissions,Mt CO2-equiv/yr,2035,5.06176097409301
canoe,nz,prince edward island,emissions,Mt CO2-equiv/yr,2040,3.4822437527955374
canoe,nz,prince edward island,emissions,Mt CO2-equiv/yr,2045,3.312588199845259
canoe,nz,prince edward island,emissions,Mt CO2-equiv/yr,2050,3.1109568371318828
canoe,nz,prince edward island,emissions,Mt CO2/yr,2025,10.226518973098846
canoe,nz,prince edward island,emissions,Mt CO2/yr,2030,8.491128227963268
canoe,nz,prince edward island,emissions,Mt CO2/yr,2035,5.687448236754755
canoe,nz,prince edward island,emissions,Mt CO2/yr,2040,3.8273256669343327
canoe,nz,prince edward island,emissions,Mt CO2/yr,2045,3.6265357233496953
canoe,nz,prince edward island,emissions,Mt CO2/yr,2050,3.392614444923298
canoe,nz,prince edward island,emissions,kt CH4/yr,2025,3.542619377573678
canoe,nz,prince edward island,emissions,kt CH4/yr,2030,2.531727993533607
canoe,nz,prince edward island,emissions,kt CH4/yr,2035,1.342236000994176
canoe,nz,prince edward island,emissions,kt CH4/yr,2040,0.5878133355163462
canoe,nz,prince edward island,emissions,kt CH4/yr,2045,0.466703003498026
canoe,nz,prince edward island,emissions,kt CH4/yr,2050,0.2798736371677175
canoe,nz,prince edward island,emissions,kt N2O/yr,2025,0.5136746117547527
canoe,nz,prince edward island,emissions,kt N2O/yr,2030,0.42397042138237917
canoe,nz,prince edward island,emissions,kt N2O/yr,2035,0.29240855007788114
canoe,nz,prince edward island,emissions,kt N2O/yr,2040,0.17110734434442748
canoe,nz,prince edward island,emissions,kt N2O/yr,2045,0.16226433924320988
canoe,nz,prince edward island,emissions,kt N2O/yr,2050,0.15825591796522084
canoe,nz,quebec,emissions,Mt CO2-equiv/yr,2025,53.27034172453713
canoe,nz,quebec,emissions,Mt CO2-equiv/yr,2030,48.70256374197385
canoe,nz,quebec,emissions,Mt CO2-equiv/yr,2035,40.6902172873989
canoe,nz,quebec,emissions,Mt CO2-equiv/yr,2040,34.87955417174851
canoe,nz,quebec,emissions,Mt CO2-equiv/yr,2045,33.77538001434676
canoe,nz,quebec,emissions,Mt CO2-equiv/yr,2050,33.52480091391724
canoe,nz,quebec,emissions,Mt CO2/yr,2025,60.827930937368514
canoe,nz,quebec,emissions,Mt CO2/yr,2030,55.534777353550204
canoe,nz,quebec,emissions,Mt CO2/yr,2035,46.15436197341628
canoe,nz,quebec,emissions,Mt CO2/yr,2040,39.382992982969164
canoe,nz,quebec,emissions,Mt CO2/yr,2045,38.08538054823647
canoe,nz,quebec,emissions,Mt CO2/yr,2050,37.79704577300549
canoe,nz,quebec,emissions,kt CH4/yr,2025,13.09809689433793
canoe,nz,quebec,emissions,kt CH4/yr,2030,9.314965011378108
canoe,nz,quebec,emissions,kt CH4/yr,2035,4.25585669330085
canoe,nz,quebec,emissions,kt CH4/yr,2040,1.3425340833269739
canoe,nz,quebec,emissions,kt CH4/yr,2045,0.9449925966845234
canoe,nz,quebec,emissions,kt CH4/yr,2050,0.7901045557640561
canoe,nz,quebec,emissions,kt N2O/yr,2025,2.378542814044572
canoe,nz,quebec,emissions,kt N2O/yr,2030,2.189576936479957
canoe,nz,quebec,emissions,kt N2O/yr,2035,1.8304461637571665
canoe,nz,quebec,emissions,kt N2O/yr,2040,1.505244598659985
canoe,nz,quebec,emissions,kt N2O/yr,2045,1.5216701450215242
canoe,nz,quebec,emissions,kt N2O/yr,2050,1.5815274166569002
canoe,nz,saskatchewan,emissions,Mt CO2-equiv/yr,2025,31.727659410059168
canoe,nz,saskatchewan,emissions,Mt CO2-equiv/yr,2030,30.713272439481162
canoe,nz,saskatchewan,emissions,Mt CO2-equiv/yr,2035,28.97075453471658
canoe,nz,saskatchewan,emissions,Mt CO2-equiv/yr,2040,25.86284726621973
canoe,nz,saskatchewan,emissions,Mt CO2-equiv/yr,2045,24.26006231815024
canoe,nz,saskatchewan,emissions,Mt CO2-equiv/yr,2050,24.3691969676713
canoe,nz,saskatchewan,emissions,Mt CO2/yr,2025,35.55494187247843
canoe,nz,saskatchewan,emissions,Mt CO2/yr,2030,34.48045465970722
canoe,nz,saskatchewan,emissions,Mt CO2/yr,2035,32.49648084609849
canoe,nz,saskatchewan,emissions,Mt CO2/yr,2040,29.002898565613492
canoe,nz,saskatchewan,emissions,Mt CO2/yr,2045,27.253586376087995
canoe,nz,saskatchewan,emissions,Mt CO2/yr,2050,27.357961637640226
canoe,nz,saskatchewan,emissions,kt CH4/yr,2025,2.3702632542911894
canoe,nz,saskatchewan,emissions,kt CH4/yr,2030,2.1314405769519458
canoe,nz,saskatchewan,emissions,kt CH4/yr,2035,1.794033914425714
canoe,nz,saskatchewan,emissions,kt CH4/yr,2040,1.3032315536153813
canoe,nz,saskatchewan,emissions,kt CH4/yr,2045,1.1582326637710527
canoe,nz,saskatchewan,emissions,kt CH4/yr,2050,1.0524370260391753
canoe,nz,saskatchewan,emissions,kt N2O/yr,2025,1.1148815328236774
canoe,nz,saskatchewan,emissions,kt N2O/yr,2030,1.1165667459813189
canoe,nz,saskatchewan,emissions,kt N2O/yr,2035,1.0292015722066559
canoe,nz,saskatchewan,emissions,kt N2O/yr,2040,0.9298394629275768
canoe,nz,saskatchewan,emissions,kt N2O/yr,2045,0.9091442335641426
canoe,nz,saskatchewan,emissions,kt N2O/yr,2050,0.923272338419082
canoe,nz,alberta,emissions|agriculture,Mt CO2-equiv/yr,2025,2.8497017949379484
canoe,nz,alberta,emissions|agriculture,Mt CO2-equiv/yr,2030,3.148771533887165
canoe,nz,alberta,emissions|agriculture,Mt CO2-equiv/yr,2035,3.052348980745197
canoe,nz,alberta,emissions|agriculture,Mt CO2-equiv/yr,2040,2.9612110043222852
canoe,nz,alberta,emissions|agriculture,Mt CO2-equiv/yr,2045,2.97069374617308
canoe,nz,alberta,emissions|agriculture,Mt CO2-equiv/yr,2050,3.0239905498688664
canoe,nz,alberta,emissions|agriculture,Mt CO2/yr,2025,2.7442822151468516
canoe,nz,alberta,emissions|agriculture,Mt CO2/yr,2030,3.0322884051134404
canoe,nz,alberta,emissions|agriculture,Mt CO2/yr,2035,2.9394328221658697
canoe,nz,alberta,emissions|agriculture,Mt CO2/yr,2040,2.8516663242418985
canoe,nz,alberta,emissions|agriculture,Mt CO2/yr,2045,2.8607982554728357
canoe,nz,alberta,emissions|agriculture,Mt CO2/yr,2050,2.9121234186525298
canoe,nz,alberta,emissions|agriculture,kt CH4/yr,2025,0.12805082070390925
canoe,nz,alberta,emissions|agriculture,kt CH4/yr,2030,0.14148946650686756
canoe,nz,alberta,emissions|agriculture,kt CH4/yr,2035,0.13715674381906437
canoe,nz,alberta,emissions|agriculture,kt CH4/yr,2040,0.13306148121436295
canoe,nz,alberta,emissions|agriculture,kt CH4/yr,2045,0.13348759769779853
canoe,nz,alberta,emissions|agriculture,kt CH4/yr,2050,0.13588249721611353
canoe,nz,alberta,emissions|agriculture,kt N2O/yr,2025,0.3730188893954337
canoe,nz,alberta,emissions|agriculture,kt N2O/yr,2030,0.4121663871956905
canoe,nz,alberta,emissions|agriculture,kt N2O/yr,2035,0.3995449441227183
canoe,nz,alberta,emissions|agriculture,kt N2O/yr,2040,0.38761523296593264
canoe,nz,alberta,emissions|agriculture,kt N2O/yr,2045,0.3888565492967
canoe,nz,alberta,emissions|agriculture,kt N2O/yr,2050,0.3958330450090067
canoe,nz,alberta,emissions|commercial,Mt CO2-equiv/yr,2025,0.8538993937288436
canoe,nz,alberta,emissions|commercial,Mt CO2-equiv/yr,2030,0.8316208470891606
canoe,nz,alberta,emissions|commercial,Mt CO2-equiv/yr,2035,0.7709086232222159
canoe,nz,alberta,emissions|commercial,Mt CO2-equiv/yr,2040,0.6765344704704106
canoe,nz,alberta,emissions|commercial,Mt CO2-equiv/yr,2045,0.5754309187721206
canoe,nz,alberta,emissions|commercial,Mt CO2-equiv/yr,2050,0.4728565392922956
canoe,nz,alberta,emissions|commercial,Mt CO2/yr,2025,0.8492511153812332
canoe,nz,alberta,emissions|commercial,Mt CO2/yr,2030,0.8270938440190854
canoe,nz,alberta,emissions|commercial,Mt CO2/yr,2035,0.7667121126173051
canoe,nz,alberta,emissions|commercial,Mt CO2/yr,2040,0.6728516940759138
canoe,nz,alberta,emissions|commercial,Mt CO2/yr,2045,0.5722985086780067
canoe,nz,alberta,emissions|commercial,Mt CO2/yr,2050,0.47028250208222083
canoe,nz,alberta,emissions|commercial,kt CH4/yr,2025,0.016238910224840798
canoe,nz,alberta,emissions|commercial,kt CH4/yr,2030,0.01581523113397986
canoe,nz,alberta,emissions|commercial,kt CH4/yr,2035,0.014660645054909726
canoe,nz,alberta,emissions|commercial,kt CH4/yr,2040,0.012865898032793165
canoe,nz,alberta,emissions|commercial,kt CH4/yr,2045,0.01094317562369114
canoe,nz,alberta,emissions|commercial,kt N2O/yr,2025,0.015361131293325876
canoe,nz,alberta,emissions|commercial,kt N2O/yr,2030,0.014960353774955455
canoe,nz,alberta,emissions|commercial,kt N2O/yr,2035,0.01386817775424489
canoe,nz,alberta,emissions|commercial,kt N2O/yr,2040,0.01217044408472407
canoe,nz,alberta,emissions|commercial,kt N2O/yr,2045,0.010351652616706973
canoe,nz,alberta,emissions|electricity,Mt CO2-equiv/yr,2025,5.136460478912988
canoe,nz,alberta,emissions|electricity,Mt CO2-equiv/yr,2030,5.37959663469502
canoe,nz,alberta,emissions|electricity,Mt CO2-equiv/yr,2035,5.524991478599243
canoe,nz,alberta,emissions|electricity,Mt CO2-equiv/yr,2040,5.904532502014762
canoe,nz,alberta,emissions|electricity,Mt CO2-equiv/yr,2045,3.7505637494651825
canoe,nz,alberta,emissions|electricity,Mt CO2-equiv/yr,2050,2.673676429949826
canoe,nz,alberta,emissions|electricity,Mt CO2/yr,2025,5.065502261405113
canoe,nz,alberta,emissions|electricity,Mt CO2/yr,2030,5.305268888949894
canoe,nz,alberta,emissions|electricity,Mt CO2/yr,2035,5.448668963220462
canoe,nz,alberta,emissions|electricity,Mt CO2/yr,2040,5.820454106640111
canoe,nz,alberta,emissions|electricity,Mt CO2/yr,2045,3.676564942877022
canoe,nz,alberta,emissions|electricity,Mt CO2/yr,2050,2.5959004318596017
canoe,nz,alberta,emissions|electricity,kt CH4/yr,2025,1.2831281043293623
canoe,nz,alberta,emissions|electricity,kt CH4/yr,2030,1.3440503833045792
canoe,nz,alberta,emissions|electricity,kt CH4/yr,2035,1.3801125586636362
canoe,nz,alberta,emissions|electricity,kt CH4/yr,2040,1.5203504477736869
canoe,nz,alberta,emissions|electricity,kt CH4/yr,2045,1.33806389561697
canoe,nz,alberta,emissions|electricity,kt CH4/yr,2050,1.4063513400793142
canoe,nz,alberta,emissions|electricity,kt N2O/yr,2025,0.12831732667726886
canoe,nz,alberta,emissions|electricity,kt N2O/yr,2030,0.13441148201347367
canoe,nz,alberta,emissions|electricity,kt N2O/yr,2035,0.1380196457946625
canoe,nz,alberta,emissions|electricity,kt N2O/yr,2040,0.1520460892256876
canoe,nz,alberta,emissions|electricity,kt N2O/yr,2045,0.13382057542084427
canoe,nz,alberta,emissions|electricity,kt N2O/yr,2050,0.14065260119243914
canoe,nz,alberta,emissions|industrial,Mt CO2-equiv/yr,2025,166.67339436273426
canoe,nz,alberta,emissions|industrial,Mt CO2-equiv/yr,2030,152.59341789363475
canoe,nz,alberta,emissions|industrial,Mt CO2-equiv/yr,2035,122.81147156777232
canoe,nz,alberta,emissions|industrial,Mt CO2-equiv/yr,2040,92.70355681068582
canoe,nz,alberta,emissions|industrial,Mt CO2-equiv/yr,2045,75.59554865295179
canoe,nz,alberta,emissions|industrial,Mt CO2-equiv/yr,2050,67.32591699433507
canoe,nz,alberta,emissions|industrial,Mt CO2/yr,2025,165.94590113830498
canoe,nz,alberta,emissions|industrial,Mt CO2/yr,2030,151.9349427542836
canoe,nz,alberta,emissions|industrial,Mt CO2/yr,2035,122.30136702901677
canoe,nz,alberta,emissions|industrial,Mt CO2/yr,2040,92.33834669526652
canoe,nz,alberta,emissions|industrial,Mt CO2/yr,2045,75.31207378566452
canoe,nz,alberta,emissions|industrial,Mt CO2/yr,2050,67.07833971768386
canoe,nz,alberta,emissions|industrial,kt CH4/yr,2025,2.5252507224264438
canoe,nz,alberta,emissions|industrial,kt CH4/yr,2030,2.2830794764282327
canoe,nz,alberta,emissions|industrial,kt CH4/yr,2035,1.751084704895224
canoe,nz,alberta,emissions|industrial,kt CH4/yr,2040,1.2321433132574564
canoe,nz,alberta,emissions|industrial,kt CH4/yr,2045,0.9414323233358477
canoe,nz,alberta,emissions|industrial,kt CH4/yr,2050,0.8176568668971889
canoe,nz,alberta,emissions|industrial,kt N2O/yr,2025,2.4058102656030957
canoe,nz,alberta,emissions|industrial,kt N2O/yr,2030,2.1778348442834092
canoe,nz,alberta,emissions|industrial,kt N2O/yr,2035,1.688916358619415
canoe,nz,alberta,emissions|industrial,kt N2O/yr,2040,1.2113923147527403
canoe,nz,alberta,emissions|industrial,kt N2O/yr,2045,0.9418123140242629
canoe,nz,alberta,emissions|industrial,kt N2O/yr,2050,0.8230142269352678
canoe,nz,alberta,emissions|residential,Mt CO2-equiv/yr,2025,6.217146574168208
canoe,nz,alberta,emissions|residential,Mt CO2-equiv/yr,2030,4.10934673248349
canoe,nz,alberta,emissions|residential,Mt CO2-equiv/yr,2035,2.001437108116785
canoe,nz,alberta,emissions|residential,Mt CO2-equiv/yr,2040,0.2293988632854472
canoe,nz,alberta,emissions|residential,Mt CO2/yr,2025,6.182256304524788
canoe,nz,alberta,emissions|residential,Mt CO2/yr,2030,4.086233842685199
canoe,nz,alberta,emissions|residential,Mt CO2/yr,2035,1.990101660738892
canoe,nz,alberta,emissions|residential,Mt CO2/yr,2040,0.2280881315425538
canoe,nz,alberta,emissions|residential,kt CH4/yr,2025,0.11816851436947128
canoe,nz,alberta,emissions|residential,kt CH4/yr,2030,0.07817221782953597
canoe,nz,alberta,emissions|residential,kt CH4/yr,2035,0.03818215235630907
canoe,nz,alberta,emissions|residential,kt N2O/yr,2025,0.11568333739877205
canoe,nz,alberta,emissions|residential,kt N2O/yr,2030,0.07664493630919464
canoe,nz,alberta,emissions|residential,kt N2O/yr,2035,0.03760566692241751
canoe,nz,alberta,emissions|transportation,Mt CO2-equiv/yr,2025,19.699645615173047
canoe,nz,alberta,emissions|transportation,Mt CO2-equiv/yr,2030,17.190517162495347
canoe,nz,alberta,emissions|transportation,Mt CO2-equiv/yr,2035,12.270621912210435
canoe,nz,alberta,emissions|transportation,Mt CO2-equiv/yr,2040,7.583905515077594
canoe,nz,alberta,emissions|transportation,Mt CO2-equiv/yr,2045,7.7478153718587635
canoe,nz,alberta,emissions|transportation,Mt CO2-equiv/yr,2050,8.059096004902493
canoe,nz,alberta,emissions|transportation,Mt CO2/yr,2025,19.05977299757658
canoe,nz,alberta,emissions|transportation,Mt CO2/yr,2030,16.657479199720626
canoe,nz,alberta,emissions|transportation,Mt CO2/yr,2035,11.918368263796298
canoe,nz,alberta,emissions|transportation,Mt CO2/yr,2040,7.404966711490752
canoe,nz,alberta,emissions|transportation,Mt CO2/yr,2045,7.5674616541582145
canoe,nz,alberta,emissions|transportation,Mt CO2/yr,2050,7.873797575142729
canoe,nz,alberta,emissions|transportation,kt CH4/yr,2025,7.359401110825336
canoe,nz,alberta,emissions|transportation,kt CH4/yr,2030,5.663494507832852
canoe,nz,alberta,emissions|transportation,kt CH4/yr,2035,3.1779646373765793
canoe,nz,alberta,emissions|transportation,kt CH4/yr,2040,0.9171028631642841
canoe,nz,alberta,emissions|transportation,kt CH4/yr,2045,0.6779340025443685
canoe,nz,alberta,emissions|transportation,kt CH4/yr,2050,0.5234966171226934
canoe,nz,alberta,emissions|transportation,kt N2O/yr,2025,1.586691564081739
canoe,nz,alberta,emissions|transportation,kt N2O/yr,2030,1.3692348044448672
canoe,nz,alberta,emissions|transportation,kt N2O/yr,2035,0.9619474905765119
canoe,nz,alberta,emissions|transportation,kt N2O/yr,2040,0.5590831783050481
canoe,nz,alberta,emissions|transportation,kt N2O/yr,2045,0.5888016494124372
canoe,nz,alberta,emissions|transportation,kt N2O/yr,2050,0.6250568584508932
canoe,nz,alberta,emissions|upstream,Mt CO2/yr,2025,22.42617983391854
canoe,nz,alberta,emissions|upstream,Mt CO2/yr,2030,20.289237109768827
canoe,nz,alberta,emissions|upstream,Mt CO2/yr,2035,16.402837967660993
canoe,nz,alberta,emissions|upstream,Mt CO2/yr,2040,12.649898206481852
canoe,nz,alberta,emissions|upstream,Mt CO2/yr,2045,11.050955697900273
canoe,nz,alberta,emissions|upstream,Mt CO2/yr,2050,10.265392770457765
canoe,nz,british columbia,emissions|agriculture,Mt CO2-equiv/yr,2025,1.6075938932220546
canoe,nz,british columbia,emissions|agriculture,Mt CO2-equiv/yr,2030,1.7763072369034596
canoe,nz,british columbia,emissions|agriculture,Mt CO2-equiv/yr,2035,1.7219125455696656
canoe,nz,british columbia,emissions|agriculture,Mt CO2-equiv/yr,2040,1.670498946646579
canoe,nz,british columbia,emissions|agriculture,Mt CO2-equiv/yr,2045,1.6758478417146838
canoe,nz,british columbia,emissions|agriculture,Mt CO2-equiv/yr,2050,1.705912636165023
canoe,nz,british columbia,emissions|agriculture,Mt CO2/yr,2025,1.5615019018775445
canoe,nz,british columbia,emissions|agriculture,Mt CO2/yr,2030,1.7253779941660152
canoe,nz,british columbia,emissions|agriculture,Mt CO2/yr,2035,1.6725428691778184
canoe,nz,british columbia,emissions|agriculture,Mt CO2/yr,2040,1.6226033636002284
canoe,nz,british columbia,emissions|agriculture,Mt CO2/yr,2045,1.6277988791778415
canoe,nz,british columbia,emissions|agriculture,Mt CO2/yr,2050,1.6570016323126784
canoe,nz,british columbia,emissions|agriculture,kt CH4/yr,2025,0.0612470992763483
canoe,nz,british columbia,emissions|agriculture,kt CH4/yr,2030,0.06767484477258127
canoe,nz,british columbia,emissions|agriculture,kt CH4/yr,2035,0.0656024876893027
canoe,nz,british columbia,emissions|agriculture,kt CH4/yr,2040,0.06364370680417333
canoe,nz,british columbia,emissions|agriculture,kt CH4/yr,2045,0.06384750798429141
canoe,nz,british columbia,emissions|agriculture,kt CH4/yr,2050,0.06499296876610142
canoe,nz,british columbia,emissions|agriculture,kt N2O/yr,2025,0.16255337931518005
canoe,nz,british columbia,emissions|agriculture,kt N2O/yr,2030,0.1796129929335285
canoe,nz,british columbia,emissions|agriculture,kt N2O/yr,2035,0.1741128451428011
canoe,nz,british columbia,emissions|agriculture,kt N2O/yr,2040,0.16891413642361403
canoe,nz,british columbia,emissions|agriculture,kt N2O/yr,2045,0.1694550633738329
canoe,nz,british columbia,emissions|agriculture,kt N2O/yr,2050,0.17249524071226516
canoe,nz,british columbia,emissions|commercial,Mt CO2-equiv/yr,2025,0.5036979121456554
canoe,nz,british columbia,emissions|commercial,Mt CO2-equiv/yr,2030,0.4905563229442641
canoe,nz,british columbia,emissions|commercial,Mt CO2-equiv/yr,2035,0.45474339091064964
canoe,nz,british columbia,emissions|commercial,Mt CO2-equiv/yr,2040,0.3990739976871637
canoe,nz,british columbia,emissions|commercial,Mt CO2-equiv/yr,2045,0.33943505598532225
canoe,nz,british columbia,emissions|commercial,Mt CO2-equiv/yr,2050,0.2789285215805752
canoe,nz,british columbia,emissions|commercial,Mt CO2/yr,2025,0.500955987141424
canoe,nz,british columbia,emissions|commercial,Mt CO2/yr,2030,0.4878859353658543
canoe,nz,british columbia,emissions|commercial,Mt CO2/yr,2035,0.4522679542570898
canoe,nz,british columbia,emissions|commercial,Mt CO2/yr,2040,0.3969016023954385
canoe,nz,british columbia,emissions|commercial,Mt CO2/yr,2045,0.3375873106505159
canoe,nz,british columbia,emissions|commercial,Mt CO2/yr,2050,0.2774101490217985
canoe,nz,british columbia,emissions|electricity,Mt CO2-equiv/yr,2025,0.31732766555342073
canoe,nz,british columbia,emissions|electricity,Mt CO2-equiv/yr,2030,0.3175760079637701
canoe,nz,british columbia,emissions|electricity,Mt CO2-equiv/yr,2035,0.3173687418838703
canoe,nz,british columbia,emissions|electricity,Mt CO2/yr,2025,0.31293199521658244
canoe,nz,british columbia,emissions|electricity,Mt CO2/yr,2030,0.313166164978937
canoe,nz,british columbia,emissions|electricity,Mt CO2/yr,2035,0.31296997837717994
canoe,nz,british columbia,emissions|electricity,kt CH4/yr,2025,0.07947122814464974
canoe,nz,british columbia,emissions|electricity,kt CH4/yr,2030,0.07972104854237218
canoe,nz,british columbia,emissions|electricity,kt CH4/yr,2035,0.0795149183553384
canoe,nz,british columbia,emissions|industrial,Mt CO2-equiv/yr,2025,29.752856815381502
canoe,nz,british columbia,emissions|industrial,Mt CO2-equiv/yr,2030,29.4516210336035
canoe,nz,british columbia,emissions|industrial,Mt CO2-equiv/yr,2035,28.0107984631975
canoe,nz,british columbia,emissions|industrial,Mt CO2-equiv/yr,2040,26.867714629088
canoe,nz,british columbia,emissions|industrial,Mt CO2-equiv/yr,2045,25.9935555789855
canoe,nz,british columbia,emissions|industrial,Mt CO2-equiv/yr,2050,28.538167833447503
canoe,nz,british columbia,emissions|industrial,Mt CO2/yr,2025,29.664175738628003
canoe,nz,british columbia,emissions|industrial,Mt CO2/yr,2030,29.371790499572
canoe,nz,british columbia,emissions|industrial,Mt CO2/yr,2035,27.939830016819997
canoe,nz,british columbia,emissions|industrial,Mt CO2/yr,2040,26.801117668335998
canoe,nz,british columbia,emissions|industrial,Mt CO2/yr,2045,25.928802969956
canoe,nz,british columbia,emissions|industrial,Mt CO2/yr,2050,28.460039171140004
canoe,nz,british columbia,emissions|industrial,kt CH4/yr,2025,0.30680773093865005
canoe,nz,british columbia,emissions|industrial,kt CH4/yr,2030,0.27561315880885
canoe,nz,british columbia,emissions|industrial,kt CH4/yr,2035,0.24411881643724997
canoe,nz,british columbia,emissions|industrial,kt CH4/yr,2040,0.2287864893538
canoe,nz,british columbia,emissions|industrial,kt CH4/yr,2045,0.22275254163105
canoe,nz,british columbia,emissions|industrial,kt CH4/yr,2050,0.27178523521825004
canoe,nz,british columbia,emissions|industrial,kt N2O/yr,2025,0.29337164866187004
canoe,nz,british columbia,emissions|industrial,kt N2O/yr,2030,0.26415152162863
canoe,nz,british columbia,emissions|industrial,kt N2O/yr,2035,0.23491985113655
canoe,nz,british columbia,emissions|industrial,kt N2O/yr,2040,0.22047962968444001
canoe,nz,british columbia,emissions|industrial,kt N2O/yr,2045,0.21434262901299
canoe,nz,british columbia,emissions|industrial,kt N2O/yr,2050,0.25831016680435004
canoe,nz,british columbia,emissions|residential,Mt CO2-equiv/yr,2025,3.2540536577223045
canoe,nz,british columbia,emissions|residential,Mt CO2-equiv/yr,2030,2.074999485342112
canoe,nz,british columbia,emissions|residential,Mt CO2-equiv/yr,2035,0.8640066282649289
canoe,nz,british columbia,emissions|residential,Mt CO2-equiv/yr,2040,0.10029571811063816
canoe,nz,british columbia,emissions|residential,Mt CO2/yr,2025,3.228681601282966
canoe,nz,british columbia,emissions|residential,Mt CO2/yr,2030,2.058539447207879
canoe,nz,british columbia,emissions|residential,Mt CO2/yr,2035,0.8566320189738192
canoe,nz,british columbia,emissions|residential,Mt CO2/yr,2040,0.09956730480472963
canoe,nz,british columbia,emissions|residential,kt CH4/yr,2025,0.159194042061748
canoe,nz,british columbia,emissions|residential,kt CH4/yr,2030,0.10439786989993141
canoe,nz,british columbia,emissions|residential,kt CH4/yr,2035,0.048996110473518026
canoe,nz,british columbia,emissions|residential,kt N2O/yr,2025,0.07661034137109496
canoe,nz,british columbia,emissions|residential,kt N2O/yr,2030,0.04958570598614978
canoe,nz,british columbia,emissions|residential,kt N2O/yr,2035,0.021987978682059966
canoe,nz,british columbia,emissions|transportation,Mt CO2-equiv/yr,2025,18.357618243683987
canoe,nz,british columbia,emissions|transportation,Mt CO2-equiv/yr,2030,17.2476592949143
canoe,nz,british columbia,emissions|transportation,Mt CO2-equiv/yr,2035,14.10308093941249
canoe,nz,british columbia,emissions|transportation,Mt CO2-equiv/yr,2040,11.836931410181714
canoe,nz,british columbia,emissions|transportation,Mt CO2-equiv/yr,2045,12.155947406096404
canoe,nz,british columbia,emissions|transportation,Mt CO2-equiv/yr,2050,12.800138087995006
canoe,nz,british columbia,emissions|transportation,Mt CO2/yr,2025,17.83027022159622
canoe,nz,british columbia,emissions|transportation,Mt CO2/yr,2030,16.77447217284539
canoe,nz,british columbia,emissions|transportation,Mt CO2/yr,2035,13.728571918640096
canoe,nz,british columbia,emissions|transportation,Mt CO2/yr,2040,11.54520673861838
canoe,nz,british columbia,emissions|transportation,Mt CO2/yr,2045,11.85830795664408
canoe,nz,british columbia,emissions|transportation,Mt CO2/yr,2050,12.488573924506587
canoe,nz,british columbia,emissions|transportation,kt CH4/yr,2025,6.373480459654982
canoe,nz,british columbia,emissions|transportation,kt CH4/yr,2030,4.898990506156155
canoe,nz,british columbia,emissions|transportation,kt CH4/yr,2035,2.8479578969838797
canoe,nz,british columbia,emissions|transportation,kt CH4/yr,2040,0.9498272443172161
canoe,nz,british columbia,emissions|transportation,kt CH4/yr,2045,0.7514641221309378
canoe,nz,british columbia,emissions|transportation,kt CH4/yr,2050,0.6210886087331099
canoe,nz,british columbia,emissions|transportation,kt N2O/yr,2025,1.2758643368755451
canoe,nz,british columbia,emissions|transportation,kt N2O/yr,2030,1.2285901318594223
canoe,nz,british columbia,emissions|transportation,kt N2O/yr,2035,1.0776045711825872
canoe,nz,british columbia,emissions|transportation,kt N2O/yr,2040,0.9690465855014682
canoe,nz,british columbia,emissions|transportation,kt N2O/yr,2045,1.0109880927835881
canoe,nz,british columbia,emissions|transportation,kt N2O/yr,2050,1.0775592749151797
canoe,nz,british columbia,emissions|upstream,Mt CO2/yr,2025,6.447892908863126
canoe,nz,british columbia,emissions|upstream,Mt CO2/yr,2030,5.919523412896794
canoe,nz,british columbia,emissions|upstream,Mt CO2/yr,2035,4.906796517176147
canoe,nz,british columbia,emissions|upstream,Mt CO2/yr,2040,4.2474551285882995
canoe,nz,british columbia,emissions|upstream,Mt CO2/yr,2045,4.232588526708373
canoe,nz,british columbia,emissions|upstream,Mt CO2/yr,2050,4.541592660872987
canoe,nz,canada,emissions|agriculture,Mt CO2-equiv/yr,2025,14.284527496418406
canoe,nz,canada,emissions|agriculture,Mt CO2-equiv/yr,2030,15.783656183767459
canoe,nz,canada,emissions|agriculture,Mt CO2-equiv/yr,2035,15.300322338222273
canoe,nz,canada,emissions|agriculture,Mt CO2-equiv/yr,2040,14.843479368835188
canoe,nz,canada,emissions|agriculture,Mt CO2-equiv/yr,2045,14.890991166913281
canoe,nz,canada,emissions|agriculture,Mt CO2-equiv/yr,2050,15.155010937294861
canoe,nz,canada,emissions|agriculture,Mt CO2/yr,2025,13.79514358959462
canoe,nz,canada,emissions|agriculture,Mt CO2/yr,2030,15.24291252625008
canoe,nz,canada,emissions|agriculture,Mt CO2/yr,2035,14.776137460258909
canoe,nz,canada,emissions|agriculture,Mt CO2/yr,2040,14.33494573900472
canoe,nz,canada,emissions|agriculture,Mt CO2/yr,2045,14.380829105866544
canoe,nz,canada,emissions|agriculture,Mt CO2/yr,2050,14.635713112597479
canoe,nz,canada,emissions|agriculture,kt CH4/yr,2025,0.6097966199929931
canoe,nz,canada,emissions|agriculture,kt CH4/yr,2030,0.673793407232797
canoe,nz,canada,emissions|agriculture,kt CH4/yr,2035,0.653160303131862
canoe,nz,canada,emissions|agriculture,kt CH4/yr,2040,0.6336580445675377
canoe,nz,canada,emissions|agriculture,kt CH4/yr,2045,0.6356868575349637
canoe,nz,canada,emissions|agriculture,kt CH4/yr,2050,0.6470320402111283
canoe,nz,canada,emissions|agriculture,kt N2O/yr,2025,1.7300718000296451
canoe,nz,canada,emissions|agriculture,kt N2O/yr,2030,1.9116389818795185
canoe,nz,canada,emissions|agriculture,kt N2O/yr,2035,1.8531003275304458
canoe,nz,canada,emissions|agriculture,kt N2O/yr,2040,1.7977699799432465
canoe,nz,canada,emissions|agriculture,kt N2O/yr,2045,1.8035268460714216
canoe,nz,canada,emissions|agriculture,kt N2O/yr,2050,1.8358275733048917
canoe,nz,canada,emissions|commercial,Mt CO2-equiv/yr,2025,3.940991994098811
canoe,nz,canada,emissions|commercial,Mt CO2-equiv/yr,2030,3.8381703136592815
canoe,nz,canada,emissions|commercial,Mt CO2-equiv/yr,2035,3.557965980750499
canoe,nz,canada,emissions|commercial,Mt CO2-equiv/yr,2040,3.12240230093413
canoe,nz,canada,emissions|commercial,Mt CO2-equiv/yr,2045,2.655780180050305
canoe,nz,canada,emissions|commercial,Mt CO2-equiv/yr,2050,2.1823698267392375
canoe,nz,canada,emissions|commercial,Mt CO2/yr,2025,3.91953884130505
canoe,nz,canada,emissions|commercial,Mt CO2/yr,2030,3.817276881628609
canoe,nz,canada,emissions|commercial,Mt CO2/yr,2035,3.538597866258491
canoe,nz,canada,emissions|commercial,Mt CO2/yr,2040,3.105405216031083
canoe,nz,canada,emissions|commercial,Mt CO2/yr,2045,2.641323201163093
canoe,nz,canada,emissions|commercial,Mt CO2/yr,2050,2.1704898997986506
canoe,nz,canada,emissions|commercial,kt CH4/yr,2025,0.07494725046498331
canoe,nz,canada,emissions|commercial,kt CH4/yr,2030,0.07299185468937314
canoe,nz,canada,emissions|commercial,kt CH4/yr,2035,0.06766310864899235
canoe,nz,canada,emissions|commercial,kt CH4/yr,2040,0.059379838029949075
canoe,nz,canada,emissions|commercial,kt CH4/yr,2045,0.050505921701641865
canoe,nz,canada,emissions|commercial,kt CH4/yr,2050,0.0415029076658106
canoe,nz,canada,emissions|commercial,kt N2O/yr,2025,0.07089606998291742
canoe,nz,canada,emissions|commercial,kt N2O/yr,2030,0.06904634902849936
canoe,nz,canada,emissions|commercial,kt N2O/yr,2035,0.06400564331477082
canoe,nz,canada,emissions|commercial,kt N2O/yr,2040,0.05617011705373936
canoe,nz,canada,emissions|commercial,kt N2O/yr,2045,0.047775871878555407
canoe,nz,canada,emissions|commercial,kt N2O/yr,2050,0.039259507250311666
canoe,nz,canada,emissions|electricity,Mt CO2-equiv/yr,2025,8.331399252723239
canoe,nz,canada,emissions|electricity,Mt CO2-equiv/yr,2030,9.301858449692375
canoe,nz,canada,emissions|electricity,Mt CO2-equiv/yr,2035,9.986289302143605
canoe,nz,canada,emissions|electricity,Mt CO2-equiv/yr,2040,9.78120879380992
canoe,nz,canada,emissions|electricity,Mt CO2-equiv/yr,2045,6.842057880135814
canoe,nz,canada,emissions|electricity,Mt CO2-equiv/yr,2050,4.832943910568271
canoe,nz,canada,emissions|electricity,Mt CO2/yr,2025,8.206895087915795
canoe,nz,canada,emissions|electricity,Mt CO2/yr,2030,9.164763835242777
canoe,nz,canada,emissions|electricity,Mt CO2/yr,2035,9.813923673749816
canoe,nz,canada,emissions|electricity,Mt CO2/yr,2040,9.608498960982613
canoe,nz,canada,emissions|electricity,Mt CO2/yr,2045,6.687921031744284
canoe,nz,canada,emissions|electricity,Mt CO2/yr,2050,4.685530394251936
canoe,nz,canada,emissions|electricity,kt CH4/yr,2025,2.248271073678183
canoe,nz,canada,emissions|electricity,kt CH4/yr,2030,2.4752846709938905
canoe,nz,canada,emissions|electricity,kt CH4/yr,2035,3.112748854744739
canoe,nz,canada,emissions|electricity,kt CH4/yr,2040,3.1203289653552537
canoe,nz,canada,emissions|electricity,kt CH4/yr,2045,2.785062572336209
canoe,nz,canada,emissions|electricity,kt CH4/yr,2050,2.6642644825465394
canoe,nz,canada,emissions|electricity,kt N2O/yr,2025,0.22546730416678162
canoe,nz,canada,emissions|electricity,kt N2O/yr,2030,0.24830272118520727
canoe,nz,canada,emissions|electricity,kt N2O/yr,2035,0.3121196318031336
canoe,nz,canada,emissions|electricity,kt N2O/yr,2040,0.3126030066529147
canoe,nz,canada,emissions|electricity,kt N2O/yr,2045,0.27895639373833303
canoe,nz,canada,emissions|electricity,kt N2O/yr,2050,0.2667183515294005
canoe,nz,canada,emissions|industrial,Mt CO2-equiv/yr,2025,306.47022377639024
canoe,nz,canada,emissions|industrial,Mt CO2-equiv/yr,2030,293.6778493860237
canoe,nz,canada,emissions|industrial,Mt CO2-equiv/yr,2035,257.61649826332456
canoe,nz,canada,emissions|industrial,Mt CO2-equiv/yr,2040,217.67693952417136
canoe,nz,canada,emissions|industrial,Mt CO2-equiv/yr,2045,190.82785110940978
canoe,nz,canada,emissions|industrial,Mt CO2-equiv/yr,2050,179.6358384843979
canoe,nz,canada,emissions|industrial,Mt CO2/yr,2025,305.267426271937
canoe,nz,canada,emissions|industrial,Mt CO2/yr,2030,292.55390898527
canoe,nz,canada,emissions|industrial,Mt CO2/yr,2035,256.6780630710028
canoe,nz,canada,emissions|industrial,Mt CO2/yr,2040,216.92775522923182
canoe,nz,canada,emissions|industrial,Mt CO2/yr,2045,190.20466887328786
canoe,nz,canada,emissions|industrial,Mt CO2/yr,2050,179.0605452045587
canoe,nz,canada,emissions|industrial,kt CH4/yr,2025,4.091267666552044
canoe,nz,canada,emissions|industrial,kt CH4/yr,2030,3.8103429006959084
canoe,nz,canada,emissions|industrial,kt CH4/yr,2035,3.150928658536164
canoe,nz,canada,emissions|industrial,kt CH4/yr,2040,2.4848079141895614
canoe,nz,canada,emissions|industrial,kt CH4/yr,2045,2.0480635597894956
canoe,nz,canada,emissions|industrial,kt CH4/yr,2050,1.8910348205754677
canoe,nz,canada,emissions|industrial,kt N2O/yr,2025,3.986234458960376
canoe,nz,canada,emissions|industrial,kt N2O/yr,2030,3.7261933965200944
canoe,nz,canada,emissions|industrial,kt N2O/yr,2035,3.1143193702782743
canoe,nz,canada,emissions|industrial,kt N2O/yr,2040,2.489412718017469
canoe,nz,canada,emissions|industrial,kt N2O/yr,2045,2.072661008846405
canoe,nz,canada,emissions|industrial,kt N2O/yr,2050,1.9133490985657136
canoe,nz,canada,emissions|residential,Mt CO2-equiv/yr,2025,28.889975598887617
canoe,nz,canada,emissions|residential,Mt CO2-equiv/yr,2030,19.62417931549756
canoe,nz,canada,emissions|residential,Mt CO2-equiv/yr,2035,10.262961389683257
canoe,nz,canada,emissions|residential,Mt CO2-equiv/yr,2040,1.8863481360557235
canoe,nz,canada,emissions|residential,Mt CO2-equiv/yr,2045,0.24135463317602285
canoe,nz,canada,emissions|residential,Mt CO2/yr,2025,28.560196108651514
canoe,nz,canada,emissions|residential,Mt CO2/yr,2030,19.397655447619666
canoe,nz,canada,emissions|residential,Mt CO2/yr,2035,10.140382868406395
canoe,nz,canada,emissions|residential,Mt CO2/yr,2040,1.8614897527525467
canoe,nz,canada,emissions|residential,Mt CO2/yr,2045,0.23992997262139001
canoe,nz,canada,emissions|residential,kt CH4/yr,2025,1.8639204153311135
canoe,nz,canada,emissions|residential,kt CH4/yr,2030,1.2536674217085395
canoe,nz,canada,emissions|residential,kt CH4/yr,2035,0.6415216668655135
canoe,nz,canada,emissions|residential,kt CH4/yr,2040,0.049019442561144086
canoe,nz,canada,emissions|residential,kt N2O/yr,2025,1.0168121540802326
canoe,nz,canada,emissions|residential,kt N2O/yr,2030,0.7011764824301041
canoe,nz,canada,emissions|residential,kt N2O/yr,2035,0.3832084777150784
canoe,nz,canada,emissions|residential,kt N2O/yr,2040,0.08602871384737452
canoe,nz,canada,emissions|transportation,Mt CO2-equiv/yr,2025,161.30501951075917
canoe,nz,canada,emissions|transportation,Mt CO2-equiv/yr,2030,137.146995742583
canoe,nz,canada,emissions|transportation,Mt CO2-equiv/yr,2035,95.47086475870196
canoe,nz,canada,emissions|transportation,Mt CO2-equiv/yr,2040,70.31632094347113
canoe,nz,canada,emissions|transportation,Mt CO2-equiv/yr,2045,70.26616136398731
canoe,nz,canada,emissions|transportation,Mt CO2-equiv/yr,2050,71.61025222306795
canoe,nz,canada,emissions|transportation,Mt CO2/yr,2025,156.35975481442023
canoe,nz,canada,emissions|transportation,Mt CO2/yr,2030,133.1568747427273
canoe,nz,canada,emissions|transportation,Mt CO2/yr,2035,92.86168289043293
canoe,nz,canada,emissions|transportation,Mt CO2/yr,2040,68.61958893611565
canoe,nz,canada,emissions|transportation,Mt CO2/yr,2045,68.58824517252799
canoe,nz,canada,emissions|transportation,Mt CO2/yr,2050,69.91616068678893
canoe,nz,canada,emissions|transportation,kt CH4/yr,2025,71.98665947181797
canoe,nz,canada,emissions|transportation,kt CH4/yr,2030,51.039129079341244
canoe,nz,canada,emissions|transportation,kt CH4/yr,2035,23.71044730351032
canoe,nz,canada,emissions|transportation,kt CH4/yr,2040,10.35232123819642
canoe,nz,canada,emissions|transportation,kt CH4/yr,2045,7.924947432212552
canoe,nz,canada,emissions|transportation,kt CH4/yr,2050,5.906173604680647
canoe,nz,canada,emissions|transportation,kt N2O/yr,2025,10.718867360940687
canoe,nz,canada,emissions|transportation,kt N2O/yr,2030,9.368233330407394
canoe,nz,canada,emissions|transportation,kt N2O/yr,2035,7.113098298158582
canoe,nz,canada,emissions|transportation,kt N2O/yr,2040,5.141090968058145
canoe,nz,canada,emissions|transportation,kt N2O/yr,2045,5.3209649513392865
canoe,nz,canada,emissions|transportation,kt N2O/yr,2050,5.599702065602003
canoe,nz,canada,emissions|upstream,Mt CO2/yr,2025,70.84491986506208
canoe,nz,canada,emissions|upstream,Mt CO2/yr,2030,63.421288609129086
canoe,nz,canada,emissions|upstream,Mt CO2/yr,2035,50.04417926347022
canoe,nz,canada,emissions|upstream,Mt CO2/yr,2040,39.78910070351734
canoe,nz,canada,emissions|upstream,Mt CO2/yr,2045,36.56721103535215
canoe,nz,canada,emissions|upstream,Mt CO2/yr,2050,35.28318247128705
canoe,nz,manitoba,emissions|agriculture,Mt CO2-equiv/yr,2025,1.187990712969019
canoe,nz,manitoba,emissions|agriculture,Mt CO2-equiv/yr,2030,1.3126674573066153
canoe,nz,manitoba,emissions|agriculture,Mt CO2-equiv/yr,2035,1.272468670155326
canoe,nz,manitoba,emissions|agriculture,Mt CO2-equiv/yr,2040,1.2344747953475521
canoe,nz,manitoba,emissions|agriculture,Mt CO2-equiv/yr,2045,1.2384212936805565
canoe,nz,manitoba,emissions|agriculture,Mt CO2-equiv/yr,2050,1.2592368634726563
canoe,nz,manitoba,emissions|agriculture,Mt CO2/yr,2025,1.1398048112068497
canoe,nz,manitoba,emissions|agriculture,Mt CO2/yr,2030,1.2594245538187439
canoe,nz,manitoba,emissions|agriculture,Mt CO2/yr,2035,1.2208561920525476
canoe,nz,manitoba,emissions|agriculture,Mt CO2/yr,2040,1.1844033758168944
canoe,nz,manitoba,emissions|agriculture,Mt CO2/yr,2045,1.1881895594759613
canoe,nz,manitoba,emissions|agriculture,Mt CO2/yr,2050,1.2081115551124302
canoe,nz,manitoba,emissions|agriculture,kt CH4/yr,2025,0.05686385458540322
canoe,nz,manitoba,emissions|agriculture,kt CH4/yr,2030,0.06283158495280815
canoe,nz,manitoba,emissions|agriculture,kt CH4/yr,2035,0.060907505521478784
canoe,nz,manitoba,emissions|agriculture,kt CH4/yr,2040,0.05908891102808679
canoe,nz,manitoba,emissions|agriculture,kt CH4/yr,2045,0.059278010720170624
canoe,nz,manitoba,emissions|agriculture,kt CH4/yr,2050,0.06031484019449923
canoe,nz,manitoba,emissions|agriculture,kt N2O/yr,2025,0.17067294444564887
canoe,nz,manitoba,emissions|agriculture,kt N2O/yr,2030,0.18858468538118944
canoe,nz,manitoba,emissions|agriculture,kt N2O/yr,2035,0.18280977270349
canoe,nz,manitoba,emissions|agriculture,kt N2O/yr,2040,0.17735139202106479
canoe,nz,manitoba,emissions|agriculture,kt N2O/yr,2045,0.17791923041871532
canoe,nz,manitoba,emissions|agriculture,kt N2O/yr,2050,0.18108605433951272
canoe,nz,manitoba,emissions|commercial,Mt CO2-equiv/yr,2025,0.11088269241474386
canoe,nz,manitoba,emissions|commercial,Mt CO2-equiv/yr,2030,0.10798973905820278
canoe,nz,manitoba,emissions|commercial,Mt CO2-equiv/yr,2035,0.10010602468793187
canoe,nz,manitoba,emissions|commercial,Mt CO2-equiv/yr,2040,0.08785115935987658
canoe,nz,manitoba,emissions|commercial,Mt CO2-equiv/yr,2045,0.07472240752615697
canoe,nz,manitoba,emissions|commercial,Mt CO2-equiv/yr,2050,0.061402687023744566
canoe,nz,manitoba,emissions|commercial,Mt CO2/yr,2025,0.110279092480066
canoe,nz,manitoba,emissions|commercial,Mt CO2/yr,2030,0.10740188717598476
canoe,nz,manitoba,emissions|commercial,Mt CO2/yr,2035,0.099561088515779
canoe,nz,manitoba,emissions|commercial,Mt CO2/yr,2040,0.08737293365218314
canoe,nz,manitoba,emissions|commercial,Mt CO2/yr,2045,0.07431564936291667
canoe,nz,manitoba,emissions|commercial,Mt CO2/yr,2050,0.06106843596012547
canoe,nz,manitoba,emissions|industrial,Mt CO2-equiv/yr,2025,5.3584072195065
canoe,nz,manitoba,emissions|industrial,Mt CO2-equiv/yr,2030,5.412162438240745
canoe,nz,manitoba,emissions|industrial,Mt CO2-equiv/yr,2035,5.389698272581468
canoe,nz,manitoba,emissions|industrial,Mt CO2-equiv/yr,2040,5.124758667396954
canoe,nz,manitoba,emissions|industrial,Mt CO2-equiv/yr,2045,4.901832465746799
canoe,nz,manitoba,emissions|industrial,Mt CO2-equiv/yr,2050,4.6612456899866705
canoe,nz,manitoba,emissions|industrial,Mt CO2/yr,2025,5.339180754028
canoe,nz,manitoba,emissions|industrial,Mt CO2/yr,2030,5.392766024181295
canoe,nz,manitoba,emissions|industrial,Mt CO2/yr,2035,5.370562434521256
canoe,nz,manitoba,emissions|industrial,Mt CO2/yr,2040,5.106856933878242
canoe,nz,manitoba,emissions|industrial,Mt CO2/yr,2045,4.885035292903097
canoe,nz,manitoba,emissions|industrial,Mt CO2/yr,2050,4.645587016299059
canoe,nz,manitoba,emissions|industrial,kt CH4/yr,2025,0.06350496007115
canoe,nz,manitoba,emissions|industrial,kt CH4/yr,2030,0.06399745900354424
canoe,nz,manitoba,emissions|industrial,kt CH4/yr,2035,0.06347596929322324
canoe,nz,manitoba,emissions|industrial,kt CH4/yr,2040,0.05960846240231131
canoe,nz,manitoba,emissions|industrial,kt CH4/yr,2045,0.056079762693421416
canoe,nz,manitoba,emissions|industrial,kt CH4/yr,2050,0.05241920538819905
canoe,nz,manitoba,emissions|industrial,kt N2O/yr,2025,0.06391328411537
canoe,nz,manitoba,emissions|industrial,kt N2O/yr,2030,0.06448529367874085
canoe,nz,manitoba,emissions|industrial,kt N2O/yr,2035,0.06358428896031945
canoe,nz,manitoba,emissions|industrial,kt N2O/yr,2040,0.05946042688269833
canoe,nz,manitoba,emissions|industrial,kt N2O/yr,2045,0.05577633500835279
canoe,nz,manitoba,emissions|industrial,kt N2O/yr,2050,0.05198145020999322
canoe,nz,manitoba,emissions|residential,Mt CO2-equiv/yr,2025,0.8958313357514452
canoe,nz,manitoba,emissions|residential,Mt CO2-equiv/yr,2030,0.5980744542301734
canoe,nz,manitoba,emissions|residential,Mt CO2-equiv/yr,2035,0.3003022474659816
canoe,nz,manitoba,emissions|residential,Mt CO2-equiv/yr,2040,0.034693107084585555
canoe,nz,manitoba,emissions|residential,Mt CO2/yr,2025,0.8909530784533823
canoe,nz,manitoba,emissions|residential,Mt CO2/yr,2030,0.5948152190987438
canoe,nz,manitoba,emissions|residential,Mt CO2/yr,2035,0.29866188336003757
canoe,nz,manitoba,emissions|residential,Mt CO2/yr,2040,0.03449752385259483
canoe,nz,manitoba,emissions|residential,kt CH4/yr,2025,0.01706304053857932
canoe,nz,manitoba,emissions|residential,kt CH4/yr,2030,0.011429138296967085
canoe,nz,manitoba,emissions|residential,kt N2O/yr,2025,0.01611901884194325
canoe,nz,manitoba,emissions|residential,kt N2O/yr,2030,0.010766370865720522
canoe,nz,manitoba,emissions|transportation,Mt CO2-equiv/yr,2025,3.170367154892899
canoe,nz,manitoba,emissions|transportation,Mt CO2-equiv/yr,2030,3.1702468232373002
canoe,nz,manitoba,emissions|transportation,Mt CO2-equiv/yr,2035,2.896431369972802
canoe,nz,manitoba,emissions|transportation,Mt CO2-equiv/yr,2040,2.2697651377208867
canoe,nz,manitoba,emissions|transportation,Mt CO2-equiv/yr,2045,2.2954119989563235
canoe,nz,manitoba,emissions|transportation,Mt CO2-equiv/yr,2050,2.390009146139788
canoe,nz,manitoba,emissions|transportation,Mt CO2/yr,2025,3.0855131720956472
canoe,nz,manitoba,emissions|transportation,Mt CO2/yr,2030,3.089841626494381
canoe,nz,manitoba,emissions|transportation,Mt CO2/yr,2035,2.826489632489108
canoe,nz,manitoba,emissions|transportation,Mt CO2/yr,2040,2.2213241571360154
canoe,nz,manitoba,emissions|transportation,Mt CO2/yr,2045,2.24646430285083
canoe,nz,manitoba,emissions|transportation,Mt CO2/yr,2050,2.3383287160266137
canoe,nz,manitoba,emissions|transportation,kt CH4/yr,2025,1.0857317935879038
canoe,nz,manitoba,emissions|transportation,kt CH4/yr,2030,0.9622441435462502
canoe,nz,manitoba,emissions|transportation,kt CH4/yr,2035,0.7306733416452389
canoe,nz,manitoba,emissions|transportation,kt CH4/yr,2040,0.18632637223111947
canoe,nz,manitoba,emissions|transportation,kt CH4/yr,2045,0.13939889103696937
canoe,nz,manitoba,emissions|transportation,kt CH4/yr,2050,0.13451460054246756
canoe,nz,manitoba,emissions|transportation,kt N2O/yr,2025,0.19946307641954017
canoe,nz,manitoba,emissions|transportation,kt N2O/yr,2030,0.1958325624254561
canoe,nz,manitoba,emissions|transportation,kt N2O/yr,2035,0.1812557200457656
canoe,nz,manitoba,emissions|transportation,kt N2O/yr,2040,0.15832881535769122
canoe,nz,manitoba,emissions|transportation,kt N2O/yr,2045,0.164997988263095
canoe,nz,manitoba,emissions|transportation,kt N2O/yr,2050,0.17550923124379972
canoe,nz,manitoba,emissions|upstream,Mt CO2/yr,2025,1.592862200464162
canoe,nz,manitoba,emissions|upstream,Mt CO2/yr,2030,1.598232314953667
canoe,nz,manitoba,emissions|upstream,Mt CO2/yr,2035,1.4791092431273911
canoe,nz,manitoba,emissions|upstream,Mt CO2/yr,2040,1.2762777096675002
canoe,nz,manitoba,emissions|upstream,Mt CO2/yr,2045,1.2424256059702503
canoe,nz,manitoba,emissions|upstream,Mt CO2/yr,2050,1.2308379382427044
canoe,nz,new brunswick,emissions|agriculture,Mt CO2-equiv/yr,2025,0.07261550599496269
canoe,nz,new brunswick,emissions|agriculture,Mt CO2-equiv/yr,2030,0.08023640417898358
canoe,nz,new brunswick,emissions|agriculture,Mt CO2-equiv/yr,2035,0.0777793363016095
canoe,nz,new brunswick,emissions|agriculture,Mt CO2-equiv/yr,2040,0.07545698392687936
canoe,nz,new brunswick,emissions|agriculture,Mt CO2-equiv/yr,2045,0.07569863352222025
canoe,nz,new brunswick,emissions|agriculture,Mt CO2-equiv/yr,2050,0.07705675014430184
canoe,nz,new brunswick,emissions|agriculture,Mt CO2/yr,2025,0.06965841738578063
canoe,nz,new brunswick,emissions|agriculture,Mt CO2/yr,2030,0.07696897315872933
canoe,nz,new brunswick,emissions|agriculture,Mt CO2/yr,2035,0.07461196335204713
canoe,nz,new brunswick,emissions|agriculture,Mt CO2/yr,2040,0.07238418308915075
canoe,nz,new brunswick,emissions|agriculture,Mt CO2/yr,2045,0.07261599209664465
canoe,nz,new brunswick,emissions|agriculture,Mt CO2/yr,2050,0.07391880274601324
canoe,nz,new brunswick,emissions|agriculture,kt N2O/yr,2025,0.010474346500180752
canoe,nz,new brunswick,emissions|agriculture,kt N2O/yr,2030,0.011573614860681753
canoe,nz,new brunswick,emissions|agriculture,kt N2O/yr,2035,0.011219197715618204
canoe,nz,new brunswick,emissions|agriculture,kt N2O/yr,2040,0.010884212465083302
canoe,nz,new brunswick,emissions|agriculture,kt N2O/yr,2045,0.01091906895418364
canoe,nz,new brunswick,emissions|agriculture,kt N2O/yr,2050,0.01111496904318563
canoe,nz,new brunswick,emissions|commercial,Mt CO2-equiv/yr,2025,0.0704548694778764
canoe,nz,new brunswick,emissions|commercial,Mt CO2-equiv/yr,2030,0.06861672053940886
canoe,nz,new brunswick,emissions|commercial,Mt CO2-equiv/yr,2035,0.06360744747382449
canoe,nz,new brunswick,emissions|commercial,Mt CO2-equiv/yr,2040,0.05582071672364666
canoe,nz,new brunswick,emissions|commercial,Mt CO2-equiv/yr,2045,0.04747870695194102
canoe,nz,new brunswick,emissions|commercial,Mt CO2-equiv/yr,2050,0.039015374927352305
canoe,nz,new brunswick,emissions|commercial,Mt CO2/yr,2025,0.07007134204281452
canoe,nz,new brunswick,emissions|commercial,Mt CO2/yr,2030,0.06824319923384316
canoe,nz,new brunswick,emissions|commercial,Mt CO2/yr,2035,0.06326119459788765
canoe,nz,new brunswick,emissions|commercial,Mt CO2/yr,2040,0.055516851618693776
canoe,nz,new brunswick,emissions|commercial,Mt CO2/yr,2045,0.04722025232939643
canoe,nz,new brunswick,emissions|commercial,Mt CO2/yr,2050,0.038802991215839445
canoe,nz,new brunswick,emissions|electricity,Mt CO2-equiv/yr,2025,0.06498409906760967
canoe,nz,new brunswick,emissions|electricity,Mt CO2-equiv/yr,2030,0.0650164080961716
canoe,nz,new brunswick,emissions|electricity,Mt CO2-equiv/yr,2035,0.06499950736150395
canoe,nz,new brunswick,emissions|electricity,Mt CO2-equiv/yr,2040,0.06498053204127147
canoe,nz,new brunswick,emissions|electricity,Mt CO2-equiv/yr,2045,0.06499925774936935
canoe,nz,new brunswick,emissions|electricity,Mt CO2/yr,2025,0.06407686882059727
canoe,nz,new brunswick,emissions|electricity,Mt CO2/yr,2030,0.06410499979018595
canoe,nz,new brunswick,emissions|electricity,Mt CO2/yr,2035,0.06408677195110417
canoe,nz,new brunswick,emissions|electricity,Mt CO2/yr,2040,0.06406580249870553
canoe,nz,new brunswick,emissions|electricity,Mt CO2/yr,2045,0.06408208197274036
canoe,nz,new brunswick,emissions|electricity,kt CH4/yr,2025,0.016377079115741832
canoe,nz,new brunswick,emissions|electricity,kt CH4/yr,2030,0.01644328888152461
canoe,nz,new brunswick,emissions|electricity,kt CH4/yr,2035,0.0164669697786815
canoe,nz,new brunswick,emissions|electricity,kt CH4/yr,2040,0.0165066855294257
canoe,nz,new brunswick,emissions|electricity,kt CH4/yr,2045,0.01654352863259099
canoe,nz,new brunswick,emissions|industrial,Mt CO2-equiv/yr,2025,6.059527310779
canoe,nz,new brunswick,emissions|industrial,Mt CO2-equiv/yr,2030,5.4792138829620445
canoe,nz,new brunswick,emissions|industrial,Mt CO2-equiv/yr,2035,5.0199465960070535
canoe,nz,new brunswick,emissions|industrial,Mt CO2-equiv/yr,2040,4.592982342824229
canoe,nz,new brunswick,emissions|industrial,Mt CO2-equiv/yr,2045,4.252672843378758
canoe,nz,new brunswick,emissions|industrial,Mt CO2-equiv/yr,2050,3.9272029152374226
canoe,nz,new brunswick,emissions|industrial,Mt CO2/yr,2025,6.041865918408001
canoe,nz,new brunswick,emissions|industrial,Mt CO2/yr,2030,5.4631458729209434
canoe,nz,new brunswick,emissions|industrial,Mt CO2/yr,2035,5.005452863481614
canoe,nz,new brunswick,emissions|industrial,Mt CO2/yr,2040,4.579917443351157
canoe,nz,new brunswick,emissions|industrial,Mt CO2/yr,2045,4.2406105850700335
canoe,nz,new brunswick,emissions|industrial,Mt CO2/yr,2050,3.9162093660425383
canoe,nz,new brunswick,emissions|industrial,kt CH4/yr,2025,0.0564417512189
canoe,nz,new brunswick,emissions|industrial,kt CH4/yr,2030,0.05122448258322966
canoe,nz,new brunswick,emissions|industrial,kt CH4/yr,2035,0.046001006716086465
canoe,nz,new brunswick,emissions|industrial,kt CH4/yr,2040,0.0412920375625123
canoe,nz,new brunswick,emissions|industrial,kt CH4/yr,2045,0.038003335940818
canoe,nz,new brunswick,emissions|industrial,kt CH4/yr,2050,0.034490167305913186
canoe,nz,new brunswick,emissions|industrial,kt N2O/yr,2025,0.058904847301819996
canoe,nz,new brunswick,emissions|industrial,kt N2O/yr,2030,0.05360338647570294
canoe,nz,new brunswick,emissions|industrial,kt N2O/yr,2035,0.04837254329404593
canoe,nz,new brunswick,emissions|industrial,kt N2O/yr,2040,0.043621693793488917
canoe,nz,new brunswick,emissions|industrial,kt N2O/yr,2045,0.04028631827223774
canoe,nz,new brunswick,emissions|industrial,kt N2O/yr,2050,0.03673195786824877
canoe,nz,new brunswick,emissions|residential,Mt CO2-equiv/yr,2025,0.3273689923935366
canoe,nz,new brunswick,emissions|residential,Mt CO2-equiv/yr,2030,0.23515236423557112
canoe,nz,new brunswick,emissions|residential,Mt CO2-equiv/yr,2035,0.1429070003995138
canoe,nz,new brunswick,emissions|residential,Mt CO2-equiv/yr,2040,0.04709868347980699
canoe,nz,new brunswick,emissions|residential,Mt CO2/yr,2025,0.3059043855392495
canoe,nz,new brunswick,emissions|residential,Mt CO2/yr,2030,0.220146066654037
canoe,nz,new brunswick,emissions|residential,Mt CO2/yr,2035,0.13435881325322607
canoe,nz,new brunswick,emissions|residential,Mt CO2/yr,2040,0.04520946715889796
canoe,nz,new brunswick,emissions|residential,kt CH4/yr,2025,0.18579335501013414
canoe,nz,new brunswick,emissions|residential,kt CH4/yr,2030,0.12472051676353232
canoe,nz,new brunswick,emissions|residential,kt CH4/yr,2035,0.06365261066041532
canoe,nz,new brunswick,emissions|residential,kt N2O/yr,2025,0.059569204811720095
canoe,nz,new brunswick,emissions|residential,kt N2O/yr,2030,0.04217627513512692
canoe,nz,new brunswick,emissions|residential,kt N2O/yr,2035,0.02478356794018076
canoe,nz,new brunswick,emissions|transportation,Mt CO2-equiv/yr,2025,7.431445961129474
canoe,nz,new brunswick,emissions|transportation,Mt CO2-equiv/yr,2030,6.479549618536314
canoe,nz,new brunswick,emissions|transportation,Mt CO2-equiv/yr,2035,4.602219905593045
canoe,nz,new brunswick,emissions|transportation,Mt CO2-equiv/yr,2040,3.3277735097047847
canoe,nz,new brunswick,emissions|transportation,Mt CO2-equiv/yr,2045,3.264619461847852
canoe,nz,new brunswick,emissions|transportation,Mt CO2-equiv/yr,2050,3.256049319275549
canoe,nz,new brunswick,emissions|transportation,Mt CO2/yr,2025,7.237104171633264
canoe,nz,new brunswick,emissions|transportation,Mt CO2/yr,2030,6.320957485508124
canoe,nz,new brunswick,emissions|transportation,Mt CO2/yr,2035,4.5005562276799
canoe,nz,new brunswick,emissions|transportation,Mt CO2/yr,2040,3.272784171422027
canoe,nz,new brunswick,emissions|transportation,Mt CO2/yr,2045,3.2114958464838126
canoe,nz,new brunswick,emissions|transportation,Mt CO2/yr,2050,3.2033671451977246
canoe,nz,new brunswick,emissions|transportation,kt CH4/yr,2025,1.7244208847497577
canoe,nz,new brunswick,emissions|transportation,kt CH4/yr,2030,1.2775573610235158
canoe,nz,new brunswick,emissions|transportation,kt CH4/yr,2035,0.5616930412278316
canoe,nz,new brunswick,emissions|transportation,kt CH4/yr,2040,0.17055041965064058
canoe,nz,new brunswick,emissions|transportation,kt CH4/yr,2045,0.12523313325186278
canoe,nz,new brunswick,emissions|transportation,kt CH4/yr,2050,0.10466125376253155
canoe,nz,new brunswick,emissions|transportation,kt N2O/yr,2025,0.5345176354259435
canoe,nz,new brunswick,emissions|transportation,kt N2O/yr,2030,0.44939847406737476
canoe,nz,new brunswick,emissions|transportation,kt N2O/yr,2035,0.3142914786900086
canoe,nz,new brunswick,emissions|transportation,kt N2O/yr,2040,0.18346482506289935
canoe,nz,new brunswick,emissions|transportation,kt N2O/yr,2045,0.1812582404904145
canoe,nz,new brunswick,emissions|transportation,kt N2O/yr,2050,0.1822405056214214
canoe,nz,new brunswick,emissions|upstream,Mt CO2/yr,2025,2.060103644557696
canoe,nz,new brunswick,emissions|upstream,Mt CO2/yr,2030,1.775334938214801
canoe,nz,new brunswick,emissions|upstream,Mt CO2/yr,2035,1.2447146237816051
canoe,nz,new brunswick,emissions|upstream,Mt CO2/yr,2040,0.895401447331609
canoe,nz,new brunswick,emissions|upstream,Mt CO2/yr,2045,0.8412778165756934
canoe,nz,new brunswick,emissions|upstream,Mt CO2/yr,2050,0.8016543552015604
canoe,nz,newfoundland and labrador,emissions|agriculture,Mt CO2-equiv/yr,2025,0.03797203911517879
canoe,nz,newfoundland and labrador,emissions|agriculture,Mt CO2-equiv/yr,2030,0.041957122143336134
canoe,nz,newfoundland and labrador,emissions|agriculture,Mt CO2-equiv/yr,2035,0.04067230863114979
canoe,nz,newfoundland and labrador,emissions|agriculture,Mt CO2-equiv/yr,2040,0.03945790666771523
canoe,nz,newfoundland and labrador,emissions|agriculture,Mt CO2-equiv/yr,2045,0.03958427053852806
canoe,nz,newfoundland and labrador,emissions|agriculture,Mt CO2-equiv/yr,2050,0.040294456417555906
canoe,nz,newfoundland and labrador,emissions|agriculture,Mt CO2/yr,2025,0.03642572083513127
canoe,nz,newfoundland and labrador,emissions|agriculture,Mt CO2/yr,2030,0.04024852111847064
canoe,nz,newfoundland and labrador,emissions|agriculture,Mt CO2/yr,2035,0.03901602848940357
canoe,nz,newfoundland and labrador,emissions|agriculture,Mt CO2/yr,2040,0.03785108007123922
canoe,nz,newfoundland and labrador,emissions|agriculture,Mt CO2/yr,2045,0.03797229808294285
canoe,nz,newfoundland and labrador,emissions|agriculture,Mt CO2/yr,2050,0.03865356338165524
canoe,nz,newfoundland and labrador,emissions|industrial,Mt CO2-equiv/yr,2025,3.1953153907705008
canoe,nz,newfoundland and labrador,emissions|industrial,Mt CO2-equiv/yr,2030,3.117263439006
canoe,nz,newfoundland and labrador,emissions|industrial,Mt CO2-equiv/yr,2035,2.5176271056085002
canoe,nz,newfoundland and labrador,emissions|industrial,Mt CO2-equiv/yr,2040,1.9617944960805
canoe,nz,newfoundland and labrador,emissions|industrial,Mt CO2-equiv/yr,2045,1.8681153534505
canoe,nz,newfoundland and labrador,emissions|industrial,Mt CO2-equiv/yr,2050,1.6282061766595
canoe,nz,newfoundland and labrador,emissions|industrial,Mt CO2/yr,2025,3.1838159516760003
canoe,nz,newfoundland and labrador,emissions|industrial,Mt CO2/yr,2030,3.1058548154719996
canoe,nz,newfoundland and labrador,emissions|industrial,Mt CO2/yr,2035,2.509077582252
canoe,nz,newfoundland and labrador,emissions|industrial,Mt CO2/yr,2040,1.9559121444760001
canoe,nz,newfoundland and labrador,emissions|industrial,Mt CO2/yr,2045,1.862840928396
canoe,nz,newfoundland and labrador,emissions|industrial,Mt CO2/yr,2050,1.624032303204
canoe,nz,newfoundland and labrador,emissions|industrial,kt CH4/yr,2025,0.03729343164455001
canoe,nz,newfoundland and labrador,emissions|industrial,kt CH4/yr,2030,0.037821805372600006
canoe,nz,newfoundland and labrador,emissions|industrial,kt CH4/yr,2035,0.028019724940350002
canoe,nz,newfoundland and labrador,emissions|industrial,kt CH4/yr,2040,0.01864304638455
canoe,nz,newfoundland and labrador,emissions|industrial,kt CH4/yr,2045,0.01650912359555
canoe,nz,newfoundland and labrador,emissions|industrial,kt CH4/yr,2050,0.012747004559450003
canoe,nz,newfoundland and labrador,emissions|industrial,kt N2O/yr,2025,0.03829752011429001
canoe,nz,newfoundland and labrador,emissions|industrial,kt N2O/yr,2030,0.03791067019588
canoe,nz,newfoundland and labrador,emissions|industrial,kt N2O/yr,2035,0.028443117378330003
canoe,nz,newfoundland and labrador,emissions|industrial,kt N2O/yr,2040,0.019634968126290002
canoe,nz,newfoundland and labrador,emissions|industrial,kt N2O/yr,2045,0.01762699482809
canoe,nz,newfoundland and labrador,emissions|industrial,kt N2O/yr,2050,0.013981528660910002
canoe,nz,newfoundland and labrador,emissions|residential,Mt CO2-equiv/yr,2025,0.14671811295862314
canoe,nz,newfoundland and labrador,emissions|residential,Mt CO2-equiv/yr,2030,0.10583342539387328
canoe,nz,newfoundland and labrador,emissions|residential,Mt CO2-equiv/yr,2035,0.0642684244380735
canoe,nz,newfoundland and labrador,emissions|residential,Mt CO2-equiv/yr,2040,0.025696934019649675
canoe,nz,newfoundland and labrador,emissions|residential,Mt CO2/yr,2025,0.14074298463960686
canoe,nz,newfoundland and labrador,emissions|residential,Mt CO2/yr,2030,0.10152278735860606
canoe,nz,newfoundland and labrador,emissions|residential,Mt CO2/yr,2035,0.06164889543150787
canoe,nz,newfoundland and labrador,emissions|residential,Mt CO2/yr,2040,0.024647019494127464
canoe,nz,newfoundland and labrador,emissions|residential,kt N2O/yr,2025,0.02116026710767608
canoe,nz,newfoundland and labrador,emissions|residential,kt N2O/yr,2030,0.01525943480161733
canoe,nz,newfoundland and labrador,emissions|transportation,Mt CO2-equiv/yr,2025,7.449066712305836
canoe,nz,newfoundland and labrador,emissions|transportation,Mt CO2-equiv/yr,2030,6.213235661070533
canoe,nz,newfoundland and labrador,emissions|transportation,Mt CO2-equiv/yr,2035,4.242113724917438
canoe,nz,newfoundland and labrador,emissions|transportation,Mt CO2-equiv/yr,2040,2.8748634590758355
canoe,nz,newfoundland and labrador,emissions|transportation,Mt CO2-equiv/yr,2045,2.8356915010184656
canoe,nz,newfoundland and labrador,emissions|transportation,Mt CO2-equiv/yr,2050,2.836484966188518
canoe,nz,newfoundland and labrador,emissions|transportation,Mt CO2/yr,2025,7.248574195359959
canoe,nz,newfoundland and labrador,emissions|transportation,Mt CO2/yr,2030,6.059541596820039
canoe,nz,newfoundland and labrador,emissions|transportation,Mt CO2/yr,2035,4.147815068379825
canoe,nz,newfoundland and labrador,emissions|transportation,Mt CO2/yr,2040,2.8297661000638548
canoe,nz,newfoundland and labrador,emissions|transportation,Mt CO2/yr,2045,2.7916783472011626
canoe,nz,newfoundland and labrador,emissions|transportation,Mt CO2/yr,2050,2.7924593713907684
canoe,nz,newfoundland and labrador,emissions|transportation,kt CH4/yr,2025,2.0823913338699476
canoe,nz,newfoundland and labrador,emissions|transportation,kt CH4/yr,2030,1.5207889491219757
canoe,nz,newfoundland and labrador,emissions|transportation,kt CH4/yr,2035,0.6591818708506509
canoe,nz,newfoundland and labrador,emissions|transportation,kt CH4/yr,2040,0.11492946127750886
canoe,nz,newfoundland and labrador,emissions|transportation,kt CH4/yr,2045,0.09089894820751888
canoe,nz,newfoundland and labrador,emissions|transportation,kt CH4/yr,2050,0.08230949358245003
canoe,nz,newfoundland and labrador,emissions|transportation,kt N2O/yr,2025,0.5208261735635612
canoe,nz,newfoundland and labrador,emissions|transportation,kt N2O/yr,2030,0.4070035039434679
canoe,nz,newfoundland and labrador,emissions|transportation,kt N2O/yr,2035,0.27780787276990093
canoe,nz,newfoundland and labrador,emissions|transportation,kt N2O/yr,2040,0.15340409312291525
canoe,nz,newfoundland and labrador,emissions|transportation,kt N2O/yr,2045,0.1518973092211545
canoe,nz,newfoundland and labrador,emissions|transportation,kt N2O/yr,2050,0.1528239142029567
canoe,nz,newfoundland and labrador,emissions|upstream,Mt CO2/yr,2025,1.8064718506509752
canoe,nz,newfoundland and labrador,emissions|upstream,Mt CO2/yr,2030,1.4689364752409637
canoe,nz,newfoundland and labrador,emissions|upstream,Mt CO2/yr,2035,0.9047879928269806
canoe,nz,newfoundland and labrador,emissions|upstream,Mt CO2/yr,2040,0.5377475360076719
canoe,nz,newfoundland and labrador,emissions|upstream,Mt CO2/yr,2045,0.5120180327259383
canoe,nz,newfoundland and labrador,emissions|upstream,Mt CO2/yr,2050,0.484974743940955
canoe,nz,nova scotia,emissions|agriculture,Mt CO2-equiv/yr,2025,0.12604790750360537
canoe,nz,nova scotia,emissions|agriculture,Mt CO2-equiv/yr,2030,0.13927642650266553
canoe,nz,nova scotia,emissions|agriculture,Mt CO2-equiv/yr,2035,0.13501141433542194
canoe,nz,nova scotia,emissions|agriculture,Mt CO2-equiv/yr,2040,0.13098021301942445
canoe,nz,nova scotia,emissions|agriculture,Mt CO2-equiv/yr,2045,0.13139967376158285
canoe,nz,nova scotia,emissions|agriculture,Mt CO2-equiv/yr,2050,0.13375712735542694
canoe,nz,nova scotia,emissions|agriculture,Mt CO2/yr,2025,0.1209149152262259
canoe,nz,nova scotia,emissions|agriculture,Mt CO2/yr,2030,0.13360473519244886
canoe,nz,nova scotia,emissions|agriculture,Mt CO2/yr,2035,0.1295134051985231
canoe,nz,nova scotia,emissions|agriculture,Mt CO2/yr,2040,0.12564636468164864
canoe,nz,nova scotia,emissions|agriculture,Mt CO2/yr,2045,0.12604874391255624
canoe,nz,nova scotia,emissions|agriculture,Mt CO2/yr,2050,0.128310195983399
canoe,nz,nova scotia,emissions|agriculture,kt N2O/yr,2025,0.018181646477917302
canoe,nz,nova scotia,emissions|agriculture,kt N2O/yr,2030,0.02008978014416198
canoe,nz,nova scotia,emissions|agriculture,kt N2O/yr,2035,0.01947457799614837
canoe,nz,nova scotia,emissions|agriculture,kt N2O/yr,2040,0.01889310164592268
canoe,nz,nova scotia,emissions|agriculture,kt N2O/yr,2045,0.018953606314951563
canoe,nz,nova scotia,emissions|agriculture,kt N2O/yr,2050,0.019293654703538603
canoe,nz,nova scotia,emissions|commercial,Mt CO2-equiv/yr,2025,0.10219806951563043
canoe,nz,nova scotia,emissions|commercial,Mt CO2-equiv/yr,2030,0.0995316909586022
canoe,nz,nova scotia,emissions|commercial,Mt CO2-equiv/yr,2035,0.09226549878818661
canoe,nz,nova scotia,emissions|commercial,Mt CO2-equiv/yr,2040,0.08097052385673789
canoe,nz,nova scotia,emissions|commercial,Mt CO2-equiv/yr,2045,0.06886998413307645
canoe,nz,nova scotia,emissions|commercial,Mt CO2-equiv/yr,2050,0.05659351529497591
canoe,nz,nova scotia,emissions|commercial,Mt CO2/yr,2025,0.10164174242375486
canoe,nz,nova scotia,emissions|commercial,Mt CO2/yr,2030,0.09898987921111574
canoe,nz,nova scotia,emissions|commercial,Mt CO2/yr,2035,0.09176324098666715
canoe,nz,nova scotia,emissions|commercial,Mt CO2/yr,2040,0.0805297511087991
canoe,nz,nova scotia,emissions|commercial,Mt CO2/yr,2045,0.06849508416430132
canoe,nz,nova scotia,emissions|commercial,Mt CO2/yr,2050,0.05628544339131518
canoe,nz,nova scotia,emissions|electricity,Mt CO2-equiv/yr,2025,0.1969466470162734
canoe,nz,nova scotia,emissions|electricity,Mt CO2-equiv/yr,2030,0.16758633435769107
canoe,nz,nova scotia,emissions|electricity,Mt CO2-equiv/yr,2035,0.1644726514339277
canoe,nz,nova scotia,emissions|electricity,Mt CO2-equiv/yr,2040,0.1431493980519649
canoe,nz,nova scotia,emissions|electricity,Mt CO2-equiv/yr,2045,0.12910887033058377
canoe,nz,nova scotia,emissions|electricity,Mt CO2-equiv/yr,2050,0.09803782536188688
canoe,nz,nova scotia,emissions|electricity,Mt CO2/yr,2025,0.19210439375831653
canoe,nz,nova scotia,emissions|electricity,Mt CO2/yr,2030,0.16326505904319752
canoe,nz,nova scotia,emissions|electricity,Mt CO2/yr,2035,0.1597585516872223
canoe,nz,nova scotia,emissions|electricity,Mt CO2/yr,2040,0.13539095939548051
canoe,nz,nova scotia,emissions|electricity,Mt CO2/yr,2045,0.1205392984364477
canoe,nz,nova scotia,emissions|electricity,Mt CO2/yr,2050,0.08952697278448724
canoe,nz,nova scotia,emissions|electricity,kt CH4/yr,2025,0.08456730704561147
canoe,nz,nova scotia,emissions|electricity,kt CH4/yr,2030,0.07555382132577147
canoe,nz,nova scotia,emissions|electricity,kt CH4/yr,2035,0.08231709200545492
canoe,nz,nova scotia,emissions|electricity,kt CH4/yr,2040,0.13838266154567092
canoe,nz,nova scotia,emissions|electricity,kt CH4/yr,2045,0.15361125129897227
canoe,nz,nova scotia,emissions|electricity,kt CH4/yr,2050,0.15293747866490498
canoe,nz,nova scotia,emissions|electricity,kt N2O/yr,2040,0.014226095567503452
canoe,nz,nova scotia,emissions|electricity,kt N2O/yr,2045,0.015635372929098335
canoe,nz,nova scotia,emissions|electricity,kt N2O/yr,2050,0.015489388743011872
canoe,nz,nova scotia,emissions|industrial,Mt CO2-equiv/yr,2025,1.8358182551660005
canoe,nz,nova scotia,emissions|industrial,Mt CO2-equiv/yr,2030,1.9473371449835
canoe,nz,nova scotia,emissions|industrial,Mt CO2-equiv/yr,2035,1.9851517574034998
canoe,nz,nova scotia,emissions|industrial,Mt CO2-equiv/yr,2040,1.874113217019
canoe,nz,nova scotia,emissions|industrial,Mt CO2-equiv/yr,2045,1.8031213831944997
canoe,nz,nova scotia,emissions|industrial,Mt CO2-equiv/yr,2050,1.7546129203485
canoe,nz,nova scotia,emissions|industrial,Mt CO2/yr,2025,1.8306488576320006
canoe,nz,nova scotia,emissions|industrial,Mt CO2/yr,2030,1.9419943211719999
canoe,nz,nova scotia,emissions|industrial,Mt CO2/yr,2035,1.979840850932
canoe,nz,nova scotia,emissions|industrial,Mt CO2/yr,2040,1.869203447448
canoe,nz,nova scotia,emissions|industrial,Mt CO2/yr,2045,1.7984529142039998
canoe,nz,nova scotia,emissions|industrial,Mt CO2/yr,2050,1.7501331131320002
canoe,nz,nova scotia,emissions|industrial,kt CH4/yr,2025,0.015247223325600003
canoe,nz,nova scotia,emissions|industrial,kt CH4/yr,2030,0.01565713833885
canoe,nz,nova scotia,emissions|industrial,kt CH4/yr,2035,0.01547475549685
canoe,nz,nova scotia,emissions|industrial,kt CH4/yr,2040,0.0142503922259
canoe,nz,nova scotia,emissions|industrial,kt CH4/yr,2045,0.013570211796950001
canoe,nz,nova scotia,emissions|industrial,kt CH4/yr,2050,0.013008976944349998
canoe,nz,nova scotia,emissions|industrial,kt N2O/yr,2025,0.017371704317280006
canoe,nz,nova scotia,emissions|industrial,kt N2O/yr,2030,0.017964922842629998
canoe,nz,nova scotia,emissions|industrial,kt N2O/yr,2035,0.01786671544303
canoe,nz,nova scotia,emissions|industrial,kt N2O/yr,2040,0.016522925228420002
canoe,nz,nova scotia,emissions|industrial,kt N2O/yr,2045,0.01570880241341
canoe,nz,nova scotia,emissions|industrial,kt N2O/yr,2050,0.01507529619353
canoe,nz,nova scotia,emissions|residential,Mt CO2-equiv/yr,2025,0.9222105596185276
canoe,nz,nova scotia,emissions|residential,Mt CO2-equiv/yr,2030,0.647376982841043
canoe,nz,nova scotia,emissions|residential,Mt CO2-equiv/yr,2035,0.3651125185113259
canoe,nz,nova scotia,emissions|residential,Mt CO2-equiv/yr,2040,0.13234100867581783
canoe,nz,nova scotia,emissions|residential,Mt CO2/yr,2025,0.8740674603583767
canoe,nz,nova scotia,emissions|residential,Mt CO2/yr,2030,0.6139575466560134
canoe,nz,nova scotia,emissions|residential,Mt CO2/yr,2035,0.34671479396043153
canoe,nz,nova scotia,emissions|residential,Mt CO2/yr,2040,0.12697410850201024
canoe,nz,nova scotia,emissions|residential,kt CH4/yr,2025,0.2576688897362187
canoe,nz,nova scotia,emissions|residential,kt CH4/yr,2030,0.17338995436515203
canoe,nz,nova scotia,emissions|residential,kt CH4/yr,2035,0.08876807626532193
canoe,nz,nova scotia,emissions|residential,kt N2O/yr,2025,0.14992077050283006
canoe,nz,nova scotia,emissions|residential,kt N2O/yr,2030,0.10463193209753179
canoe,nz,nova scotia,emissions|residential,kt N2O/yr,2035,0.05828651434202847
canoe,nz,nova scotia,emissions|residential,kt N2O/yr,2040,0.018994958279877683
canoe,nz,nova scotia,emissions|transportation,Mt CO2-equiv/yr,2025,8.135761649558297
canoe,nz,nova scotia,emissions|transportation,Mt CO2-equiv/yr,2030,7.0039540160533225
canoe,nz,nova scotia,emissions|transportation,Mt CO2-equiv/yr,2035,4.967896583890842
canoe,nz,nova scotia,emissions|transportation,Mt CO2-equiv/yr,2040,3.5855333052185254
canoe,nz,nova scotia,emissions|transportation,Mt CO2-equiv/yr,2045,3.507622349957573
canoe,nz,nova scotia,emissions|transportation,Mt CO2-equiv/yr,2050,3.4440687218926866
canoe,nz,nova scotia,emissions|transportation,Mt CO2/yr,2025,7.917626608185448
canoe,nz,nova scotia,emissions|transportation,Mt CO2/yr,2030,6.8281240088116615
canoe,nz,nova scotia,emissions|transportation,Mt CO2/yr,2035,4.854468500635305
canoe,nz,nova scotia,emissions|transportation,Mt CO2/yr,2040,3.522537509844234
canoe,nz,nova scotia,emissions|transportation,Mt CO2/yr,2045,3.446958340293583
canoe,nz,nova scotia,emissions|transportation,Mt CO2/yr,2050,3.3856156442994427
canoe,nz,nova scotia,emissions|transportation,kt CH4/yr,2025,2.1598080084250113
canoe,nz,nova scotia,emissions|transportation,kt CH4/yr,2030,1.5490653927422657
canoe,nz,nova scotia,emissions|transportation,kt CH4/yr,2035,0.7184750051013067
canoe,nz,nova scotia,emissions|transportation,kt CH4/yr,2040,0.26563181106679895
canoe,nz,nova scotia,emissions|transportation,kt CH4/yr,2045,0.20459329985623131
canoe,nz,nova scotia,emissions|transportation,kt CH4/yr,2050,0.12649628210026537
canoe,nz,nova scotia,emissions|transportation,kt N2O/yr,2025,0.5769789937893421
canoe,nz,nova scotia,emissions|transportation,kt N2O/yr,2030,0.48465573208551654
canoe,nz,nova scotia,emissions|transportation,kt N2O/yr,2035,0.3412670236002686
canoe,nz,nova scotia,emissions|transportation,kt N2O/yr,2040,0.20300436977469083
canoe,nz,nova scotia,emissions|transportation,kt N2O/yr,2045,0.20072139220668792
canoe,nz,nova scotia,emissions|transportation,kt N2O/yr,2050,0.20113985430332504
canoe,nz,nova scotia,emissions|upstream,Mt CO2/yr,2025,1.9961790103860304
canoe,nz,nova scotia,emissions|upstream,Mt CO2/yr,2030,1.6958551684371979
canoe,nz,nova scotia,emissions|upstream,Mt CO2/yr,2035,1.1474824724532975
canoe,nz,nova scotia,emissions|upstream,Mt CO2/yr,2040,0.7845328934887441
canoe,nz,nova scotia,emissions|upstream,Mt CO2/yr,2045,0.7300441256662444
canoe,nz,nova scotia,emissions|upstream,Mt CO2/yr,2050,0.707310700065513
canoe,nz,ontario,emissions|agriculture,Mt CO2-equiv/yr,2025,3.1566986212605523
canoe,nz,ontario,emissions|agriculture,Mt CO2-equiv/yr,2030,3.487987045937067
canoe,nz,ontario,emissions|agriculture,Mt CO2-equiv/yr,2035,3.3811771368946966
canoe,nz,ontario,emissions|agriculture,Mt CO2-equiv/yr,2040,3.2802209653098764
canoe,nz,ontario,emissions|agriculture,Mt CO2-equiv/yr,2045,3.29072540462297
canoe,nz,ontario,emissions|agriculture,Mt CO2-equiv/yr,2050,3.3497640963903983
canoe,nz,ontario,emissions|agriculture,Mt CO2/yr,2025,3.0826120924898115
canoe,nz,ontario,emissions|agriculture,Mt CO2/yr,2030,3.4061253016685615
canoe,nz,ontario,emissions|agriculture,Mt CO2/yr,2035,3.301822179241648
canoe,nz,ontario,emissions|agriculture,Mt CO2/yr,2040,3.2032354077375
canoe,nz,ontario,emissions|agriculture,Mt CO2/yr,2045,3.213493305452129
canoe,nz,ontario,emissions|agriculture,Mt CO2/yr,2050,3.2711463723815406
canoe,nz,ontario,emissions|agriculture,kt CH4/yr,2025,0.10677669642324518
canoe,nz,ontario,emissions|agriculture,kt CH4/yr,2030,0.11798267138615845
canoe,nz,ontario,emissions|agriculture,kt CH4/yr,2035,0.11436978145118772
canoe,nz,ontario,emissions|agriculture,kt CH4/yr,2040,0.110954897966173
canoe,nz,ontario,emissions|agriculture,kt CH4/yr,2045,0.11131022039520462
canoe,nz,ontario,emissions|agriculture,kt CH4/yr,2050,0.11330723704315739
canoe,nz,ontario,emissions|agriculture,kt N2O/yr,2025,0.26042777010226986
canoe,nz,ontario,emissions|agriculture,kt N2O/yr,2030,0.2877590821731228
canoe,nz,ontario,emissions|agriculture,kt N2O/yr,2035,0.27894726643626777
canoe,nz,ontario,emissions|agriculture,kt N2O/yr,2040,0.27061838972550545
canoe,nz,ontario,emissions|agriculture,kt N2O/yr,2045,0.27148502917730927
canoe,nz,ontario,emissions|agriculture,kt N2O/yr,2050,0.27635575581195143
canoe,nz,ontario,emissions|commercial,Mt CO2-equiv/yr,2025,1.4915689436824702
canoe,nz,ontario,emissions|commercial,Mt CO2-equiv/yr,2030,1.452653406534332
canoe,nz,ontario,emissions|commercial,Mt CO2-equiv/yr,2035,1.3466028274353354
canoe,nz,ontario,emissions|commercial,Mt CO2-equiv/yr,2040,1.1817524820633754
canoe,nz,ontario,emissions|commercial,Mt CO2-equiv/yr,2045,1.005147572262608
canoe,nz,ontario,emissions|commercial,Mt CO2-equiv/yr,2050,0.8259732254731026
canoe,nz,ontario,emissions|commercial,Mt CO2/yr,2025,1.4834494536397254
canoe,nz,ontario,emissions|commercial,Mt CO2/yr,2030,1.4447457567271462
canoe,nz,ontario,emissions|commercial,Mt CO2/yr,2035,1.339272473518272
canoe,nz,ontario,emissions|commercial,Mt CO2/yr,2040,1.1753195058662351
canoe,nz,ontario,emissions|commercial,Mt CO2/yr,2045,0.9996759608167929
canoe,nz,ontario,emissions|commercial,Mt CO2/yr,2050,0.821476965740552
canoe,nz,ontario,emissions|commercial,kt CH4/yr,2025,0.02836570016152488
canoe,nz,ontario,emissions|commercial,kt CH4/yr,2030,0.0276256294708309
canoe,nz,ontario,emissions|commercial,kt CH4/yr,2035,0.02560882767201401
canoe,nz,ontario,emissions|commercial,kt CH4/yr,2040,0.02247380968431025
canoe,nz,ontario,emissions|commercial,kt CH4/yr,2045,0.019115250940056755
canoe,nz,ontario,emissions|commercial,kt CH4/yr,2050,0.015707828293457227
canoe,nz,ontario,emissions|commercial,kt N2O/yr,2025,0.02683241907093987
canoe,nz,ontario,emissions|commercial,kt N2O/yr,2030,0.02613235220138465
canoe,nz,ontario,emissions|commercial,kt N2O/yr,2035,0.02422456671607227
canoe,nz,ontario,emissions|commercial,kt N2O/yr,2040,0.021259009160221696
canoe,nz,ontario,emissions|commercial,kt N2O/yr,2045,0.018081994131965304
canoe,nz,ontario,emissions|commercial,kt N2O/yr,2050,0.014858756493382912
canoe,nz,ontario,emissions|electricity,Mt CO2-equiv/yr,2025,1.0765239850517005
canoe,nz,ontario,emissions|electricity,Mt CO2-equiv/yr,2030,1.8091064363112699
canoe,nz,ontario,emissions|electricity,Mt CO2-equiv/yr,2035,2.343282319785954
canoe,nz,ontario,emissions|electricity,Mt CO2-equiv/yr,2040,2.097314231564783
canoe,nz,ontario,emissions|electricity,Mt CO2-equiv/yr,2045,1.976406934239172
canoe,nz,ontario,emissions|electricity,Mt CO2-equiv/yr,2050,1.815976614765029
canoe,nz,ontario,emissions|electricity,Mt CO2/yr,2025,1.0616380547355655
canoe,nz,ontario,emissions|electricity,Mt CO2/yr,2030,1.7839246973360234
canoe,nz,ontario,emissions|electricity,Mt CO2/yr,2035,2.286769894057886
canoe,nz,ontario,emissions|electricity,Mt CO2/yr,2040,2.052626698902469
canoe,nz,ontario,emissions|electricity,Mt CO2/yr,2045,1.935393283954274
canoe,nz,ontario,emissions|electricity,Mt CO2/yr,2050,1.7788456563553263
canoe,nz,ontario,emissions|electricity,kt CH4/yr,2025,0.26916764599576254
canoe,nz,ontario,emissions|electricity,kt CH4/yr,2030,0.45534139279881375
canoe,nz,ontario,emissions|electricity,kt CH4/yr,2035,1.0218922573353002
canoe,nz,ontario,emissions|electricity,kt CH4/yr,2040,0.8080529363653327
canoe,nz,ontario,emissions|electricity,kt CH4/yr,2045,0.7416086956066957
canoe,nz,ontario,emissions|electricity,kt CH4/yr,2050,0.6713878065358979
canoe,nz,ontario,emissions|electricity,kt N2O/yr,2025,0.026920278914202504
canoe,nz,ontario,emissions|electricity,kt N2O/yr,2030,0.04553912026970084
canoe,nz,ontario,emissions|electricity,kt N2O/yr,2035,0.10219575897858038
canoe,nz,ontario,emissions|electricity,kt N2O/yr,2040,0.08081337065883724
canoe,nz,ontario,emissions|electricity,kt N2O/yr,2045,0.07417072005352511
canoe,nz,ontario,emissions|electricity,kt N2O/yr,2050,0.06715054804216998
canoe,nz,ontario,emissions|industrial,Mt CO2-equiv/yr,2025,49.3349823708875
canoe,nz,ontario,emissions|industrial,Mt CO2-equiv/yr,2030,52.91887829228631
canoe,nz,ontario,emissions|industrial,Mt CO2-equiv/yr,2035,50.54944773490038
canoe,nz,ontario,emissions|industrial,Mt CO2-equiv/yr,2040,46.03482271230585
canoe,nz,ontario,emissions|industrial,Mt CO2-equiv/yr,2045,40.00214964108884
canoe,nz,ontario,emissions|industrial,Mt CO2-equiv/yr,2050,35.65977625744278
canoe,nz,ontario,emissions|industrial,Mt CO2/yr,2025,49.16194145058001
canoe,nz,ontario,emissions|industrial,Mt CO2/yr,2030,52.734923421383215
canoe,nz,ontario,emissions|industrial,Mt CO2/yr,2035,50.3780162795298
canoe,nz,ontario,emissions|industrial,Mt CO2/yr,2040,45.88317163367586
canoe,nz,ontario,emissions|industrial,Mt CO2/yr,2045,39.87815585833141
canoe,nz,ontario,emissions|industrial,Mt CO2/yr,2050,35.554188887545045
canoe,nz,ontario,emissions|industrial,kt CH4/yr,2025,0.5534482730452501
canoe,nz,ontario,emissions|industrial,kt CH4/yr,2030,0.5885543542584479
canoe,nz,ontario,emissions|industrial,kt CH4/yr,2035,0.5469597501110752
canoe,nz,ontario,emissions|industrial,kt CH4/yr,2040,0.4830461979655614
canoe,nz,ontario,emissions|industrial,kt CH4/yr,2045,0.3917075408348253
canoe,nz,ontario,emissions|industrial,kt CH4/yr,2050,0.33094568183978357
canoe,nz,ontario,emissions|industrial,kt N2O/yr,2025,0.5770855986469501
canoe,nz,ontario,emissions|industrial,kt N2O/yr,2030,0.6134628158861555
canoe,nz,ontario,emissions|industrial,kt N2O/yr,2035,0.571855612244899
canoe,nz,ontario,emissions|industrial,kt N2O/yr,2040,0.5059552560116043
canoe,nz,ontario,emissions|industrial,kt N2O/yr,2045,0.41401454749343714
canoe,nz,ontario,emissions|industrial,kt N2O/yr,2050,0.35282377541886456
canoe,nz,ontario,emissions|residential,Mt CO2-equiv/yr,2025,13.809022012025553
canoe,nz,ontario,emissions|residential,Mt CO2-equiv/yr,2030,9.572457863404123
canoe,nz,ontario,emissions|residential,Mt CO2-equiv/yr,2035,5.345500001908514
canoe,nz,ontario,emissions|residential,Mt CO2-equiv/yr,2040,1.1060646071277052
canoe,nz,ontario,emissions|residential,Mt CO2-equiv/yr,2045,0.23689457346637496
canoe,nz,ontario,emissions|residential,Mt CO2/yr,2025,13.692959950441422
canoe,nz,ontario,emissions|residential,Mt CO2/yr,2030,9.491623988019661
canoe,nz,ontario,emissions|residential,Mt CO2/yr,2035,5.2998739937481645
canoe,nz,ontario,emissions|residential,Mt CO2/yr,2040,1.096537881381265
canoe,nz,ontario,emissions|residential,Mt CO2/yr,2045,0.23559910821955085
canoe,nz,ontario,emissions|residential,kt CH4/yr,2025,0.5128601603565013
canoe,nz,ontario,emissions|residential,kt CH4/yr,2030,0.3498937742201921
canoe,nz,ontario,emissions|residential,kt CH4/yr,2035,0.1870860157034971
canoe,nz,ontario,emissions|residential,kt CH4/yr,2040,0.023713777360570322
canoe,nz,ontario,emissions|residential,kt N2O/yr,2025,0.372534713636029
canoe,nz,ontario,emissions|residential,kt N2O/yr,2030,0.2602082399947065
canoe,nz,ontario,emissions|residential,kt N2O/yr,2035,0.1479399253350065
canoe,nz,ontario,emissions|residential,kt N2O/yr,2040,0.032464248934485615
canoe,nz,ontario,emissions|transportation,Mt CO2-equiv/yr,2025,58.376958075197194
canoe,nz,ontario,emissions|transportation,Mt CO2-equiv/yr,2030,46.22190274205635
canoe,nz,ontario,emissions|transportation,Mt CO2-equiv/yr,2035,28.097193437851942
canoe,nz,ontario,emissions|transportation,Mt CO2-equiv/yr,2040,21.001060819483232
canoe,nz,ontario,emissions|transportation,Mt CO2-equiv/yr,2045,20.457269118835548
canoe,nz,ontario,emissions|transportation,Mt CO2-equiv/yr,2050,20.21863985962482
canoe,nz,ontario,emissions|transportation,Mt CO2/yr,2025,56.45196405708519
canoe,nz,ontario,emissions|transportation,Mt CO2/yr,2030,44.75773775285531
canoe,nz,ontario,emissions|transportation,Mt CO2/yr,2035,27.242930001209256
canoe,nz,ontario,emissions|transportation,Mt CO2/yr,2040,20.407944034499668
canoe,nz,ontario,emissions|transportation,Mt CO2/yr,2045,19.885374778355413
canoe,nz,ontario,emissions|transportation,Mt CO2/yr,2050,19.661061623510474
canoe,nz,ontario,emissions|transportation,kt CH4/yr,2025,34.10606734495789
canoe,nz,ontario,emissions|transportation,kt CH4/yr,2030,22.879914091579344
canoe,nz,ontario,emissions|transportation,kt CH4/yr,2035,9.092931202200008
canoe,nz,ontario,emissions|transportation,kt CH4/yr,2040,5.83203810132403
canoe,nz,ontario,emissions|transportation,kt CH4/yr,2045,4.534811262240728
canoe,nz,ontario,emissions|transportation,kt CH4/yr,2050,3.25089243815473
canoe,nz,ontario,emissions|transportation,kt N2O/yr,2025,3.5494767576990722
canoe,nz,ontario,emissions|transportation,kt N2O/yr,2030,3.0126624378559153
canoe,nz,ontario,emissions|transportation,kt N2O/yr,2035,2.192836356638646
canoe,nz,ontario,emissions|transportation,kt N2O/yr,2040,1.5707057927412447
canoe,nz,ontario,emissions|transportation,kt N2O/yr,2045,1.626016817738306
canoe,nz,ontario,emissions|transportation,kt N2O/yr,2050,1.708986249177262
canoe,nz,ontario,emissions|upstream,Mt CO2/yr,2025,20.133641741002137
canoe,nz,ontario,emissions|upstream,Mt CO2/yr,2030,17.562502434606905
canoe,nz,ontario,emissions|upstream,Mt CO2/yr,2035,13.274523599154405
canoe,nz,ontario,emissions|upstream,Mt CO2/yr,2040,10.606329187468639
canoe,nz,ontario,emissions|upstream,Mt CO2/yr,2045,9.559682994428403
canoe,nz,ontario,emissions|upstream,Mt CO2/yr,2050,8.922310337325671
canoe,nz,prince edward island,emissions|agriculture,Mt CO2-equiv/yr,2025,0.11746368921818003
canoe,nz,prince edward island,emissions|agriculture,Mt CO2-equiv/yr,2030,0.1297912393603308
canoe,nz,prince edward island,emissions|agriculture,Mt CO2-equiv/yr,2035,0.1258167526185186
canoe,nz,prince edward island,emissions|agriculture,Mt CO2-equiv/yr,2040,0.12206008772843607
canoe,nz,prince edward island,emissions|agriculture,Mt CO2-equiv/yr,2045,0.12245098207603533
canoe,nz,prince edward island,emissions|agriculture,Mt CO2-equiv/yr,2050,0.12464788642861233
canoe,nz,prince edward island,emissions|agriculture,Mt CO2/yr,2025,0.11268026820333951
canoe,nz,prince edward island,emissions|agriculture,Mt CO2/yr,2030,0.12450580906241783
canoe,nz,prince edward island,emissions|agriculture,Mt CO2/yr,2035,0.12069317355761792
canoe,nz,prince edward island,emissions|agriculture,Mt CO2/yr,2040,0.11708948964319296
canoe,nz,prince edward island,emissions|agriculture,Mt CO2/yr,2045,0.11746446577598615
canoe,nz,prince edward island,emissions|agriculture,Mt CO2/yr,2050,0.11957190658014528
canoe,nz,prince edward island,emissions|agriculture,kt N2O/yr,2025,0.016943425033024116
canoe,nz,prince edward island,emissions|agriculture,kt N2O/yr,2030,0.01872159940388365
canoe,nz,prince edward island,emissions|agriculture,kt N2O/yr,2035,0.01814830378714577
canoe,nz,prince edward island,emissions|agriculture,kt N2O/yr,2040,0.01760642765195066
canoe,nz,prince edward island,emissions|agriculture,kt N2O/yr,2045,0.01766281179175134
canoe,nz,prince edward island,emissions|agriculture,kt N2O/yr,2050,0.01797970192563325
canoe,nz,prince edward island,emissions|electricity,Mt CO2-equiv/yr,2025,0.056554510593343946
canoe,nz,prince edward island,emissions|electricity,Mt CO2-equiv/yr,2030,0.05591056241446934
canoe,nz,prince edward island,emissions|electricity,Mt CO2-equiv/yr,2035,0.05404985438617901
canoe,nz,prince edward island,emissions|electricity,Mt CO2-equiv/yr,2040,0.05922015273177899
canoe,nz,prince edward island,emissions|electricity,Mt CO2-equiv/yr,2045,0.052570013287848175
canoe,nz,prince edward island,emissions|electricity,Mt CO2-equiv/yr,2050,0.04305696341775322
canoe,nz,prince edward island,emissions|electricity,Mt CO2/yr,2025,0.052130243435017515
canoe,nz,prince edward island,emissions|electricity,Mt CO2/yr,2030,0.04962829852191322
canoe,nz,prince edward island,emissions|electricity,Mt CO2/yr,2035,0.04664963899831589
canoe,nz,prince edward island,emissions|electricity,Mt CO2/yr,2040,0.05052731941024567
canoe,nz,prince edward island,emissions|electricity,Mt CO2/yr,2045,0.04502824965781792
canoe,nz,prince edward island,emissions|electricity,Mt CO2/yr,2050,0.03616364314863439
canoe,nz,prince edward island,emissions|electricity,kt CH4/yr,2025,0.07999339893386585
canoe,nz,prince edward island,emissions|electricity,kt CH4/yr,2030,0.11358631583992668
canoe,nz,prince edward island,emissions|electricity,kt CH4/yr,2035,0.13379690530458355
canoe,nz,prince edward island,emissions|electricity,kt CH4/yr,2040,0.15716518485988185
canoe,nz,prince edward island,emissions|electricity,kt CH4/yr,2045,0.13634330017874852
canoe,nz,prince edward island,emissions|electricity,kt CH4/yr,2050,0.1246220512127977
canoe,nz,prince edward island,emissions|electricity,kt N2O/yr,2030,0.011362076971821466
canoe,nz,prince edward island,emissions|electricity,kt N2O/yr,2035,0.013384256400189809
canoe,nz,prince edward island,emissions|electricity,kt N2O/yr,2040,0.015722373978127084
canoe,nz,prince edward island,emissions|electricity,kt N2O/yr,2045,0.013641579421829331
canoe,nz,prince edward island,emissions|electricity,kt N2O/yr,2050,0.012468508410234069
canoe,nz,prince edward island,emissions|industrial,Mt CO2-equiv/yr,2025,0.22483848714300003
canoe,nz,prince edward island,emissions|industrial,Mt CO2-equiv/yr,2030,0.22079346729562413
canoe,nz,prince edward island,emissions|industrial,Mt CO2-equiv/yr,2035,0.21099092168094757
canoe,nz,prince edward island,emissions|industrial,Mt CO2-equiv/yr,2040,0.19476627413339936
canoe,nz,prince edward island,emissions|industrial,Mt CO2-equiv/yr,2045,0.17290915087576458
canoe,nz,prince edward island,emissions|industrial,Mt CO2-equiv/yr,2050,0.1556037247775845
canoe,nz,prince edward island,emissions|industrial,Mt CO2/yr,2025,0.224046711256
canoe,nz,prince edward island,emissions|industrial,Mt CO2/yr,2030,0.21998551183461434
canoe,nz,prince edward island,emissions|industrial,Mt CO2/yr,2035,0.210231294858871
canoe,nz,prince edward island,emissions|industrial,Mt CO2/yr,2040,0.19407501709774028
canoe,nz,prince edward island,emissions|industrial,Mt CO2/yr,2045,0.1723130436167853
canoe,nz,prince edward island,emissions|industrial,Mt CO2/yr,2050,0.15508494240334644
canoe,nz,prince edward island,emissions|residential,Mt CO2-equiv/yr,2025,0.11700017634975624
canoe,nz,prince edward island,emissions|residential,Mt CO2-equiv/yr,2030,0.0771038724919459
canoe,nz,prince edward island,emissions|residential,Mt CO2-equiv/yr,2035,0.04155186950677138
canoe,nz,prince edward island,emissions|residential,Mt CO2-equiv/yr,2040,0.016569763047314442
canoe,nz,prince edward island,emissions|residential,Mt CO2/yr,2025,0.11223351564183616
canoe,nz,prince edward island,emissions|residential,Mt CO2/yr,2030,0.07396080662141875
canoe,nz,prince edward island,emissions|residential,Mt CO2/yr,2035,0.039852827631658067
canoe,nz,prince edward island,emissions|residential,Mt CO2/yr,2040,0.015885186398157832
canoe,nz,prince edward island,emissions|residential,kt N2O/yr,2025,0.0168709956311615
canoe,nz,prince edward island,emissions|residential,kt N2O/yr,2030,0.011107757649375995
canoe,nz,prince edward island,emissions|transportation,Mt CO2-equiv/yr,2025,8.341058814996542
canoe,nz,prince edward island,emissions|transportation,Mt CO2-equiv/yr,2030,6.905844842464902
canoe,nz,prince edward island,emissions|transportation,Mt CO2-equiv/yr,2035,4.629351520764895
canoe,nz,prince edward island,emissions|transportation,Mt CO2-equiv/yr,2040,3.0896274149886445
canoe,nz,prince edward island,emissions|transportation,Mt CO2-equiv/yr,2045,2.964153819941034
canoe,nz,prince edward island,emissions|transportation,Mt CO2-equiv/yr,2050,2.7871808088802603
canoe,nz,prince edward island,emissions|transportation,Mt CO2/yr,2025,8.116396689895387
canoe,nz,prince edward island,emissions|transportation,Mt CO2/yr,2030,6.734729501912526
canoe,nz,prince edward island,emissions|transportation,Mt CO2/yr,2035,4.5269221759173375
canoe,nz,prince edward island,emissions|transportation,Mt CO2/yr,2040,3.041493929798298
canoe,nz,prince edward island,emissions|transportation,Mt CO2/yr,2045,2.9199422968400874
canoe,nz,prince edward island,emissions|transportation,Mt CO2/yr,2050,2.7486591368624387
canoe,nz,prince edward island,emissions|transportation,kt CH4/yr,2025,3.4487126669219745
canoe,nz,prince edward island,emissions|transportation,kt CH4/yr,2030,2.4053797740819003
canoe,nz,prince edward island,emissions|transportation,kt CH4/yr,2035,1.1975838713317535
canoe,nz,prince edward island,emissions|transportation,kt CH4/yr,2040,0.421327722545048
canoe,nz,prince edward island,emissions|transportation,kt CH4/yr,2045,0.3220913668165032
canoe,nz,prince edward island,emissions|transportation,kt CH4/yr,2050,0.1471383673514957
canoe,nz,prince edward island,emissions|transportation,kt N2O/yr,2025,0.46921768897016103
canoe,nz,prince edward island,emissions|transportation,kt N2O/yr,2030,0.3800841014536128
canoe,nz,prince edward island,emissions|transportation,kt N2O/yr,2035,0.25236384871427237
canoe,nz,prince edward island,emissions|transportation,kt N2O/yr,2040,0.133093908894021
canoe,nz,prince edward island,emissions|transportation,kt N2O/yr,2045,0.1289057089902922
canoe,nz,prince edward island,emissions|transportation,kt N2O/yr,2050,0.12601390963928633
canoe,nz,prince edward island,emissions|upstream,Mt CO2/yr,2025,1.6090314697207797
canoe,nz,prince edward island,emissions|upstream,Mt CO2/yr,2030,1.2883182408394274
canoe,nz,prince edward island,emissions|upstream,Mt CO2/yr,2035,0.7430990729005225
canoe,nz,prince edward island,emissions|upstream,Mt CO2/yr,2040,0.40825466687084544
canoe,nz,prince edward island,emissions|upstream,Mt CO2/yr,2045,0.37131507853527645
canoe,nz,prince edward island,emissions|upstream,Mt CO2/yr,2050,0.3326979356770354
canoe,nz,quebec,emissions|agriculture,Mt CO2-equiv/yr,2025,1.4444269447765694
canoe,nz,quebec,emissions|agriculture,Mt CO2-equiv/yr,2030,1.5960160929189002
canoe,nz,quebec,emissions|agriculture,Mt CO2-equiv/yr,2035,1.5471418506856032
canoe,nz,quebec,emissions|agriculture,Mt CO2-equiv/yr,2040,1.5009457627838327
canoe,nz,quebec,emissions|agriculture,Mt CO2-equiv/yr,2045,1.505737452496769
canoe,nz,quebec,emissions|agriculture,Mt CO2-equiv/yr,2050,1.5310178692021847
canoe,nz,quebec,emissions|agriculture,Mt CO2/yr,2025,1.388205250138921
canoe,nz,quebec,emissions|agriculture,Mt CO2/yr,2030,1.533894058233402
canoe,nz,quebec,emissions|agriculture,Mt CO2/yr,2035,1.4869221328591582
canoe,nz,quebec,emissions|agriculture,Mt CO2/yr,2040,1.442524105825341
canoe,nz,quebec,emissions|agriculture,Mt CO2/yr,2045,1.4471287840957194
canoe,nz,quebec,emissions|agriculture,Mt CO2/yr,2050,1.4713671377951036
canoe,nz,quebec,emissions|agriculture,kt CH4/yr,2025,0.06719512360543523
canoe,nz,quebec,emissions|agriculture,kt CH4/yr,2030,0.07424709733683976
canoe,nz,quebec,emissions|agriculture,kt CH4/yr,2035,0.07197347455993876
canoe,nz,quebec,emissions|agriculture,kt CH4/yr,2040,0.06982445148482867
canoe,nz,quebec,emissions|agriculture,kt CH4/yr,2045,0.07004777587789615
canoe,nz,quebec,emissions|agriculture,kt CH4/yr,2050,0.07127152999605
canoe,nz,quebec,emissions|agriculture,kt N2O/yr,2025,0.19904846584294109
canoe,nz,quebec,emissions|agriculture,kt N2O/yr,2030,0.2199381536935115
canoe,nz,quebec,emissions|agriculture,kt N2O/yr,2035,0.21320315215048236
canoe,nz,quebec,emissions|agriculture,kt N2O/yr,2040,0.20683726122813756
canoe,nz,quebec,emissions|agriculture,kt N2O/yr,2045,0.2074993797612781
canoe,nz,quebec,emissions|agriculture,kt N2O/yr,2050,0.21119094712659228
canoe,nz,quebec,emissions|commercial,Mt CO2-equiv/yr,2025,0.6257830828974504
canoe,nz,quebec,emissions|commercial,Mt CO2-equiv/yr,2030,0.6094561849802099
canoe,nz,quebec,emissions|commercial,Mt CO2-equiv/yr,2035,0.5649630158087992
canoe,nz,quebec,emissions|commercial,Mt CO2-equiv/yr,2040,0.49580060273354026
canoe,nz,quebec,emissions|commercial,Mt CO2-equiv/yr,2045,0.4217065193398146
canoe,nz,quebec,emissions|commercial,Mt CO2-equiv/yr,2050,0.3465345471564518
canoe,nz,quebec,emissions|commercial,Mt CO2/yr,2025,0.6223765762575632
canoe,nz,quebec,emissions|commercial,Mt CO2/yr,2030,0.6061385552813648
canoe,nz,quebec,emissions|commercial,Mt CO2/yr,2035,0.5618875886883782
canoe,nz,quebec,emissions|commercial,Mt CO2/yr,2040,0.4931016674452101
canoe,nz,quebec,emissions|commercial,Mt CO2/yr,2045,0.41941092187565265
canoe,nz,quebec,emissions|commercial,Mt CO2/yr,2050,0.34464815510127983
canoe,nz,quebec,emissions|commercial,kt CH4/yr,2025,0.011900740740685858
canoe,nz,quebec,emissions|commercial,kt CH4/yr,2030,0.011590246282585332
canoe,nz,quebec,emissions|commercial,kt CH4/yr,2035,0.010744103768491178
canoe,nz,quebec,emissions|commercial,kt N2O/yr,2025,0.011257457457081293
canoe,nz,quebec,emissions|commercial,kt N2O/yr,2030,0.010963746483210874
canoe,nz,quebec,emissions|commercial,kt N2O/yr,2035,0.010163341402334054
canoe,nz,quebec,emissions|electricity,Mt CO2-equiv/yr,2025,0.029628263112128343
canoe,nz,quebec,emissions|electricity,Mt CO2-equiv/yr,2030,0.029609911250901823
canoe,nz,quebec,emissions|electricity,Mt CO2-equiv/yr,2035,0.029637748903846167
canoe,nz,quebec,emissions|electricity,Mt CO2-equiv/yr,2040,0.0182535095405858
canoe,nz,quebec,emissions|electricity,Mt CO2-equiv/yr,2045,0.018309377213012734
canoe,nz,quebec,emissions|electricity,Mt CO2/yr,2025,0.029213121775130284
canoe,nz,quebec,emissions|electricity,Mt CO2/yr,2030,0.029191244260988267
canoe,nz,quebec,emissions|electricity,Mt CO2/yr,2035,0.029215690119723022
canoe,nz,quebec,emissions|electricity,Mt CO2/yr,2040,0.017985817480778182
canoe,nz,quebec,emissions|electricity,Mt CO2/yr,2045,0.018035014680205005
canoe,nz,quebec,emissions|industrial,Mt CO2-equiv/yr,2025,23.011824633508503
canoe,nz,quebec,emissions|industrial,Mt CO2-equiv/yr,2030,22.272454588372995
canoe,nz,quebec,emissions|industrial,Mt CO2-equiv/yr,2035,21.380350462233494
canoe,nz,quebec,emissions|industrial,Mt CO2-equiv/yr,2040,20.324405865136498
canoe,nz,quebec,emissions|industrial,Mt CO2-equiv/yr,2045,19.177625360729998
canoe,nz,quebec,emissions|industrial,Mt CO2-equiv/yr,2050,18.30718740378
canoe,nz,quebec,emissions|industrial,Mt CO2/yr,2025,22.941047406572004
canoe,nz,quebec,emissions|industrial,Mt CO2/yr,2030,22.207685136136
canoe,nz,quebec,emissions|industrial,Mt CO2/yr,2035,21.322211150131995
canoe,nz,quebec,emissions|industrial,Mt CO2/yr,2040,20.271889800028
canoe,nz,quebec,emissions|industrial,Mt CO2/yr,2045,19.131796962799996
canoe,nz,quebec,emissions|industrial,Mt CO2/yr,2050,18.266971355600003
canoe,nz,quebec,emissions|industrial,kt CH4/yr,2025,0.22870692659635
canoe,nz,quebec,emissions|industrial,kt CH4/yr,2030,0.20646228503129999
canoe,nz,quebec,emissions|industrial,kt CH4/yr,2035,0.18377453810684996
canoe,nz,quebec,emissions|industrial,kt CH4/yr,2040,0.16571925874614998
canoe,nz,quebec,emissions|industrial,kt CH4/yr,2045,0.144126097615
canoe,nz,quebec,emissions|industrial,kt CH4/yr,2050,0.12548911235500002
canoe,nz,quebec,emissions|industrial,kt N2O/yr,2025,0.23580012047113
canoe,nz,quebec,emissions|industrial,kt N2O/yr,2030,0.21607512150893993
canoe,nz,quebec,emissions|industrial,kt N2O/yr,2035,0.19411584236102997
canoe,nz,quebec,emissions|industrial,kt N2O/yr,2040,0.17536969158037002
canoe,nz,quebec,emissions|industrial,kt N2O/yr,2045,0.153087425437
canoe,nz,quebec,emissions|industrial,kt N2O/yr,2050,0.13444085344899998
canoe,nz,quebec,emissions|residential,Mt CO2-equiv/yr,2025,1.6195168580233363
canoe,nz,quebec,emissions|residential,Mt CO2-equiv/yr,2030,1.1150375478469168
canoe,nz,quebec,emissions|residential,Mt CO2-equiv/yr,2035,0.6100920940937143
canoe,nz,quebec,emissions|residential,Mt CO2-equiv/yr,2040,0.12294265431599717
canoe,nz,quebec,emissions|residential,Mt CO2/yr,2025,1.559899885217309
canoe,nz,quebec,emissions|residential,Mt CO2/yr,2030,1.0739935992846894
canoe,nz,quebec,emissions|residential,Mt CO2/yr,2035,0.5876394447686032
canoe,nz,quebec,emissions|residential,Mt CO2/yr,2040,0.11923799660891549
canoe,nz,quebec,emissions|residential,kt CH4/yr,2025,0.5702194101843698
canoe,nz,quebec,emissions|residential,kt CH4/yr,2030,0.3817181329395111
canoe,nz,quebec,emissions|residential,kt CH4/yr,2035,0.1931974431500035
canoe,nz,quebec,emissions|residential,kt N2O/yr,2025,0.15989314762464996
canoe,nz,quebec,emissions|residential,kt N2O/yr,2030,0.11119355614276341
canoe,nz,quebec,emissions|residential,kt N2O/yr,2035,0.0624290143236388
canoe,nz,quebec,emissions|residential,kt N2O/yr,2040,0.01307228254952471
canoe,nz,quebec,emissions|transportation,Mt CO2-equiv/yr,2025,26.539161942219142
canoe,nz,quebec,emissions|transportation,Mt CO2-equiv/yr,2030,23.079989416603926
canoe,nz,quebec,emissions|transportation,Mt CO2-equiv/yr,2035,16.55803211567344
canoe,nz,quebec,emissions|transportation,Mt CO2-equiv/yr,2040,12.417205777238054
canoe,nz,quebec,emissions|transportation,Mt CO2-equiv/yr,2045,12.651694331033854
canoe,nz,quebec,emissions|transportation,Mt CO2-equiv/yr,2050,13.339500340966099
canoe,nz,quebec,emissions|transportation,Mt CO2/yr,2025,25.712827446224846
canoe,nz,quebec,emissions|transportation,Mt CO2/yr,2030,22.392404476629743
canoe,nz,quebec,emissions|transportation,Mt CO2/yr,2035,16.082782384185386
canoe,nz,quebec,emissions|transportation,Mt CO2/yr,2040,12.085620945125584
canoe,nz,quebec,emissions|transportation,Mt CO2/yr,2045,12.316148673946596
canoe,nz,quebec,emissions|transportation,Mt CO2/yr,2050,12.987408796210985
canoe,nz,quebec,emissions|transportation,kt CH4/yr,2025,12.21258380550732
canoe,nz,quebec,emissions|transportation,kt CH4/yr,2030,8.633398976113005
canoe,nz,quebec,emissions|transportation,kt CH4/yr,2035,3.788564686722529
canoe,nz,quebec,emissions|transportation,kt CH4/yr,2040,1.0879039220997857
canoe,nz,quebec,emissions|transportation,kt CH4/yr,2045,0.7178113400280033
canoe,nz,quebec,emissions|transportation,kt CH4/yr,2050,0.5862115807420103
canoe,nz,quebec,emissions|transportation,kt N2O/yr,2025,1.7717912545939651
canoe,nz,quebec,emissions|transportation,kt N2O/yr,2030,1.6306469618578359
canoe,nz,quebec,emissions|transportation,kt N2O/yr,2035,1.3497685488091533
canoe,nz,quebec,emissions|transportation,kt N2O/yr,2040,1.100558289021691
canoe,nz,quebec,emissions|transportation,kt N2O/yr,2045,1.1529814049687277
canoe,nz,quebec,emissions|transportation,kt N2O/yr,2050,1.2295883518413662
canoe,nz,quebec,emissions|upstream,Mt CO2/yr,2025,8.57436125118274
canoe,nz,quebec,emissions|upstream,Mt CO2/yr,2030,7.6914702837240165
canoe,nz,quebec,emissions|upstream,Mt CO2/yr,2035,6.083703582663038
canoe,nz,quebec,emissions|upstream,Mt CO2/yr,2040,4.9526326504553335
canoe,nz,quebec,emissions|upstream,Mt CO2/yr,2045,4.752559292262372
canoe,nz,quebec,emissions|upstream,Mt CO2/yr,2050,4.7261247718901975
canoe,nz,saskatchewan,emissions|agriculture,Mt CO2-equiv/yr,2025,3.684016387420334
canoe,nz,saskatchewan,emissions|agriculture,Mt CO2-equiv/yr,2030,4.070645624628936
canoe,nz,saskatchewan,emissions|agriculture,Mt CO2-equiv/yr,2035,3.9459933422850835
canoe,nz,saskatchewan,emissions|agriculture,Mt CO2-equiv/yr,2040,3.828172703082609
canoe,nz,saskatchewan,emissions|agriculture,Mt CO2-equiv/yr,2045,3.8404318683268546
canoe,nz,saskatchewan,emissions|agriculture,Mt CO2-equiv/yr,2050,3.9093327018498365
canoe,nz,saskatchewan,emissions|agriculture,Mt CO2/yr,2025,3.539057997084165
canoe,nz,saskatchewan,emissions|agriculture,Mt CO2/yr,2030,3.910474174717851
canoe,nz,saskatchewan,emissions|agriculture,Mt CO2/yr,2035,3.790726694164274
canoe,nz,saskatchewan,emissions|agriculture,Mt CO2/yr,2040,3.677542044297625
canoe,nz,saskatchewan,emissions|agriculture,Mt CO2/yr,2045,3.6893188223239277
canoe,nz,saskatchewan,emissions|agriculture,Mt CO2/yr,2050,3.7555085276519837
canoe,nz,saskatchewan,emissions|agriculture,kt CH4/yr,2025,0.17266682831650074
canoe,nz,saskatchewan,emissions|agriculture,kt CH4/yr,2030,0.1907878257305103
canoe,nz,saskatchewan,emissions|agriculture,kt CH4/yr,2035,0.1849454807915086
canoe,nz,saskatchewan,emissions|agriculture,kt CH4/yr,2040,0.1794233305918243
canoe,nz,saskatchewan,emissions|agriculture,kt CH4/yr,2045,0.1799979195601369
canoe,nz,saskatchewan,emissions|agriculture,kt CH4/yr,2050,0.18322726450012863
canoe,nz,saskatchewan,emissions|agriculture,kt N2O/yr,2025,0.5132736964844011
canoe,nz,saskatchewan,emissions|agriculture,kt N2O/yr,2030,0.567140625594298
canoe,nz,saskatchewan,emissions|agriculture,kt N2O/yr,2035,0.5497735335361315
canoe,nz,saskatchewan,emissions|agriculture,kt N2O/yr,2040,0.5333582619971713
canoe,nz,saskatchewan,emissions|agriculture,kt N2O/yr,2045,0.5350663159415656
canoe,nz,saskatchewan,emissions|agriculture,kt N2O/yr,2050,0.5446659735846033
canoe,nz,saskatchewan,emissions|commercial,Mt CO2-equiv/yr,2025,0.18250689356682395
canoe,nz,saskatchewan,emissions|commercial,Mt CO2-equiv/yr,2030,0.17774529327932892
canoe,nz,saskatchewan,emissions|commercial,Mt CO2-equiv/yr,2035,0.1647690501627266
canoe,nz,saskatchewan,emissions|commercial,Mt CO2-equiv/yr,2040,0.14459823396318952
canoe,nz,saskatchewan,emissions|commercial,Mt CO2-equiv/yr,2045,0.1229890150792648
canoe,nz,saskatchewan,emissions|commercial,Mt CO2-equiv/yr,2050,0.10106541599073933
canoe,nz,saskatchewan,emissions|commercial,Mt CO2/yr,2025,0.18151340083467465
canoe,nz,saskatchewan,emissions|commercial,Mt CO2/yr,2030,0.17677772074770784
canoe,nz,saskatchewan,emissions|commercial,Mt CO2/yr,2035,0.16387211498060497
canoe,nz,saskatchewan,emissions|commercial,Mt CO2/yr,2040,0.14381110043789366
canoe,nz,saskatchewan,emissions|commercial,Mt CO2/yr,2045,0.12231951328551087
canoe,nz,saskatchewan,emissions|commercial,Mt CO2/yr,2050,0.10051525728551935
canoe,nz,saskatchewan,emissions|electricity,Mt CO2-equiv/yr,2025,1.4528345370794316
canoe,nz,saskatchewan,emissions|electricity,Mt CO2-equiv/yr,2030,1.4772815635556666
canoe,nz,saskatchewan,emissions|electricity,Mt CO2-equiv/yr,2035,1.4872700149370754
canoe,nz,saskatchewan,emissions|electricity,Mt CO2-equiv/yr,2040,1.4911504279822256
canoe,nz,saskatchewan,emissions|electricity,Mt CO2-equiv/yr,2045,0.849479131814369
canoe,nz,saskatchewan,emissions|electricity,Mt CO2-equiv/yr,2050,0.20106149655659777
canoe,nz,saskatchewan,emissions|electricity,Mt CO2/yr,2025,1.4291699780714173
canoe,nz,saskatchewan,emissions|electricity,Mt CO2/yr,2030,1.4560548403179046
canoe,nz,saskatchewan,emissions|electricity,Mt CO2/yr,2035,1.4656070217288295
canoe,nz,saskatchewan,emissions|electricity,Mt CO2/yr,2040,1.4649199269206852
canoe,nz,saskatchewan,emissions|electricity,Mt CO2/yr,2045,0.8277180267448518
canoe,nz,saskatchewan,emissions|electricity,Mt CO2/yr,2050,0.18408741540118362
canoe,nz,saskatchewan,emissions|electricity,kt CH4/yr,2025,0.42790399005590335
canoe,nz,saskatchewan,emissions|electricity,kt CH4/yr,2030,0.3828025690916687
canoe,nz,saskatchewan,emissions|electricity,kt CH4/yr,2035,0.3907302220085097
canoe,nz,saskatchewan,emissions|electricity,kt CH4/yr,2040,0.4737178852649012
canoe,nz,saskatchewan,emissions|electricity,kt CH4/yr,2045,0.3929990851900823
canoe,nz,saskatchewan,emissions|electricity,kt CH4/yr,2050,0.3068896910446587
canoe,nz,saskatchewan,emissions|electricity,kt N2O/yr,2025,0.04279577711290813
canoe,nz,saskatchewan,emissions|electricity,kt N2O/yr,2030,0.038491762574679525
canoe,nz,saskatchewan,emissions|electricity,kt N2O/yr,2035,0.03927672845864535
canoe,nz,saskatchewan,emissions|electricity,kt N2O/yr,2040,0.04749597115450256
canoe,nz,saskatchewan,emissions|electricity,kt N2O/yr,2045,0.03940340864708541
canoe,nz,saskatchewan,emissions|electricity,kt N2O/yr,2050,0.03070025534678866
canoe,nz,saskatchewan,emissions|industrial,Mt CO2-equiv/yr,2025,21.0232589305135
canoe,nz,saskatchewan,emissions|industrial,Mt CO2-equiv/yr,2030,20.264707205638224
canoe,nz,saskatchewan,emissions|industrial,Mt CO2-equiv/yr,2035,19.741015381939413
canoe,nz,saskatchewan,emissions|industrial,Mt CO2-equiv/yr,2040,17.998024509501093
canoe,nz,saskatchewan,emissions|industrial,Mt CO2-equiv/yr,2045,17.060320679007326
canoe,nz,saskatchewan,emissions|industrial,Mt CO2-equiv/yr,2050,17.67791856838287
canoe,nz,saskatchewan,emissions|industrial,Mt CO2/yr,2025,20.934802344852
canoe,nz,saskatchewan,emissions|industrial,Mt CO2/yr,2030,20.18082062831435
canoe,nz,saskatchewan,emissions|industrial,Mt CO2/yr,2035,19.661473569458472
canoe,nz,saskatchewan,emissions|industrial,Mt CO2/yr,2040,17.92726444567431
canoe,nz,saskatchewan,emissions|industrial,Mt CO2/yr,2045,16.994586532346027
canoe,nz,saskatchewan,emissions|industrial,Mt CO2/yr,2050,17.609959331508843
canoe,nz,saskatchewan,emissions|industrial,kt CH4/yr,2025,0.30203708133284995
canoe,nz,saskatchewan,emissions|industrial,kt CH4/yr,2030,0.2853523262910055
canoe,nz,saskatchewan,emissions|industrial,kt CH4/yr,2035,0.26958073691299506
canoe,nz,saskatchewan,emissions|industrial,kt CH4/yr,2040,0.23908746389794114
canoe,nz,saskatchewan,emissions|industrial,kt CH4/yr,2045,0.22195022823546723
canoe,nz,saskatchewan,emissions|industrial,kt CH4/yr,2050,0.23080651081209713
canoe,nz,saskatchewan,emissions|industrial,kt N2O/yr,2025,0.29303863441982997
canoe,nz,saskatchewan,emissions|industrial,kt N2O/yr,2030,0.27800993411632063
canoe,nz,saskatchewan,emissions|industrial,kt N2O/yr,2035,0.2637126435384879
canoe,nz,saskatchewan,emissions|industrial,kt N2O/yr,2040,0.23467258130670077
canoe,nz,saskatchewan,emissions|industrial,kt N2O/yr,2045,0.21802029355445524
canoe,nz,saskatchewan,emissions|industrial,kt N2O/yr,2050,0.2252624704456952
canoe,nz,saskatchewan,emissions|residential,Mt CO2-equiv/yr,2025,1.5811073198763257
canoe,nz,saskatchewan,emissions|residential,Mt CO2-equiv/yr,2030,1.088796587228312
canoe,nz,saskatchewan,emissions|residential,Mt CO2-equiv/yr,2035,0.527783496977649
canoe,nz,saskatchewan,emissions|residential,Mt CO2-equiv/yr,2040,0.07124679690876133
canoe,nz,saskatchewan,emissions|residential,Mt CO2/yr,2025,1.572496942552574
canoe,nz,saskatchewan,emissions|residential,Mt CO2/yr,2030,1.0828621440334185
canoe,nz,saskatchewan,emissions|residential,Mt CO2/yr,2035,0.5248985365400556
canoe,nz,saskatchewan,emissions|residential,Mt CO2/yr,2040,0.0708451330092945
canoe,nz,saskatchewan,emissions|residential,kt CH4/yr,2025,0.030122492387314966
canoe,nz,saskatchewan,emissions|residential,kt CH4/yr,2030,0.020822232869983713
canoe,nz,saskatchewan,emissions|residential,kt CH4/yr,2035,0.0102222526745283
canoe,nz,saskatchewan,emissions|residential,kt N2O/yr,2025,0.02845035715435573
canoe,nz,saskatchewan,emissions|residential,kt N2O/yr,2030,0.019602273447917276
canoe,nz,saskatchewan,emissions|transportation,Mt CO2-equiv/yr,2025,3.803935341602753
canoe,nz,saskatchewan,emissions|transportation,Mt CO2-equiv/yr,2030,3.634096165150696
canoe,nz,saskatchewan,emissions|transportation,Mt CO2-equiv/yr,2035,3.1039232484146364
canoe,nz,saskatchewan,emissions|transportation,Mt CO2-equiv/yr,2040,2.3296545947818528
canoe,nz,saskatchewan,emissions|transportation,Mt CO2-equiv/yr,2045,2.385936004441483
canoe,nz,saskatchewan,emissions|transportation,Mt CO2-equiv/yr,2050,2.479084967202733
canoe,nz,saskatchewan,emissions|transportation,Mt CO2/yr,2025,3.699705254767695
canoe,nz,saskatchewan,emissions|transportation,Mt CO2/yr,2030,3.5415869211294986
canoe,nz,saskatchewan,emissions|transportation,Mt CO2/yr,2035,3.032778717500425
canoe,nz,saskatchewan,emissions|transportation,Mt CO2/yr,2040,2.287944638116838
canoe,nz,saskatchewan,emissions|transportation,Mt CO2/yr,2045,2.344412975754212
canoe,nz,saskatchewan,emissions|transportation,Mt CO2/yr,2050,2.4368887536411643
canoe,nz,saskatchewan,emissions|transportation,kt CH4/yr,2025,1.4340620633178482
canoe,nz,saskatchewan,emissions|transportation,kt CH4/yr,2030,1.2482953771439775
canoe,nz,saskatchewan,emissions|transportation,kt CH4/yr,2035,0.9354217500705433
canoe,nz,saskatchewan,emissions|transportation,kt CH4/yr,2040,0.40668332051998807
canoe,nz,saskatchewan,emissions|transportation,kt CH4/yr,2045,0.36071106609942977
canoe,nz,saskatchewan,emissions|transportation,kt CH4/yr,2050,0.32936436258889285
canoe,nz,saskatchewan,emissions|transportation,kt N2O/yr,2025,0.2340398795218168
canoe,nz,saskatchewan,emissions|transportation,kt N2O/yr,2030,0.2101246204139255
canoe,nz,saskatchewan,emissions|transportation,kt N2O/yr,2035,0.16395538713146765
canoe,nz,saskatchewan,emissions|transportation,kt N2O/yr,2040,0.11040111027647598
canoe,nz,saskatchewan,emissions|transportation,kt N2O/yr,2045,0.114396347264583
canoe,nz,saskatchewan,emissions|transportation,kt N2O/yr,2050,0.12078391620651241
canoe,nz,saskatchewan,emissions|upstream,Mt CO2/yr,2025,4.1981959543159055
canoe,nz,saskatchewan,emissions|upstream,Mt CO2/yr,2030,4.13187823044649
canoe,nz,saskatchewan,emissions|upstream,Mt CO2/yr,2035,3.8571241917258368
canoe,nz,saskatchewan,emissions|upstream,Mt CO2/yr,2040,3.4305712771568455
canoe,nz,saskatchewan,emissions|upstream,Mt CO2/yr,2045,3.274343864579331
canoe,nz,saskatchewan,emissions|upstream,Mt CO2/yr,2050,3.27028625761266
canoe,nz,alberta,emissions|agriculture|diesel,Mt CO2-equiv/yr,2025,2.5484586364944
canoe,nz,alberta,emissions|agriculture|diesel,Mt CO2-equiv/yr,2030,2.8159136806932987
canoe,nz,alberta,emissions|agriculture|diesel,Mt CO2-equiv/yr,2035,2.7296842310610407
canoe,nz,alberta,emissions|agriculture|diesel,Mt CO2-equiv/yr,2040,2.648180675391285
canoe,nz,alberta,emissions|agriculture|diesel,Mt CO2-equiv/yr,2045,2.656661380514792
canoe,nz,alberta,emissions|agriculture|diesel,Mt CO2-equiv/yr,2050,2.7043247624334823
canoe,nz,alberta,emissions|agriculture|diesel,Mt CO2/yr,2025,2.4446789009999996
canoe,nz,alberta,emissions|agriculture|diesel,Mt CO2/yr,2030,2.7012424936579054
canoe,nz,alberta,emissions|agriculture|diesel,Mt CO2/yr,2035,2.618524527141957
canoe,nz,alberta,emissions|agriculture|diesel,Mt CO2/yr,2040,2.5403400041330166
canoe,nz,alberta,emissions|agriculture|diesel,Mt CO2/yr,2045,2.5484753533139464
canoe,nz,alberta,emissions|agriculture|diesel,Mt CO2/yr,2050,2.594197760755965
canoe,nz,alberta,emissions|agriculture|diesel,kt CH4/yr,2025,0.12232197179999998
canoe,nz,alberta,emissions|agriculture|diesel,kt CH4/yr,2030,0.13515938964377883
canoe,nz,alberta,emissions|agriculture|diesel,kt CH4/yr,2035,0.13102051285166585
canoe,nz,alberta,emissions|agriculture|diesel,kt CH4/yr,2040,0.12710847147282298
canoe,nz,alberta,emissions|agriculture|diesel,kt CH4/yr,2045,0.12751553186537015
canoe,nz,alberta,emissions|agriculture|diesel,kt CH4/yr,2050,0.1298032985865796
canoe,nz,alberta,emissions|agriculture|diesel,kt N2O/yr,2025,0.36759970799999997
canoe,nz,alberta,emissions|agriculture|diesel,kt N2O/yr,2030,0.406178476649698
canoe,nz,alberta,emissions|agriculture|diesel,kt N2O/yr,2035,0.3937404013158869
canoe,nz,alberta,emissions|agriculture|diesel,kt N2O/yr,2040,0.38198400753490835
canoe,nz,alberta,emissions|agriculture|diesel,kt N2O/yr,2045,0.3832072978337548
canoe,nz,alberta,emissions|agriculture|diesel,kt N2O/yr,2050,0.39008245171096456
canoe,nz,alberta,emissions|agriculture|natural gas,Mt CO2-equiv/yr,2025,0.30124315844354826
canoe,nz,alberta,emissions|agriculture|natural gas,Mt CO2-equiv/yr,2030,0.3328578531938665
canoe,nz,alberta,emissions|agriculture|natural gas,Mt CO2-equiv/yr,2035,0.3226647496841561
canoe,nz,alberta,emissions|agriculture|natural gas,Mt CO2-equiv/yr,2040,0.313030328931
canoe,nz,alberta,emissions|agriculture|natural gas,Mt CO2-equiv/yr,2045,0.3140323656582882
canoe,nz,alberta,emissions|agriculture|natural gas,Mt CO2-equiv/yr,2050,0.31966578743538404
canoe,nz,alberta,emissions|agriculture|natural gas,Mt CO2/yr,2025,0.2996033141468517
canoe,nz,alberta,emissions|agriculture|natural gas,Mt CO2/yr,2030,0.33104591145553514
canoe,nz,alberta,emissions|agriculture|natural gas,Mt CO2/yr,2035,0.32090829502391277
canoe,nz,alberta,emissions|agriculture|natural gas,Mt CO2/yr,2040,0.3113263201088819
canoe,nz,alberta,emissions|agriculture|natural gas,Mt CO2/yr,2045,0.31232290215888936
canoe,nz,alberta,emissions|agriculture|natural gas,Mt CO2/yr,2050,0.31792565789656446
canoe,nz,alberta,emissions|commercial|natural gas,Mt CO2-equiv/yr,2025,0.8538993937288436
canoe,nz,alberta,emissions|commercial|natural gas,Mt CO2-equiv/yr,2030,0.8316208470891606
canoe,nz,alberta,emissions|commercial|natural gas,Mt CO2-equiv/yr,2035,0.7709086232222159
canoe,nz,alberta,emissions|commercial|natural gas,Mt CO2-equiv/yr,2040,0.6765344704704106
canoe,nz,alberta,emissions|commercial|natural gas,Mt CO2-equiv/yr,2045,0.5754309187721206
canoe,nz,alberta,emissions|commercial|natural gas,Mt CO2-equiv/yr,2050,0.4728565392922956
canoe,nz,alberta,emissions|commercial|natural gas,Mt CO2/yr,2025,0.8492511153812332
canoe,nz,alberta,emissions|commercial|natural gas,Mt CO2/yr,2030,0.8270938440190854
canoe,nz,alberta,emissions|commercial|natural gas,Mt CO2/yr,2035,0.7667121126173051
canoe,nz,alberta,emissions|commercial|natural gas,Mt CO2/yr,2040,0.6728516940759138
canoe,nz,alberta,emissions|commercial|natural gas,Mt CO2/yr,2045,0.5722985086780067
canoe,nz,alberta,emissions|commercial|natural gas,Mt CO2/yr,2050,0.47028250208222083
canoe,nz,alberta,emissions|commercial|natural gas,kt CH4/yr,2025,0.016238910224840798
canoe,nz,alberta,emissions|commercial|natural gas,kt CH4/yr,2030,0.01581523113397986
canoe,nz,alberta,emissions|commercial|natural gas,kt CH4/yr,2035,0.014660645054909726
canoe,nz,alberta,emissions|commercial|natural gas,kt CH4/yr,2040,0.012865898032793165
canoe,nz,alberta,emissions|commercial|natural gas,kt CH4/yr,2045,0.01094317562369114
canoe,nz,alberta,emissions|commercial|natural gas,kt N2O/yr,2025,0.015361131293325876
canoe,nz,alberta,emissions|commercial|natural gas,kt N2O/yr,2030,0.014960353774955455
canoe,nz,alberta,emissions|commercial|natural gas,kt N2O/yr,2035,0.01386817775424489
canoe,nz,alberta,emissions|commercial|natural gas,kt N2O/yr,2040,0.01217044408472407
canoe,nz,alberta,emissions|commercial|natural gas,kt N2O/yr,2045,0.010351652616706973
canoe,nz,alberta,emissions|electricity|combined cycle ccs,Mt CO2-equiv/yr,2040,-0.18268010930512288
canoe,nz,alberta,emissions|electricity|combined cycle ccs,Mt CO2-equiv/yr,2045,-1.6065432635276071
canoe,nz,alberta,emissions|electricity|combined cycle ccs,Mt CO2-equiv/yr,2050,-2.956689135545937
canoe,nz,alberta,emissions|electricity|combined cycle ccs,Mt CO2/yr,2040,-0.18268010930512288
canoe,nz,alberta,emissions|electricity|combined cycle ccs,Mt CO2/yr,2045,-1.6065432635276071
canoe,nz,alberta,emissions|electricity|combined cycle ccs,Mt CO2/yr,2050,-2.956689135545937
canoe,nz,alberta,emissions|electricity|natural gas,Mt CO2-equiv/yr,2025,5.137624160908344
canoe,nz,alberta,emissions|electricity|natural gas,Mt CO2-equiv/yr,2030,5.381441667087569
canoe,nz,alberta,emissions|electricity|natural gas,Mt CO2-equiv/yr,2035,5.525710704695416
canoe,nz,alberta,emissions|electricity|natural gas,Mt CO2-equiv/yr,2040,6.087084281859295
canoe,nz,alberta,emissions|electricity|natural gas,Mt CO2-equiv/yr,2045,5.356946178012837
canoe,nz,alberta,emissions|electricity|natural gas,Mt CO2-equiv/yr,2050,5.630170463988594
canoe,nz,alberta,emissions|electricity|natural gas,Mt CO2/yr,2025,5.066672417619617
canoe,nz,alberta,emissions|electricity|natural gas,Mt CO2/yr,2030,5.307122749290563
canoe,nz,alberta,emissions|electricity|natural gas,Mt CO2/yr,2035,5.44939939909419
canoe,nz,alberta,emissions|electricity|natural gas,Mt CO2/yr,2040,6.0030202811039395
canoe,nz,alberta,emissions|electricity|natural gas,Mt CO2/yr,2045,5.282965548420287
canoe,nz,alberta,emissions|electricity|natural gas,Mt CO2/yr,2050,5.552416545655636
canoe,nz,alberta,emissions|electricity|natural gas,kt CH4/yr,2025,1.2830333252254826
canoe,nz,alberta,emissions|electricity|natural gas,kt CH4/yr,2030,1.3439225564934247
canoe,nz,alberta,emissions|electricity|natural gas,kt CH4/yr,2035,1.3799512688421207
canoe,nz,alberta,emissions|electricity|natural gas,kt CH4/yr,2040,1.5201446704698003
canoe,nz,alberta,emissions|electricity|natural gas,kt CH4/yr,2045,1.3378052291420561
canoe,nz,alberta,emissions|electricity|natural gas,kt CH4/yr,2050,1.4060382982005475
canoe,nz,alberta,emissions|electricity|natural gas,kt N2O/yr,2025,0.12830333252254827
canoe,nz,alberta,emissions|electricity|natural gas,kt N2O/yr,2030,0.13439225564934248
canoe,nz,alberta,emissions|electricity|natural gas,kt N2O/yr,2035,0.1379951268842121
canoe,nz,alberta,emissions|electricity|natural gas,kt N2O/yr,2040,0.15201446704698005
canoe,nz,alberta,emissions|electricity|natural gas,kt N2O/yr,2045,0.1337805229142056
canoe,nz,alberta,emissions|electricity|natural gas,kt N2O/yr,2050,0.14060382982005476
canoe,nz,alberta,emissions|industrial|biomass,Mt CO2-equiv/yr,2025,4.554347910522037
canoe,nz,alberta,emissions|industrial|biomass,Mt CO2-equiv/yr,2030,5.497231999986362
canoe,nz,alberta,emissions|industrial|biomass,Mt CO2-equiv/yr,2035,6.442747999907181
canoe,nz,alberta,emissions|industrial|biomass,Mt CO2-equiv/yr,2040,6.423481999967458
canoe,nz,alberta,emissions|industrial|biomass,Mt CO2-equiv/yr,2045,6.567236000020834
canoe,nz,alberta,emissions|industrial|biomass,Mt CO2-equiv/yr,2050,6.411626000055928
canoe,nz,alberta,emissions|industrial|biomass,Mt CO2/yr,2025,4.554347910522037
canoe,nz,alberta,emissions|industrial|biomass,Mt CO2/yr,2030,5.497231999986362
canoe,nz,alberta,emissions|industrial|biomass,Mt CO2/yr,2035,6.442747999907181
canoe,nz,alberta,emissions|industrial|biomass,Mt CO2/yr,2040,6.423481999967458
canoe,nz,alberta,emissions|industrial|biomass,Mt CO2/yr,2045,6.567236000020834
canoe,nz,alberta,emissions|industrial|biomass,Mt CO2/yr,2050,6.411626000055928
canoe,nz,alberta,emissions|industrial|natural gas,Mt CO2-equiv/yr,2025,105.8989834295524
canoe,nz,alberta,emissions|industrial|natural gas,Mt CO2-equiv/yr,2030,95.26392383448724
canoe,nz,alberta,emissions|industrial|natural gas,Mt CO2-equiv/yr,2035,69.8219008995419
canoe,nz,alberta,emissions|industrial|natural gas,Mt CO2-equiv/yr,2040,45.109400204382794
canoe,nz,alberta,emissions|industrial|natural gas,Mt CO2-equiv/yr,2045,31.627578910605937
canoe,nz,alberta,emissions|industrial|natural gas,Mt CO2-equiv/yr,2050,26.590277377695834
canoe,nz,alberta,emissions|industrial|natural gas,Mt CO2/yr,2025,105.35207819481346
canoe,nz,alberta,emissions|industrial|natural gas,Mt CO2/yr,2030,94.77194235421635
canoe,nz,alberta,emissions|industrial|natural gas,Mt CO2/yr,2035,69.46131232857807
canoe,nz,alberta,emissions|industrial|natural gas,Mt CO2/yr,2040,44.876436994456206
canoe,nz,alberta,emissions|industrial|natural gas,Mt CO2/yr,2045,31.46424128536956
canoe,nz,alberta,emissions|industrial|natural gas,Mt CO2/yr,2050,26.452954417455178
canoe,nz,alberta,emissions|industrial|natural gas,kt CH4/yr,2025,2.014484183559765
canoe,nz,alberta,emissions|industrial|natural gas,kt CH4/yr,2030,1.8121766764274954
canoe,nz,alberta,emissions|industrial|natural gas,kt CH4/yr,2035,1.3282008048903797
canoe,nz,alberta,emissions|industrial|natural gas,kt CH4/yr,2040,0.8581024132497742
canoe,nz,alberta,emissions|industrial|natural gas,kt CH4/yr,2045,0.6016418233333491
canoe,nz,alberta,emissions|industrial|natural gas,kt CH4/yr,2050,0.5058187668956142
canoe,nz,alberta,emissions|industrial|natural gas,kt N2O/yr,2025,1.7967021095516382
canoe,nz,alberta,emissions|industrial|natural gas,kt N2O/yr,2030,1.61626568428253
canoe,nz,alberta,emissions|industrial|natural gas,kt N2O/yr,2035,1.1846115286136376
canoe,nz,alberta,emissions|industrial|natural gas,kt N2O/yr,2040,0.7653345847435792
canoe,nz,alberta,emissions|industrial|natural gas,kt N2O/yr,2045,0.5365994640212833
canoe,nz,alberta,emissions|industrial|natural gas,kt N2O/yr,2050,0.45113565693339003
canoe,nz,alberta,emissions|industrial|oil,Mt CO2-equiv/yr,2025,56.22006302265981
canoe,nz,alberta,emissions|industrial|oil,Mt CO2-equiv/yr,2030,51.83226205916115
canoe,nz,alberta,emissions|industrial|oil,Mt CO2-equiv/yr,2035,46.54682266832322
canoe,nz,alberta,emissions|industrial|oil,Mt CO2-equiv/yr,2040,41.170674606335574
canoe,nz,alberta,emissions|industrial|oil,Mt CO2-equiv/yr,2045,37.400733742325016
canoe,nz,alberta,emissions|industrial|oil,Mt CO2-equiv/yr,2050,34.324013616583315
canoe,nz,alberta,emissions|industrial|oil,Mt CO2/yr,2025,56.03947503296949
canoe,nz,alberta,emissions|industrial|oil,Mt CO2/yr,2030,51.66576840008089
canoe,nz,alberta,emissions|industrial|oil,Mt CO2/yr,2035,46.39730670053151
canoe,nz,alberta,emissions|industrial|oil,Mt CO2/yr,2040,41.03842770084286
canoe,nz,alberta,emissions|industrial|oil,Mt CO2/yr,2045,37.280596500274136
canoe,nz,alberta,emissions|industrial|oil,Mt CO2/yr,2050,34.21375930017276
canoe,nz,alberta,emissions|industrial|oil,kt CH4/yr,2025,0.5107665388666789
canoe,nz,alberta,emissions|industrial|oil,kt CH4/yr,2030,0.47090280000073725
canoe,nz,alberta,emissions|industrial|oil,kt CH4/yr,2035,0.4228839000048444
canoe,nz,alberta,emissions|industrial|oil,kt CH4/yr,2040,0.37404090000768214
canoe,nz,alberta,emissions|industrial|oil,kt CH4/yr,2045,0.33979050000249855
canoe,nz,alberta,emissions|industrial|oil,kt CH4/yr,2050,0.31183810000157464
canoe,nz,alberta,emissions|industrial|oil,kt N2O/yr,2025,0.6091081560514573
canoe,nz,alberta,emissions|industrial|oil,kt N2O/yr,2030,0.5615691600008793
canoe,nz,alberta,emissions|industrial|oil,kt N2O/yr,2035,0.5043048300057772
canoe,nz,alberta,emissions|industrial|oil,kt N2O/yr,2040,0.44605773000916127
canoe,nz,alberta,emissions|industrial|oil,kt N2O/yr,2045,0.40521285000297963
canoe,nz,alberta,emissions|industrial|oil,kt N2O/yr,2050,0.3718785700018778
canoe,nz,alberta,emissions|residential|lpg,Mt CO2-equiv/yr,2025,0.07356433181461752
canoe,nz,alberta,emissions|residential|lpg,Mt CO2-equiv/yr,2030,0.05192782165891536
canoe,nz,alberta,emissions|residential|lpg,Mt CO2-equiv/yr,2035,0.03029127476112483
canoe,nz,alberta,emissions|residential|lpg,Mt CO2/yr,2025,0.07212003680927873
canoe,nz,alberta,emissions|residential|lpg,Mt CO2/yr,2030,0.05090831816299436
canoe,nz,alberta,emissions|residential|lpg,Mt CO2/yr,2035,0.02969656349598228
canoe,nz,alberta,emissions|residential|natural gas,Mt CO2-equiv/yr,2025,6.143565578963004
canoe,nz,alberta,emissions|residential|natural gas,Mt CO2-equiv/yr,2030,4.05738087974693
canoe,nz,alberta,emissions|residential|natural gas,Mt CO2-equiv/yr,2035,1.9710832819639168
canoe,nz,alberta,emissions|residential|natural gas,Mt CO2-equiv/yr,2040,0.2258612798190256
canoe,nz,alberta,emissions|residential|natural gas,Mt CO2/yr,2025,6.110122525756099
canoe,nz,alberta,emissions|residential|natural gas,Mt CO2/yr,2030,4.03529416106573
canoe,nz,alberta,emissions|residential|natural gas,Mt CO2/yr,2035,1.9603535123819524
canoe,nz,alberta,emissions|residential|natural gas,Mt CO2/yr,2040,0.22463178357595912
canoe,nz,alberta,emissions|residential|natural gas,kt CH4/yr,2025,0.11683438427277149
canoe,nz,alberta,emissions|residential|natural gas,kt CH4/yr,2030,0.07716066358412076
canoe,nz,alberta,emissions|residential|natural gas,kt CH4/yr,2035,0.037484795863036824
canoe,nz,alberta,emissions|residential|natural gas,kt N2O/yr,2025,0.11051901214673569
canoe,nz,alberta,emissions|residential|natural gas,kt N2O/yr,2030,0.07298981690179568
canoe,nz,alberta,emissions|residential|natural gas,kt N2O/yr,2035,0.03545859068022973
canoe,nz,alberta,emissions|transportation|diesel,Mt CO2-equiv/yr,2025,8.324779624811987
canoe,nz,alberta,emissions|transportation|diesel,Mt CO2-equiv/yr,2030,6.799285671922602
canoe,nz,alberta,emissions|transportation|diesel,Mt CO2-equiv/yr,2035,4.084428982420499
canoe,nz,alberta,emissions|transportation|diesel,Mt CO2-equiv/yr,2040,1.3459062829741806
canoe,nz,alberta,emissions|transportation|diesel,Mt CO2-equiv/yr,2045,1.4349860012690752
canoe,nz,alberta,emissions|transportation|diesel,Mt CO2-equiv/yr,2050,1.5365753321762012
canoe,nz,alberta,emissions|transportation|diesel,Mt CO2/yr,2025,7.998905458728773
canoe,nz,alberta,emissions|transportation|diesel,Mt CO2/yr,2030,6.533127092601608
canoe,nz,alberta,emissions|transportation|diesel,Mt CO2/yr,2035,3.9245436904372926
canoe,nz,alberta,emissions|transportation|diesel,Mt CO2/yr,2040,1.2932206796137629
canoe,nz,alberta,emissions|transportation|diesel,Mt CO2/yr,2045,1.3788133605079935
canoe,nz,alberta,emissions|transportation|diesel,Mt CO2/yr,2050,1.476425970380574
canoe,nz,alberta,emissions|transportation|diesel,kt CH4/yr,2025,0.3840978210815066
canoe,nz,alberta,emissions|transportation|diesel,kt CH4/yr,2030,0.31371289962113985
canoe,nz,alberta,emissions|transportation|diesel,kt CH4/yr,2035,0.18845185294804667
canoe,nz,alberta,emissions|transportation|diesel,kt CH4/yr,2040,0.06209889026572777
canoe,nz,alberta,emissions|transportation|diesel,kt CH4/yr,2045,0.06620895689007614
canoe,nz,alberta,emissions|transportation|diesel,kt CH4/yr,2050,0.0708961941995077
canoe,nz,alberta,emissions|transportation|diesel,kt N2O/yr,2025,1.154283607395201
canoe,nz,alberta,emissions|transportation|diesel,kt N2O/yr,2030,0.9427641685236429
canoe,nz,alberta,emissions|transportation|diesel,kt N2O/yr,2035,0.5663320143455612
canoe,nz,alberta,emissions|transportation|diesel,kt N2O/yr,2040,0.18661844069722647
canoe,nz,alberta,emissions|transportation|diesel,kt N2O/yr,2045,0.1989699222603324
canoe,nz,alberta,emissions|transportation|diesel,kt N2O/yr,2050,0.21305592039230295
canoe,nz,alberta,emissions|transportation|ethanol,Mt CO2-equiv/yr,2025,0.7121819973993369
canoe,nz,alberta,emissions|transportation|ethanol,Mt CO2-equiv/yr,2030,0.7739658209467449
canoe,nz,alberta,emissions|transportation|ethanol,Mt CO2-equiv/yr,2035,0.4226513841032078
canoe,nz,alberta,emissions|transportation|ethanol,Mt CO2-equiv/yr,2040,0.10472738550346349
canoe,nz,alberta,emissions|transportation|ethanol,Mt CO2-equiv/yr,2045,0.06726395059276816
canoe,nz,alberta,emissions|transportation|ethanol,Mt CO2-equiv/yr,2050,0.04225640878643813
canoe,nz,alberta,emissions|transportation|ethanol,Mt CO2/yr,2025,0.7121819973993369
canoe,nz,alberta,emissions|transportation|ethanol,Mt CO2/yr,2030,0.7739658209467449
canoe,nz,alberta,emissions|transportation|ethanol,Mt CO2/yr,2035,0.4226513841032078
canoe,nz,alberta,emissions|transportation|ethanol,Mt CO2/yr,2040,0.10472738550346349
canoe,nz,alberta,emissions|transportation|ethanol,Mt CO2/yr,2045,0.06726395059276816
canoe,nz,alberta,emissions|transportation|ethanol,Mt CO2/yr,2050,0.04225640878643813
canoe,nz,alberta,emissions|transportation|gasoline,Mt CO2-equiv/yr,2025,6.0329998369346916
canoe,nz,alberta,emissions|transportation|gasoline,Mt CO2-equiv/yr,2030,4.59192144268687
canoe,nz,alberta,emissions|transportation|gasoline,Mt CO2-equiv/yr,2035,2.507580956315054
canoe,nz,alberta,emissions|transportation|gasoline,Mt CO2-equiv/yr,2040,0.6213451732812085
canoe,nz,alberta,emissions|transportation|gasoline,Mt CO2-equiv/yr,2045,0.3990754742489011
canoe,nz,alberta,emissions|transportation|gasoline,Mt CO2-equiv/yr,2050,0.2507063029734727
canoe,nz,alberta,emissions|transportation|gasoline,Mt CO2/yr,2025,5.806592707749798
canoe,nz,alberta,emissions|transportation|gasoline,Mt CO2/yr,2030,4.41959527338773
canoe,nz,alberta,emissions|transportation|gasoline,Mt CO2/yr,2035,2.4134761625369614
canoe,nz,alberta,emissions|transportation|gasoline,Mt CO2/yr,2040,0.5980272583603015
canoe,nz,alberta,emissions|transportation|gasoline,Mt CO2/yr,2045,0.3840989227993818
canoe,nz,alberta,emissions|transportation|gasoline,Mt CO2/yr,2050,0.24129776727664054
canoe,nz,alberta,emissions|transportation|gasoline,kt CH4/yr,2025,6.848938248865738
canoe,nz,alberta,emissions|transportation|gasoline,kt CH4/yr,2030,5.2129599294973925
canoe,nz,alberta,emissions|transportation|gasoline,kt CH4/yr,2035,2.8467209660260124
canoe,nz,alberta,emissions|transportation|gasoline,kt CH4/yr,2040,0.7053795521393526
canoe,nz,alberta,emissions|transportation|gasoline,kt CH4/yr,2045,0.45304879059242065
canoe,nz,alberta,emissions|transportation|gasoline,kt CH4/yr,2050,0.2846132992006124
canoe,nz,alberta,emissions|transportation|gasoline,kt N2O/yr,2025,0.12687493852254525
canoe,nz,alberta,emissions|transportation|gasoline,kt N2O/yr,2030,0.09656883250261568
canoe,nz,alberta,emissions|transportation|gasoline,kt N2O/yr,2035,0.05273482318448499
canoe,nz,alberta,emissions|transportation|gasoline,kt N2O/yr,2040,0.013066987036649401
canoe,nz,alberta,emissions|transportation|hydrogen,Mt CO2-equiv/yr,2025,-0.06704224412672094
canoe,nz,alberta,emissions|transportation|hydrogen,Mt CO2-equiv/yr,2030,-0.06875616325077874
canoe,nz,alberta,emissions|transportation|hydrogen,Mt CO2-equiv/yr,2035,-0.06875184774944952
canoe,nz,alberta,emissions|transportation|hydrogen,Mt CO2-equiv/yr,2040,-0.06575149222836273
canoe,nz,alberta,emissions|transportation|hydrogen,Mt CO2-equiv/yr,2045,-0.06559461018457369
canoe,nz,alberta,emissions|transportation|hydrogen,Mt CO2/yr,2025,-0.06768483132732729
canoe,nz,alberta,emissions|transportation|hydrogen,Mt CO2/yr,2030,-0.0694151780412777
canoe,nz,alberta,emissions|transportation|hydrogen,Mt CO2/yr,2035,-0.06941082117668634
canoe,nz,alberta,emissions|transportation|hydrogen,Mt CO2/yr,2040,-0.06638170781671404
canoe,nz,alberta,emissions|transportation|hydrogen,Mt CO2/yr,2045,-0.06622332208827575
canoe,nz,alberta,emissions|transportation|jet fuel,Mt CO2-equiv/yr,2025,3.1580599755905596
canoe,nz,alberta,emissions|transportation|jet fuel,Mt CO2-equiv/yr,2030,3.4044609886148436
canoe,nz,alberta,emissions|transportation|jet fuel,Mt CO2-equiv/yr,2035,3.5303031126828905
canoe,nz,alberta,emissions|transportation|jet fuel,Mt CO2-equiv/yr,2040,3.7010914065511646
canoe,nz,alberta,emissions|transportation|jet fuel,Mt CO2-equiv/yr,2045,3.929891909386053
canoe,nz,alberta,emissions|transportation|jet fuel,Mt CO2-equiv/yr,2050,4.208112256003832
canoe,nz,alberta,emissions|transportation|jet fuel,Mt CO2/yr,2025,3.079034808872774
canoe,nz,alberta,emissions|transportation|jet fuel,Mt CO2/yr,2030,3.3192700488325255
canoe,nz,alberta,emissions|transportation|jet fuel,Mt CO2/yr,2035,3.441963184309012
canoe,nz,alberta,emissions|transportation|jet fuel,Mt CO2/yr,2040,3.608477786891907
canoe,nz,alberta,emissions|transportation|jet fuel,Mt CO2/yr,2045,3.831552939979991
canoe,nz,alberta,emissions|transportation|jet fuel,Mt CO2/yr,2050,4.102811287951231
canoe,nz,alberta,emissions|transportation|jet fuel,kt CH4/yr,2025,0.09721115064470646
canoe,nz,alberta,emissions|transportation|jet fuel,kt CH4/yr,2030,0.10479584700299292
canoe,nz,alberta,emissions|transportation|jet fuel,kt CH4/yr,2035,0.10866950924335018
canoe,nz,alberta,emissions|transportation|jet fuel,kt CH4/yr,2040,0.11392670090275701
canoe,nz,alberta,emissions|transportation|jet fuel,kt CH4/yr,2045,0.12096961975818744
canoe,nz,alberta,emissions|transportation|jet fuel,kt CH4/yr,2050,0.12953377630889568
canoe,nz,alberta,emissions|transportation|jet fuel,kt N2O/yr,2025,0.27949910073162454
canoe,nz,alberta,emissions|transportation|jet fuel,kt N2O/yr,2030,0.30130643247704847
canoe,nz,alberta,emissions|transportation|jet fuel,kt N2O/yr,2035,0.31244389053137156
canoe,nz,alberta,emissions|transportation|jet fuel,kt N2O/yr,2040,0.32755923821970817
canoe,nz,alberta,emissions|transportation|jet fuel,kt N2O/yr,2045,0.34780886466239036
canoe,nz,alberta,emissions|transportation|jet fuel,kt N2O/yr,2050,0.37243231617564687
canoe,nz,alberta,emissions|transportation|natural gas,Mt CO2-equiv/yr,2025,1.5270243771003331
canoe,nz,alberta,emissions|transportation|natural gas,Mt CO2-equiv/yr,2030,1.678000213015862
canoe,nz,alberta,emissions|transportation|natural gas,Mt CO2-equiv/yr,2035,1.7931822459517834
canoe,nz,alberta,emissions|transportation|natural gas,Mt CO2-equiv/yr,2040,1.8765847620671896
canoe,nz,alberta,emissions|transportation|natural gas,Mt CO2-equiv/yr,2045,1.982191957522791
canoe,nz,alberta,emissions|transportation|natural gas,Mt CO2-equiv/yr,2050,2.0214457049625474
canoe,nz,alberta,emissions|transportation|natural gas,Mt CO2/yr,2025,1.5191382048410336
canoe,nz,alberta,emissions|transportation|natural gas,Mt CO2/yr,2030,1.6693343404014949
canoe,nz,alberta,emissions|transportation|natural gas,Mt CO2/yr,2035,1.7839215266758106
canoe,nz,alberta,emissions|transportation|natural gas,Mt CO2/yr,2040,1.866893318423742
canoe,nz,alberta,emissions|transportation|natural gas,Mt CO2/yr,2045,1.971955115555863
canoe,nz,alberta,emissions|transportation|natural gas,Mt CO2/yr,2050,2.0110061407478446
canoe,nz,alberta,emissions|transportation|natural gas,kt CH4/yr,2025,0.029048120727477932
canoe,nz,alberta,emissions|transportation|natural gas,kt CH4/yr,2030,0.0319200881789301
canoe,nz,alberta,emissions|transportation|natural gas,kt CH4/yr,2035,0.03411116099252353
canoe,nz,alberta,emissions|transportation|natural gas,kt CH4/yr,2040,0.03569770171409092
canoe,nz,alberta,emissions|transportation|natural gas,kt CH4/yr,2045,0.03770663530368424
canoe,nz,alberta,emissions|transportation|natural gas,kt CH4/yr,2050,0.038453347413677647
canoe,nz,alberta,emissions|transportation|natural gas,kt N2O/yr,2025,0.025907783349951474
canoe,nz,alberta,emissions|transportation|natural gas,kt N2O/yr,2030,0.028469267833522584
canoe,nz,alberta,emissions|transportation|natural gas,kt N2O/yr,2035,0.03042346791039192
canoe,nz,alberta,emissions|transportation|natural gas,kt N2O/yr,2040,0.03183849071602773
canoe,nz,alberta,emissions|transportation|natural gas,kt N2O/yr,2045,0.03363024229582581
canoe,nz,alberta,emissions|transportation|natural gas,kt N2O/yr,2050,0.03429622877226573
canoe,nz,alberta,emissions|transportation|oil,Mt CO2-equiv/yr,2025,0.01164204746285847
canoe,nz,alberta,emissions|transportation|oil,Mt CO2-equiv/yr,2030,0.011639188559201914
canoe,nz,alberta,emissions|transportation|oil,Mt CO2/yr,2025,0.01160465131219337
canoe,nz,alberta,emissions|transportation|oil,Mt CO2/yr,2030,0.011601801591800517
canoe,nz,alberta,emissions|upstream|diesel,Mt CO2/yr,2025,2.6688970412180337
canoe,nz,alberta,emissions|upstream|diesel,Mt CO2/yr,2030,2.365614364358257
canoe,nz,alberta,emissions|upstream|diesel,Mt CO2/yr,2035,1.6836602563218992
canoe,nz,alberta,emissions|upstream|diesel,Mt CO2/yr,2040,0.9971470176284783
canoe,nz,alberta,emissions|upstream|diesel,Mt CO2/yr,2045,1.0209528221656432
canoe,nz,alberta,emissions|upstream|diesel,Mt CO2/yr,2050,1.0577119950848057
canoe,nz,alberta,emissions|upstream|gasoline,Mt CO2/yr,2025,1.5469638175459173
canoe,nz,alberta,emissions|upstream|gasoline,Mt CO2/yr,2030,1.2514274339561553
canoe,nz,alberta,emissions|upstream|gasoline,Mt CO2/yr,2035,0.7840276763963647
canoe,nz,alberta,emissions|upstream|gasoline,Mt CO2/yr,2040,0.36075864364106963
canoe,nz,alberta,emissions|upstream|gasoline,Mt CO2/yr,2045,0.31240857130001715
canoe,nz,alberta,emissions|upstream|gasoline,Mt CO2/yr,2050,0.2836804216258394
canoe,nz,alberta,emissions|upstream|jet fuel,Mt CO2/yr,2025,0.6817051661070453
canoe,nz,alberta,emissions|upstream|jet fuel,Mt CO2/yr,2030,0.7348938532360765
canoe,nz,alberta,emissions|upstream|jet fuel,Mt CO2/yr,2035,0.7620584761805507
canoe,nz,alberta,emissions|upstream|jet fuel,Mt CO2/yr,2040,0.7989252953501976
canoe,nz,alberta,emissions|upstream|jet fuel,Mt CO2/yr,2045,0.8483147954058518
canoe,nz,alberta,emissions|upstream|jet fuel,Mt CO2/yr,2050,0.9083719403021571
canoe,nz,alberta,emissions|upstream|lpg,Mt CO2/yr,2025,0.014506209214068803
canoe,nz,alberta,emissions|upstream|lpg,Mt CO2/yr,2030,0.0102396885342932
canoe,nz,alberta,emissions|upstream|natural gas,Mt CO2/yr,2025,8.059135212252652
canoe,nz,alberta,emissions|upstream|natural gas,Mt CO2/yr,2030,7.209849147829652
canoe,nz,alberta,emissions|upstream|natural gas,Mt CO2/yr,2035,5.3403470513886715
canoe,nz,alberta,emissions|upstream|natural gas,Mt CO2/yr,2040,3.569754210928259
canoe,nz,alberta,emissions|upstream|natural gas,Mt CO2/yr,2045,2.5805079900927645
canoe,nz,alberta,emissions|upstream|natural gas,Mt CO2/yr,2050,2.244153418870356
canoe,nz,alberta,emissions|upstream|oil,Mt CO2/yr,2025,9.454950184806052
canoe,nz,alberta,emissions|upstream|oil,Mt CO2/yr,2030,8.71717304449383
canoe,nz,alberta,emissions|upstream|oil,Mt CO2/yr,2035,7.826714324367887
canoe,nz,alberta,emissions|upstream|oil,Mt CO2/yr,2040,6.9225483359111495
canoe,nz,alberta,emissions|upstream|oil,Mt CO2/yr,2045,6.28866011590055
canoe,nz,alberta,emissions|upstream|oil,Mt CO2/yr,2050,5.771332000029142
canoe,nz,british columbia,emissions|agriculture|diesel,Mt CO2-equiv/yr,2025,1.0584469806080001
canoe,nz,british columbia,emissions|agriculture|diesel,Mt CO2-equiv/yr,2030,1.1695286297876455
canoe,nz,british columbia,emissions|agriculture|diesel,Mt CO2-equiv/yr,2035,1.1337151044716722
canoe,nz,british columbia,emissions|agriculture|diesel,Mt CO2-equiv/yr,2040,1.0998643681417963
canoe,nz,british columbia,emissions|agriculture|diesel,Mt CO2-equiv/yr,2045,1.1033866459172967
canoe,nz,british columbia,emissions|agriculture|diesel,Mt CO2-equiv/yr,2050,1.1231826061618264
canoe,nz,british columbia,emissions|agriculture|diesel,Mt CO2/yr,2025,1.01534432
canoe,nz,british columbia,emissions|agriculture|diesel,Mt CO2/yr,2030,1.1219024411124987
canoe,nz,british columbia,emissions|agriculture|diesel,Mt CO2/yr,2035,1.0875473338894033
canoe,nz,british columbia,emissions|agriculture|diesel,Mt CO2/yr,2040,1.0550750858788187
canoe,nz,british columbia,emissions|agriculture|diesel,Mt CO2/yr,2045,1.0584539275197695
canoe,nz,british columbia,emissions|agriculture|diesel,Mt CO2/yr,2050,1.0774437457737578
canoe,nz,british columbia,emissions|agriculture|diesel,kt CH4/yr,2025,0.05080377600000001
canoe,nz,british columbia,emissions|agriculture|diesel,kt CH4/yr,2030,0.05613551894605819
canoe,nz,british columbia,emissions|agriculture|diesel,kt CH4/yr,2035,0.054416526543738825
canoe,nz,british columbia,emissions|agriculture|diesel,kt CH4/yr,2040,0.052791744899078445
canoe,nz,british columbia,emissions|agriculture|diesel,kt CH4/yr,2045,0.05296080864473107
canoe,nz,british columbia,emissions|agriculture|diesel,kt CH4/yr,2050,0.053910983333113
canoe,nz,british columbia,emissions|agriculture|diesel,kt N2O/yr,2025,0.15267456
canoe,nz,british columbia,emissions|agriculture|diesel,kt N2O/yr,2030,0.16869741444929404
canoe,nz,british columbia,emissions|agriculture|diesel,kt N2O/yr,2035,0.16353153054595085
canoe,nz,british columbia,emissions|agriculture|diesel,kt N2O/yr,2040,0.15864876705422534
canoe,nz,british columbia,emissions|agriculture|diesel,kt N2O/yr,2045,0.15915683426914
canoe,nz,british columbia,emissions|agriculture|diesel,kt N2O/yr,2050,0.16201228151919966
canoe,nz,british columbia,emissions|agriculture|natural gas,Mt CO2-equiv/yr,2025,0.5491469126140546
canoe,nz,british columbia,emissions|agriculture|natural gas,Mt CO2-equiv/yr,2030,0.6067786071158141
canoe,nz,british columbia,emissions|agriculture|natural gas,Mt CO2-equiv/yr,2035,0.5881974410979932
canoe,nz,british columbia,emissions|agriculture|natural gas,Mt CO2-equiv/yr,2040,0.5706345785047826
canoe,nz,british columbia,emissions|agriculture|natural gas,Mt CO2-equiv/yr,2045,0.572461195797387
canoe,nz,british columbia,emissions|agriculture|natural gas,Mt CO2-equiv/yr,2050,0.5827300300031965
canoe,nz,british columbia,emissions|agriculture|natural gas,Mt CO2/yr,2025,0.5461575818775445
canoe,nz,british columbia,emissions|agriculture|natural gas,Mt CO2/yr,2030,0.6034755530535165
canoe,nz,british columbia,emissions|agriculture|natural gas,Mt CO2/yr,2035,0.5849955352884151
canoe,nz,british columbia,emissions|agriculture|natural gas,Mt CO2/yr,2040,0.5675282777214097
canoe,nz,british columbia,emissions|agriculture|natural gas,Mt CO2/yr,2045,0.569344951658072
canoe,nz,british columbia,emissions|agriculture|natural gas,Mt CO2/yr,2050,0.5795578865389205
canoe,nz,british columbia,emissions|agriculture|natural gas,kt CH4/yr,2025,0.01044332327634829
canoe,nz,british columbia,emissions|agriculture|natural gas,kt CH4/yr,2030,0.011539325826523087
canoe,nz,british columbia,emissions|agriculture|natural gas,kt CH4/yr,2035,0.011185961145563876
canoe,nz,british columbia,emissions|agriculture|natural gas,kt CH4/yr,2040,0.010851961905094888
canoe,nz,british columbia,emissions|agriculture|natural gas,kt CH4/yr,2045,0.010886699339560343
canoe,nz,british columbia,emissions|agriculture|natural gas,kt CH4/yr,2050,0.011081985432988425
canoe,nz,british columbia,emissions|agriculture|natural gas,kt N2O/yr,2030,0.010915578484234465
canoe,nz,british columbia,emissions|agriculture|natural gas,kt N2O/yr,2035,0.010581314596850244
canoe,nz,british columbia,emissions|agriculture|natural gas,kt N2O/yr,2040,0.010265369369388681
canoe,nz,british columbia,emissions|agriculture|natural gas,kt N2O/yr,2045,0.010298229104692892
canoe,nz,british columbia,emissions|agriculture|natural gas,kt N2O/yr,2050,0.010482959193065489
canoe,nz,british columbia,emissions|commercial|natural gas,Mt CO2-equiv/yr,2025,0.5036979121456554
canoe,nz,british columbia,emissions|commercial|natural gas,Mt CO2-equiv/yr,2030,0.4905563229442641
canoe,nz,british columbia,emissions|commercial|natural gas,Mt CO2-equiv/yr,2035,0.45474339091064964
canoe,nz,british columbia,emissions|commercial|natural gas,Mt CO2-equiv/yr,2040,0.3990739976871637
canoe,nz,british columbia,emissions|commercial|natural gas,Mt CO2-equiv/yr,2045,0.33943505598532225
canoe,nz,british columbia,emissions|commercial|natural gas,Mt CO2-equiv/yr,2050,0.2789285215805752
canoe,nz,british columbia,emissions|commercial|natural gas,Mt CO2/yr,2025,0.500955987141424
canoe,nz,british columbia,emissions|commercial|natural gas,Mt CO2/yr,2030,0.4878859353658543
canoe,nz,british columbia,emissions|commercial|natural gas,Mt CO2/yr,2035,0.4522679542570898
canoe,nz,british columbia,emissions|commercial|natural gas,Mt CO2/yr,2040,0.3969016023954385
canoe,nz,british columbia,emissions|commercial|natural gas,Mt CO2/yr,2045,0.3375873106505159
canoe,nz,british columbia,emissions|commercial|natural gas,Mt CO2/yr,2050,0.2774101490217985
canoe,nz,british columbia,emissions|electricity|natural gas,Mt CO2-equiv/yr,2025,0.31788288518501284
canoe,nz,british columbia,emissions|electricity|natural gas,Mt CO2-equiv/yr,2030,0.31874900274342843
canoe,nz,british columbia,emissions|electricity|natural gas,Mt CO2-equiv/yr,2035,0.31780365365069324
canoe,nz,british columbia,emissions|electricity|natural gas,Mt CO2/yr,2025,0.31349285116167175
canoe,nz,british columbia,emissions|electricity|natural gas,Mt CO2/yr,2030,0.3143470074421234
canoe,nz,british columbia,emissions|electricity|natural gas,Mt CO2/yr,2035,0.31341471383263214
canoe,nz,british columbia,emissions|electricity|natural gas,kt CH4/yr,2025,0.07938578658877371
canoe,nz,british columbia,emissions|electricity|natural gas,kt CH4/yr,2030,0.07960208456157318
canoe,nz,british columbia,emissions|electricity|natural gas,kt CH4/yr,2035,0.07936599987496261
canoe,nz,british columbia,emissions|industrial|biomass,Mt CO2-equiv/yr,2025,9.85036
canoe,nz,british columbia,emissions|industrial|biomass,Mt CO2-equiv/yr,2030,11.456354000000001
canoe,nz,british columbia,emissions|industrial|biomass,Mt CO2-equiv/yr,2035,11.889591999999999
canoe,nz,british columbia,emissions|industrial|biomass,Mt CO2-equiv/yr,2040,11.698908
canoe,nz,british columbia,emissions|industrial|biomass,Mt CO2-equiv/yr,2045,11.286418
canoe,nz,british columbia,emissions|industrial|biomass,Mt CO2-equiv/yr,2050,11.208366
canoe,nz,british columbia,emissions|industrial|biomass,Mt CO2/yr,2025,9.85036
canoe,nz,british columbia,emissions|industrial|biomass,Mt CO2/yr,2030,11.456354000000001
canoe,nz,british columbia,emissions|industrial|biomass,Mt CO2/yr,2035,11.889591999999999
canoe,nz,british columbia,emissions|industrial|biomass,Mt CO2/yr,2040,11.698908
canoe,nz,british columbia,emissions|industrial|biomass,Mt CO2/yr,2045,11.286418
canoe,nz,british columbia,emissions|industrial|biomass,Mt CO2/yr,2050,11.208366
canoe,nz,british columbia,emissions|industrial|natural gas,Mt CO2-equiv/yr,2025,12.678251764861502
canoe,nz,british columbia,emissions|industrial|natural gas,Mt CO2-equiv/yr,2030,11.282825378863501
canoe,nz,british columbia,emissions|industrial|natural gas,Mt CO2-equiv/yr,2035,9.8269096577475
canoe,nz,british columbia,emissions|industrial|natural gas,Mt CO2-equiv/yr,2040,9.154747994238
canoe,nz,british columbia,emissions|industrial|natural gas,Mt CO2-equiv/yr,2045,8.969629770385499
canoe,nz,british columbia,emissions|industrial|natural gas,Mt CO2-equiv/yr,2050,11.506010167057504
canoe,nz,british columbia,emissions|industrial|natural gas,Mt CO2/yr,2025,12.612776138628002
canoe,nz,british columbia,emissions|industrial|natural gas,Mt CO2/yr,2030,11.224556299571999
canoe,nz,british columbia,emissions|industrial|natural gas,Mt CO2/yr,2035,9.776159516819998
canoe,nz,british columbia,emissions|industrial|natural gas,Mt CO2/yr,2040,9.107469168336
canoe,nz,british columbia,emissions|industrial|natural gas,Mt CO2/yr,2045,8.923306969955998
canoe,nz,british columbia,emissions|industrial|natural gas,Mt CO2/yr,2050,11.446588471140004
canoe,nz,british columbia,emissions|industrial|natural gas,kt CH4/yr,2025,0.24117453093865004
canoe,nz,british columbia,emissions|industrial|natural gas,kt CH4/yr,2030,0.21462975880885
canoe,nz,british columbia,emissions|industrial|natural gas,kt CH4/yr,2035,0.18693431643724998
canoe,nz,british columbia,emissions|industrial|natural gas,kt CH4/yr,2040,0.1741479893538
canoe,nz,british columbia,emissions|industrial|natural gas,kt CH4/yr,2045,0.17062654163104998
canoe,nz,british columbia,emissions|industrial|natural gas,kt CH4/yr,2050,0.21887533521825006
canoe,nz,british columbia,emissions|industrial|natural gas,kt N2O/yr,2025,0.21510160866187003
canoe,nz,british columbia,emissions|industrial|natural gas,kt N2O/yr,2030,0.19142654162863
canoe,nz,british columbia,emissions|industrial|natural gas,kt N2O/yr,2035,0.16672520113655
canoe,nz,british columbia,emissions|industrial|natural gas,kt N2O/yr,2040,0.15532117968444
canoe,nz,british columbia,emissions|industrial|natural gas,kt N2O/yr,2045,0.15218042901298998
canoe,nz,british columbia,emissions|industrial|natural gas,kt N2O/yr,2050,0.19521313680435007
canoe,nz,british columbia,emissions|industrial|oil,Mt CO2-equiv/yr,2025,7.22424505052
canoe,nz,british columbia,emissions|industrial|oil,Mt CO2-equiv/yr,2030,6.712441654739999
canoe,nz,british columbia,emissions|industrial|oil,Mt CO2-equiv/yr,2035,6.29429680545
canoe,nz,british columbia,emissions|industrial|oil,Mt CO2-equiv/yr,2040,6.0140586348500005
canoe,nz,british columbia,emissions|industrial|oil,Mt CO2-equiv/yr,2045,5.737507808600001
canoe,nz,british columbia,emissions|industrial|oil,Mt CO2-equiv/yr,2050,5.82379166639
canoe,nz,british columbia,emissions|industrial|oil,Mt CO2/yr,2025,7.2010396000000005
canoe,nz,british columbia,emissions|industrial|oil,Mt CO2/yr,2030,6.6908802000000005
canoe,nz,british columbia,emissions|industrial|oil,Mt CO2/yr,2035,6.2740785
canoe,nz,british columbia,emissions|industrial|oil,Mt CO2/yr,2040,5.9947405
canoe,nz,british columbia,emissions|industrial|oil,Mt CO2/yr,2045,5.719078000000001
canoe,nz,british columbia,emissions|industrial|oil,Mt CO2/yr,2050,5.8050847
canoe,nz,british columbia,emissions|industrial|oil,kt CH4/yr,2025,0.0656332
canoe,nz,british columbia,emissions|industrial|oil,kt CH4/yr,2030,0.0609834
canoe,nz,british columbia,emissions|industrial|oil,kt CH4/yr,2035,0.0571845
canoe,nz,british columbia,emissions|industrial|oil,kt CH4/yr,2040,0.0546385
canoe,nz,british columbia,emissions|industrial|oil,kt CH4/yr,2045,0.05212600000000001
canoe,nz,british columbia,emissions|industrial|oil,kt CH4/yr,2050,0.0529099
canoe,nz,british columbia,emissions|industrial|oil,kt N2O/yr,2025,0.07827004000000001
canoe,nz,british columbia,emissions|industrial|oil,kt N2O/yr,2030,0.07272498000000001
canoe,nz,british columbia,emissions|industrial|oil,kt N2O/yr,2035,0.06819465
canoe,nz,british columbia,emissions|industrial|oil,kt N2O/yr,2040,0.06515845
canoe,nz,british columbia,emissions|industrial|oil,kt N2O/yr,2045,0.062162200000000015
canoe,nz,british columbia,emissions|industrial|oil,kt N2O/yr,2050,0.06309703
canoe,nz,british columbia,emissions|residential|lpg,Mt CO2-equiv/yr,2025,0.04282420117268594
canoe,nz,british columbia,emissions|residential|lpg,Mt CO2-equiv/yr,2030,0.028575368406872328
canoe,nz,british columbia,emissions|residential|lpg,Mt CO2-equiv/yr,2035,0.014326465266565778
canoe,nz,british columbia,emissions|residential|lpg,Mt CO2/yr,2025,0.041983429859528396
canoe,nz,british columbia,emissions|residential|lpg,Mt CO2/yr,2030,0.028014345682302964
canoe,nz,british columbia,emissions|residential|lpg,Mt CO2/yr,2035,0.014045192512253217
canoe,nz,british columbia,emissions|residential|natural gas,Mt CO2-equiv/yr,2025,3.1511862684544956
canoe,nz,british columbia,emissions|residential|natural gas,Mt CO2-equiv/yr,2030,2.0047550374749896
canoe,nz,british columbia,emissions|residential|natural gas,Mt CO2-equiv/yr,2035,0.8263745768744917
canoe,nz,british columbia,emissions|residential|natural gas,Mt CO2-equiv/yr,2040,0.09421008445796504
canoe,nz,british columbia,emissions|residential|natural gas,Mt CO2/yr,2025,3.1340325018532798
canoe,nz,british columbia,emissions|residential|natural gas,Mt CO2/yr,2030,1.99384197265565
canoe,nz,british columbia,emissions|residential|natural gas,Mt CO2/yr,2035,0.8218761323493969
canoe,nz,british columbia,emissions|residential|natural gas,Mt CO2/yr,2040,0.09369724336810294
canoe,nz,british columbia,emissions|residential|natural gas,kt CH4/yr,2025,0.05992723649998665
canoe,nz,british columbia,emissions|residential|natural gas,kt CH4/yr,2030,0.03812514368254907
canoe,nz,british columbia,emissions|residential|natural gas,kt CH4/yr,2035,0.015715460936627648
canoe,nz,british columbia,emissions|residential|natural gas,kt N2O/yr,2025,0.0566879264172735
canoe,nz,british columbia,emissions|residential|natural gas,kt N2O/yr,2030,0.03606432510407522
canoe,nz,british columbia,emissions|residential|natural gas,kt N2O/yr,2035,0.014865976561246615
canoe,nz,british columbia,emissions|residential|oil,Mt CO2-equiv/yr,2025,0.023397660213146102
canoe,nz,british columbia,emissions|residential|oil,Mt CO2-equiv/yr,2030,0.017232722828688343
canoe,nz,british columbia,emissions|residential|oil,Mt CO2-equiv/yr,2035,0.01107782811819843
canoe,nz,british columbia,emissions|residential|oil,Mt CO2/yr,2025,0.022444847813786025
canoe,nz,british columbia,emissions|residential|oil,Mt CO2/yr,2030,0.016530962403229887
canoe,nz,british columbia,emissions|residential|oil,Mt CO2/yr,2035,0.010626710703343898
canoe,nz,british columbia,emissions|residential|wood,Mt CO2-equiv/yr,2025,0.036645527881976794
canoe,nz,british columbia,emissions|residential|wood,Mt CO2-equiv/yr,2030,0.024436356631561466
canoe,nz,british columbia,emissions|residential|wood,Mt CO2-equiv/yr,2035,0.012227758005673064
canoe,nz,british columbia,emissions|residential|wood,Mt CO2/yr,2025,0.030220821756371846
canoe,nz,british columbia,emissions|residential|wood,Mt CO2/yr,2030,0.02015216646669622
canoe,nz,british columbia,emissions|residential|wood,Mt CO2/yr,2035,0.01008398340882518
canoe,nz,british columbia,emissions|residential|wood,kt CH4/yr,2025,0.09739289478630132
canoe,nz,british columbia,emissions|residential|wood,kt CH4/yr,2030,0.06494455525495954
canoe,nz,british columbia,emissions|residential|wood,kt CH4/yr,2035,0.03249773758900015
canoe,nz,british columbia,emissions|residential|wood,kt N2O/yr,2025,0.013544707221935948
canoe,nz,british columbia,emissions|transportation|diesel,Mt CO2-equiv/yr,2025,3.8801228339747738
canoe,nz,british columbia,emissions|transportation|diesel,Mt CO2-equiv/yr,2030,3.466002298376103
canoe,nz,british columbia,emissions|transportation|diesel,Mt CO2-equiv/yr,2035,2.6104121210755857
canoe,nz,british columbia,emissions|transportation|diesel,Mt CO2-equiv/yr,2040,1.8523038977647768
canoe,nz,british columbia,emissions|transportation|diesel,Mt CO2-equiv/yr,2045,1.9668049363973414
canoe,nz,british columbia,emissions|transportation|diesel,Mt CO2-equiv/yr,2050,2.1060175661654146
canoe,nz,british columbia,emissions|transportation|diesel,Mt CO2/yr,2025,3.7282351165733854
canoe,nz,british columbia,emissions|transportation|diesel,Mt CO2/yr,2030,3.3303253638229475
canoe,nz,british columbia,emissions|transportation|diesel,Mt CO2/yr,2035,2.508227334068561
canoe,nz,british columbia,emissions|transportation|diesel,Mt CO2/yr,2040,1.7797953157669297
canoe,nz,british columbia,emissions|transportation|diesel,Mt CO2/yr,2045,1.8898142007907783
canoe,nz,british columbia,emissions|transportation|diesel,Mt CO2/yr,2050,2.023577338658813
canoe,nz,british columbia,emissions|transportation|diesel,kt CH4/yr,2025,0.179025362823476
canoe,nz,british columbia,emissions|transportation|diesel,kt CH4/yr,2030,0.15991821255854025
canoe,nz,british columbia,emissions|transportation|diesel,kt CH4/yr,2035,0.12044205101713605
canoe,nz,british columbia,emissions|transportation|diesel,kt CH4/yr,2040,0.08546362569603488
canoe,nz,british columbia,emissions|transportation|diesel,kt CH4/yr,2045,0.09074660269364208
canoe,nz,british columbia,emissions|transportation|diesel,kt CH4/yr,2050,0.09716975222770985
canoe,nz,british columbia,emissions|transportation|diesel,kt N2O/yr,2025,0.5380036810239175
canoe,nz,british columbia,emissions|transportation|diesel,kt N2O/yr,2030,0.4805832399611517
canoe,nz,british columbia,emissions|transportation|diesel,kt N2O/yr,2035,0.3619502178287108
canoe,nz,british columbia,emissions|transportation|diesel,kt N2O/yr,2040,0.2568336938015556
canoe,nz,british columbia,emissions|transportation|diesel,kt N2O/yr,2045,0.2727099977321886
canoe,nz,british columbia,emissions|transportation|diesel,kt N2O/yr,2050,0.2920127269019259
canoe,nz,british columbia,emissions|transportation|ethanol,Mt CO2-equiv/yr,2025,0.6196117447733417
canoe,nz,british columbia,emissions|transportation|ethanol,Mt CO2-equiv/yr,2030,0.6663537507077417
canoe,nz,british columbia,emissions|transportation|ethanol,Mt CO2-equiv/yr,2035,0.3668898689376859
canoe,nz,british columbia,emissions|transportation|ethanol,Mt CO2-equiv/yr,2040,0.08848698308266403
canoe,nz,british columbia,emissions|transportation|ethanol,Mt CO2-equiv/yr,2045,0.05648573550313803
canoe,nz,british columbia,emissions|transportation|ethanol,Mt CO2-equiv/yr,2050,0.033501073395175704
canoe,nz,british columbia,emissions|transportation|ethanol,Mt CO2/yr,2025,0.6196117447733417
canoe,nz,british columbia,emissions|transportation|ethanol,Mt CO2/yr,2030,0.6663537507077417
canoe,nz,british columbia,emissions|transportation|ethanol,Mt CO2/yr,2035,0.3668898689376859
canoe,nz,british columbia,emissions|transportation|ethanol,Mt CO2/yr,2040,0.08848698308266403
canoe,nz,british columbia,emissions|transportation|ethanol,Mt CO2/yr,2045,0.05648573550313803
canoe,nz,british columbia,emissions|transportation|ethanol,Mt CO2/yr,2050,0.033501073395175704
canoe,nz,british columbia,emissions|transportation|gasoline,Mt CO2-equiv/yr,2025,5.248823431132509
canoe,nz,british columbia,emissions|transportation|gasoline,Mt CO2-equiv/yr,2030,3.9534615011122596
canoe,nz,british columbia,emissions|transportation|gasoline,Mt CO2-equiv/yr,2035,2.1767491673194423
canoe,nz,british columbia,emissions|transportation|gasoline,Mt CO2-equiv/yr,2040,0.5249912386556329
canoe,nz,british columbia,emissions|transportation|gasoline,Mt CO2-equiv/yr,2045,0.33512857162803045
canoe,nz,british columbia,emissions|transportation|gasoline,Mt CO2-equiv/yr,2050,0.1987610991505515
canoe,nz,british columbia,emissions|transportation|gasoline,Mt CO2/yr,2025,5.051844966560742
canoe,nz,british columbia,emissions|transportation|gasoline,Mt CO2/yr,2030,3.805095531776411
canoe,nz,british columbia,emissions|transportation|gasoline,Mt CO2/yr,2035,2.0950598679245975
canoe,nz,british columbia,emissions|transportation|gasoline,Mt CO2/yr,2040,0.5052893055537026
canoe,nz,british columbia,emissions|transportation|gasoline,Mt CO2/yr,2045,0.3225518270795525
canoe,nz,british columbia,emissions|transportation|gasoline,Mt CO2/yr,2050,0.1913019691872437
canoe,nz,british columbia,emissions|transportation|gasoline,kt CH4/yr,2025,5.95870520979351
canoe,nz,british columbia,emissions|transportation|gasoline,kt CH4/yr,2030,4.488150907052482
canoe,nz,british columbia,emissions|transportation|gasoline,kt CH4/yr,2035,2.471145538405252
canoe,nz,british columbia,emissions|transportation|gasoline,kt CH4/yr,2040,0.5959941441959116
canoe,nz,british columbia,emissions|transportation|gasoline,kt CH4/yr,2045,0.3804533324299186
canoe,nz,british columbia,emissions|transportation|gasoline,kt CH4/yr,2050,0.22564272023094767
canoe,nz,british columbia,emissions|transportation|gasoline,kt N2O/yr,2025,0.11038358497271099
canoe,nz,british columbia,emissions|transportation|gasoline,kt N2O/yr,2030,0.08314191918820323
canoe,nz,british columbia,emissions|transportation|gasoline,kt N2O/yr,2035,0.045777378459698016
canoe,nz,british columbia,emissions|transportation|gasoline,kt N2O/yr,2040,0.011040648587710105
canoe,nz,british columbia,emissions|transportation|hydrogen,Mt CO2-equiv/yr,2025,-0.06047098339091367
canoe,nz,british columbia,emissions|transportation|hydrogen,Mt CO2-equiv/yr,2030,-0.06367176412444475
canoe,nz,british columbia,emissions|transportation|hydrogen,Mt CO2-equiv/yr,2035,-0.06052822730273786
canoe,nz,british columbia,emissions|transportation|hydrogen,Mt CO2-equiv/yr,2040,-0.06049007292324548
canoe,nz,british columbia,emissions|transportation|hydrogen,Mt CO2-equiv/yr,2045,-0.06246360864513474
canoe,nz,british columbia,emissions|transportation|hydrogen,Mt CO2/yr,2025,-0.061050586303095906
canoe,nz,british columbia,emissions|transportation|hydrogen,Mt CO2/yr,2030,-0.06428204591317872
canoe,nz,british columbia,emissions|transportation|hydrogen,Mt CO2/yr,2035,-0.061108378886963084
canoe,nz,british columbia,emissions|transportation|hydrogen,Mt CO2/yr,2040,-0.06106985880497627
canoe,nz,british columbia,emissions|transportation|hydrogen,Mt CO2/yr,2045,-0.06306231049263226
canoe,nz,british columbia,emissions|transportation|jet fuel,Mt CO2-equiv/yr,2025,6.793294744158672
canoe,nz,british columbia,emissions|transportation|jet fuel,Mt CO2-equiv/yr,2030,7.18407031654674
canoe,nz,british columbia,emissions|transportation|jet fuel,Mt CO2-equiv/yr,2035,7.2273013291944475
canoe,nz,british columbia,emissions|transportation|jet fuel,Mt CO2-equiv/yr,2040,7.5646386397776855
canoe,nz,british columbia,emissions|transportation|jet fuel,Mt CO2-equiv/yr,2045,7.883221429192875
canoe,nz,british columbia,emissions|transportation|jet fuel,Mt CO2-equiv/yr,2050,8.441320970496934
canoe,nz,british columbia,emissions|transportation|jet fuel,Mt CO2/yr,2025,6.623303909953629
canoe,nz,british columbia,emissions|transportation|jet fuel,Mt CO2/yr,2030,7.004300977501418
canoe,nz,british columbia,emissions|transportation|jet fuel,Mt CO2/yr,2035,7.04645020639319
canoe,nz,british columbia,emissions|transportation|jet fuel,Mt CO2/yr,2040,7.37534621522313
canoe,nz,british columbia,emissions|transportation|jet fuel,Mt CO2/yr,2045,7.685957003396563
canoe,nz,british columbia,emissions|transportation|jet fuel,Mt CO2/yr,2050,8.23009103751027
canoe,nz,british columbia,emissions|transportation|jet fuel,kt CH4/yr,2025,0.209110657762226
canoe,nz,british columbia,emissions|transportation|jet fuel,kt CH4/yr,2030,0.22113948030812594
canoe,nz,british columbia,emissions|transportation|jet fuel,kt CH4/yr,2035,0.22247021389631044
canoe,nz,british columbia,emissions|transportation|jet fuel,kt CH4/yr,2040,0.2328541041234284
canoe,nz,british columbia,emissions|transportation|jet fuel,kt CH4/yr,2045,0.24266069417365677
canoe,nz,british columbia,emissions|transportation|jet fuel,kt CH4/yr,2050,0.25984006980419877
canoe,nz,british columbia,emissions|transportation|jet fuel,kt N2O/yr,2025,0.601229801420145
canoe,nz,british columbia,emissions|transportation|jet fuel,kt N2O/yr,2030,0.6358147750794645
canoe,nz,british columbia,emissions|transportation|jet fuel,kt N2O/yr,2035,0.6396408674438099
canoe,nz,british columbia,emissions|transportation|jet fuel,kt N2O/yr,2040,0.6694963723043875
canoe,nz,british columbia,emissions|transportation|jet fuel,kt N2O/yr,2045,0.6976920379466991
canoe,nz,british columbia,emissions|transportation|jet fuel,kt N2O/yr,2050,0.7470857546965043
canoe,nz,british columbia,emissions|transportation|natural gas,Mt CO2-equiv/yr,2025,0.9653649148593968
canoe,nz,british columbia,emissions|transportation|natural gas,Mt CO2-equiv/yr,2030,1.1305716079643662
canoe,nz,british columbia,emissions|transportation|natural gas,Mt CO2-equiv/yr,2035,1.7819312876980926
canoe,nz,british columbia,emissions|transportation|natural gas,Mt CO2-equiv/yr,2040,1.8669998214843329
canoe,nz,british columbia,emissions|transportation|natural gas,Mt CO2-equiv/yr,2045,1.9767698833229896
canoe,nz,british columbia,emissions|transportation|natural gas,Mt CO2-equiv/yr,2050,2.0205372667845536
canoe,nz,british columbia,emissions|transportation|natural gas,Mt CO2/yr,2025,0.9603793795098422
canoe,nz,british columbia,emissions|transportation|natural gas,Mt CO2/yr,2030,1.1247328783503634
canoe,nz,british columbia,emissions|transportation|natural gas,Mt CO2/yr,2035,1.7727286729266722
canoe,nz,british columbia,emissions|transportation|natural gas,Mt CO2/yr,2040,1.8573578783555236
canoe,nz,british columbia,emissions|transportation|natural gas,Mt CO2/yr,2045,1.966561043142925
canoe,nz,british columbia,emissions|transportation|natural gas,Mt CO2/yr,2050,2.010102394112478
canoe,nz,british columbia,emissions|transportation|natural gas,kt CH4/yr,2025,0.018363843441816064
canoe,nz,british columbia,emissions|transportation|natural gas,kt CH4/yr,2030,0.021506520165427558
canoe,nz,british columbia,emissions|transportation|natural gas,kt CH4/yr,2035,0.03389713743235378
canoe,nz,british columbia,emissions|transportation|natural gas,kt CH4/yr,2040,0.03551537030184115
canoe,nz,british columbia,emissions|transportation|natural gas,kt CH4/yr,2045,0.037603492833720366
canoe,nz,british columbia,emissions|transportation|natural gas,kt CH4/yr,2050,0.038436066470253605
canoe,nz,british columbia,emissions|transportation|natural gas,kt N2O/yr,2025,0.016378563068727155
canoe,nz,british columbia,emissions|transportation|natural gas,kt N2O/yr,2030,0.019181490957182364
canoe,nz,british columbia,emissions|transportation|natural gas,kt N2O/yr,2035,0.030232582032414343
canoe,nz,british columbia,emissions|transportation|natural gas,kt N2O/yr,2040,0.03167587080781489
canoe,nz,british columbia,emissions|transportation|natural gas,kt N2O/yr,2045,0.033538250363160944
canoe,nz,british columbia,emissions|transportation|natural gas,kt N2O/yr,2050,0.03428081603894252
canoe,nz,british columbia,emissions|transportation|oil,Mt CO2-equiv/yr,2025,0.9108715581762077
canoe,nz,british columbia,emissions|transportation|oil,Mt CO2-equiv/yr,2030,0.9108715843315321
canoe,nz,british columbia,emissions|transportation|oil,Mt CO2/yr,2025,0.9079456905283748
canoe,nz,british columbia,emissions|transportation|oil,Mt CO2/yr,2030,0.9079457165996841
canoe,nz,british columbia,emissions|upstream|diesel,Mt CO2/yr,2025,1.2112289543526293
canoe,nz,british columbia,emissions|upstream|diesel,Mt CO2/yr,2030,1.1386308051002527
canoe,nz,british columbia,emissions|upstream|diesel,Mt CO2/yr,2035,0.9215270874029396
canoe,nz,british columbia,emissions|upstream|diesel,Mt CO2/yr,2040,0.7286234922892949
canoe,nz,british columbia,emissions|upstream|diesel,Mt CO2/yr,2045,0.7573564352460626
canoe,nz,british columbia,emissions|upstream|diesel,Mt CO2/yr,2050,0.7962147802964116
canoe,nz,british columbia,emissions|upstream|gasoline,Mt CO2/yr,2025,1.2134000382020047
canoe,nz,british columbia,emissions|upstream|gasoline,Mt CO2/yr,2030,0.9331910748938556
canoe,nz,british columbia,emissions|upstream|gasoline,Mt CO2/yr,2035,0.5391295588122221
canoe,nz,british columbia,emissions|upstream|gasoline,Mt CO2/yr,2040,0.17275325462395266
canoe,nz,british columbia,emissions|upstream|gasoline,Mt CO2/yr,2045,0.13102308499303253
canoe,nz,british columbia,emissions|upstream|gasoline,Mt CO2/yr,2050,0.10194332576077919
canoe,nz,british columbia,emissions|upstream|jet fuel,Mt CO2/yr,2025,1.466414193507557
canoe,nz,british columbia,emissions|upstream|jet fuel,Mt CO2/yr,2030,1.5507678587379725
canoe,nz,british columbia,emissions|upstream|jet fuel,Mt CO2/yr,2035,1.5600998778922897
canoe,nz,british columbia,emissions|upstream|jet fuel,Mt CO2/yr,2040,1.6329183018885263
canoe,nz,british columbia,emissions|upstream|jet fuel,Mt CO2/yr,2045,1.701688382427942
canoe,nz,british columbia,emissions|upstream|jet fuel,Mt CO2/yr,2050,1.8221608133376221
canoe,nz,british columbia,emissions|upstream|natural gas,Mt CO2/yr,2025,1.1756956941664565
canoe,nz,british columbia,emissions|upstream|natural gas,Mt CO2/yr,2030,1.00592304482342
canoe,nz,british columbia,emissions|upstream|natural gas,Mt CO2/yr,2035,0.8225243865491384
canoe,nz,british columbia,emissions|upstream|natural gas,Mt CO2/yr,2040,0.7006986761442537
canoe,nz,british columbia,emissions|upstream|natural gas,Mt CO2/yr,2045,0.6778005469147603
canoe,nz,british columbia,emissions|upstream|natural gas,Mt CO2/yr,2050,0.8420457226457929
canoe,nz,british columbia,emissions|upstream|oil,Mt CO2/yr,2025,1.3727094902785553
canoe,nz,british columbia,emissions|upstream|oil,Mt CO2/yr,2030,1.285375829673381
canoe,nz,british columbia,emissions|upstream|oil,Mt CO2/yr,2035,1.0606905594168576
canoe,nz,british columbia,emissions|upstream|oil,Mt CO2/yr,2040,1.0121385305215536
canoe,nz,british columbia,emissions|upstream|oil,Mt CO2/yr,2045,0.9647200771265757
canoe,nz,british columbia,emissions|upstream|oil,Mt CO2/yr,2050,0.9792280188323811
canoe,nz,canada,emissions|agriculture|diesel,Mt CO2-equiv/yr,2025,11.667713266802036
canoe,nz,canada,emissions|agriculture|diesel,Mt CO2-equiv/yr,2030,12.892213878954427
canoe,nz,canada,emissions|agriculture|diesel,Mt CO2-equiv/yr,2035,12.497425935733853
canoe,nz,canada,emissions|agriculture|diesel,Mt CO2-equiv/yr,2040,12.124274853156388
canoe,nz,canada,emissions|agriculture|diesel,Mt CO2-equiv/yr,2045,12.1631024276335
canoe,nz,canada,emissions|agriculture|diesel,Mt CO2-equiv/yr,2050,12.381321676561308
canoe,nz,canada,emissions|agriculture|diesel,Mt CO2/yr,2025,11.192574224200637
canoe,nz,canada,emissions|agriculture|diesel,Mt CO2/yr,2030,12.36721004835054
canoe,nz,canada,emissions|agriculture|diesel,Mt CO2/yr,2035,11.98849887708031
canoe,nz,canada,emissions|agriculture|diesel,Mt CO2/yr,2040,11.630543458303224
canoe,nz,canada,emissions|agriculture|diesel,Mt CO2/yr,2045,11.667789874918316
canoe,nz,canada,emissions|agriculture|diesel,Mt CO2/yr,2050,11.877122679463938
canoe,nz,canada,emissions|agriculture|diesel,kt CH4/yr,2025,0.5600317277095349
canoe,nz,canada,emissions|agriculture|diesel,kt CH4/yr,2030,0.6188058146042024
canoe,nz,canada,emissions|agriculture|diesel,kt CH4/yr,2035,0.5998566196021461
canoe,nz,canada,emissions|agriculture|diesel,kt CH4/yr,2040,0.5819459595872879
canoe,nz,canada,emissions|agriculture|diesel,kt CH4/yr,2045,0.5838096215679999
canoe,nz,canada,emissions|agriculture|diesel,kt CH4/yr,2050,0.5942837993440546
canoe,nz,canada,emissions|agriculture|diesel,kt N2O/yr,2025,1.6829969019250273
canoe,nz,canada,emissions|agriculture|diesel,kt N2O/yr,2030,1.8596236915566702
canoe,nz,canada,emissions|agriculture|diesel,kt N2O/yr,2035,1.8026779241929773
canoe,nz,canada,emissions|agriculture|diesel,kt N2O/yr,2040,1.7488531428011758
canoe,nz,canada,emissions|agriculture|diesel,kt N2O/yr,2045,1.7544537850230046
canoe,nz,canada,emissions|agriculture|diesel,kt N2O/yr,2050,1.7859305887023402
canoe,nz,canada,emissions|agriculture|natural gas,Mt CO2-equiv/yr,2025,2.6168142296163692
canoe,nz,canada,emissions|agriculture|natural gas,Mt CO2-equiv/yr,2030,2.8914423048130318
canoe,nz,canada,emissions|agriculture|natural gas,Mt CO2-equiv/yr,2035,2.8028964024884186
canoe,nz,canada,emissions|agriculture|natural gas,Mt CO2-equiv/yr,2040,2.719204515678802
canoe,nz,canada,emissions|agriculture|natural gas,Mt CO2-equiv/yr,2045,2.7278887392797806
canoe,nz,canada,emissions|agriculture|natural gas,Mt CO2-equiv/yr,2050,2.773689260733555
canoe,nz,canada,emissions|agriculture|natural gas,Mt CO2/yr,2025,2.6025693653939843
canoe,nz,canada,emissions|agriculture|natural gas,Mt CO2/yr,2030,2.875702477899541
canoe,nz,canada,emissions|agriculture|natural gas,Mt CO2/yr,2035,2.7876385831785964
canoe,nz,canada,emissions|agriculture|natural gas,Mt CO2/yr,2040,2.704402280701495
canoe,nz,canada,emissions|agriculture|natural gas,Mt CO2/yr,2045,2.713039230948228
canoe,nz,canada,emissions|agriculture|natural gas,Mt CO2/yr,2050,2.7585904331335422
canoe,nz,canada,emissions|agriculture|natural gas,kt CH4/yr,2025,0.04976489228345819
canoe,nz,canada,emissions|agriculture|natural gas,kt CH4/yr,2030,0.054987592628594636
canoe,nz,canada,emissions|agriculture|natural gas,kt CH4/yr,2035,0.05330368352971604
canoe,nz,canada,emissions|agriculture|natural gas,kt CH4/yr,2040,0.05171208498024982
canoe,nz,canada,emissions|agriculture|natural gas,kt CH4/yr,2045,0.051877235966963746
canoe,nz,canada,emissions|agriculture|natural gas,kt CH4/yr,2050,0.05274824086707369
canoe,nz,canada,emissions|agriculture|natural gas,kt N2O/yr,2025,0.04707489810461807
canoe,nz,canada,emissions|agriculture|natural gas,kt N2O/yr,2030,0.05201529032284807
canoe,nz,canada,emissions|agriculture|natural gas,kt N2O/yr,2035,0.05042240333746826
canoe,nz,canada,emissions|agriculture|natural gas,kt N2O/yr,2040,0.04891683714207061
canoe,nz,canada,emissions|agriculture|natural gas,kt N2O/yr,2045,0.04907306104841711
canoe,nz,canada,emissions|agriculture|natural gas,kt N2O/yr,2050,0.049896984602551445
canoe,nz,canada,emissions|commercial|natural gas,Mt CO2-equiv/yr,2025,3.940991781320132
canoe,nz,canada,emissions|commercial|natural gas,Mt CO2-equiv/yr,2030,3.8381701483302963
canoe,nz,canada,emissions|commercial|natural gas,Mt CO2-equiv/yr,2035,3.557965815021302
canoe,nz,canada,emissions|commercial|natural gas,Mt CO2-equiv/yr,2040,3.1224021188273756
canoe,nz,canada,emissions|commercial|natural gas,Mt CO2-equiv/yr,2045,2.655780180050305
canoe,nz,canada,emissions|commercial|natural gas,Mt CO2-equiv/yr,2050,2.1823698267392375
canoe,nz,canada,emissions|commercial|natural gas,Mt CO2/yr,2025,3.919538637191261
canoe,nz,canada,emissions|commercial|natural gas,Mt CO2/yr,2030,3.8172767230322417
canoe,nz,canada,emissions|commercial|natural gas,Mt CO2/yr,2035,3.5385977072782095
canoe,nz,canada,emissions|commercial|natural gas,Mt CO2/yr,2040,3.1054050413401804
canoe,nz,canada,emissions|commercial|natural gas,Mt CO2/yr,2045,2.641323201163093
canoe,nz,canada,emissions|commercial|natural gas,Mt CO2/yr,2050,2.1704898997986506
canoe,nz,canada,emissions|commercial|natural gas,kt CH4/yr,2025,0.07494725046498331
canoe,nz,canada,emissions|commercial|natural gas,kt CH4/yr,2030,0.07299185468937314
canoe,nz,canada,emissions|commercial|natural gas,kt CH4/yr,2035,0.06766310864899235
canoe,nz,canada,emissions|commercial|natural gas,kt CH4/yr,2040,0.059379838029949075
canoe,nz,canada,emissions|commercial|natural gas,kt CH4/yr,2045,0.050505921701641865
canoe,nz,canada,emissions|commercial|natural gas,kt CH4/yr,2050,0.0415029076658106
canoe,nz,canada,emissions|commercial|natural gas,kt N2O/yr,2025,0.07089604773510436
canoe,nz,canada,emissions|commercial|natural gas,kt N2O/yr,2030,0.06904634902849936
canoe,nz,canada,emissions|commercial|natural gas,kt N2O/yr,2035,0.06400564331477082
canoe,nz,canada,emissions|commercial|natural gas,kt N2O/yr,2040,0.05617011705373936
canoe,nz,canada,emissions|commercial|natural gas,kt N2O/yr,2045,0.047775871878555407
canoe,nz,canada,emissions|commercial|natural gas,kt N2O/yr,2050,0.039259507250311666
canoe,nz,canada,emissions|electricity|ccs,Mt CO2-equiv/yr,2030,-0.029706639738081023
canoe,nz,canada,emissions|electricity|ccs,Mt CO2-equiv/yr,2035,-0.028733935033335257
canoe,nz,canada,emissions|electricity|ccs,Mt CO2-equiv/yr,2040,-0.017276534937517154
canoe,nz,canada,emissions|electricity|ccs,Mt CO2-equiv/yr,2045,-0.014405726640654523
canoe,nz,canada,emissions|electricity|ccs,Mt CO2/yr,2030,-0.029706639738081023
canoe,nz,canada,emissions|electricity|ccs,Mt CO2/yr,2035,-0.028733935033335257
canoe,nz,canada,emissions|electricity|ccs,Mt CO2/yr,2040,-0.017276534937517154
canoe,nz,canada,emissions|electricity|ccs,Mt CO2/yr,2045,-0.014405726640654523
canoe,nz,canada,emissions|electricity|coal,Mt CO2-equiv/yr,2025,0.08857469549436954
canoe,nz,canada,emissions|electricity|coal,Mt CO2-equiv/yr,2030,0.10651276770966114
canoe,nz,canada,emissions|electricity|coal,Mt CO2-equiv/yr,2035,0.11529893808266907
canoe,nz,canada,emissions|electricity|coal,Mt CO2-equiv/yr,2040,0.07302307055937232
canoe,nz,canada,emissions|electricity|coal,Mt CO2-equiv/yr,2045,0.05306945681290867
canoe,nz,canada,emissions|electricity|coal,Mt CO2-equiv/yr,2050,0.027957749516471526
canoe,nz,canada,emissions|electricity|coal,Mt CO2/yr,2025,0.08835016364973493
canoe,nz,canada,emissions|electricity|coal,Mt CO2/yr,2030,0.10624276386626653
canoe,nz,canada,emissions|electricity|coal,Mt CO2/yr,2035,0.11500666179419165
canoe,nz,canada,emissions|electricity|coal,Mt CO2/yr,2040,0.0728379612045835
canoe,nz,canada,emissions|electricity|coal,Mt CO2/yr,2045,0.052934928740692874
canoe,nz,canada,emissions|electricity|coal,Mt CO2/yr,2050,0.02788687820231426
canoe,nz,canada,emissions|electricity|combined cycle ccs,Mt CO2-equiv/yr,2025,-0.7525034251157933
canoe,nz,canada,emissions|electricity|combined cycle ccs,Mt CO2-equiv/yr,2030,-0.6805579489423931
canoe,nz,canada,emissions|electricity|combined cycle ccs,Mt CO2-equiv/yr,2035,-2.556632928931618
canoe,nz,canada,emissions|electricity|combined cycle ccs,Mt CO2-equiv/yr,2040,-2.759758723903426
canoe,nz,canada,emissions|electricity|combined cycle ccs,Mt CO2-equiv/yr,2045,-4.338786856032505
canoe,nz,canada,emissions|electricity|combined cycle ccs,Mt CO2-equiv/yr,2050,-5.851204346244349
canoe,nz,canada,emissions|electricity|combined cycle ccs,Mt CO2/yr,2025,-0.7525034251157933
canoe,nz,canada,emissions|electricity|combined cycle ccs,Mt CO2/yr,2030,-0.6805579489423931
canoe,nz,canada,emissions|electricity|combined cycle ccs,Mt CO2/yr,2035,-2.556632928931618
canoe,nz,canada,emissions|electricity|combined cycle ccs,Mt CO2/yr,2040,-2.759758723903426
canoe,nz,canada,emissions|electricity|combined cycle ccs,Mt CO2/yr,2045,-4.338786856032505
canoe,nz,canada,emissions|electricity|combined cycle ccs,Mt CO2/yr,2050,-5.851204346244349
canoe,nz,canada,emissions|electricity|natural gas,Mt CO2-equiv/yr,2025,8.995252298063635
canoe,nz,canada,emissions|electricity|natural gas,Mt CO2-equiv/yr,2030,9.902295216399
canoe,nz,canada,emissions|electricity|natural gas,Mt CO2-equiv/yr,2035,12.453237928736655
canoe,nz,canada,emissions|electricity|natural gas,Mt CO2-equiv/yr,2040,12.484160405151485
canoe,nz,canada,emissions|electricity|natural gas,Mt CO2-equiv/yr,2045,11.140946943727599
canoe,nz,canada,emissions|electricity|natural gas,Mt CO2-equiv/yr,2050,10.656829151319151
canoe,nz,canada,emissions|electricity|natural gas,Mt CO2/yr,2025,8.871025843990608
canoe,nz,canada,emissions|electricity|natural gas,Mt CO2/yr,2030,9.765542295952027
canoe,nz,canada,emissions|electricity|natural gas,Mt CO2/yr,2035,12.281255916631483
canoe,nz,canada,emissions|electricity|natural gas,Mt CO2/yr,2040,12.311751346703543
canoe,nz,canada,emissions|electricity|natural gas,Mt CO2/yr,2045,10.987087964793464
canoe,nz,canada,emissions|electricity|natural gas,Mt CO2/yr,2050,10.509655947804289
canoe,nz,canada,emissions|electricity|natural gas,kt CH4/yr,2025,2.2464096449566364
canoe,nz,canada,emissions|electricity|natural gas,kt CH4/yr,2030,2.4729280229432993
canoe,nz,canada,emissions|electricity|natural gas,kt CH4/yr,2035,3.109982118019735
canoe,nz,canada,emissions|electricity|natural gas,kt CH4/yr,2040,3.1177044749878844
canoe,nz,canada,emissions|electricity|natural gas,kt CH4/yr,2045,2.782260001059371
canoe,nz,canada,emissions|electricity|natural gas,kt CH4/yr,2050,2.6613599037496423
canoe,nz,canada,emissions|electricity|natural gas,kt N2O/yr,2025,0.22464096449566362
canoe,nz,canada,emissions|electricity|natural gas,kt N2O/yr,2030,0.24729280229432993
canoe,nz,canada,emissions|electricity|natural gas,kt N2O/yr,2035,0.3109982118019735
canoe,nz,canada,emissions|electricity|natural gas,kt N2O/yr,2040,0.31177044749878846
canoe,nz,canada,emissions|electricity|natural gas,kt N2O/yr,2045,0.2782260001059371
canoe,nz,canada,emissions|electricity|natural gas,kt N2O/yr,2050,0.2661359903749642
canoe,nz,canada,emissions|industrial|biomass,Mt CO2-equiv/yr,2025,26.892039910522037
canoe,nz,canada,emissions|industrial|biomass,Mt CO2-equiv/yr,2030,30.681926948998203
canoe,nz,canada,emissions|industrial|biomass,Mt CO2-equiv/yr,2035,33.82716725632863
canoe,nz,canada,emissions|industrial|biomass,Mt CO2-equiv/yr,2040,34.795349987898106
canoe,nz,canada,emissions|industrial|biomass,Mt CO2-equiv/yr,2045,36.112022236249366
canoe,nz,canada,emissions|industrial|biomass,Mt CO2-equiv/yr,2050,36.85832800075737
canoe,nz,canada,emissions|industrial|biomass,Mt CO2/yr,2025,26.892039910522037
canoe,nz,canada,emissions|industrial|biomass,Mt CO2/yr,2030,30.681926948998203
canoe,nz,canada,emissions|industrial|biomass,Mt CO2/yr,2035,33.82716725632863
canoe,nz,canada,emissions|industrial|biomass,Mt CO2/yr,2040,34.795349987898106
canoe,nz,canada,emissions|industrial|biomass,Mt CO2/yr,2045,36.112022236249366
canoe,nz,canada,emissions|industrial|biomass,Mt CO2/yr,2050,36.85832800075737
canoe,nz,canada,emissions|industrial|natural gas,Mt CO2-equiv/yr,2025,156.10095989920842
canoe,nz,canada,emissions|industrial|natural gas,Mt CO2-equiv/yr,2030,142.9918378235503
canoe,nz,canada,emissions|industrial|natural gas,Mt CO2-equiv/yr,2035,112.47961135271282
canoe,nz,canada,emissions|industrial|natural gas,Mt CO2-equiv/yr,2040,82.84774784143903
canoe,nz,canada,emissions|industrial|natural gas,Mt CO2-equiv/yr,2045,64.64864736389261
canoe,nz,canada,emissions|industrial|natural gas,Mt CO2-equiv/yr,2050,59.76137725430457
canoe,nz,canada,emissions|industrial|natural gas,Mt CO2/yr,2025,155.29479132844546
canoe,nz,canada,emissions|industrial|natural gas,Mt CO2/yr,2030,142.2533700677888
canoe,nz,canada,emissions|industrial|natural gas,Mt CO2/yr,2035,111.89872109052135
canoe,nz,canada,emissions|industrial|natural gas,Mt CO2/yr,2040,82.41988852198713
canoe,nz,canada,emissions|industrial|natural gas,Mt CO2/yr,2045,64.31477556912108
canoe,nz,canada,emissions|industrial|natural gas,Mt CO2/yr,2050,59.45274530150277
canoe,nz,canada,emissions|industrial|natural gas,kt CH4/yr,2025,2.9694611276853653
canoe,nz,canada,emissions|industrial|natural gas,kt CH4/yr,2030,2.720090281747689
canoe,nz,canada,emissions|industrial|natural gas,kt CH4/yr,2035,2.139665468967638
canoe,nz,canada,emissions|industrial|natural gas,kt CH4/yr,2040,1.5759875332623106
canoe,nz,canada,emissions|industrial|natural gas,kt CH4/yr,2045,1.2297915748145987
canoe,nz,canada,emissions|industrial|natural gas,kt CH4/yr,2050,1.1368225205545177
canoe,nz,canada,emissions|industrial|natural gas,kt N2O/yr,2025,2.648438302908918
canoe,nz,canada,emissions|industrial|natural gas,kt N2O/yr,2030,2.4260264673564715
canoe,nz,canada,emissions|industrial|natural gas,kt N2O/yr,2035,1.9083502830167032
canoe,nz,canada,emissions|industrial|natural gas,kt N2O/yr,2040,1.4056105025534789
canoe,nz,canada,emissions|industrial|natural gas,kt N2O/yr,2045,1.0968411342270874
canoe,nz,canada,emissions|industrial|natural gas,kt N2O/yr,2050,1.0139227885407298
canoe,nz,canada,emissions|industrial|oil,Mt CO2-equiv/yr,2025,123.4772239666598
canoe,nz,canada,emissions|industrial|oil,Mt CO2-equiv/yr,2030,120.00408461347521
canoe,nz,canada,emissions|industrial|oil,Mt CO2-equiv/yr,2035,111.30971965428313
canoe,nz,canada,emissions|industrial|oil,Mt CO2-equiv/yr,2040,100.03384169483422
canoe,nz,canada,emissions|industrial|oil,Mt CO2-equiv/yr,2045,90.0671815092678
canoe,nz,canada,emissions|industrial|oil,Mt CO2-equiv/yr,2050,83.01613322933596
canoe,nz,canada,emissions|industrial|oil,Mt CO2/yr,2025,123.08059503296951
canoe,nz,canada,emissions|industrial|oil,Mt CO2/yr,2030,119.61861196848301
canoe,nz,canada,emissions|industrial|oil,Mt CO2/yr,2035,110.9521747241528
canoe,nz,canada,emissions|industrial|oil,Mt CO2/yr,2040,99.71251671934658
canoe,nz,canada,emissions|industrial|oil,Mt CO2/yr,2045,89.77787106791743
canoe,nz,canada,emissions|industrial|oil,Mt CO2/yr,2050,82.74947190229857
canoe,nz,canada,emissions|industrial|oil,kt CH4/yr,2025,1.121806538866679
canoe,nz,canada,emissions|industrial|oil,kt CH4/yr,2030,1.0902526189482193
canoe,nz,canada,emissions|industrial|oil,kt CH4/yr,2035,1.0112631895685262
canoe,nz,canada,emissions|industrial|oil,kt CH4/yr,2040,0.9088203809272508
canoe,nz,canada,emissions|industrial|oil,kt CH4/yr,2045,0.8182719849748971
canoe,nz,canada,emissions|industrial|oil,kt CH4/yr,2050,0.7542123000209501
canoe,nz,canada,emissions|industrial|oil,kt N2O/yr,2025,1.3377961560514575
canoe,nz,canada,emissions|industrial|oil,kt N2O/yr,2030,1.3001669291636229
canoe,nz,canada,emissions|industrial|oil,kt N2O/yr,2035,1.2059690872615711
canoe,nz,canada,emissions|industrial|oil,kt N2O/yr,2040,1.0838022154639901
canoe,nz,canada,emissions|industrial|oil,kt N2O/yr,2045,0.9758198746193174
canoe,nz,canada,emissions|industrial|oil,kt N2O/yr,2050,0.8994263100249837
canoe,nz,canada,emissions|residential|lpg,Mt CO2-equiv/yr,2025,0.638634574228268
canoe,nz,canada,emissions|residential|lpg,Mt CO2-equiv/yr,2030,0.4472240052724375
canoe,nz,canada,emissions|residential|lpg,Mt CO2-equiv/yr,2035,0.25581334483548385
canoe,nz,canada,emissions|residential|lpg,Mt CO2-equiv/yr,2040,0.029236006714548873
canoe,nz,canada,emissions|residential|lpg,Mt CO2/yr,2025,0.626096205387796
canoe,nz,canada,emissions|residential|lpg,Mt CO2/yr,2030,0.4384436169898345
canoe,nz,canada,emissions|residential|lpg,Mt CO2/yr,2035,0.2507909389068068
canoe,nz,canada,emissions|residential|lpg,Mt CO2/yr,2040,0.02866201361990238
canoe,nz,canada,emissions|residential|lpg,kt CH4/yr,2025,0.011197530190224242
canoe,nz,canada,emissions|residential|lpg,kt N2O/yr,2025,0.04477962635584521
canoe,nz,canada,emissions|residential|lpg,kt N2O/yr,2030,0.031358345854770764
canoe,nz,canada,emissions|residential|lpg,kt N2O/yr,2035,0.017937058939244802
canoe,nz,canada,emissions|residential|natural gas,Mt CO2-equiv/yr,2025,25.42142551478655
canoe,nz,canada,emissions|residential|natural gas,Mt CO2-equiv/yr,2030,17.166938552584273
canoe,nz,canada,emissions|residential|natural gas,Mt CO2-equiv/yr,2035,8.821951236034607
canoe,nz,canada,emissions|residential|natural gas,Mt CO2-equiv/yr,2040,1.4576721595638111
canoe,nz,canada,emissions|residential|natural gas,Mt CO2-equiv/yr,2045,0.24070224931163045
canoe,nz,canada,emissions|residential|natural gas,Mt CO2/yr,2025,25.283041692695097
canoe,nz,canada,emissions|residential|natural gas,Mt CO2/yr,2030,17.073488774595468
canoe,nz,canada,emissions|residential|natural gas,Mt CO2/yr,2035,8.773928148987945
canoe,nz,canada,emissions|residential|natural gas,Mt CO2/yr,2040,1.4497371897219582
canoe,nz,canada,emissions|residential|natural gas,Mt CO2/yr,2045,0.23939196491289055
canoe,nz,canada,emissions|residential|natural gas,kt CH4/yr,2025,0.48344834268987213
canoe,nz,canada,emissions|residential|natural gas,kt CH4/yr,2030,0.32646981135964925
canoe,nz,canada,emissions|residential|natural gas,kt CH4/yr,2035,0.16777020241729002
canoe,nz,canada,emissions|residential|natural gas,kt CH4/yr,2040,0.027721072892485606
canoe,nz,canada,emissions|residential|natural gas,kt N2O/yr,2025,0.4573159998285989
canoe,nz,canada,emissions|residential|natural gas,kt N2O/yr,2030,0.30882279452050293
canoe,nz,canada,emissions|residential|natural gas,kt N2O/yr,2035,0.15870154282259516
canoe,nz,canada,emissions|residential|natural gas,kt N2O/yr,2040,0.026222636519163525
canoe,nz,canada,emissions|residential|oil,Mt CO2-equiv/yr,2025,2.357278284972857
canoe,nz,canada,emissions|residential|oil,Mt CO2-equiv/yr,2030,1.6947018086273657
canoe,nz,canada,emissions|residential|oil,Mt CO2-equiv/yr,2035,1.0271794096503974
canoe,nz,canada,emissions|residential|oil,Mt CO2-equiv/yr,2040,0.3988217870043948
canoe,nz,canada,emissions|residential|oil,Mt CO2/yr,2025,2.261283900995845
canoe,nz,canada,emissions|residential|oil,Mt CO2/yr,2030,1.6256892286613205
canoe,nz,canada,emissions|residential|oil,Mt CO2/yr,2035,0.9853500442793947
canoe,nz,canada,emissions|residential|oil,Mt CO2/yr,2040,0.38258074664689673
canoe,nz,canada,emissions|residential|oil,kt CH4/yr,2025,0.11314561820624462
canoe,nz,canada,emissions|residential|oil,kt CH4/yr,2030,0.08134299842099131
canoe,nz,canada,emissions|residential|oil,kt CH4/yr,2035,0.04930298219539992
canoe,nz,canada,emissions|residential|oil,kt CH4/yr,2040,0.01914281310458475
canoe,nz,canada,emissions|residential|oil,kt N2O/yr,2025,0.3400231013451911
canoe,nz,canada,emissions|residential|oil,kt N2O/yr,2030,0.24445046157603603
canoe,nz,canada,emissions|residential|oil,kt N2O/yr,2035,0.14816440245249715
canoe,nz,canada,emissions|residential|oil,kt N2O/yr,2040,0.057527624873881626
canoe,nz,canada,emissions|residential|wood,Mt CO2-equiv/yr,2025,0.47263722489994037
canoe,nz,canada,emissions|residential|wood,Mt CO2-equiv/yr,2030,0.31531494901348506
canoe,nz,canada,emissions|residential|wood,Mt CO2-equiv/yr,2035,0.15801739916276739
canoe,nz,canada,emissions|residential|wood,Mt CO2/yr,2025,0.3897743095727736
canoe,nz,canada,emissions|residential|wood,Mt CO2/yr,2030,0.2600338273730435
canoe,nz,canada,emissions|residential|wood,Mt CO2/yr,2035,0.1303137362322491
canoe,nz,canada,emissions|residential|wood,kt CH4/yr,2025,1.2561289242447724
canoe,nz,canada,emissions|residential|wood,kt CH4/yr,2030,0.8380131882046647
canoe,nz,canada,emissions|residential|wood,kt CH4/yr,2035,0.41996316660056804
canoe,nz,canada,emissions|residential|wood,kt N2O/yr,2025,0.17469342655059752
canoe,nz,canada,emissions|residential|wood,kt N2O/yr,2030,0.11654488047879444
canoe,nz,canada,emissions|residential|wood,kt N2O/yr,2035,0.05840547350074125
canoe,nz,canada,emissions|transportation|diesel,Mt CO2-equiv/yr,2025,45.53917692427775
canoe,nz,canada,emissions|transportation|diesel,Mt CO2-equiv/yr,2030,37.822949276409794
canoe,nz,canada,emissions|transportation|diesel,Mt CO2-equiv/yr,2035,24.98963420857889
canoe,nz,canada,emissions|transportation|diesel,Mt CO2-equiv/yr,2040,12.058577016399507
canoe,nz,canada,emissions|transportation|diesel,Mt CO2-equiv/yr,2045,12.76435193969613
canoe,nz,canada,emissions|transportation|diesel,Mt CO2-equiv/yr,2050,13.631470240981884
canoe,nz,canada,emissions|transportation|diesel,Mt CO2/yr,2025,43.756542218780865
canoe,nz,canada,emissions|transportation|diesel,Mt CO2/yr,2030,36.34236692830576
canoe,nz,canada,emissions|transportation|diesel,Mt CO2/yr,2035,24.011413036460386
canoe,nz,canada,emissions|transportation|diesel,Mt CO2/yr,2040,11.586543087959384
canoe,nz,canada,emissions|transportation|diesel,Mt CO2/yr,2045,12.264690364909479
canoe,nz,canada,emissions|transportation|diesel,Mt CO2/yr,2050,13.09786525072327
canoe,nz,canada,emissions|transportation|diesel,kt CH4/yr,2025,2.101136485041396
canoe,nz,canada,emissions|transportation|diesel,kt CH4/yr,2030,1.745116689508175
canoe,nz,canada,emissions|transportation|diesel,kt CH4/yr,2035,1.1529990574990767
canoe,nz,canada,emissions|transportation|diesel,kt CH4/yr,2040,0.5563717964372833
canoe,nz,canada,emissions|transportation|diesel,kt CH4/yr,2045,0.588935671640453
canoe,nz,canada,emissions|transportation|diesel,kt CH4/yr,2050,0.6289437277706942
canoe,nz,canada,emissions|transportation|diesel,kt N2O/yr,2025,6.314296224084615
canoe,nz,canada,emissions|transportation|diesel,kt N2O/yr,2030,5.24439219775754
canoe,nz,canada,emissions|transportation|diesel,kt N2O/yr,2035,3.464971418061782
canoe,nz,canada,emissions|transportation|diesel,kt N2O/yr,2040,1.671998172150395
canoe,nz,canada,emissions|transportation|diesel,kt N2O/yr,2045,1.7698584950852991
canoe,nz,canada,emissions|transportation|diesel,kt N2O/yr,2050,1.8900899591036402
canoe,nz,canada,emissions|transportation|ethanol,Mt CO2-equiv/yr,2025,7.13610307850045
canoe,nz,canada,emissions|transportation|ethanol,Mt CO2-equiv/yr,2030,7.125042245563268
canoe,nz,canada,emissions|transportation|ethanol,Mt CO2-equiv/yr,2035,3.1516087528870846
canoe,nz,canada,emissions|transportation|ethanol,Mt CO2-equiv/yr,2040,1.2532418655133513
canoe,nz,canada,emissions|transportation|ethanol,Mt CO2-equiv/yr,2045,0.8804562323924341
canoe,nz,canada,emissions|transportation|ethanol,Mt CO2-equiv/yr,2050,0.5643812298858879
canoe,nz,canada,emissions|transportation|ethanol,Mt CO2/yr,2025,7.13610307850045
canoe,nz,canada,emissions|transportation|ethanol,Mt CO2/yr,2030,7.125042245563268
canoe,nz,canada,emissions|transportation|ethanol,Mt CO2/yr,2035,3.1516087528870846
canoe,nz,canada,emissions|transportation|ethanol,Mt CO2/yr,2040,1.2532418655133513
canoe,nz,canada,emissions|transportation|ethanol,Mt CO2/yr,2045,0.8804562323924341
canoe,nz,canada,emissions|transportation|ethanol,Mt CO2/yr,2050,0.5643812298858879
canoe,nz,canada,emissions|transportation|gasoline,Mt CO2-equiv/yr,2025,60.45099267624713
canoe,nz,canada,emissions|transportation|gasoline,Mt CO2-equiv/yr,2030,42.27271202677956
canoe,nz,canada,emissions|transportation|gasoline,Mt CO2-equiv/yr,2035,18.698422358805452
canoe,nz,canada,emissions|transportation|gasoline,Mt CO2-equiv/yr,2040,7.435455209228971
canoe,nz,canada,emissions|transportation|gasoline,Mt CO2-equiv/yr,2045,5.223726608397998
canoe,nz,canada,emissions|transportation|gasoline,Mt CO2-equiv/yr,2050,3.348460876725613
canoe,nz,canada,emissions|transportation|gasoline,Mt CO2/yr,2025,58.18238069578334
canoe,nz,canada,emissions|transportation|gasoline,Mt CO2/yr,2030,40.68629670578963
canoe,nz,canada,emissions|transportation|gasoline,Mt CO2/yr,2035,17.99670575993765
canoe,nz,canada,emissions|transportation|gasoline,Mt CO2/yr,2040,7.156416569479938
canoe,nz,canada,emissions|transportation|gasoline,Mt CO2/yr,2045,5.027689980348783
canoe,nz,canada,emissions|transportation|gasoline,Mt CO2/yr,2050,3.2227994421526973
canoe,nz,canada,emissions|transportation|gasoline,kt CH4/yr,2025,68.62674077787042
canoe,nz,canada,emissions|transportation|gasoline,kt CH4/yr,2030,47.989922444718836
canoe,nz,canada,emissions|transportation|gasoline,kt CH4/yr,2035,21.227307069137467
canoe,nz,canada,emissions|transportation|gasoline,kt CH4/yr,2040,8.441069941432453
canoe,nz,canada,emissions|transportation|gasoline,kt CH4/yr,2045,5.930214145016898
canoe,nz,canada,emissions|transportation|gasoline,kt CH4/yr,2050,3.801326436814359
canoe,nz,canada,emissions|transportation|gasoline,kt N2O/yr,2025,1.2712939145913513
canoe,nz,canada,emissions|transportation|gasoline,kt N2O/yr,2030,0.8890018041677886
canoe,nz,canada,emissions|transportation|gasoline,kt N2O/yr,2035,0.39323077264450923
canoe,nz,canada,emissions|transportation|gasoline,kt N2O/yr,2040,0.15636879629643471
canoe,nz,canada,emissions|transportation|gasoline,kt N2O/yr,2045,0.10985579483055674
canoe,nz,canada,emissions|transportation|gasoline,kt N2O/yr,2050,0.07041866059382576
canoe,nz,canada,emissions|transportation|hydrogen,Mt CO2-equiv/yr,2025,-0.353416137165299
canoe,nz,canada,emissions|transportation|hydrogen,Mt CO2-equiv/yr,2030,-0.36491858272048394
canoe,nz,canada,emissions|transportation|hydrogen,Mt CO2-equiv/yr,2035,-0.35613711721057845
canoe,nz,canada,emissions|transportation|hydrogen,Mt CO2-equiv/yr,2040,-0.34942346135136026
canoe,nz,canada,emissions|transportation|hydrogen,Mt CO2-equiv/yr,2045,-0.3541237384890319
canoe,nz,canada,emissions|transportation|hydrogen,Mt CO2/yr,2025,-0.35680356384214024
canoe,nz,canada,emissions|transportation|hydrogen,Mt CO2/yr,2030,-0.36841625815742735
canoe,nz,canada,emissions|transportation|hydrogen,Mt CO2/yr,2035,-0.35955062396533144
canoe,nz,canada,emissions|transportation|hydrogen,Mt CO2/yr,2040,-0.35277261898742535
canoe,nz,canada,emissions|transportation|hydrogen,Mt CO2/yr,2045,-0.35751794739041953
canoe,nz,canada,emissions|transportation|jet fuel,Mt CO2-equiv/yr,2025,32.71263551058496
canoe,nz,canada,emissions|transportation|jet fuel,Mt CO2-equiv/yr,2030,33.714612068062976
canoe,nz,canada,emissions|transportation|jet fuel,Mt CO2-equiv/yr,2035,33.882616526897905
canoe,nz,canada,emissions|transportation|jet fuel,Mt CO2-equiv/yr,2040,34.469023139718004
canoe,nz,canada,emissions|transportation|jet fuel,Mt CO2-equiv/yr,2045,35.83058537623246
canoe,nz,canada,emissions|transportation|jet fuel,Mt CO2-equiv/yr,2050,38.048727586621574
canoe,nz,canada,emissions|transportation|jet fuel,Mt CO2/yr,2025,31.89405654280627
canoe,nz,canada,emissions|transportation|jet fuel,Mt CO2/yr,2030,32.870960313474015
canoe,nz,canada,emissions|transportation|jet fuel,Mt CO2/yr,2035,33.03476074183727
canoe,nz,canada,emissions|transportation|jet fuel,Mt CO2/yr,2040,33.60649351036667
canoe,nz,canada,emissions|transportation|jet fuel,Mt CO2/yr,2045,34.933984930123735
canoe,nz,canada,emissions|transportation|jet fuel,Mt CO2/yr,2050,37.09662184316745
canoe,nz,canada,emissions|transportation|jet fuel,kt CH4/yr,2025,1.006957740886533
canoe,nz,canada,emissions|transportation|jet fuel,kt CH4/yr,2030,1.0378005034763236
canoe,nz,canada,emissions|transportation|jet fuel,kt CH4/yr,2035,1.0429720033474525
canoe,nz,canada,emissions|transportation|jet fuel,kt CH4/yr,2040,1.0610227249988826
canoe,nz,canada,emissions|transportation|jet fuel,kt CH4/yr,2045,1.1029342253215448
canoe,nz,canada,emissions|transportation|jet fuel,kt CH4/yr,2050,1.1712129021776407
canoe,nz,canada,emissions|transportation|jet fuel,kt N2O/yr,2025,2.8951800404171006
canoe,nz,canada,emissions|transportation|jet fuel,kt N2O/yr,2030,2.9838583900791913
canoe,nz,canada,emissions|transportation|jet fuel,kt N2O/yr,2035,2.998727358853125
canoe,nz,canada,emissions|transportation|jet fuel,kt N2O/yr,2040,3.0506263481735054
canoe,nz,canada,emissions|transportation|jet fuel,kt N2O/yr,2045,3.1711292593396454
canoe,nz,canada,emissions|transportation|jet fuel,kt N2O/yr,2050,3.3674424256159385
canoe,nz,canada,emissions|transportation|natural gas,Mt CO2-equiv/yr,2025,10.878117105570562
canoe,nz,canada,emissions|transportation|natural gas,Mt CO2-equiv/yr,2030,11.641571937242274
canoe,nz,canada,emissions|transportation|natural gas,Mt CO2-equiv/yr,2035,15.088284829178447
canoe,nz,canada,emissions|transportation|natural gas,Mt CO2-equiv/yr,2040,15.446092387303027
canoe,nz,canada,emissions|transportation|natural gas,Mt CO2-equiv/yr,2045,15.921160069421111
canoe,nz,canada,emissions|transportation|natural gas,Mt CO2-equiv/yr,2050,16.017211000930892
canoe,nz,canada,emissions|transportation|natural gas,Mt CO2/yr,2025,10.821938103690929
canoe,nz,canada,emissions|transportation|natural gas,Mt CO2/yr,2030,11.58145014544714
canoe,nz,canada,emissions|transportation|natural gas,Mt CO2/yr,2035,15.010362816246195
canoe,nz,canada,emissions|transportation|natural gas,Mt CO2/yr,2040,15.366322511244707
canoe,nz,canada,emissions|transportation|natural gas,Mt CO2/yr,2045,15.838936751471364
canoe,nz,canada,emissions|transportation|natural gas,Mt CO2/yr,2050,15.934491637074535
canoe,nz,canada,emissions|transportation|natural gas,kt CH4/yr,2025,0.20693111629971997
canoe,nz,canada,emissions|transportation|natural gas,kt CH4/yr,2030,0.22145408558098845
canoe,nz,canada,emissions|transportation|natural gas,kt CH4/yr,2035,0.2870198576140685
canoe,nz,canada,emissions|transportation|natural gas,kt CH4/yr,2040,0.2938263220696939
canoe,nz,canada,emissions|transportation|natural gas,kt CH4/yr,2045,0.30286339023365716
canoe,nz,canada,emissions|transportation|natural gas,kt CH4/yr,2050,0.30469053791795336
canoe,nz,canada,emissions|transportation|natural gas,kt N2O/yr,2025,0.1845601847965822
canoe,nz,canada,emissions|transportation|natural gas,kt N2O/yr,2030,0.19751310334394917
canoe,nz,canada,emissions|transportation|natural gas,kt N2O/yr,2035,0.2559906838023126
canoe,nz,canada,emissions|transportation|natural gas,kt N2O/yr,2040,0.26206131426236434
canoe,nz,canada,emissions|transportation|natural gas,kt N2O/yr,2045,0.27012140208378504
canoe,nz,canada,emissions|transportation|natural gas,kt N2O/yr,2050,0.2717510202885984
canoe,nz,canada,emissions|transportation|oil,Mt CO2-equiv/yr,2025,4.941410352743613
canoe,nz,canada,emissions|transportation|oil,Mt CO2-equiv/yr,2030,4.935026771245593
canoe,nz,canada,emissions|transportation|oil,Mt CO2-equiv/yr,2035,0.016435199564764004
canoe,nz,canada,emissions|transportation|oil,Mt CO2/yr,2025,4.925537738700524
canoe,nz,canada,emissions|transportation|oil,Mt CO2/yr,2030,4.919174662304913
canoe,nz,canada,emissions|transportation|oil,Mt CO2/yr,2035,0.0163824070296798
canoe,nz,canada,emissions|transportation|oil,kt CH4/yr,2025,0.044893351719893226
canoe,nz,canada,emissions|transportation|oil,kt CH4/yr,2030,0.0448353560569214
canoe,nz,canada,emissions|transportation|oil,kt N2O/yr,2025,0.053536997051036844
canoe,nz,canada,emissions|transportation|oil,kt N2O/yr,2030,0.05346783505892566
canoe,nz,canada,emissions|upstream|coal,Mt CO2/yr,2025,0.015406329397186981
canoe,nz,canada,emissions|upstream|coal,Mt CO2/yr,2030,0.01852640616128805
canoe,nz,canada,emissions|upstream|coal,Mt CO2/yr,2035,0.020054637606520286
canoe,nz,canada,emissions|upstream|coal,Mt CO2/yr,2040,0.012701341758530023
canoe,nz,canada,emissions|upstream|diesel,Mt CO2/yr,2025,14.024704555840088
canoe,nz,canada,emissions|upstream|diesel,Mt CO2/yr,2030,12.458183054768497
canoe,nz,canada,emissions|upstream|diesel,Mt CO2/yr,2035,9.237780561636002
canoe,nz,canada,emissions|upstream|diesel,Mt CO2/yr,2040,5.999087633188553
canoe,nz,canada,emissions|upstream|diesel,Mt CO2/yr,2045,6.180525642884442
canoe,nz,canada,emissions|upstream|diesel,Mt CO2/yr,2050,6.446569676509964
canoe,nz,canada,emissions|upstream|gasoline,Mt CO2/yr,2025,14.094228252009142
canoe,nz,canada,emissions|upstream|gasoline,Mt CO2/yr,2030,10.16003899307596
canoe,nz,canada,emissions|upstream|gasoline,Mt CO2/yr,2035,4.930639742866197
canoe,nz,canada,emissions|upstream|gasoline,Mt CO2/yr,2040,2.420361021289241
canoe,nz,canada,emissions|upstream|gasoline,Mt CO2/yr,2045,1.9346197652383683
canoe,nz,canada,emissions|upstream|gasoline,Mt CO2/yr,2050,1.534673281484019
canoe,nz,canada,emissions|upstream|jet fuel,Mt CO2/yr,2025,7.06141521260174
canoe,nz,canada,emissions|upstream|jet fuel,Mt CO2/yr,2030,7.277704630443915
canoe,nz,canada,emissions|upstream|jet fuel,Mt CO2/yr,2035,7.313971371315561
canoe,nz,canada,emissions|upstream|jet fuel,Mt CO2/yr,2040,7.440555573618476
canoe,nz,canada,emissions|upstream|jet fuel,Mt CO2/yr,2045,7.734466916348231
canoe,nz,canada,emissions|upstream|jet fuel,Mt CO2/yr,2050,8.213278970687046
canoe,nz,canada,emissions|upstream|lpg,Mt CO2/yr,2025,0.12593286062107864
canoe,nz,canada,emissions|upstream|lpg,Mt CO2/yr,2030,0.08818845799326205
canoe,nz,canada,emissions|upstream|lpg,Mt CO2/yr,2035,0.05044403732620989
canoe,nz,canada,emissions|upstream|natural gas,Mt CO2/yr,2025,13.442031867326545
canoe,nz,canada,emissions|upstream|natural gas,Mt CO2/yr,2030,12.059820534461775
canoe,nz,canada,emissions|upstream|natural gas,Mt CO2/yr,2035,9.5597234267354
canoe,nz,canada,emissions|upstream|natural gas,Mt CO2/yr,2040,7.007445013904168
canoe,nz,canada,emissions|upstream|natural gas,Mt CO2/yr,2045,5.564220941121388
canoe,nz,canada,emissions|upstream|natural gas,Mt CO2/yr,2050,5.1252328960338
canoe,nz,canada,emissions|upstream|oil,Mt CO2/yr,2025,22.081200787266308
canoe,nz,canada,emissions|upstream|oil,Mt CO2/yr,2030,21.35882653222439
canoe,nz,canada,emissions|upstream|oil,Mt CO2/yr,2035,18.931565485984326
canoe,nz,canada,emissions|upstream|oil,Mt CO2/yr,2040,16.903185048296105
canoe,nz,canada,emissions|upstream|oil,Mt CO2/yr,2045,15.144147080023497
canoe,nz,canada,emissions|upstream|oil,Mt CO2/yr,2050,13.958564787085653
canoe,nz,manitoba,emissions|agriculture|diesel,Mt CO2-equiv/yr,2025,1.1825452569311998
canoe,nz,manitoba,emissions|agriculture|diesel,Mt CO2-equiv/yr,2030,1.306650746043604
canoe,nz,manitoba,emissions|agriculture|diesel,Mt CO2-equiv/yr,2035,1.266638238596213
canoe,nz,manitoba,emissions|agriculture|diesel,Mt CO2-equiv/yr,2040,1.2288186578426177
canoe,nz,manitoba,emissions|agriculture|diesel,Mt CO2-equiv/yr,2045,1.232753908574198
canoe,nz,manitoba,emissions|agriculture|diesel,Mt CO2-equiv/yr,2050,1.2548708507252642
canoe,nz,manitoba,emissions|agriculture|diesel,Mt CO2/yr,2025,1.1343889980000001
canoe,nz,manitoba,emissions|agriculture|diesel,Mt CO2/yr,2030,1.253440595066032
canoe,nz,manitoba,emissions|agriculture|diesel,Mt CO2/yr,2035,1.2150574989733682
canoe,nz,manitoba,emissions|agriculture|diesel,Mt CO2/yr,2040,1.1787780280064935
canoe,nz,manitoba,emissions|agriculture|diesel,Mt CO2/yr,2045,1.182553025291469
canoe,nz,manitoba,emissions|agriculture|diesel,Mt CO2/yr,2050,1.2037693091491206
canoe,nz,manitoba,emissions|agriculture|diesel,kt CH4/yr,2025,0.0567602964
canoe,nz,manitoba,emissions|agriculture|diesel,kt CH4/yr,2030,0.06271716300243978
canoe,nz,manitoba,emissions|agriculture|diesel,kt CH4/yr,2035,0.06079662611887485
canoe,nz,manitoba,emissions|agriculture|diesel,kt CH4/yr,2040,0.05898134623785911
canoe,nz,manitoba,emissions|agriculture|diesel,kt CH4/yr,2045,0.05917023203028321
canoe,nz,manitoba,emissions|agriculture|diesel,kt CH4/yr,2050,0.060231810168285244
canoe,nz,manitoba,emissions|agriculture|diesel,kt N2O/yr,2025,0.170574984
canoe,nz,manitoba,emissions|agriculture|diesel,kt N2O/yr,2030,0.18847644840111435
canoe,nz,manitoba,emissions|agriculture|diesel,kt N2O/yr,2035,0.18270488678211091
canoe,nz,manitoba,emissions|agriculture|diesel,kt N2O/yr,2040,0.1772496415438253
canoe,nz,manitoba,emissions|agriculture|diesel,kt N2O/yr,2045,0.1778172776039599
canoe,nz,manitoba,emissions|agriculture|diesel,kt N2O/yr,2050,0.1810075124228261
canoe,nz,manitoba,emissions|commercial|natural gas,Mt CO2-equiv/yr,2025,0.11088269241474386
canoe,nz,manitoba,emissions|commercial|natural gas,Mt CO2-equiv/yr,2030,0.10798973905820278
canoe,nz,manitoba,emissions|commercial|natural gas,Mt CO2-equiv/yr,2035,0.10010602468793187
canoe,nz,manitoba,emissions|commercial|natural gas,Mt CO2-equiv/yr,2040,0.08785115935987658
canoe,nz,manitoba,emissions|commercial|natural gas,Mt CO2-equiv/yr,2045,0.07472240752615697
canoe,nz,manitoba,emissions|commercial|natural gas,Mt CO2-equiv/yr,2050,0.061402687023744566
canoe,nz,manitoba,emissions|commercial|natural gas,Mt CO2/yr,2025,0.110279092480066
canoe,nz,manitoba,emissions|commercial|natural gas,Mt CO2/yr,2030,0.10740188717598476
canoe,nz,manitoba,emissions|commercial|natural gas,Mt CO2/yr,2035,0.099561088515779
canoe,nz,manitoba,emissions|commercial|natural gas,Mt CO2/yr,2040,0.08737293365218314
canoe,nz,manitoba,emissions|commercial|natural gas,Mt CO2/yr,2045,0.07431564936291667
canoe,nz,manitoba,emissions|commercial|natural gas,Mt CO2/yr,2050,0.06106843596012547
canoe,nz,manitoba,emissions|industrial|biomass,Mt CO2-equiv/yr,2025,0.6288619999999999
canoe,nz,manitoba,emissions|industrial|biomass,Mt CO2-equiv/yr,2030,0.6313367737854695
canoe,nz,manitoba,emissions|industrial|biomass,Mt CO2-equiv/yr,2035,0.7196550869037294
canoe,nz,manitoba,emissions|industrial|biomass,Mt CO2-equiv/yr,2040,0.7870230544545616
canoe,nz,manitoba,emissions|industrial|biomass,Mt CO2-equiv/yr,2045,0.8522782357227434
canoe,nz,manitoba,emissions|industrial|biomass,Mt CO2-equiv/yr,2050,0.905502000152319
canoe,nz,manitoba,emissions|industrial|biomass,Mt CO2/yr,2025,0.6288619999999999
canoe,nz,manitoba,emissions|industrial|biomass,Mt CO2/yr,2030,0.6313367737854695
canoe,nz,manitoba,emissions|industrial|biomass,Mt CO2/yr,2035,0.7196550869037294
canoe,nz,manitoba,emissions|industrial|biomass,Mt CO2/yr,2040,0.7870230544545616
canoe,nz,manitoba,emissions|industrial|biomass,Mt CO2/yr,2045,0.8522782357227434
canoe,nz,manitoba,emissions|industrial|biomass,Mt CO2/yr,2050,0.905502000152319
canoe,nz,manitoba,emissions|industrial|natural gas,Mt CO2-equiv/yr,2025,2.0665451299365003
canoe,nz,manitoba,emissions|industrial|natural gas,Mt CO2-equiv/yr,2030,2.0692227936387106
canoe,nz,manitoba,emissions|industrial|natural gas,Mt CO2-equiv/yr,2035,2.118025828916274
canoe,nz,manitoba,emissions|industrial|natural gas,Mt CO2-equiv/yr,2040,2.0326478232479657
canoe,nz,manitoba,emissions|industrial|natural gas,Mt CO2-equiv/yr,2045,1.941022316926301
canoe,nz,manitoba,emissions|industrial|natural gas,Mt CO2-equiv/yr,2050,1.8412745030194781
canoe,nz,manitoba,emissions|industrial|natural gas,Mt CO2/yr,2025,2.055872654028
canoe,nz,manitoba,emissions|industrial|natural gas,Mt CO2/yr,2030,2.05853648919052
canoe,nz,manitoba,emissions|industrial|natural gas,Mt CO2/yr,2035,2.1070874858308826
canoe,nz,manitoba,emissions|industrial|natural gas,Mt CO2/yr,2040,2.0221504067580844
canoe,nz,manitoba,emissions|industrial|natural gas,Mt CO2/yr,2045,1.9309980916552598
canoe,nz,manitoba,emissions|industrial|natural gas,Mt CO2/yr,2050,1.831765415852814
canoe,nz,manitoba,emissions|industrial|natural gas,kt CH4/yr,2025,0.03931126007115
canoe,nz,manitoba,emissions|industrial|natural gas,kt CH4/yr,2030,0.039362196454128445
canoe,nz,manitoba,emissions|industrial|natural gas,kt CH4/yr,2035,0.040290561765035905
canoe,nz,manitoba,emissions|industrial|natural gas,kt CH4/yr,2040,0.03866644190597136
canoe,nz,manitoba,emissions|industrial|natural gas,kt CH4/yr,2045,0.03692347774032915
canoe,nz,manitoba,emissions|industrial|natural gas,kt CH4/yr,2050,0.035026005385520094
canoe,nz,manitoba,emissions|industrial|natural gas,kt N2O/yr,2025,0.03506139411537
canoe,nz,manitoba,emissions|industrial|natural gas,kt N2O/yr,2030,0.035106823862347994
canoe,nz,manitoba,emissions|industrial|natural gas,kt N2O/yr,2035,0.03593482535580947
canoe,nz,manitoba,emissions|industrial|natural gas,kt N2O/yr,2040,0.034486286022137706
canoe,nz,manitoba,emissions|industrial|natural gas,kt N2O/yr,2045,0.03293175041503827
canoe,nz,manitoba,emissions|industrial|natural gas,kt N2O/yr,2050,0.03123941020679846
canoe,nz,manitoba,emissions|industrial|oil,Mt CO2-equiv/yr,2025,2.66300008957
canoe,nz,manitoba,emissions|industrial|oil,Mt CO2-equiv/yr,2030,2.711602870816565
canoe,nz,manitoba,emissions|industrial|oil,Mt CO2-equiv/yr,2035,2.552017356761464
canoe,nz,manitoba,emissions|industrial|oil,Mt CO2-equiv/yr,2040,2.305087789694426
canoe,nz,manitoba,emissions|industrial|oil,Mt CO2-equiv/yr,2045,2.1085319130977545
canoe,nz,manitoba,emissions|industrial|oil,Mt CO2-equiv/yr,2050,1.9144691868148733
canoe,nz,manitoba,emissions|industrial|oil,Mt CO2/yr,2025,2.6544461
canoe,nz,manitoba,emissions|industrial|oil,Mt CO2/yr,2030,2.702892761205306
canoe,nz,manitoba,emissions|industrial|oil,Mt CO2/yr,2035,2.543819861786644
canoe,nz,manitoba,emissions|industrial|oil,Mt CO2/yr,2040,2.2976834726655957
canoe,nz,manitoba,emissions|industrial|oil,Mt CO2/yr,2045,2.1017589655250934
canoe,nz,manitoba,emissions|industrial|oil,Mt CO2/yr,2050,1.9083196002939264
canoe,nz,manitoba,emissions|industrial|oil,kt CH4/yr,2025,0.0241937
canoe,nz,manitoba,emissions|industrial|oil,kt CH4/yr,2030,0.024635262549415796
canoe,nz,manitoba,emissions|industrial|oil,kt CH4/yr,2035,0.02318540752818734
canoe,nz,manitoba,emissions|industrial|oil,kt CH4/yr,2040,0.020942020496339944
canoe,nz,manitoba,emissions|industrial|oil,kt CH4/yr,2045,0.019156284953092267
canoe,nz,manitoba,emissions|industrial|oil,kt CH4/yr,2050,0.017393200002678962
canoe,nz,manitoba,emissions|industrial|oil,kt N2O/yr,2025,0.02885189
canoe,nz,manitoba,emissions|industrial|oil,kt N2O/yr,2030,0.029378469816392864
canoe,nz,manitoba,emissions|industrial|oil,kt N2O/yr,2035,0.02764946360450998
canoe,nz,manitoba,emissions|industrial|oil,kt N2O/yr,2040,0.024974140860560618
canoe,nz,manitoba,emissions|industrial|oil,kt N2O/yr,2045,0.022844584593314513
canoe,nz,manitoba,emissions|industrial|oil,kt N2O/yr,2050,0.020742040003194764
canoe,nz,manitoba,emissions|residential|natural gas,Mt CO2-equiv/yr,2025,0.8958212187516584
canoe,nz,manitoba,emissions|residential|natural gas,Mt CO2-equiv/yr,2030,0.5980534807279074
canoe,nz,manitoba,emissions|residential|natural gas,Mt CO2-equiv/yr,2035,0.3002690366630958
canoe,nz,manitoba,emissions|residential|natural gas,Mt CO2-equiv/yr,2040,0.034653500866904684
canoe,nz,manitoba,emissions|residential|natural gas,Mt CO2/yr,2025,0.89094473516936
canoe,nz,manitoba,emissions|residential|natural gas,Mt CO2/yr,2030,0.5947979226778647
canoe,nz,manitoba,emissions|residential|natural gas,Mt CO2/yr,2035,0.2986344950861497
canoe,nz,manitoba,emissions|residential|natural gas,Mt CO2/yr,2040,0.03446486141015895
canoe,nz,manitoba,emissions|residential|natural gas,kt CH4/yr,2025,0.01703615256744767
canoe,nz,manitoba,emissions|residential|natural gas,kt CH4/yr,2030,0.011373396976878536
canoe,nz,manitoba,emissions|residential|natural gas,kt N2O/yr,2025,0.016115279455229576
canoe,nz,manitoba,emissions|residential|natural gas,kt N2O/yr,2030,0.010758618761602248
canoe,nz,manitoba,emissions|transportation|diesel,Mt CO2-equiv/yr,2025,0.7298475154548788
canoe,nz,manitoba,emissions|transportation|diesel,Mt CO2-equiv/yr,2030,0.6599951482653236
canoe,nz,manitoba,emissions|transportation|diesel,Mt CO2-equiv/yr,2035,0.5462195392006454
canoe,nz,manitoba,emissions|transportation|diesel,Mt CO2-equiv/yr,2040,0.41245150943123154
canoe,nz,manitoba,emissions|transportation|diesel,Mt CO2-equiv/yr,2045,0.4284783552016819
canoe,nz,manitoba,emissions|transportation|diesel,Mt CO2-equiv/yr,2050,0.4587873232641417
canoe,nz,manitoba,emissions|transportation|diesel,Mt CO2/yr,2025,0.7012775792752215
canoe,nz,manitoba,emissions|transportation|diesel,Mt CO2/yr,2030,0.6341595912916754
canoe,nz,manitoba,emissions|transportation|diesel,Mt CO2/yr,2035,0.5248377407745684
canoe,nz,manitoba,emissions|transportation|diesel,Mt CO2/yr,2040,0.39630606642479577
canoe,nz,manitoba,emissions|transportation|diesel,Mt CO2/yr,2045,0.4117055354246855
canoe,nz,manitoba,emissions|transportation|diesel,Mt CO2/yr,2050,0.4408280584386049
canoe,nz,manitoba,emissions|transportation|diesel,kt CH4/yr,2025,0.033674499591964197
canoe,nz,manitoba,emissions|transportation|diesel,kt CH4/yr,2030,0.030451569342543457
canoe,nz,manitoba,emissions|transportation|diesel,kt CH4/yr,2035,0.025202059373685522
canoe,nz,manitoba,emissions|transportation|diesel,kt CH4/yr,2040,0.019030132243533695
canoe,nz,manitoba,emissions|transportation|diesel,kt CH4/yr,2045,0.01976960509673826
canoe,nz,manitoba,emissions|transportation|diesel,kt CH4/yr,2050,0.021168029901327073
canoe,nz,manitoba,emissions|transportation|diesel,kt N2O/yr,2025,0.1011979780483898
canoe,nz,manitoba,emissions|transportation|diesel,kt N2O/yr,2030,0.09151250152061456
canoe,nz,manitoba,emissions|transportation|diesel,kt N2O/yr,2035,0.07573677871265964
canoe,nz,manitoba,emissions|transportation|diesel,kt N2O/yr,2040,0.057188998452070164
canoe,nz,manitoba,emissions|transportation|diesel,kt N2O/yr,2045,0.059411248477244515
canoe,nz,manitoba,emissions|transportation|diesel,kt N2O/yr,2050,0.06361376861538705
canoe,nz,manitoba,emissions|transportation|ethanol,Mt CO2-equiv/yr,2025,0.10561909889772629
canoe,nz,manitoba,emissions|transportation|ethanol,Mt CO2-equiv/yr,2030,0.1323771293191207
canoe,nz,manitoba,emissions|transportation|ethanol,Mt CO2-equiv/yr,2035,0.0984476960359533
canoe,nz,manitoba,emissions|transportation|ethanol,Mt CO2-equiv/yr,2040,0.018254101177647423
canoe,nz,manitoba,emissions|transportation|ethanol,Mt CO2-equiv/yr,2045,0.010900012430662185
canoe,nz,manitoba,emissions|transportation|ethanol,Mt CO2/yr,2025,0.10561909889772629
canoe,nz,manitoba,emissions|transportation|ethanol,Mt CO2/yr,2030,0.1323771293191207
canoe,nz,manitoba,emissions|transportation|ethanol,Mt CO2/yr,2035,0.0984476960359533
canoe,nz,manitoba,emissions|transportation|ethanol,Mt CO2/yr,2040,0.018254101177647423
canoe,nz,manitoba,emissions|transportation|ethanol,Mt CO2/yr,2045,0.010900012430662185
canoe,nz,manitoba,emissions|transportation|gasoline,Mt CO2-equiv/yr,2025,0.8947151272484063
canoe,nz,manitoba,emissions|transportation|gasoline,Mt CO2-equiv/yr,2030,0.7853904684036804
canoe,nz,manitoba,emissions|transportation|gasoline,Mt CO2-equiv/yr,2035,0.584087919874331
canoe,nz,manitoba,emissions|transportation|gasoline,Mt CO2-equiv/yr,2040,0.10830116310831567
canoe,nz,manitoba,emissions|transportation|gasoline,Mt CO2-equiv/yr,2045,0.06466952344831658
canoe,nz,manitoba,emissions|transportation|gasoline,Mt CO2-equiv/yr,2050,0.05715413906478885
canoe,nz,manitoba,emissions|transportation|gasoline,Mt CO2/yr,2025,0.8611381524640785
canoe,nz,manitoba,emissions|transportation|gasoline,Mt CO2/yr,2030,0.7559162423061037
canoe,nz,manitoba,emissions|transportation|gasoline,Mt CO2/yr,2035,0.5621681995519922
canoe,nz,manitoba,emissions|transportation|gasoline,Mt CO2/yr,2040,0.10423682429023322
canoe,nz,manitoba,emissions|transportation|gasoline,Mt CO2/yr,2045,0.06224259794766419
canoe,nz,manitoba,emissions|transportation|gasoline,Mt CO2/yr,2050,0.055009251795362396
canoe,nz,manitoba,emissions|transportation|gasoline,kt CH4/yr,2025,1.015721667906407
canoe,nz,manitoba,emissions|transportation|gasoline,kt CH4/yr,2030,0.8916112986466794
canoe,nz,manitoba,emissions|transportation|gasoline,kt CH4/yr,2035,0.6630834084623956
canoe,nz,manitoba,emissions|transportation|gasoline,kt CH4/yr,2040,0.12294844993499372
canoe,nz,manitoba,emissions|transportation|gasoline,kt CH4/yr,2045,0.0734158104844467
canoe,nz,manitoba,emissions|transportation|gasoline,kt CH4/yr,2050,0.06488400127667056
canoe,nz,manitoba,emissions|transportation|gasoline,kt N2O/yr,2025,0.018816000303840494
canoe,nz,manitoba,emissions|transportation|gasoline,kt N2O/yr,2030,0.016516885477911653
canoe,nz,manitoba,emissions|transportation|gasoline,kt N2O/yr,2035,0.012283461118651326
canoe,nz,manitoba,emissions|transportation|jet fuel,Mt CO2-equiv/yr,2025,0.7700312680628965
canoe,nz,manitoba,emissions|transportation|jet fuel,Mt CO2-equiv/yr,2030,0.8506904041397678
canoe,nz,manitoba,emissions|transportation|jet fuel,Mt CO2-equiv/yr,2035,0.9079015662806436
canoe,nz,manitoba,emissions|transportation|jet fuel,Mt CO2-equiv/yr,2040,0.9714904759305978
canoe,nz,manitoba,emissions|transportation|jet fuel,Mt CO2-equiv/yr,2045,1.0321057562779545
canoe,nz,manitoba,emissions|transportation|jet fuel,Mt CO2-equiv/yr,2050,1.1051749963556037
canoe,nz,manitoba,emissions|transportation|jet fuel,Mt CO2/yr,2025,0.7507625240216441
canoe,nz,manitoba,emissions|transportation|jet fuel,Mt CO2/yr,2030,0.8294033001797506
canoe,nz,manitoba,emissions|transportation|jet fuel,Mt CO2/yr,2035,0.8851828487156772
canoe,nz,manitoba,emissions|transportation|jet fuel,Mt CO2/yr,2040,0.9471805523007275
canoe,nz,manitoba,emissions|transportation|jet fuel,Mt CO2/yr,2045,1.006279036680902
canoe,nz,manitoba,emissions|transportation|jet fuel,Mt CO2/yr,2050,1.0775198412874998
canoe,nz,manitoba,emissions|transportation|jet fuel,kt CH4/yr,2025,0.023703041164314338
canoe,nz,manitoba,emissions|transportation|jet fuel,kt CH4/yr,2030,0.02618588426692969
canoe,nz,manitoba,emissions|transportation|jet fuel,kt CH4/yr,2035,0.027946953703362854
canoe,nz,manitoba,emissions|transportation|jet fuel,kt CH4/yr,2040,0.029904342455664295
canoe,nz,manitoba,emissions|transportation|jet fuel,kt CH4/yr,2045,0.03177019718760811
canoe,nz,manitoba,emissions|transportation|jet fuel,kt CH4/yr,2050,0.034019408716073236
canoe,nz,manitoba,emissions|transportation|jet fuel,kt N2O/yr,2025,0.06815039885952932
canoe,nz,manitoba,emissions|transportation|jet fuel,kt N2O/yr,2030,0.0752890080605973
canoe,nz,manitoba,emissions|transportation|jet fuel,kt N2O/yr,2035,0.08035239143323122
canoe,nz,manitoba,emissions|transportation|jet fuel,kt N2O/yr,2040,0.08598022725681882
canoe,nz,manitoba,emissions|transportation|jet fuel,kt N2O/yr,2045,0.09134488672453946
canoe,nz,manitoba,emissions|transportation|jet fuel,kt N2O/yr,2050,0.09781176419067342
canoe,nz,manitoba,emissions|transportation|natural gas,Mt CO2-equiv/yr,2025,0.6585194470492767
canoe,nz,manitoba,emissions|transportation|natural gas,Mt CO2-equiv/yr,2030,0.7301618819794804
canoe,nz,manitoba,emissions|transportation|natural gas,Mt CO2-equiv/yr,2035,0.7585559833788664
canoe,nz,manitoba,emissions|transportation|natural gas,Mt CO2-equiv/yr,2040,0.7592735471015263
canoe,nz,manitoba,emissions|transportation|natural gas,Mt CO2-equiv/yr,2045,0.7592655720370106
canoe,nz,manitoba,emissions|transportation|natural gas,Mt CO2-equiv/yr,2050,0.7592593889082515
canoe,nz,manitoba,emissions|transportation|natural gas,Mt CO2/yr,2025,0.655118585954059
canoe,nz,manitoba,emissions|transportation|natural gas,Mt CO2/yr,2030,0.7263910303383306
canoe,nz,manitoba,emissions|transportation|natural gas,Mt CO2/yr,2035,0.7546384930997607
canoe,nz,manitoba,emissions|transportation|natural gas,Mt CO2/yr,2040,0.7553523510327758
canoe,nz,manitoba,emissions|transportation|natural gas,Mt CO2/yr,2045,0.7553444171547228
canoe,nz,manitoba,emissions|transportation|natural gas,Mt CO2/yr,2050,0.7553382659581445
canoe,nz,manitoba,emissions|transportation|natural gas,kt CH4/yr,2025,0.012526815345019565
canoe,nz,manitoba,emissions|transportation|natural gas,kt CH4/yr,2030,0.01388964761559196
canoe,nz,manitoba,emissions|transportation|natural gas,kt CH4/yr,2035,0.014429779978746385
canoe,nz,manitoba,emissions|transportation|natural gas,kt CH4/yr,2040,0.014443429975405285
canoe,nz,manitoba,emissions|transportation|natural gas,kt CH4/yr,2045,0.01444327826817629
canoe,nz,manitoba,emissions|transportation|natural gas,kt CH4/yr,2050,0.014443160648396697
canoe,nz,manitoba,emissions|transportation|natural gas,kt N2O/yr,2025,0.011172565036767267
canoe,nz,manitoba,emissions|transportation|natural gas,kt N2O/yr,2030,0.01238806408882514
canoe,nz,manitoba,emissions|transportation|natural gas,kt N2O/yr,2035,0.012869803764041544
canoe,nz,manitoba,emissions|transportation|natural gas,kt N2O/yr,2040,0.012881978085385224
canoe,nz,manitoba,emissions|transportation|natural gas,kt N2O/yr,2045,0.012881842778937749
canoe,nz,manitoba,emissions|transportation|natural gas,kt N2O/yr,2050,0.012881737874810012
canoe,nz,manitoba,emissions|transportation|oil,Mt CO2-equiv/yr,2025,0.011642055640243721
canoe,nz,manitoba,emissions|transportation|oil,Mt CO2-equiv/yr,2030,0.01163920420109208
canoe,nz,manitoba,emissions|transportation|oil,Mt CO2/yr,2025,0.011604659463311528
canoe,nz,manitoba,emissions|transportation|oil,Mt CO2/yr,2030,0.011601817183446385
canoe,nz,manitoba,emissions|upstream|diesel,Mt CO2/yr,2025,0.476602955317635
canoe,nz,manitoba,emissions|upstream|diesel,Mt CO2/yr,2030,0.4910111675410062
canoe,nz,manitoba,emissions|upstream|diesel,Mt CO2/yr,2035,0.4532241262345769
canoe,nz,manitoba,emissions|upstream|diesel,Mt CO2/yr,2040,0.4111304909930561
canoe,nz,manitoba,emissions|upstream|diesel,Mt CO2/yr,2045,0.4160230279619086
canoe,nz,manitoba,emissions|upstream|diesel,Mt CO2/yr,2050,0.42898757123927317
canoe,nz,manitoba,emissions|upstream|gasoline,Mt CO2/yr,2025,0.29068574981983497
canoe,nz,manitoba,emissions|upstream|gasoline,Mt CO2/yr,2030,0.2763310034139769
canoe,nz,manitoba,emissions|upstream|gasoline,Mt CO2/yr,2035,0.22874064935313962
canoe,nz,manitoba,emissions|upstream|gasoline,Mt CO2/yr,2040,0.12073057642894963
canoe,nz,manitoba,emissions|upstream|gasoline,Mt CO2/yr,2045,0.11140894571821361
canoe,nz,manitoba,emissions|upstream|gasoline,Mt CO2/yr,2050,0.11149259490264822
canoe,nz,manitoba,emissions|upstream|jet fuel,Mt CO2/yr,2025,0.16622053514039042
canoe,nz,manitoba,emissions|upstream|jet fuel,Mt CO2/yr,2030,0.18363185662147682
canoe,nz,manitoba,emissions|upstream|jet fuel,Mt CO2/yr,2035,0.19598167512010387
canoe,nz,manitoba,emissions|upstream|jet fuel,Mt CO2/yr,2040,0.20970824453513257
canoe,nz,manitoba,emissions|upstream|jet fuel,Mt CO2/yr,2045,0.22279297238773274
canoe,nz,manitoba,emissions|upstream|jet fuel,Mt CO2/yr,2050,0.23856578461809277
canoe,nz,manitoba,emissions|upstream|natural gas,Mt CO2/yr,2025,0.2096314336273972
canoe,nz,manitoba,emissions|upstream|natural gas,Mt CO2/yr,2030,0.1893650378598552
canoe,nz,manitoba,emissions|upstream|natural gas,Mt CO2/yr,2035,0.17185355223311444
canoe,nz,manitoba,emissions|upstream|natural gas,Mt CO2/yr,2040,0.14712440866335588
canoe,nz,manitoba,emissions|upstream|natural gas,Mt CO2/yr,2045,0.1376663370797313
canoe,nz,manitoba,emissions|upstream|natural gas,Mt CO2/yr,2050,0.12988798743310942
canoe,nz,manitoba,emissions|upstream|oil,Mt CO2/yr,2025,0.4497215265589044
canoe,nz,manitoba,emissions|upstream|oil,Mt CO2/yr,2030,0.4578932495173518
canoe,nz,manitoba,emissions|upstream|oil,Mt CO2/yr,2035,0.4293092401864563
canoe,nz,manitoba,emissions|upstream|oil,Mt CO2/yr,2040,0.38758398904700603
canoe,nz,manitoba,emissions|upstream|oil,Mt CO2/yr,2045,0.35453432282266395
canoe,nz,manitoba,emissions|upstream|oil,Mt CO2/yr,2050,0.3219040000495808
canoe,nz,new brunswick,emissions|agriculture|diesel,Mt CO2-equiv/yr,2025,0.07261550599496269
canoe,nz,new brunswick,emissions|agriculture|diesel,Mt CO2-equiv/yr,2030,0.08023640417898358
canoe,nz,new brunswick,emissions|agriculture|diesel,Mt CO2-equiv/yr,2035,0.0777793363016095
canoe,nz,new brunswick,emissions|agriculture|diesel,Mt CO2-equiv/yr,2040,0.07545698392687936
canoe,nz,new brunswick,emissions|agriculture|diesel,Mt CO2-equiv/yr,2045,0.07569863352222025
canoe,nz,new brunswick,emissions|agriculture|diesel,Mt CO2-equiv/yr,2050,0.07705675014430184
canoe,nz,new brunswick,emissions|agriculture|diesel,Mt CO2/yr,2025,0.06965841738578063
canoe,nz,new brunswick,emissions|agriculture|diesel,Mt CO2/yr,2030,0.07696897315872933
canoe,nz,new brunswick,emissions|agriculture|diesel,Mt CO2/yr,2035,0.07461196335204713
canoe,nz,new brunswick,emissions|agriculture|diesel,Mt CO2/yr,2040,0.07238418308915075
canoe,nz,new brunswick,emissions|agriculture|diesel,Mt CO2/yr,2045,0.07261599209664465
canoe,nz,new brunswick,emissions|agriculture|diesel,Mt CO2/yr,2050,0.07391880274601324
canoe,nz,new brunswick,emissions|agriculture|diesel,kt N2O/yr,2025,0.010474346500180752
canoe,nz,new brunswick,emissions|agriculture|diesel,kt N2O/yr,2030,0.011573614860681753
canoe,nz,new brunswick,emissions|agriculture|diesel,kt N2O/yr,2035,0.011219197715618204
canoe,nz,new brunswick,emissions|agriculture|diesel,kt N2O/yr,2040,0.010884212465083302
canoe,nz,new brunswick,emissions|agriculture|diesel,kt N2O/yr,2045,0.01091906895418364
canoe,nz,new brunswick,emissions|agriculture|diesel,kt N2O/yr,2050,0.01111496904318563
canoe,nz,new brunswick,emissions|commercial|natural gas,Mt CO2-equiv/yr,2025,0.0704548694778764
canoe,nz,new brunswick,emissions|commercial|natural gas,Mt CO2-equiv/yr,2030,0.06861672053940886
canoe,nz,new brunswick,emissions|commercial|natural gas,Mt CO2-equiv/yr,2035,0.06360744747382449
canoe,nz,new brunswick,emissions|commercial|natural gas,Mt CO2-equiv/yr,2040,0.05582071672364666
canoe,nz,new brunswick,emissions|commercial|natural gas,Mt CO2-equiv/yr,2045,0.04747870695194102
canoe,nz,new brunswick,emissions|commercial|natural gas,Mt CO2-equiv/yr,2050,0.039015374927352305
canoe,nz,new brunswick,emissions|commercial|natural gas,Mt CO2/yr,2025,0.07007134204281452
canoe,nz,new brunswick,emissions|commercial|natural gas,Mt CO2/yr,2030,0.06824319923384316
canoe,nz,new brunswick,emissions|commercial|natural gas,Mt CO2/yr,2035,0.06326119459788765
canoe,nz,new brunswick,emissions|commercial|natural gas,Mt CO2/yr,2040,0.055516851618693776
canoe,nz,new brunswick,emissions|commercial|natural gas,Mt CO2/yr,2045,0.04722025232939643
canoe,nz,new brunswick,emissions|commercial|natural gas,Mt CO2/yr,2050,0.038802991215839445
canoe,nz,new brunswick,emissions|electricity|natural gas,Mt CO2-equiv/yr,2025,0.06520274860218793
canoe,nz,new brunswick,emissions|electricity|natural gas,Mt CO2-equiv/yr,2030,0.06535235910197193
canoe,nz,new brunswick,emissions|electricity|natural gas,Mt CO2-equiv/yr,2035,0.06534182463732231
canoe,nz,new brunswick,emissions|electricity|natural gas,Mt CO2-equiv/yr,2040,0.0653804472309002
canoe,nz,new brunswick,emissions|electricity|natural gas,Mt CO2-equiv/yr,2045,0.0653745125515379
canoe,nz,new brunswick,emissions|electricity|natural gas,Mt CO2/yr,2025,0.06430228400305617
canoe,nz,new brunswick,emissions|electricity|natural gas,Mt CO2/yr,2030,0.0644498283482439
canoe,nz,new brunswick,emissions|electricity|natural gas,Mt CO2/yr,2035,0.06443943936691657
canoe,nz,new brunswick,emissions|electricity|natural gas,Mt CO2/yr,2040,0.06447752857380466
canoe,nz,new brunswick,emissions|electricity|natural gas,Mt CO2/yr,2045,0.06447167585369692
canoe,nz,new brunswick,emissions|electricity|natural gas,kt CH4/yr,2025,0.016283265714422273
canoe,nz,new brunswick,emissions|electricity|natural gas,kt CH4/yr,2030,0.0163206283651368
canoe,nz,new brunswick,emissions|electricity|natural gas,kt CH4/yr,2035,0.01631799756366407
canoe,nz,new brunswick,emissions|electricity|natural gas,kt CH4/yr,2040,0.01632764289253887
canoe,nz,new brunswick,emissions|electricity|natural gas,kt CH4/yr,2045,0.016326160808377413
canoe,nz,new brunswick,emissions|industrial|biomass,Mt CO2-equiv/yr,2025,1.454336
canoe,nz,new brunswick,emissions|industrial|biomass,Mt CO2-equiv/yr,2030,1.2722663003444743
canoe,nz,new brunswick,emissions|industrial|biomass,Mt CO2-equiv/yr,2035,1.1970039302419355
canoe,nz,new brunswick,emissions|industrial|biomass,Mt CO2-equiv/yr,2040,1.1229602514696277
canoe,nz,new brunswick,emissions|industrial|biomass,Mt CO2-equiv/yr,2045,1.032460000194346
canoe,nz,new brunswick,emissions|industrial|biomass,Mt CO2-equiv/yr,2050,0.9721920002604387
canoe,nz,new brunswick,emissions|industrial|biomass,Mt CO2/yr,2025,1.454336
canoe,nz,new brunswick,emissions|industrial|biomass,Mt CO2/yr,2030,1.2722663003444743
canoe,nz,new brunswick,emissions|industrial|biomass,Mt CO2/yr,2035,1.1970039302419355
canoe,nz,new brunswick,emissions|industrial|biomass,Mt CO2/yr,2040,1.1229602514696277
canoe,nz,new brunswick,emissions|industrial|biomass,Mt CO2/yr,2045,1.032460000194346
canoe,nz,new brunswick,emissions|industrial|biomass,Mt CO2/yr,2050,0.9721920002604387
canoe,nz,new brunswick,emissions|industrial|natural gas,Mt CO2-equiv/yr,2025,1.4694736755389999
canoe,nz,new brunswick,emissions|industrial|natural gas,Mt CO2-equiv/yr,2030,1.3085517003481426
canoe,nz,new brunswick,emissions|industrial|natural gas,Mt CO2-equiv/yr,2035,1.1339876864185967
canoe,nz,new brunswick,emissions|industrial|natural gas,Mt CO2-equiv/yr,2040,0.9827796355096674
canoe,nz,new brunswick,emissions|industrial|natural gas,Mt CO2-equiv/yr,2045,0.8802241180850465
canoe,nz,new brunswick,emissions|industrial|natural gas,Mt CO2-equiv/yr,2050,0.769153183707549
canoe,nz,new brunswick,emissions|industrial|natural gas,Mt CO2/yr,2025,1.461884718408
canoe,nz,new brunswick,emissions|industrial|natural gas,Mt CO2/yr,2030,1.301793809463165
canoe,nz,new brunswick,emissions|industrial|natural gas,Mt CO2/yr,2035,1.1281313147920984
canoe,nz,new brunswick,emissions|industrial|natural gas,Mt CO2/yr,2040,0.977704163490499
canoe,nz,new brunswick,emissions|industrial|natural gas,Mt CO2/yr,2045,0.8756782842882147
canoe,nz,new brunswick,emissions|industrial|natural gas,Mt CO2/yr,2050,0.7651809651945581
canoe,nz,new brunswick,emissions|industrial|natural gas,kt CH4/yr,2025,0.0279533512189
canoe,nz,new brunswick,emissions|industrial|natural gas,kt CH4/yr,2030,0.024892181382224165
canoe,nz,new brunswick,emissions|industrial|natural gas,kt CH4/yr,2035,0.021571503187860667
canoe,nz,new brunswick,emissions|industrial|natural gas,kt CH4/yr,2040,0.018695118381149352
canoe,nz,new brunswick,emissions|industrial|natural gas,kt CH4/yr,2045,0.016744235935463536
canoe,nz,new brunswick,emissions|industrial|natural gas,kt CH4/yr,2050,0.014631367300558088
canoe,nz,new brunswick,emissions|industrial|natural gas,kt N2O/yr,2025,0.02493136730182
canoe,nz,new brunswick,emissions|industrial|natural gas,kt N2O/yr,2030,0.022201134744951608
canoe,nz,new brunswick,emissions|industrial|natural gas,kt N2O/yr,2035,0.019239448787997545
canoe,nz,new brunswick,emissions|industrial|natural gas,kt N2O/yr,2040,0.016674024501087438
canoe,nz,new brunswick,emissions|industrial|natural gas,kt N2O/yr,2045,0.014934048265852344
canoe,nz,new brunswick,emissions|industrial|natural gas,kt N2O/yr,2050,0.013049597861862619
canoe,nz,new brunswick,emissions|industrial|oil,Mt CO2-equiv/yr,2025,3.1357176352400002
canoe,nz,new brunswick,emissions|industrial|oil,Mt CO2-equiv/yr,2030,2.8983958822694276
canoe,nz,new brunswick,emissions|industrial|oil,Mt CO2-equiv/yr,2035,2.6889549793465215
canoe,nz,new brunswick,emissions|industrial|oil,Mt CO2-equiv/yr,2040,2.487242455844934
canoe,nz,new brunswick,emissions|industrial|oil,Mt CO2-equiv/yr,2045,2.339988725099366
canoe,nz,new brunswick,emissions|industrial|oil,Mt CO2-equiv/yr,2050,2.1858577312694347
canoe,nz,new brunswick,emissions|industrial|oil,Mt CO2/yr,2025,3.1256452000000006
canoe,nz,new brunswick,emissions|industrial|oil,Mt CO2/yr,2030,2.8890857631133047
canoe,nz,new brunswick,emissions|industrial|oil,Mt CO2/yr,2035,2.6803176184475803
canoe,nz,new brunswick,emissions|industrial|oil,Mt CO2/yr,2040,2.47925302839103
canoe,nz,new brunswick,emissions|industrial|oil,Mt CO2/yr,2045,2.3324723005874723
canoe,nz,new brunswick,emissions|industrial|oil,Mt CO2/yr,2050,2.1788364005875414
canoe,nz,new brunswick,emissions|industrial|oil,kt CH4/yr,2025,0.0284884
canoe,nz,new brunswick,emissions|industrial|oil,kt CH4/yr,2030,0.026332301201005496
canoe,nz,new brunswick,emissions|industrial|oil,kt CH4/yr,2035,0.0244295035282258
canoe,nz,new brunswick,emissions|industrial|oil,kt CH4/yr,2040,0.022596919181362946
canoe,nz,new brunswick,emissions|industrial|oil,kt CH4/yr,2045,0.021259100005354463
canoe,nz,new brunswick,emissions|industrial|oil,kt CH4/yr,2050,0.019858800005355094
canoe,nz,new brunswick,emissions|industrial|oil,kt N2O/yr,2025,0.03397348
canoe,nz,new brunswick,emissions|industrial|oil,kt N2O/yr,2030,0.031402251730751334
canoe,nz,new brunswick,emissions|industrial|oil,kt N2O/yr,2035,0.029133094506048382
canoe,nz,new brunswick,emissions|industrial|oil,kt N2O/yr,2040,0.026947669292401482
canoe,nz,new brunswick,emissions|industrial|oil,kt N2O/yr,2045,0.025352270006385395
canoe,nz,new brunswick,emissions|industrial|oil,kt N2O/yr,2050,0.023682360006386148
canoe,nz,new brunswick,emissions|residential|natural gas,Mt CO2-equiv/yr,2025,0.018906119874690614
canoe,nz,new brunswick,emissions|residential|natural gas,Mt CO2-equiv/yr,2030,0.012436090670042334
canoe,nz,new brunswick,emissions|residential|natural gas,Mt CO2/yr,2025,0.018803202706349404
canoe,nz,new brunswick,emissions|residential|natural gas,Mt CO2/yr,2030,0.012368393689092337
canoe,nz,new brunswick,emissions|residential|oil,Mt CO2-equiv/yr,2025,0.24308070449721556
canoe,nz,new brunswick,emissions|residential|oil,Mt CO2-equiv/yr,2030,0.17911209356682845
canoe,nz,new brunswick,emissions|residential|oil,Mt CO2-equiv/yr,2035,0.1151435590400947
canoe,nz,new brunswick,emissions|residential|oil,Mt CO2-equiv/yr,2040,0.0460578151645142
canoe,nz,new brunswick,emissions|residential|oil,Mt CO2/yr,2025,0.23318183823536606
canoe,nz,new brunswick,emissions|residential|oil,Mt CO2/yr,2030,0.17181819229331863
canoe,nz,new brunswick,emissions|residential|oil,Mt CO2/yr,2035,0.1104546196435729
canoe,nz,new brunswick,emissions|residential|oil,Mt CO2/yr,2040,0.04418222346105288
canoe,nz,new brunswick,emissions|residential|oil,kt CH4/yr,2025,0.011667488204373638
canoe,nz,new brunswick,emissions|residential|oil,kt N2O/yr,2025,0.035062917919879324
canoe,nz,new brunswick,emissions|residential|oil,kt N2O/yr,2030,0.02583583360999922
canoe,nz,new brunswick,emissions|residential|oil,kt N2O/yr,2035,0.016608760320882914
canoe,nz,new brunswick,emissions|residential|wood,Mt CO2-equiv/yr,2025,0.06538216802163044
canoe,nz,new brunswick,emissions|residential|wood,Mt CO2-equiv/yr,2030,0.043604179998700324
canoe,nz,new brunswick,emissions|residential|wood,Mt CO2-equiv/yr,2035,0.021828267405964597
canoe,nz,new brunswick,emissions|residential|wood,Mt CO2/yr,2025,0.05391934459753403
canoe,nz,new brunswick,emissions|residential|wood,Mt CO2/yr,2030,0.035959480671626014
canoe,nz,new brunswick,emissions|residential|wood,Mt CO2/yr,2035,0.018001328310801024
canoe,nz,new brunswick,emissions|residential|wood,kt CH4/yr,2025,0.17376632236106368
canoe,nz,new brunswick,emissions|residential|wood,kt CH4/yr,2030,0.11588691882222875
canoe,nz,new brunswick,emissions|residential|wood,kt CH4/yr,2035,0.05801303115848799
canoe,nz,new brunswick,emissions|residential|wood,kt N2O/yr,2025,0.024166177282002235
canoe,nz,new brunswick,emissions|residential|wood,kt N2O/yr,2030,0.01611672380971393
canoe,nz,new brunswick,emissions|transportation|diesel,Mt CO2-equiv/yr,2025,2.4677824485649937
canoe,nz,new brunswick,emissions|transportation|diesel,Mt CO2-equiv/yr,2030,1.9579625089281496
canoe,nz,new brunswick,emissions|transportation|diesel,Mt CO2-equiv/yr,2035,1.1085342146030923
canoe,nz,new brunswick,emissions|transportation|diesel,Mt CO2-equiv/yr,2040,0.24049731515673256
canoe,nz,new brunswick,emissions|transportation|diesel,Mt CO2-equiv/yr,2045,0.24141449063037967
canoe,nz,new brunswick,emissions|transportation|diesel,Mt CO2-equiv/yr,2050,0.24639141734744766
canoe,nz,new brunswick,emissions|transportation|diesel,Mt CO2/yr,2025,2.371180911771785
canoe,nz,new brunswick,emissions|transportation|diesel,Mt CO2/yr,2030,1.8813179129873223
canoe,nz,new brunswick,emissions|transportation|diesel,Mt CO2/yr,2035,1.065140560149307
canoe,nz,new brunswick,emissions|transportation|diesel,Mt CO2/yr,2040,0.23108303166897523
canoe,nz,new brunswick,emissions|transportation|diesel,Mt CO2/yr,2045,0.23196430334322754
canoe,nz,new brunswick,emissions|transportation|diesel,Mt CO2/yr,2050,0.2367464063932565
canoe,nz,new brunswick,emissions|transportation|diesel,kt CH4/yr,2025,0.11386124615303592
canoe,nz,new brunswick,emissions|transportation|diesel,kt CH4/yr,2030,0.09033861706349301
canoe,nz,new brunswick,emissions|transportation|diesel,kt CH4/yr,2035,0.05114675671988458
canoe,nz,new brunswick,emissions|transportation|diesel,kt CH4/yr,2040,0.011096323127239594
canoe,nz,new brunswick,emissions|transportation|diesel,kt CH4/yr,2045,0.011138642450403817
canoe,nz,new brunswick,emissions|transportation|diesel,kt CH4/yr,2050,0.01136827612119439
canoe,nz,new brunswick,emissions|transportation|diesel,kt N2O/yr,2025,0.3421737061770282
canoe,nz,new brunswick,emissions|transportation|diesel,kt N2O/yr,2030,0.2714839269265593
canoe,nz,new brunswick,emissions|transportation|diesel,kt N2O/yr,2035,0.15370529355442802
canoe,nz,new brunswick,emissions|transportation|diesel,kt N2O/yr,2040,0.033346463283932454
canoe,nz,new brunswick,emissions|transportation|diesel,kt N2O/yr,2045,0.033473640524529606
canoe,nz,new brunswick,emissions|transportation|diesel,kt N2O/yr,2050,0.03416373134866708
canoe,nz,new brunswick,emissions|transportation|ethanol,Mt CO2-equiv/yr,2025,0.1594851608634354
canoe,nz,new brunswick,emissions|transportation|ethanol,Mt CO2-equiv/yr,2030,0.16520537296592996
canoe,nz,new brunswick,emissions|transportation|ethanol,Mt CO2-equiv/yr,2035,0.06470990930545448
canoe,nz,new brunswick,emissions|transportation|ethanol,Mt CO2-equiv/yr,2040,0.0127912913957081
canoe,nz,new brunswick,emissions|transportation|ethanol,Mt CO2/yr,2025,0.1594851608634354
canoe,nz,new brunswick,emissions|transportation|ethanol,Mt CO2/yr,2030,0.16520537296592996
canoe,nz,new brunswick,emissions|transportation|ethanol,Mt CO2/yr,2035,0.06470990930545448
canoe,nz,new brunswick,emissions|transportation|ethanol,Mt CO2/yr,2040,0.0127912913957081
canoe,nz,new brunswick,emissions|transportation|gasoline,Mt CO2-equiv/yr,2025,1.3510225658555866
canoe,nz,new brunswick,emissions|transportation|gasoline,Mt CO2-equiv/yr,2030,0.9801596841077224
canoe,nz,new brunswick,emissions|transportation|gasoline,Mt CO2-equiv/yr,2035,0.38392240594108207
canoe,nz,new brunswick,emissions|transportation|gasoline,Mt CO2-equiv/yr,2040,0.07589043811748587
canoe,nz,new brunswick,emissions|transportation|gasoline,Mt CO2-equiv/yr,2045,0.036391733981735556
canoe,nz,new brunswick,emissions|transportation|gasoline,Mt CO2-equiv/yr,2050,0.018056882719456692
canoe,nz,new brunswick,emissions|transportation|gasoline,Mt CO2/yr,2025,1.3003212317155235
canoe,nz,new brunswick,emissions|transportation|gasoline,Mt CO2/yr,2030,0.9433761359194706
canoe,nz,new brunswick,emissions|transportation|gasoline,Mt CO2/yr,2035,0.3695145206255998
canoe,nz,new brunswick,emissions|transportation|gasoline,Mt CO2/yr,2040,0.07304241280815751
canoe,nz,new brunswick,emissions|transportation|gasoline,Mt CO2/yr,2045,0.03502602069820073
canoe,nz,new brunswick,emissions|transportation|gasoline,Mt CO2/yr,2050,0.017379241895813358
canoe,nz,new brunswick,emissions|transportation|gasoline,kt CH4/yr,2025,1.5337428106198083
canoe,nz,new brunswick,emissions|transportation|gasoline,kt CH4/yr,2030,1.1127222496151064
canoe,nz,new brunswick,emissions|transportation|gasoline,kt CH4/yr,2035,0.4358463321262808
canoe,nz,new brunswick,emissions|transportation|gasoline,kt CH4/yr,2040,0.08615430770674724
canoe,nz,new brunswick,emissions|transportation|gasoline,kt CH4/yr,2045,0.04131356630977377
canoe,nz,new brunswick,emissions|transportation|gasoline,kt CH4/yr,2050,0.02049900183246242
canoe,nz,new brunswick,emissions|transportation|gasoline,kt N2O/yr,2025,0.028412217738860594
canoe,nz,new brunswick,emissions|transportation|gasoline,kt N2O/yr,2030,0.020612912816956014
canoe,nz,new brunswick,emissions|transportation|hydrogen,Mt CO2-equiv/yr,2025,-0.014052455069490707
canoe,nz,new brunswick,emissions|transportation|hydrogen,Mt CO2-equiv/yr,2030,-0.0140577498745944
canoe,nz,new brunswick,emissions|transportation|hydrogen,Mt CO2-equiv/yr,2035,-0.014053373908342793
canoe,nz,new brunswick,emissions|transportation|hydrogen,Mt CO2-equiv/yr,2040,-0.013357311687116612
canoe,nz,new brunswick,emissions|transportation|hydrogen,Mt CO2-equiv/yr,2045,-0.013937196937515625
canoe,nz,new brunswick,emissions|transportation|hydrogen,Mt CO2/yr,2025,-0.014187145187376416
canoe,nz,new brunswick,emissions|transportation|hydrogen,Mt CO2/yr,2030,-0.014192490742183279
canoe,nz,new brunswick,emissions|transportation|hydrogen,Mt CO2/yr,2035,-0.014188072833124711
canoe,nz,new brunswick,emissions|transportation|hydrogen,Mt CO2/yr,2040,-0.013485338987462151
canoe,nz,new brunswick,emissions|transportation|hydrogen,Mt CO2/yr,2045,-0.014070782328056093
canoe,nz,new brunswick,emissions|transportation|jet fuel,Mt CO2-equiv/yr,2025,1.5308427682921963
canoe,nz,new brunswick,emissions|transportation|jet fuel,Mt CO2-equiv/yr,2030,1.4562312928309413
canoe,nz,new brunswick,emissions|transportation|jet fuel,Mt CO2-equiv/yr,2035,1.4067084187892078
canoe,nz,new brunswick,emissions|transportation|jet fuel,Mt CO2-equiv/yr,2040,1.3619153224109155
canoe,nz,new brunswick,emissions|transportation|jet fuel,Mt CO2-equiv/yr,2045,1.3449228206715609
canoe,nz,new brunswick,emissions|transportation|jet fuel,Mt CO2-equiv/yr,2050,1.3558339868808098
canoe,nz,new brunswick,emissions|transportation|jet fuel,Mt CO2/yr,2025,1.492535989472904
canoe,nz,new brunswick,emissions|transportation|jet fuel,Mt CO2/yr,2030,1.4197915413426556
canoe,nz,new brunswick,emissions|transportation|jet fuel,Mt CO2/yr,2035,1.3715078943604906
canoe,nz,new brunswick,emissions|transportation|jet fuel,Mt CO2/yr,2040,1.327835670269761
canoe,nz,new brunswick,emissions|transportation|jet fuel,Mt CO2/yr,2045,1.3112683774540126
canoe,nz,new brunswick,emissions|transportation|jet fuel,Mt CO2/yr,2050,1.3219065099858025
canoe,nz,new brunswick,emissions|transportation|jet fuel,kt CH4/yr,2025,0.047122280169484006
canoe,nz,new brunswick,emissions|transportation|jet fuel,kt CH4/yr,2030,0.04482559567427218
canoe,nz,new brunswick,emissions|transportation|jet fuel,kt CH4/yr,2035,0.043301186509772535
canoe,nz,new brunswick,emissions|transportation|jet fuel,kt CH4/yr,2040,0.04192236898460543
canoe,nz,new brunswick,emissions|transportation|jet fuel,kt CH4/yr,2045,0.0413993071494337
canoe,nz,new brunswick,emissions|transportation|jet fuel,kt CH4/yr,2050,0.04173517379866615
canoe,nz,new brunswick,emissions|transportation|jet fuel,kt N2O/yr,2025,0.13548481675658097
canoe,nz,new brunswick,emissions|transportation|jet fuel,kt N2O/yr,2030,0.1288814461883001
canoe,nz,new brunswick,emissions|transportation|jet fuel,kt N2O/yr,2035,0.12449850258770506
canoe,nz,new brunswick,emissions|transportation|jet fuel,kt N2O/yr,2040,0.12053416047467204
canoe,nz,new brunswick,emissions|transportation|jet fuel,kt N2O/yr,2045,0.11903026599767053
canoe,nz,new brunswick,emissions|transportation|jet fuel,kt N2O/yr,2050,0.11999594149686621
canoe,nz,new brunswick,emissions|transportation|natural gas,Mt CO2-equiv/yr,2025,1.217845106988554
canoe,nz,new brunswick,emissions|transportation|natural gas,Mt CO2-equiv/yr,2030,1.2175835512082596
canoe,nz,new brunswick,emissions|transportation|natural gas,Mt CO2-equiv/yr,2035,1.648946230109305
canoe,nz,new brunswick,emissions|transportation|natural gas,Mt CO2-equiv/yr,2040,1.6489574918087646
canoe,nz,new brunswick,emissions|transportation|natural gas,Mt CO2-equiv/yr,2045,1.6496934560424903
canoe,nz,new brunswick,emissions|transportation|natural gas,Mt CO2-equiv/yr,2050,1.6327234466585467
canoe,nz,new brunswick,emissions|transportation|natural gas,Mt CO2/yr,2025,1.2115556616837617
canoe,nz,new brunswick,emissions|transportation|natural gas,Mt CO2/yr,2030,1.211295456683435
canoe,nz,new brunswick,emissions|transportation|natural gas,Mt CO2/yr,2035,1.6404304040282194
canoe,nz,new brunswick,emissions|transportation|natural gas,Mt CO2/yr,2040,1.6404416075677024
canoe,nz,new brunswick,emissions|transportation|natural gas,Mt CO2/yr,2045,1.641173770984093
canoe,nz,new brunswick,emissions|transportation|natural gas,Mt CO2/yr,2050,1.6242914016006957
canoe,nz,new brunswick,emissions|transportation|natural gas,kt CH4/yr,2025,0.023166697418640754
canoe,nz,new brunswick,emissions|transportation|natural gas,kt CH4/yr,2030,0.023161721922507948
canoe,nz,new brunswick,emissions|transportation|natural gas,kt CH4/yr,2035,0.031367403090374835
canoe,nz,new brunswick,emissions|transportation|natural gas,kt CH4/yr,2040,0.0313676173182617
canoe,nz,new brunswick,emissions|transportation|natural gas,kt CH4/yr,2045,0.03138161734225148
canoe,nz,new brunswick,emissions|transportation|natural gas,kt CH4/yr,2050,0.031058802010208584
canoe,nz,new brunswick,emissions|transportation|natural gas,kt N2O/yr,2025,0.020662189588336103
canoe,nz,new brunswick,emissions|transportation|natural gas,kt N2O/yr,2030,0.020657751983677388
canoe,nz,new brunswick,emissions|transportation|natural gas,kt N2O/yr,2035,0.027976332484300703
canoe,nz,new brunswick,emissions|transportation|natural gas,kt N2O/yr,2040,0.02797652355241601
canoe,nz,new brunswick,emissions|transportation|natural gas,kt N2O/yr,2045,0.027989010060298015
canoe,nz,new brunswick,emissions|transportation|natural gas,kt N2O/yr,2050,0.027701093683088162
canoe,nz,new brunswick,emissions|transportation|oil,Mt CO2-equiv/yr,2025,0.7185203656341986
canoe,nz,new brunswick,emissions|transportation|oil,Mt CO2-equiv/yr,2030,0.7164649583699051
canoe,nz,new brunswick,emissions|transportation|oil,Mt CO2/yr,2025,0.71621236131323
canoe,nz,new brunswick,emissions|transportation|oil,Mt CO2/yr,2030,0.7141635563514935
canoe,nz,new brunswick,emissions|upstream|diesel,Mt CO2/yr,2025,0.6184345011848114
canoe,nz,new brunswick,emissions|upstream|diesel,Mt CO2/yr,2030,0.49639539369741137
canoe,nz,new brunswick,emissions|upstream|diesel,Mt CO2/yr,2035,0.28922487756230003
canoe,nz,new brunswick,emissions|upstream|diesel,Mt CO2/yr,2040,0.07756649411711584
canoe,nz,new brunswick,emissions|upstream|diesel,Mt CO2/yr,2045,0.07785064335509925
canoe,nz,new brunswick,emissions|upstream|diesel,Mt CO2/yr,2050,0.07940437160053271
canoe,nz,new brunswick,emissions|upstream|gasoline,Mt CO2/yr,2025,0.3010294752731131
canoe,nz,new brunswick,emissions|upstream|gasoline,Mt CO2/yr,2030,0.21945432578662613
canoe,nz,new brunswick,emissions|upstream|gasoline,Mt CO2/yr,2035,0.08774055286740404
canoe,nz,new brunswick,emissions|upstream|gasoline,Mt CO2/yr,2040,0.019653813295250525
canoe,nz,new brunswick,emissions|upstream|gasoline,Mt CO2/yr,2045,0.010947517348069579
canoe,nz,new brunswick,emissions|upstream|jet fuel,Mt CO2/yr,2025,0.3304508221876951
canoe,nz,new brunswick,emissions|upstream|jet fuel,Mt CO2/yr,2030,0.3143451177048723
canoe,nz,new brunswick,emissions|upstream|jet fuel,Mt CO2/yr,2035,0.3036551109359557
canoe,nz,new brunswick,emissions|upstream|jet fuel,Mt CO2/yr,2040,0.29398611965779164
canoe,nz,new brunswick,emissions|upstream|jet fuel,Mt CO2/yr,2045,0.29031827076526806
canoe,nz,new brunswick,emissions|upstream|jet fuel,Mt CO2/yr,2050,0.29267352166884847
canoe,nz,new brunswick,emissions|upstream|natural gas,Mt CO2/yr,2025,0.11172833887234893
canoe,nz,new brunswick,emissions|upstream|natural gas,Mt CO2/yr,2030,0.10017146213357703
canoe,nz,new brunswick,emissions|upstream|natural gas,Mt CO2/yr,2035,0.0874700384025276
canoe,nz,new brunswick,emissions|upstream|natural gas,Mt CO2/yr,2040,0.07625661632336918
canoe,nz,new brunswick,emissions|upstream|natural gas,Mt CO2/yr,2045,0.06870932602162226
canoe,nz,new brunswick,emissions|upstream|natural gas,Mt CO2/yr,2050,0.055088298538917155
canoe,nz,new brunswick,emissions|upstream|oil,Mt CO2/yr,2025,0.698439703126012
canoe,nz,new brunswick,emissions|upstream|oil,Mt CO2/yr,2030,0.6449328783045397
canoe,nz,new brunswick,emissions|upstream|oil,Mt CO2/yr,2035,0.47657173188928553
canoe,nz,new brunswick,emissions|upstream|oil,Mt CO2/yr,2040,0.42793840393808175
canoe,nz,new brunswick,emissions|upstream|oil,Mt CO2/yr,2045,0.39345205908563435
canoe,nz,new brunswick,emissions|upstream|oil,Mt CO2/yr,2050,0.367536018269953
canoe,nz,newfoundland and labrador,emissions|agriculture|diesel,Mt CO2-equiv/yr,2025,0.03797203911517879
canoe,nz,newfoundland and labrador,emissions|agriculture|diesel,Mt CO2-equiv/yr,2030,0.041957122143336134
canoe,nz,newfoundland and labrador,emissions|agriculture|diesel,Mt CO2-equiv/yr,2035,0.04067230863114979
canoe,nz,newfoundland and labrador,emissions|agriculture|diesel,Mt CO2-equiv/yr,2040,0.03945790666771523
canoe,nz,newfoundland and labrador,emissions|agriculture|diesel,Mt CO2-equiv/yr,2045,0.03958427053852806
canoe,nz,newfoundland and labrador,emissions|agriculture|diesel,Mt CO2-equiv/yr,2050,0.040294456417555906
canoe,nz,newfoundland and labrador,emissions|agriculture|diesel,Mt CO2/yr,2025,0.03642572083513127
canoe,nz,newfoundland and labrador,emissions|agriculture|diesel,Mt CO2/yr,2030,0.04024852111847064
canoe,nz,newfoundland and labrador,emissions|agriculture|diesel,Mt CO2/yr,2035,0.03901602848940357
canoe,nz,newfoundland and labrador,emissions|agriculture|diesel,Mt CO2/yr,2040,0.03785108007123922
canoe,nz,newfoundland and labrador,emissions|agriculture|diesel,Mt CO2/yr,2045,0.03797229808294285
canoe,nz,newfoundland and labrador,emissions|agriculture|diesel,Mt CO2/yr,2050,0.03865356338165524
canoe,nz,newfoundland and labrador,emissions|industrial|biomass,Mt CO2-equiv/yr,2025,0.27170000000000005
canoe,nz,newfoundland and labrador,emissions|industrial|biomass,Mt CO2-equiv/yr,2030,0.32999199999999995
canoe,nz,newfoundland and labrador,emissions|industrial|biomass,Mt CO2-equiv/yr,2035,0.38433200000000006
canoe,nz,newfoundland and labrador,emissions|industrial|biomass,Mt CO2-equiv/yr,2040,0.40656200000000003
canoe,nz,newfoundland and labrador,emissions|industrial|biomass,Mt CO2-equiv/yr,2045,0.445094
canoe,nz,newfoundland and labrador,emissions|industrial|biomass,Mt CO2-equiv/yr,2050,0.45843199999999995
canoe,nz,newfoundland and labrador,emissions|industrial|biomass,Mt CO2/yr,2025,0.27170000000000005
canoe,nz,newfoundland and labrador,emissions|industrial|biomass,Mt CO2/yr,2030,0.32999199999999995
canoe,nz,newfoundland and labrador,emissions|industrial|biomass,Mt CO2/yr,2035,0.38433200000000006
canoe,nz,newfoundland and labrador,emissions|industrial|biomass,Mt CO2/yr,2040,0.40656200000000003
canoe,nz,newfoundland and labrador,emissions|industrial|biomass,Mt CO2/yr,2045,0.445094
canoe,nz,newfoundland and labrador,emissions|industrial|biomass,Mt CO2/yr,2050,0.45843199999999995
canoe,nz,newfoundland and labrador,emissions|industrial|natural gas,Mt CO2-equiv/yr,2025,1.0799432157705002
canoe,nz,newfoundland and labrador,emissions|industrial|natural gas,Mt CO2-equiv/yr,2030,1.2577610026260002
canoe,nz,newfoundland and labrador,emissions|industrial|natural gas,Mt CO2-equiv/yr,2035,0.8692734624285001
canoe,nz,newfoundland and labrador,emissions|industrial|natural gas,Mt CO2-equiv/yr,2040,0.45419147317050007
canoe,nz,newfoundland and labrador,emissions|industrial|natural gas,Mt CO2-equiv/yr,2045,0.3603287117805
canoe,nz,newfoundland and labrador,emissions|industrial|natural gas,Mt CO2-equiv/yr,2050,0.2132770522695
canoe,nz,newfoundland and labrador,emissions|industrial|natural gas,Mt CO2/yr,2025,1.074365951676
canoe,nz,newfoundland and labrador,emissions|industrial|natural gas,Mt CO2/yr,2030,1.251265415472
canoe,nz,newfoundland and labrador,emissions|industrial|natural gas,Mt CO2/yr,2035,0.864784182252
canoe,nz,newfoundland and labrador,emissions|industrial|natural gas,Mt CO2/yr,2040,0.451845844476
canoe,nz,newfoundland and labrador,emissions|industrial|natural gas,Mt CO2/yr,2045,0.358467828396
canoe,nz,newfoundland and labrador,emissions|industrial|natural gas,Mt CO2/yr,2050,0.212175603204
canoe,nz,newfoundland and labrador,emissions|industrial|natural gas,kt CH4/yr,2025,0.020543431644550005
canoe,nz,newfoundland and labrador,emissions|industrial|natural gas,kt CH4/yr,2030,0.023926005372600003
canoe,nz,newfoundland and labrador,emissions|industrial|natural gas,kt CH4/yr,2035,0.01653592494035
canoe,nz,newfoundland and labrador,emissions|industrial|natural gas,kt N2O/yr,2025,0.018322520114290003
canoe,nz,newfoundland and labrador,emissions|industrial|natural gas,kt N2O/yr,2030,0.02133941019588
canoe,nz,newfoundland and labrador,emissions|industrial|natural gas,kt N2O/yr,2035,0.01474825737833
canoe,nz,newfoundland and labrador,emissions|industrial|oil,Mt CO2-equiv/yr,2025,1.8436721750000005
canoe,nz,newfoundland and labrador,emissions|industrial|oil,Mt CO2-equiv/yr,2030,1.5295104363799998
canoe,nz,newfoundland and labrador,emissions|industrial|oil,Mt CO2-equiv/yr,2035,1.26402164318
canoe,nz,newfoundland and labrador,emissions|industrial|oil,Mt CO2-equiv/yr,2040,1.10104102291
canoe,nz,newfoundland and labrador,emissions|industrial|oil,Mt CO2-equiv/yr,2045,1.06269264167
canoe,nz,newfoundland and labrador,emissions|industrial|oil,Mt CO2-equiv/yr,2050,0.9564971243900001
canoe,nz,newfoundland and labrador,emissions|industrial|oil,Mt CO2/yr,2025,1.8377500000000004
canoe,nz,newfoundland and labrador,emissions|industrial|oil,Mt CO2/yr,2030,1.5245973999999998
canoe,nz,newfoundland and labrador,emissions|industrial|oil,Mt CO2/yr,2035,1.2599614000000001
canoe,nz,newfoundland and labrador,emissions|industrial|oil,Mt CO2/yr,2040,1.0975043
canoe,nz,newfoundland and labrador,emissions|industrial|oil,Mt CO2/yr,2045,1.0592791
canoe,nz,newfoundland and labrador,emissions|industrial|oil,Mt CO2/yr,2050,0.9534247000000001
canoe,nz,newfoundland and labrador,emissions|industrial|oil,kt CH4/yr,2025,0.016750000000000004
canoe,nz,newfoundland and labrador,emissions|industrial|oil,kt CH4/yr,2030,0.0138958
canoe,nz,newfoundland and labrador,emissions|industrial|oil,kt CH4/yr,2035,0.0114838
canoe,nz,newfoundland and labrador,emissions|industrial|oil,kt CH4/yr,2040,0.0100031
canoe,nz,newfoundland and labrador,emissions|industrial|oil,kt N2O/yr,2025,0.019975000000000007
canoe,nz,newfoundland and labrador,emissions|industrial|oil,kt N2O/yr,2030,0.016571259999999997
canoe,nz,newfoundland and labrador,emissions|industrial|oil,kt N2O/yr,2035,0.013694860000000001
canoe,nz,newfoundland and labrador,emissions|industrial|oil,kt N2O/yr,2040,0.011929070000000002
canoe,nz,newfoundland and labrador,emissions|industrial|oil,kt N2O/yr,2045,0.01151359
canoe,nz,newfoundland and labrador,emissions|industrial|oil,kt N2O/yr,2050,0.010363030000000002
canoe,nz,newfoundland and labrador,emissions|residential|oil,Mt CO2-equiv/yr,2025,0.1466477832895047
canoe,nz,newfoundland and labrador,emissions|residential|oil,Mt CO2-equiv/yr,2030,0.10568097154707354
canoe,nz,newfoundland and labrador,emissions|residential|oil,Mt CO2-equiv/yr,2035,0.06403818925289405
canoe,nz,newfoundland and labrador,emissions|residential|oil,Mt CO2-equiv/yr,2040,0.025434876058655593
canoe,nz,newfoundland and labrador,emissions|residential|oil,Mt CO2/yr,2025,0.14067591153036177
canoe,nz,newfoundland and labrador,emissions|residential|oil,Mt CO2/yr,2030,0.10137737284749519
canoe,nz,newfoundland and labrador,emissions|residential|oil,Mt CO2/yr,2035,0.061430390857803135
canoe,nz,newfoundland and labrador,emissions|residential|oil,Mt CO2/yr,2040,0.024399103034169263
canoe,nz,newfoundland and labrador,emissions|residential|oil,kt N2O/yr,2025,0.02115305367099203
canoe,nz,newfoundland and labrador,emissions|residential|oil,kt N2O/yr,2030,0.015243839443005181
canoe,nz,newfoundland and labrador,emissions|transportation|diesel,Mt CO2-equiv/yr,2025,2.448573013710539
canoe,nz,newfoundland and labrador,emissions|transportation|diesel,Mt CO2-equiv/yr,2030,1.7438860135526377
canoe,nz,newfoundland and labrador,emissions|transportation|diesel,Mt CO2-equiv/yr,2035,0.9562598241211492
canoe,nz,newfoundland and labrador,emissions|transportation|diesel,Mt CO2-equiv/yr,2040,0.15432158091827178
canoe,nz,newfoundland and labrador,emissions|transportation|diesel,Mt CO2-equiv/yr,2045,0.15812746711707754
canoe,nz,newfoundland and labrador,emissions|transportation|diesel,Mt CO2-equiv/yr,2050,0.16163530650612687
canoe,nz,newfoundland and labrador,emissions|transportation|diesel,Mt CO2/yr,2025,2.3527234317997756
canoe,nz,newfoundland and labrador,emissions|transportation|diesel,Mt CO2/yr,2030,1.675621459143822
canoe,nz,newfoundland and labrador,emissions|transportation|diesel,Mt CO2/yr,2035,0.9188269627990506
canoe,nz,newfoundland and labrador,emissions|transportation|diesel,Mt CO2/yr,2040,0.14828065328916115
canoe,nz,newfoundland and labrador,emissions|transportation|diesel,Mt CO2/yr,2045,0.15193755692968183
canoe,nz,newfoundland and labrador,emissions|transportation|diesel,Mt CO2/yr,2050,0.1553080793948513
canoe,nz,newfoundland and labrador,emissions|transportation|diesel,kt CH4/yr,2025,0.11297494013297776
canoe,nz,newfoundland and labrador,emissions|transportation|diesel,kt CH4/yr,2030,0.08046132080353939
canoe,nz,newfoundland and labrador,emissions|transportation|diesel,kt CH4/yr,2035,0.04412095390973952
canoe,nz,newfoundland and labrador,emissions|transportation|diesel,kt N2O/yr,2025,0.3395101958693864
canoe,nz,newfoundland and labrador,emissions|transportation|diesel,kt N2O/yr,2030,0.24180086044586963
canoe,nz,newfoundland and labrador,emissions|transportation|diesel,kt N2O/yr,2035,0.13259148164992512
canoe,nz,newfoundland and labrador,emissions|transportation|diesel,kt N2O/yr,2040,0.02139765095463099
canoe,nz,newfoundland and labrador,emissions|transportation|diesel,kt N2O/yr,2045,0.02192536599260098
canoe,nz,newfoundland and labrador,emissions|transportation|diesel,kt N2O/yr,2050,0.022411763023621183
canoe,nz,newfoundland and labrador,emissions|transportation|ethanol,Mt CO2-equiv/yr,2025,0.19768538288230675
canoe,nz,newfoundland and labrador,emissions|transportation|ethanol,Mt CO2-equiv/yr,2030,0.20403331795066015
canoe,nz,newfoundland and labrador,emissions|transportation|ethanol,Mt CO2-equiv/yr,2035,0.08146695847704105
canoe,nz,newfoundland and labrador,emissions|transportation|ethanol,Mt CO2/yr,2025,0.19768538288230675
canoe,nz,newfoundland and labrador,emissions|transportation|ethanol,Mt CO2/yr,2030,0.20403331795066015
canoe,nz,newfoundland and labrador,emissions|transportation|ethanol,Mt CO2/yr,2035,0.08146695847704105
canoe,nz,newfoundland and labrador,emissions|transportation|gasoline,Mt CO2-equiv/yr,2025,1.6746223395823783
canoe,nz,newfoundland and labrador,emissions|transportation|gasoline,Mt CO2-equiv/yr,2030,1.2105249900753057
canoe,nz,newfoundland and labrador,emissions|transportation|gasoline,Mt CO2-equiv/yr,2035,0.4833415938750428
canoe,nz,newfoundland and labrador,emissions|transportation|gasoline,Mt CO2-equiv/yr,2040,0.037698358811928914
canoe,nz,newfoundland and labrador,emissions|transportation|gasoline,Mt CO2-equiv/yr,2045,0.016868280061277774
canoe,nz,newfoundland and labrador,emissions|transportation|gasoline,Mt CO2/yr,2025,1.6117769149807464
canoe,nz,newfoundland and labrador,emissions|transportation|gasoline,Mt CO2/yr,2030,1.1650962655241086
canoe,nz,newfoundland and labrador,emissions|transportation|gasoline,Mt CO2/yr,2035,0.46520269355302635
canoe,nz,newfoundland and labrador,emissions|transportation|gasoline,Mt CO2/yr,2040,0.036283610357712555
canoe,nz,newfoundland and labrador,emissions|transportation|gasoline,Mt CO2/yr,2045,0.016235245258329537
canoe,nz,newfoundland and labrador,emissions|transportation|gasoline,kt CH4/yr,2025,1.9011081226546598
canoe,nz,newfoundland and labrador,emissions|transportation|gasoline,kt CH4/yr,2030,1.374243515635011
canoe,nz,newfoundland and labrador,emissions|transportation|gasoline,kt CH4/yr,2035,0.5487115562795176
canoe,nz,newfoundland and labrador,emissions|transportation|gasoline,kt CH4/yr,2040,0.04279690677360774
canoe,nz,newfoundland and labrador,emissions|transportation|gasoline,kt CH4/yr,2045,0.019149645553937927
canoe,nz,newfoundland and labrador,emissions|transportation|gasoline,kt CH4/yr,2050,0.010193124480890494
canoe,nz,newfoundland and labrador,emissions|transportation|gasoline,kt N2O/yr,2025,0.03521757204139887
canoe,nz,newfoundland and labrador,emissions|transportation|gasoline,kt N2O/yr,2030,0.02545753155097784
canoe,nz,newfoundland and labrador,emissions|transportation|gasoline,kt N2O/yr,2035,0.010164749986043954
canoe,nz,newfoundland and labrador,emissions|transportation|jet fuel,Mt CO2-equiv/yr,2025,1.362665726609123
canoe,nz,newfoundland and labrador,emissions|transportation|jet fuel,Mt CO2-equiv/yr,2030,1.2911494429787806
canoe,nz,newfoundland and labrador,emissions|transportation|jet fuel,Mt CO2-equiv/yr,2035,1.242735025147878
canoe,nz,newfoundland and labrador,emissions|transportation|jet fuel,Mt CO2-equiv/yr,2040,1.1994872257502538
canoe,nz,newfoundland and labrador,emissions|transportation|jet fuel,Mt CO2-equiv/yr,2045,1.181532392515893
canoe,nz,newfoundland and labrador,emissions|transportation|jet fuel,Mt CO2-equiv/yr,2050,1.1884628104385564
canoe,nz,newfoundland and labrador,emissions|transportation|jet fuel,Mt CO2/yr,2025,1.3285672968585098
canoe,nz,newfoundland and labrador,emissions|transportation|jet fuel,Mt CO2/yr,2030,1.2588405885625837
canoe,nz,newfoundland and labrador,emissions|transportation|jet fuel,Mt CO2/yr,2035,1.2116376605292791
canoe,nz,newfoundland and labrador,emissions|transportation|jet fuel,Mt CO2/yr,2040,1.1694720649479193
canoe,nz,newfoundland and labrador,emissions|transportation|jet fuel,Mt CO2/yr,2045,1.1519665213726218
canoe,nz,newfoundland and labrador,emissions|transportation|jet fuel,Mt CO2/yr,2050,1.1587235171829773
canoe,nz,newfoundland and labrador,emissions|transportation|jet fuel,kt CH4/yr,2025,0.04194546786686866
canoe,nz,newfoundland and labrador,emissions|transportation|jet fuel,kt CH4/yr,2030,0.039744059320079204
canoe,nz,newfoundland and labrador,emissions|transportation|jet fuel,kt CH4/yr,2035,0.03825377056637827
canoe,nz,newfoundland and labrador,emissions|transportation|jet fuel,kt CH4/yr,2040,0.036922520249794824
canoe,nz,newfoundland and labrador,emissions|transportation|jet fuel,kt CH4/yr,2045,0.03636983600318875
canoe,nz,newfoundland and labrador,emissions|transportation|jet fuel,kt CH4/yr,2050,0.03658316757571053
canoe,nz,newfoundland and labrador,emissions|transportation|jet fuel,kt N2O/yr,2025,0.12060057381077248
canoe,nz,newfoundland and labrador,emissions|transportation|jet fuel,kt N2O/yr,2030,0.11427113829756294
canoe,nz,newfoundland and labrador,emissions|transportation|jet fuel,kt N2O/yr,2035,0.1099862968598534
canoe,nz,newfoundland and labrador,emissions|transportation|jet fuel,kt N2O/yr,2040,0.10615871881077053
canoe,nz,newfoundland and labrador,emissions|transportation|jet fuel,kt N2O/yr,2045,0.10456965470762546
canoe,nz,newfoundland and labrador,emissions|transportation|jet fuel,kt N2O/yr,2050,0.10518302037897137
canoe,nz,newfoundland and labrador,emissions|transportation|natural gas,Mt CO2-equiv/yr,2025,1.0387663619792544
canoe,nz,newfoundland and labrador,emissions|transportation|natural gas,Mt CO2-equiv/yr,2030,1.0381942680702347
canoe,nz,newfoundland and labrador,emissions|transportation|natural gas,Mt CO2-equiv/yr,2035,1.4757068729071796
canoe,nz,newfoundland and labrador,emissions|transportation|natural gas,Mt CO2-equiv/yr,2040,1.476318213327642
canoe,nz,newfoundland and labrador,emissions|transportation|natural gas,Mt CO2-equiv/yr,2045,1.4763213318703607
canoe,nz,newfoundland and labrador,emissions|transportation|natural gas,Mt CO2-equiv/yr,2050,1.4758945821797653
canoe,nz,newfoundland and labrador,emissions|transportation|natural gas,Mt CO2/yr,2025,1.0334017518324998
canoe,nz,newfoundland and labrador,emissions|transportation|natural gas,Mt CO2/yr,2030,1.0328326124480982
canoe,nz,newfoundland and labrador,emissions|transportation|natural gas,Mt CO2/yr,2035,1.4680857250208066
canoe,nz,newfoundland and labrador,emissions|transportation|natural gas,Mt CO2/yr,2040,1.4686939082317727
canoe,nz,newfoundland and labrador,emissions|transportation|natural gas,Mt CO2/yr,2045,1.468697010669074
canoe,nz,newfoundland and labrador,emissions|transportation|natural gas,Mt CO2/yr,2050,1.468272464886695
canoe,nz,newfoundland and labrador,emissions|transportation|natural gas,kt CH4/yr,2025,0.019760136866782862
canoe,nz,newfoundland and labrador,emissions|transportation|natural gas,kt CH4/yr,2030,0.019749254098186713
canoe,nz,newfoundland and labrador,emissions|transportation|natural gas,kt CH4/yr,2035,0.028071923438429916
canoe,nz,newfoundland and labrador,emissions|transportation|natural gas,kt CH4/yr,2040,0.028083552781487886
canoe,nz,newfoundland and labrador,emissions|transportation|natural gas,kt CH4/yr,2045,0.02808361210457843
canoe,nz,newfoundland and labrador,emissions|transportation|natural gas,kt CH4/yr,2050,0.028075494174885415
canoe,nz,newfoundland and labrador,emissions|transportation|natural gas,kt N2O/yr,2025,0.017623905853080914
canoe,nz,newfoundland and labrador,emissions|transportation|natural gas,kt N2O/yr,2030,0.017614199600009265
canoe,nz,newfoundland and labrador,emissions|transportation|natural gas,kt N2O/yr,2035,0.025037120903015898
canoe,nz,newfoundland and labrador,emissions|transportation|natural gas,kt N2O/yr,2040,0.025047493019796696
canoe,nz,newfoundland and labrador,emissions|transportation|natural gas,kt N2O/yr,2045,0.02504754592958015
canoe,nz,newfoundland and labrador,emissions|transportation|natural gas,kt N2O/yr,2050,0.025040305613908444
canoe,nz,newfoundland and labrador,emissions|transportation|oil,Mt CO2-equiv/yr,2025,0.726755356885396
canoe,nz,newfoundland and labrador,emissions|transportation|oil,Mt CO2-equiv/yr,2030,0.7254491472349092
canoe,nz,newfoundland and labrador,emissions|transportation|oil,Mt CO2/yr,2025,0.7244209004326578
canoe,nz,newfoundland and labrador,emissions|transportation|oil,Mt CO2/yr,2030,0.7231188865400945
canoe,nz,newfoundland and labrador,emissions|upstream|diesel,Mt CO2/yr,2025,0.605000207368742
canoe,nz,newfoundland and labrador,emissions|upstream|diesel,Mt CO2/yr,2030,0.4346577910300481
canoe,nz,newfoundland and labrador,emissions|upstream|diesel,Mt CO2/yr,2035,0.2428146721763034
canoe,nz,newfoundland and labrador,emissions|upstream|diesel,Mt CO2/yr,2040,0.04750937007500619
canoe,nz,newfoundland and labrador,emissions|upstream|diesel,Mt CO2/yr,2045,0.04846712346966217
canoe,nz,newfoundland and labrador,emissions|upstream|diesel,Mt CO2/yr,2050,0.04950011371674016
canoe,nz,newfoundland and labrador,emissions|upstream|gasoline,Mt CO2/yr,2025,0.3711347704418674
canoe,nz,newfoundland and labrador,emissions|upstream|gasoline,Mt CO2/yr,2030,0.2688386122809427
canoe,nz,newfoundland and labrador,emissions|upstream|gasoline,Mt CO2/yr,2035,0.10826353545875884
canoe,nz,newfoundland and labrador,emissions|upstream|jet fuel,Mt CO2/yr,2025,0.2941477906549003
canoe,nz,newfoundland and labrador,emissions|upstream|jet fuel,Mt CO2/yr,2030,0.2787102216726414
canoe,nz,newfoundland and labrador,emissions|upstream|jet fuel,Mt CO2/yr,2035,0.2682594896823456
canoe,nz,newfoundland and labrador,emissions|upstream|jet fuel,Mt CO2/yr,2040,0.25892407004331647
canoe,nz,newfoundland and labrador,emissions|upstream|jet fuel,Mt CO2/yr,2045,0.25504849170442284
canoe,nz,newfoundland and labrador,emissions|upstream|jet fuel,Mt CO2/yr,2050,0.2565444530354661
canoe,nz,newfoundland and labrador,emissions|upstream|natural gas,Mt CO2/yr,2025,0.07359564842656563
canoe,nz,newfoundland and labrador,emissions|upstream|natural gas,Mt CO2/yr,2030,0.08567029308907761
canoe,nz,newfoundland and labrador,emissions|upstream|natural gas,Mt CO2/yr,2035,0.05920181240679442
canoe,nz,newfoundland and labrador,emissions|upstream|natural gas,Mt CO2/yr,2040,0.030951108329320697
canoe,nz,newfoundland and labrador,emissions|upstream|natural gas,Mt CO2/yr,2045,0.024566381277340205
canoe,nz,newfoundland and labrador,emissions|upstream|natural gas,Mt CO2/yr,2050,0.014563687758969341
canoe,nz,newfoundland and labrador,emissions|upstream|oil,Mt CO2/yr,2025,0.4625934337588999
canoe,nz,newfoundland and labrador,emissions|upstream|oil,Mt CO2/yr,2030,0.401059557168254
canoe,nz,newfoundland and labrador,emissions|upstream|oil,Mt CO2/yr,2035,0.22624848310277837
canoe,nz,newfoundland and labrador,emissions|upstream|oil,Mt CO2/yr,2040,0.19052162996890523
canoe,nz,newfoundland and labrador,emissions|upstream|oil,Mt CO2/yr,2045,0.17868749286186053
canoe,nz,newfoundland and labrador,emissions|upstream|oil,Mt CO2/yr,2050,0.16083175373821174
canoe,nz,nova scotia,emissions|agriculture|diesel,Mt CO2-equiv/yr,2025,0.12604790750360537
canoe,nz,nova scotia,emissions|agriculture|diesel,Mt CO2-equiv/yr,2030,0.13927642650266553
canoe,nz,nova scotia,emissions|agriculture|diesel,Mt CO2-equiv/yr,2035,0.13501141433542194
canoe,nz,nova scotia,emissions|agriculture|diesel,Mt CO2-equiv/yr,2040,0.13098021301942445
canoe,nz,nova scotia,emissions|agriculture|diesel,Mt CO2-equiv/yr,2045,0.13139967376158285
canoe,nz,nova scotia,emissions|agriculture|diesel,Mt CO2-equiv/yr,2050,0.13375712735542694
canoe,nz,nova scotia,emissions|agriculture|diesel,Mt CO2/yr,2025,0.1209149152262259
canoe,nz,nova scotia,emissions|agriculture|diesel,Mt CO2/yr,2030,0.13360473519244886
canoe,nz,nova scotia,emissions|agriculture|diesel,Mt CO2/yr,2035,0.1295134051985231
canoe,nz,nova scotia,emissions|agriculture|diesel,Mt CO2/yr,2040,0.12564636468164864
canoe,nz,nova scotia,emissions|agriculture|diesel,Mt CO2/yr,2045,0.12604874391255624
canoe,nz,nova scotia,emissions|agriculture|diesel,Mt CO2/yr,2050,0.128310195983399
canoe,nz,nova scotia,emissions|agriculture|diesel,kt N2O/yr,2025,0.018181646477917302
canoe,nz,nova scotia,emissions|agriculture|diesel,kt N2O/yr,2030,0.02008978014416198
canoe,nz,nova scotia,emissions|agriculture|diesel,kt N2O/yr,2035,0.01947457799614837
canoe,nz,nova scotia,emissions|agriculture|diesel,kt N2O/yr,2040,0.01889310164592268
canoe,nz,nova scotia,emissions|agriculture|diesel,kt N2O/yr,2045,0.018953606314951563
canoe,nz,nova scotia,emissions|agriculture|diesel,kt N2O/yr,2050,0.019293654703538603
canoe,nz,nova scotia,emissions|commercial|natural gas,Mt CO2-equiv/yr,2025,0.10219799340626812
canoe,nz,nova scotia,emissions|commercial|natural gas,Mt CO2-equiv/yr,2030,0.09953163390538922
canoe,nz,nova scotia,emissions|commercial|natural gas,Mt CO2-equiv/yr,2035,0.09226543531981865
canoe,nz,nova scotia,emissions|commercial|natural gas,Mt CO2-equiv/yr,2040,0.080970455826173
canoe,nz,nova scotia,emissions|commercial|natural gas,Mt CO2-equiv/yr,2045,0.06886998413307645
canoe,nz,nova scotia,emissions|commercial|natural gas,Mt CO2-equiv/yr,2050,0.05659351529497591
canoe,nz,nova scotia,emissions|commercial|natural gas,Mt CO2/yr,2025,0.10164166941375989
canoe,nz,nova scotia,emissions|commercial|natural gas,Mt CO2/yr,2030,0.0989898244812551
canoe,nz,nova scotia,emissions|commercial|natural gas,Mt CO2/yr,2035,0.091763180102893
canoe,nz,nova scotia,emissions|commercial|natural gas,Mt CO2/yr,2040,0.08052968584861234
canoe,nz,nova scotia,emissions|commercial|natural gas,Mt CO2/yr,2045,0.06849508416430132
canoe,nz,nova scotia,emissions|commercial|natural gas,Mt CO2/yr,2050,0.05628544339131518
canoe,nz,nova scotia,emissions|electricity|coal,Mt CO2-equiv/yr,2025,0.08811207617171653
canoe,nz,nova scotia,emissions|electricity|coal,Mt CO2-equiv/yr,2030,0.07592413249947946
canoe,nz,nova scotia,emissions|electricity|coal,Mt CO2-equiv/yr,2035,0.085836286575266
canoe,nz,nova scotia,emissions|electricity|coal,Mt CO2-equiv/yr,2040,0.05559041406349123
canoe,nz,nova scotia,emissions|electricity|coal,Mt CO2-equiv/yr,2045,0.03875956903016755
canoe,nz,nova scotia,emissions|electricity|coal,Mt CO2-equiv/yr,2050,0.027018021146377042
canoe,nz,nova scotia,emissions|electricity|coal,Mt CO2/yr,2025,0.0878887170409061
canoe,nz,nova scotia,emissions|electricity|coal,Mt CO2/yr,2030,0.07573166911671263
canoe,nz,nova scotia,emissions|electricity|coal,Mt CO2/yr,2035,0.08561869644239839
canoe,nz,nova scotia,emissions|electricity|coal,Mt CO2/yr,2040,0.05544949550719237
canoe,nz,nova scotia,emissions|electricity|coal,Mt CO2/yr,2045,0.03866131571433042
canoe,nz,nova scotia,emissions|electricity|coal,Mt CO2/yr,2050,0.02694953199050116
canoe,nz,nova scotia,emissions|electricity|combined cycle ccs,Mt CO2-equiv/yr,2025,-0.22506922810561564
canoe,nz,nova scotia,emissions|electricity|combined cycle ccs,Mt CO2-equiv/yr,2030,-0.2065367968982147
canoe,nz,nova scotia,emissions|electricity|combined cycle ccs,Mt CO2-equiv/yr,2035,-0.24593381778166717
canoe,nz,nova scotia,emissions|electricity|combined cycle ccs,Mt CO2-equiv/yr,2040,-0.46269958430443636
canoe,nz,nova scotia,emissions|electricity|combined cycle ccs,Mt CO2-equiv/yr,2045,-0.5214045668077782
canoe,nz,nova scotia,emissions|electricity|combined cycle ccs,Mt CO2-equiv/yr,2050,-0.538270657757968
canoe,nz,nova scotia,emissions|electricity|combined cycle ccs,Mt CO2/yr,2025,-0.22506922810561564
canoe,nz,nova scotia,emissions|electricity|combined cycle ccs,Mt CO2/yr,2030,-0.2065367968982147
canoe,nz,nova scotia,emissions|electricity|combined cycle ccs,Mt CO2/yr,2035,-0.24593381778166717
canoe,nz,nova scotia,emissions|electricity|combined cycle ccs,Mt CO2/yr,2040,-0.46269958430443636
canoe,nz,nova scotia,emissions|electricity|combined cycle ccs,Mt CO2/yr,2045,-0.5214045668077782
canoe,nz,nova scotia,emissions|electricity|combined cycle ccs,Mt CO2/yr,2050,-0.538270657757968
canoe,nz,nova scotia,emissions|electricity|natural gas,Mt CO2-equiv/yr,2025,0.33396644498999717
canoe,nz,nova scotia,emissions|electricity|natural gas,Mt CO2-equiv/yr,2030,0.29837327532056146
canoe,nz,nova scotia,emissions|electricity|natural gas,Mt CO2-equiv/yr,2035,0.3248610088625997
canoe,nz,nova scotia,emissions|electricity|natural gas,Mt CO2-equiv/yr,2040,0.5506788593828703
canoe,nz,nova scotia,emissions|electricity|natural gas,Mt CO2-equiv/yr,2045,0.6123165384107713
canoe,nz,nova scotia,emissions|electricity|natural gas,Mt CO2-equiv/yr,2050,0.6100120262282646
canoe,nz,nova scotia,emissions|electricity|natural gas,Mt CO2/yr,2025,0.32935429339427014
canoe,nz,nova scotia,emissions|electricity|natural gas,Mt CO2/yr,2030,0.294252673390229
canoe,nz,nova scotia,emissions|electricity|natural gas,Mt CO2/yr,2035,0.32037460538437
canoe,nz,nova scotia,emissions|electricity|natural gas,Mt CO2/yr,2040,0.5430738606827406
canoe,nz,nova scotia,emissions|electricity|natural gas,Mt CO2/yr,2045,0.6038603095228485
canoe,nz,nova scotia,emissions|electricity|natural gas,Mt CO2/yr,2050,0.6015876231710482
canoe,nz,nova scotia,emissions|electricity|natural gas,kt CH4/yr,2025,0.08340237919495677
canoe,nz,nova scotia,emissions|electricity|natural gas,kt CH4/yr,2030,0.07451359686950598
canoe,nz,nova scotia,emissions|electricity|natural gas,kt CH4/yr,2035,0.08112845303253825
canoe,nz,nova scotia,emissions|electricity|natural gas,kt CH4/yr,2040,0.13752257968992074
canoe,nz,nova scotia,emissions|electricity|natural gas,kt CH4/yr,2045,0.15291553055699367
canoe,nz,nova scotia,emissions|electricity|natural gas,kt CH4/yr,2050,0.15234001825092774
canoe,nz,nova scotia,emissions|electricity|natural gas,kt N2O/yr,2040,0.013752257968992078
canoe,nz,nova scotia,emissions|electricity|natural gas,kt N2O/yr,2045,0.015291553055699368
canoe,nz,nova scotia,emissions|electricity|natural gas,kt N2O/yr,2050,0.015234001825092778
canoe,nz,nova scotia,emissions|industrial|biomass,Mt CO2-equiv/yr,2025,0.31270200000000004
canoe,nz,nova scotia,emissions|industrial|biomass,Mt CO2-equiv/yr,2030,0.359138
canoe,nz,nova scotia,emissions|industrial|biomass,Mt CO2-equiv/yr,2035,0.394212
canoe,nz,nova scotia,emissions|industrial|biomass,Mt CO2-equiv/yr,2040,0.39569399999999993
canoe,nz,nova scotia,emissions|industrial|biomass,Mt CO2-equiv/yr,2045,0.40014
canoe,nz,nova scotia,emissions|industrial|biomass,Mt CO2-equiv/yr,2050,0.40656200000000003
canoe,nz,nova scotia,emissions|industrial|biomass,Mt CO2/yr,2025,0.31270200000000004
canoe,nz,nova scotia,emissions|industrial|biomass,Mt CO2/yr,2030,0.359138
canoe,nz,nova scotia,emissions|industrial|biomass,Mt CO2/yr,2035,0.394212
canoe,nz,nova scotia,emissions|industrial|biomass,Mt CO2/yr,2040,0.39569399999999993
canoe,nz,nova scotia,emissions|industrial|biomass,Mt CO2/yr,2045,0.40014
canoe,nz,nova scotia,emissions|industrial|biomass,Mt CO2/yr,2050,0.40656200000000003
canoe,nz,nova scotia,emissions|industrial|natural gas,Mt CO2-equiv/yr,2025,0.14183706165600002
canoe,nz,nova scotia,emissions|industrial|natural gas,Mt CO2-equiv/yr,2030,0.12358596916350001
canoe,nz,nova scotia,emissions|industrial|natural gas,Mt CO2-equiv/yr,2035,0.10272757774350001
canoe,nz,nova scotia,emissions|industrial|natural gas,Mt CO2-equiv/yr,2040,0.082390646109
canoe,nz,nova scotia,emissions|industrial|natural gas,Mt CO2-equiv/yr,2045,0.0829121058945
canoe,nz,nova scotia,emissions|industrial|natural gas,Mt CO2-equiv/yr,2050,0.07665458846850001
canoe,nz,nova scotia,emissions|industrial|natural gas,Mt CO2/yr,2025,0.14110455763200003
canoe,nz,nova scotia,emissions|industrial|natural gas,Mt CO2/yr,2030,0.12294772117200001
canoe,nz,nova scotia,emissions|industrial|natural gas,Mt CO2/yr,2035,0.102197050932
canoe,nz,nova scotia,emissions|industrial|natural gas,Mt CO2/yr,2040,0.081965147448
canoe,nz,nova scotia,emissions|industrial|natural gas,Mt CO2/yr,2045,0.082483914204
canoe,nz,nova scotia,emissions|industrial|natural gas,Mt CO2/yr,2050,0.07625871313200001
canoe,nz,nova scotia,emissions|industrial|oil,Mt CO2-equiv/yr,2025,1.3812791935100004
canoe,nz,nova scotia,emissions|industrial|oil,Mt CO2-equiv/yr,2030,1.4646131758199998
canoe,nz,nova scotia,emissions|industrial|oil,Mt CO2-equiv/yr,2035,1.4882121796599999
canoe,nz,nova scotia,emissions|industrial|oil,Mt CO2-equiv/yr,2040,1.39602857091
canoe,nz,nova scotia,emissions|industrial|oil,Mt CO2-equiv/yr,2045,1.3200692772999998
canoe,nz,nova scotia,emissions|industrial|oil,Mt CO2-equiv/yr,2050,1.27139633188
canoe,nz,nova scotia,emissions|industrial|oil,Mt CO2/yr,2025,1.3768423000000005
canoe,nz,nova scotia,emissions|industrial|oil,Mt CO2/yr,2030,1.4599086
canoe,nz,nova scotia,emissions|industrial|oil,Mt CO2/yr,2035,1.4834318
canoe,nz,nova scotia,emissions|industrial|oil,Mt CO2/yr,2040,1.3915443
canoe,nz,nova scotia,emissions|industrial|oil,Mt CO2/yr,2045,1.315829
canoe,nz,nova scotia,emissions|industrial|oil,Mt CO2/yr,2050,1.2673124
canoe,nz,nova scotia,emissions|industrial|oil,kt CH4/yr,2025,0.012549100000000002
canoe,nz,nova scotia,emissions|industrial|oil,kt CH4/yr,2030,0.0133062
canoe,nz,nova scotia,emissions|industrial|oil,kt CH4/yr,2035,0.0135206
canoe,nz,nova scotia,emissions|industrial|oil,kt CH4/yr,2040,0.012683100000000001
canoe,nz,nova scotia,emissions|industrial|oil,kt CH4/yr,2045,0.011993
canoe,nz,nova scotia,emissions|industrial|oil,kt CH4/yr,2050,0.011550799999999998
canoe,nz,nova scotia,emissions|industrial|oil,kt N2O/yr,2025,0.014965270000000004
canoe,nz,nova scotia,emissions|industrial|oil,kt N2O/yr,2030,0.01586814
canoe,nz,nova scotia,emissions|industrial|oil,kt N2O/yr,2035,0.01612382
canoe,nz,nova scotia,emissions|industrial|oil,kt N2O/yr,2040,0.015125070000000001
canoe,nz,nova scotia,emissions|industrial|oil,kt N2O/yr,2045,0.0143021
canoe,nz,nova scotia,emissions|industrial|oil,kt N2O/yr,2050,0.013774759999999999
canoe,nz,nova scotia,emissions|residential|natural gas,Mt CO2-equiv/yr,2025,0.012377968580644601
canoe,nz,nova scotia,emissions|residential|natural gas,Mt CO2/yr,2025,0.012310587992529229
canoe,nz,nova scotia,emissions|residential|oil,Mt CO2-equiv/yr,2025,0.8279217683010534
canoe,nz,nova scotia,emissions|residential|oil,Mt CO2-equiv/yr,2030,0.5843578115797624
canoe,nz,nova scotia,emissions|residential|oil,Mt CO2-equiv/yr,2035,0.3334728739258385
canoe,nz,nova scotia,emissions|residential|oil,Mt CO2-equiv/yr,2040,0.13143664094446875
canoe,nz,nova scotia,emissions|residential|oil,Mt CO2/yr,2025,0.7942066822902674
canoe,nz,nova scotia,emissions|residential|oil,Mt CO2/yr,2030,0.56056127109392
canoe,nz,nova scotia,emissions|residential|oil,Mt CO2/yr,2035,0.31989300798059944
canoe,nz,nova scotia,emissions|residential|oil,Mt CO2/yr,2040,0.1260842056974706
canoe,nz,nova scotia,emissions|residential|oil,kt CH4/yr,2025,0.039738931503332686
canoe,nz,nova scotia,emissions|residential|oil,kt CH4/yr,2030,0.02804824795881143
canoe,nz,nova scotia,emissions|residential|oil,kt CH4/yr,2035,0.016006168943174456
canoe,nz,nova scotia,emissions|residential|oil,kt N2O/yr,2025,0.11942269570949719
canoe,nz,nova scotia,emissions|residential|oil,kt N2O/yr,2030,0.08429007158606543
canoe,nz,nova scotia,emissions|residential|oil,kt N2O/yr,2035,0.04810144034736364
canoe,nz,nova scotia,emissions|residential|oil,kt N2O/yr,2040,0.01895893860696519
canoe,nz,nova scotia,emissions|residential|wood,Mt CO2-equiv/yr,2025,0.08191082273682973
canoe,nz,nova scotia,emissions|residential|wood,Mt CO2-equiv/yr,2030,0.05462693151265819
canoe,nz,nova scotia,emissions|residential|wood,Mt CO2-equiv/yr,2035,0.027347035792709067
canoe,nz,nova scotia,emissions|residential|wood,Mt CO2/yr,2025,0.06755019007558007
canoe,nz,nova scotia,emissions|residential|wood,Mt CO2/yr,2030,0.04504971972728807
canoe,nz,nova scotia,emissions|residential|wood,Mt CO2/yr,2035,0.022552544390090523
canoe,nz,nova scotia,emissions|residential|wood,kt CH4/yr,2025,0.21769456197657858
canoe,nz,nova scotia,emissions|residential|wood,kt CH4/yr,2030,0.14518210818099453
canoe,nz,nova scotia,emissions|residential|wood,kt CH4/yr,2035,0.07268027324519623
canoe,nz,nova scotia,emissions|residential|wood,kt N2O/yr,2025,0.030275402658994373
canoe,nz,nova scotia,emissions|residential|wood,kt N2O/yr,2030,0.020190889217224405
canoe,nz,nova scotia,emissions|residential|wood,kt N2O/yr,2035,0.01010785257052398
canoe,nz,nova scotia,emissions|transportation|diesel,Mt CO2-equiv/yr,2025,2.642135423132218
canoe,nz,nova scotia,emissions|transportation|diesel,Mt CO2-equiv/yr,2030,2.1034983056968284
canoe,nz,nova scotia,emissions|transportation|diesel,Mt CO2-equiv/yr,2035,1.2099377402686873
canoe,nz,nova scotia,emissions|transportation|diesel,Mt CO2-equiv/yr,2040,0.2969877345249892
canoe,nz,nova scotia,emissions|transportation|diesel,Mt CO2-equiv/yr,2045,0.2991326646463244
canoe,nz,nova scotia,emissions|transportation|diesel,Mt CO2-equiv/yr,2050,0.30606838230258165
canoe,nz,nova scotia,emissions|transportation|diesel,Mt CO2/yr,2025,2.538708824881774
canoe,nz,nova scotia,emissions|transportation|diesel,Mt CO2/yr,2030,2.0211566991616046
canoe,nz,nova scotia,emissions|transportation|diesel,Mt CO2/yr,2035,1.1625746365206782
canoe,nz,nova scotia,emissions|transportation|diesel,Mt CO2/yr,2040,0.2853621302744324
canoe,nz,nova scotia,emissions|transportation|diesel,Mt CO2/yr,2045,0.2874230935084855
canoe,nz,nova scotia,emissions|transportation|diesel,Mt CO2/yr,2050,0.2940873119735762
canoe,nz,nova scotia,emissions|transportation|diesel,kt CH4/yr,2025,0.12190573562784492
canoe,nz,nova scotia,emissions|transportation|diesel,kt CH4/yr,2030,0.09705350771635798
canoe,nz,nova scotia,emissions|transportation|diesel,kt CH4/yr,2035,0.055825424185593935
canoe,nz,nova scotia,emissions|transportation|diesel,kt CH4/yr,2040,0.013702737793372124
canoe,nz,nova scotia,emissions|transportation|diesel,kt CH4/yr,2045,0.01380170936458889
canoe,nz,nova scotia,emissions|transportation|diesel,kt CH4/yr,2050,0.014121717058204837
canoe,nz,nova scotia,emissions|transportation|diesel,kt N2O/yr,2025,0.36634885546530044
canoe,nz,nova scotia,emissions|transportation|diesel,kt N2O/yr,2030,0.2916633910647027
canoe,nz,nova scotia,emissions|transportation|diesel,kt N2O/yr,2035,0.16776553753637882
canoe,nz,nova scotia,emissions|transportation|diesel,kt N2O/yr,2040,0.0411792120215328
canoe,nz,nova scotia,emissions|transportation|diesel,kt N2O/yr,2045,0.04147663954125158
canoe,nz,nova scotia,emissions|transportation|diesel,kt N2O/yr,2050,0.0424383206930508
canoe,nz,nova scotia,emissions|transportation|ethanol,Mt CO2-equiv/yr,2025,0.20354629679529992
canoe,nz,nova scotia,emissions|transportation|ethanol,Mt CO2-equiv/yr,2030,0.20399320666952894
canoe,nz,nova scotia,emissions|transportation|ethanol,Mt CO2-equiv/yr,2035,0.08677459068004273
canoe,nz,nova scotia,emissions|transportation|ethanol,Mt CO2-equiv/yr,2040,0.026009200925529212
canoe,nz,nova scotia,emissions|transportation|ethanol,Mt CO2-equiv/yr,2045,0.01700832717867738
canoe,nz,nova scotia,emissions|transportation|ethanol,Mt CO2/yr,2025,0.20354629679529992
canoe,nz,nova scotia,emissions|transportation|ethanol,Mt CO2/yr,2030,0.20399320666952894
canoe,nz,nova scotia,emissions|transportation|ethanol,Mt CO2/yr,2035,0.08677459068004273
canoe,nz,nova scotia,emissions|transportation|ethanol,Mt CO2/yr,2040,0.026009200925529212
canoe,nz,nova scotia,emissions|transportation|ethanol,Mt CO2/yr,2045,0.01700832717867738
canoe,nz,nova scotia,emissions|transportation|gasoline,Mt CO2-equiv/yr,2025,1.7242710147953093
canoe,nz,nova scotia,emissions|transportation|gasoline,Mt CO2-equiv/yr,2030,1.2102870107654513
canoe,nz,nova scotia,emissions|transportation|gasoline,Mt CO2-equiv/yr,2035,0.5148316538534612
canoe,nz,nova scotia,emissions|transportation|gasoline,Mt CO2-equiv/yr,2040,0.1543119918280043
canoe,nz,nova scotia,emissions|transportation|gasoline,Mt CO2-equiv/yr,2045,0.1009100145797995
canoe,nz,nova scotia,emissions|transportation|gasoline,Mt CO2-equiv/yr,2050,0.03176226970691945
canoe,nz,nova scotia,emissions|transportation|gasoline,Mt CO2/yr,2025,1.6595623688565946
canoe,nz,nova scotia,emissions|transportation|gasoline,Mt CO2/yr,2030,1.1648672171298526
canoe,nz,nova scotia,emissions|transportation|gasoline,Mt CO2/yr,2035,0.49551099084782485
canoe,nz,nova scotia,emissions|transportation|gasoline,Mt CO2/yr,2040,0.14852095320494801
canoe,nz,nova scotia,emissions|transportation|gasoline,Mt CO2/yr,2045,0.09712305165512845
canoe,nz,nova scotia,emissions|transportation|gasoline,Mt CO2/yr,2050,0.030570291504514298
canoe,nz,nova scotia,emissions|transportation|gasoline,kt CH4/yr,2025,1.9574715769663256
canoe,nz,nova scotia,emissions|transportation|gasoline,kt CH4/yr,2030,1.373973350602398
canoe,nz,nova scotia,emissions|transportation|gasoline,kt CH4/yr,2035,0.584460517339468
canoe,nz,nova scotia,emissions|transportation|gasoline,kt CH4/yr,2040,0.17518205397904724
canoe,nz,nova scotia,emissions|transportation|gasoline,kt CH4/yr,2045,0.11455767897059033
canoe,nz,nova scotia,emissions|transportation|gasoline,kt CH4/yr,2050,0.03605798603452955
canoe,nz,nova scotia,emissions|transportation|gasoline,kt N2O/yr,2025,0.03626169151523048
canoe,nz,nova scotia,emissions|transportation|gasoline,kt N2O/yr,2030,0.02545252680854066
canoe,nz,nova scotia,emissions|transportation|gasoline,kt N2O/yr,2035,0.010826990916231525
canoe,nz,nova scotia,emissions|transportation|hydrogen,Mt CO2-equiv/yr,2025,-0.015143930413952766
canoe,nz,nova scotia,emissions|transportation|hydrogen,Mt CO2-equiv/yr,2030,-0.015144671734051584
canoe,nz,nova scotia,emissions|transportation|hydrogen,Mt CO2-equiv/yr,2035,-0.0151161591828748
canoe,nz,nova scotia,emissions|transportation|hydrogen,Mt CO2-equiv/yr,2040,-0.01438828448703265
canoe,nz,nova scotia,emissions|transportation|hydrogen,Mt CO2-equiv/yr,2045,-0.014445279645512028
canoe,nz,nova scotia,emissions|transportation|hydrogen,Mt CO2/yr,2025,-0.015289082116101721
canoe,nz,nova scotia,emissions|transportation|hydrogen,Mt CO2/yr,2030,-0.015289830541613151
canoe,nz,nova scotia,emissions|transportation|hydrogen,Mt CO2/yr,2035,-0.015261044703038525
canoe,nz,nova scotia,emissions|transportation|hydrogen,Mt CO2/yr,2040,-0.014526193466221561
canoe,nz,nova scotia,emissions|transportation|hydrogen,Mt CO2/yr,2045,-0.014583734912490267
canoe,nz,nova scotia,emissions|transportation|jet fuel,Mt CO2-equiv/yr,2025,1.6492617711201658
canoe,nz,nova scotia,emissions|transportation|jet fuel,Mt CO2-equiv/yr,2030,1.5724708777771204
canoe,nz,nova scotia,emissions|transportation|jet fuel,Mt CO2-equiv/yr,2035,1.5221674925032322
canoe,nz,nova scotia,emissions|transportation|jet fuel,Mt CO2-equiv/yr,2040,1.4762863011381253
canoe,nz,nova scotia,emissions|transportation|jet fuel,Mt CO2-equiv/yr,2045,1.4599713981409677
canoe,nz,nova scotia,emissions|transportation|jet fuel,Mt CO2-equiv/yr,2050,1.473685541433735
canoe,nz,nova scotia,emissions|transportation|jet fuel,Mt CO2/yr,2025,1.6079917548977318
canoe,nz,nova scotia,emissions|transportation|jet fuel,Mt CO2/yr,2030,1.5331224251715105
canoe,nz,nova scotia,emissions|transportation|jet fuel,Mt CO2/yr,2035,1.4840777979447979
canoe,nz,nova scotia,emissions|transportation|jet fuel,Mt CO2/yr,2040,1.4393447066236618
canoe,nz,nova scotia,emissions|transportation|jet fuel,Mt CO2/yr,2045,1.4234380567753677
canoe,nz,nova scotia,emissions|transportation|jet fuel,Mt CO2/yr,2050,1.436809026579196
canoe,nz,nova scotia,emissions|transportation|jet fuel,kt CH4/yr,2025,0.05076744448304426
canoe,nz,nova scotia,emissions|transportation|jet fuel,kt CH4/yr,2030,0.04840367332017506
canoe,nz,nova scotia,emissions|transportation|jet fuel,kt CH4/yr,2035,0.0468552385210911
canoe,nz,nova scotia,emissions|transportation|jet fuel,kt CH4/yr,2040,0.04544292734270129
canoe,nz,nova scotia,emissions|transportation|jet fuel,kt CH4/yr,2045,0.044940723298044445
canoe,nz,nova scotia,emissions|transportation|jet fuel,kt CH4/yr,2050,0.04536287096461845
canoe,nz,nova scotia,emissions|transportation|jet fuel,kt N2O/yr,2025,0.14596530321211884
canoe,nz,nova scotia,emissions|transportation|jet fuel,kt N2O/yr,2030,0.13916904671298583
canoe,nz,nova scotia,emissions|transportation|jet fuel,kt N2O/yr,2035,0.1347170252008931
canoe,nz,nova scotia,emissions|transportation|jet fuel,kt N2O/yr,2040,0.13065638296288593
canoe,nz,nova scotia,emissions|transportation|jet fuel,kt N2O/yr,2045,0.12921245829031014
canoe,nz,nova scotia,emissions|transportation|jet fuel,kt N2O/yr,2050,0.13042620684076833
canoe,nz,nova scotia,emissions|transportation|natural gas,Mt CO2-equiv/yr,2025,1.2189692307256164
canoe,nz,nova scotia,emissions|transportation|natural gas,Mt CO2-equiv/yr,2030,1.218710390707594
canoe,nz,nova scotia,emissions|transportation|natural gas,Mt CO2-equiv/yr,2035,1.6452427501266982
canoe,nz,nova scotia,emissions|transportation|natural gas,Mt CO2-equiv/yr,2040,1.6449704790758704
canoe,nz,nova scotia,emissions|transportation|natural gas,Mt CO2-equiv/yr,2045,1.6450448447950474
canoe,nz,nova scotia,emissions|transportation|natural gas,Mt CO2-equiv/yr,2050,1.6271987846174847
canoe,nz,nova scotia,emissions|transportation|natural gas,Mt CO2/yr,2025,1.2126739799906265
canoe,nz,nova scotia,emissions|transportation|natural gas,Mt CO2/yr,2030,1.2124164767272758
canoe,nz,nova scotia,emissions|transportation|natural gas,Mt CO2/yr,2035,1.636746050315985
canoe,nz,nova scotia,emissions|transportation|natural gas,Mt CO2/yr,2040,1.6364751853831212
canoe,nz,nova scotia,emissions|transportation|natural gas,Mt CO2/yr,2045,1.6365491670476098
canoe,nz,nova scotia,emissions|transportation|natural gas,Mt CO2/yr,2050,1.618795271151653
canoe,nz,nova scotia,emissions|transportation|natural gas,kt CH4/yr,2025,0.023188081282917248
canoe,nz,nova scotia,emissions|transportation|natural gas,kt CH4/yr,2030,0.02318315744790494
canoe,nz,nova scotia,emissions|transportation|natural gas,kt CH4/yr,2035,0.03129695291599659
canoe,nz,nova scotia,emissions|transportation|natural gas,kt CH4/yr,2040,0.031291773586528335
canoe,nz,nova scotia,emissions|transportation|natural gas,kt CH4/yr,2045,0.031293188223007654
canoe,nz,nova scotia,emissions|transportation|natural gas,kt CH4/yr,2050,0.030953708042912517
canoe,nz,nova scotia,emissions|transportation|natural gas,kt N2O/yr,2025,0.02068126168350046
canoe,nz,nova scotia,emissions|transportation|natural gas,kt N2O/yr,2030,0.02067687015497624
canoe,nz,nova scotia,emissions|transportation|natural gas,kt N2O/yr,2035,0.027913498544994215
canoe,nz,nova scotia,emissions|transportation|natural gas,kt N2O/yr,2040,0.02790887914303633
canoe,nz,nova scotia,emissions|transportation|natural gas,kt N2O/yr,2045,0.02791014084584213
canoe,nz,nova scotia,emissions|transportation|natural gas,kt N2O/yr,2050,0.027607361225775777
canoe,nz,nova scotia,emissions|transportation|oil,Mt CO2-equiv/yr,2025,0.7127218434036412
canoe,nz,nova scotia,emissions|transportation|oil,Mt CO2-equiv/yr,2030,0.7101388961708507
canoe,nz,nova scotia,emissions|transportation|oil,Mt CO2/yr,2025,0.7104324648795232
canoe,nz,nova scotia,emissions|transportation|oil,Mt CO2/yr,2030,0.7078578144935017
canoe,nz,nova scotia,emissions|upstream|coal,Mt CO2/yr,2025,0.015325863236614645
canoe,nz,nova scotia,emissions|upstream|coal,Mt CO2/yr,2030,0.013205940906192622
canoe,nz,nova scotia,emissions|upstream|coal,Mt CO2/yr,2035,0.0149300214675189
canoe,nz,nova scotia,emissions|upstream|diesel,Mt CO2/yr,2025,0.6743436422942877
canoe,nz,nova scotia,emissions|upstream|diesel,Mt CO2/yr,2030,0.5467154707981288
canoe,nz,nova scotia,emissions|upstream|diesel,Mt CO2/yr,2035,0.3283593511940605
canoe,nz,nova scotia,emissions|upstream|diesel,Mt CO2/yr,2040,0.10534767349011796
canoe,nz,nova scotia,emissions|upstream|diesel,Mt CO2/yr,2045,0.1059753406425269
canoe,nz,nova scotia,emissions|upstream|diesel,Mt CO2/yr,2050,0.1082581582864454
canoe,nz,nova scotia,emissions|upstream|gasoline,Mt CO2/yr,2025,0.3855205244602075
canoe,nz,nova scotia,emissions|upstream|gasoline,Mt CO2/yr,2030,0.2725713165507083
canoe,nz,nova scotia,emissions|upstream|gasoline,Mt CO2/yr,2035,0.11888369644807975
canoe,nz,nova scotia,emissions|upstream|gasoline,Mt CO2/yr,2040,0.03914235786638758
canoe,nz,nova scotia,emissions|upstream|gasoline,Mt CO2/yr,2045,0.027370127048817274
canoe,nz,nova scotia,emissions|upstream|gasoline,Mt CO2/yr,2050,0.012196714303219771
canoe,nz,nova scotia,emissions|upstream|jet fuel,Mt CO2/yr,2025,0.35601298345134397
canoe,nz,nova scotia,emissions|upstream|jet fuel,Mt CO2/yr,2030,0.3394368252756551
canoe,nz,nova scotia,emissions|upstream|jet fuel,Mt CO2/yr,2035,0.3285783355459544
canoe,nz,nova scotia,emissions|upstream|jet fuel,Mt CO2/yr,2040,0.31867446450255416
canoe,nz,nova scotia,emissions|upstream|jet fuel,Mt CO2/yr,2045,0.31515288433586747
canoe,nz,nova scotia,emissions|upstream|jet fuel,Mt CO2/yr,2050,0.3181131892070892
canoe,nz,nova scotia,emissions|upstream|natural gas,Mt CO2/yr,2025,0.041296068941979326
canoe,nz,nova scotia,emissions|upstream|natural gas,Mt CO2/yr,2030,0.03714679456435371
canoe,nz,nova scotia,emissions|upstream|natural gas,Mt CO2/yr,2035,0.036701761522721234
canoe,nz,nova scotia,emissions|upstream|natural gas,Mt CO2/yr,2040,0.04949540659032261
canoe,nz,nova scotia,emissions|upstream|natural gas,Mt CO2/yr,2045,0.05283941014038186
canoe,nz,nova scotia,emissions|upstream|natural gas,Mt CO2/yr,2050,0.05026235646504306
canoe,nz,nova scotia,emissions|upstream|oil,Mt CO2/yr,2025,0.5236799280015975
canoe,nz,nova scotia,emissions|upstream|oil,Mt CO2/yr,2030,0.48677882034215925
canoe,nz,nova scotia,emissions|upstream|oil,Mt CO2/yr,2035,0.32002930627496257
canoe,nz,nova scotia,emissions|upstream|oil,Mt CO2/yr,2040,0.2622038160497327
canoe,nz,nova scotia,emissions|upstream|oil,Mt CO2/yr,2045,0.22196467859147864
canoe,nz,nova scotia,emissions|upstream|oil,Mt CO2/yr,2050,0.21378087492325148
canoe,nz,ontario,emissions|agriculture|diesel,Mt CO2-equiv/yr,2025,1.6129374184592
canoe,nz,ontario,emissions|agriculture|diesel,Mt CO2-equiv/yr,2030,1.7822115986331772
canoe,nz,ontario,emissions|agriculture|diesel,Mt CO2-equiv/yr,2035,1.7276363722941586
canoe,nz,ontario,emissions|agriculture|diesel,Mt CO2-equiv/yr,2040,1.6760521974527123
canoe,nz,ontario,emissions|agriculture|diesel,Mt CO2-equiv/yr,2045,1.6814196950817497
canoe,nz,ontario,emissions|agriculture|diesel,Mt CO2-equiv/yr,2050,1.7115861848584444
canoe,nz,ontario,emissions|agriculture|diesel,Mt CO2/yr,2025,1.547254493
canoe,nz,ontario,emissions|agriculture|diesel,Mt CO2/yr,2030,1.7096353968253168
canoe,nz,ontario,emissions|agriculture|diesel,Mt CO2/yr,2035,1.657282612896351
canoe,nz,ontario,emissions|agriculture|diesel,Mt CO2/yr,2040,1.6077990772193316
canoe,nz,ontario,emissions|agriculture|diesel,Mt CO2/yr,2045,1.6129479966551696
canoe,nz,ontario,emissions|agriculture|diesel,Mt CO2/yr,2050,1.6418860300288494
canoe,nz,ontario,emissions|agriculture|diesel,kt CH4/yr,2025,0.0774184374
canoe,nz,ontario,emissions|agriculture|diesel,kt CH4/yr,2030,0.08554332951996471
canoe,nz,ontario,emissions|agriculture|diesel,kt CH4/yr,2035,0.08292380523119577
canoe,nz,ontario,emissions|agriculture|diesel,kt CH4/yr,2040,0.08044784666945064
canoe,nz,ontario,emissions|agriculture|diesel,kt CH4/yr,2045,0.08070547804090536
canoe,nz,ontario,emissions|agriculture|diesel,kt CH4/yr,2050,0.08215342169552388
canoe,nz,ontario,emissions|agriculture|diesel,kt N2O/yr,2025,0.232656444
canoe,nz,ontario,emissions|agriculture|diesel,kt N2O/yr,2030,0.25707321824652607
canoe,nz,ontario,emissions|agriculture|diesel,kt N2O/yr,2035,0.24920107271551056
canoe,nz,ontario,emissions|agriculture|diesel,kt N2O/yr,2040,0.2417603682294371
canoe,nz,ontario,emissions|agriculture|diesel,kt N2O/yr,2045,0.24253459722137358
canoe,nz,ontario,emissions|agriculture|diesel,kt N2O/yr,2050,0.24688593048395774
canoe,nz,ontario,emissions|agriculture|natural gas,Mt CO2-equiv/yr,2025,1.5437612028013523
canoe,nz,ontario,emissions|agriculture|natural gas,Mt CO2-equiv/yr,2030,1.7057754473038895
canoe,nz,ontario,emissions|agriculture|natural gas,Mt CO2-equiv/yr,2035,1.6535407646005382
canoe,nz,ontario,emissions|agriculture|natural gas,Mt CO2-equiv/yr,2040,1.604168767857164
canoe,nz,ontario,emissions|agriculture|natural gas,Mt CO2-equiv/yr,2045,1.6093057095412204
canoe,nz,ontario,emissions|agriculture|natural gas,Mt CO2-equiv/yr,2050,1.6381779115319541
canoe,nz,ontario,emissions|agriculture|natural gas,Mt CO2/yr,2025,1.5353575994898114
canoe,nz,ontario,emissions|agriculture|natural gas,Mt CO2/yr,2030,1.696489904843245
canoe,nz,ontario,emissions|agriculture|natural gas,Mt CO2/yr,2035,1.644539566345297
canoe,nz,ontario,emissions|agriculture|natural gas,Mt CO2/yr,2040,1.5954363305181685
canoe,nz,ontario,emissions|agriculture|natural gas,Mt CO2/yr,2045,1.6005453087969594
canoe,nz,ontario,emissions|agriculture|natural gas,Mt CO2/yr,2050,1.6292603423526915
canoe,nz,ontario,emissions|agriculture|natural gas,kt CH4/yr,2025,0.029358259023245178
canoe,nz,ontario,emissions|agriculture|natural gas,kt CH4/yr,2030,0.03243934186619373
canoe,nz,ontario,emissions|agriculture|natural gas,kt CH4/yr,2035,0.03144597621999194
canoe,nz,ontario,emissions|agriculture|natural gas,kt CH4/yr,2040,0.030507051296722366
canoe,nz,ontario,emissions|agriculture|natural gas,kt CH4/yr,2045,0.03060474235429926
canoe,nz,ontario,emissions|agriculture|natural gas,kt CH4/yr,2050,0.031153815347633503
canoe,nz,ontario,emissions|agriculture|natural gas,kt N2O/yr,2025,0.027771326102269865
canoe,nz,ontario,emissions|agriculture|natural gas,kt N2O/yr,2030,0.030685863926596706
canoe,nz,ontario,emissions|agriculture|natural gas,kt N2O/yr,2035,0.02974619372075722
canoe,nz,ontario,emissions|agriculture|natural gas,kt N2O/yr,2040,0.02885802149606834
canoe,nz,ontario,emissions|agriculture|natural gas,kt N2O/yr,2045,0.028950431955935708
canoe,nz,ontario,emissions|agriculture|natural gas,kt N2O/yr,2050,0.029469825327993686
canoe,nz,ontario,emissions|commercial|natural gas,Mt CO2-equiv/yr,2025,1.4915689436824702
canoe,nz,ontario,emissions|commercial|natural gas,Mt CO2-equiv/yr,2030,1.452653406534332
canoe,nz,ontario,emissions|commercial|natural gas,Mt CO2-equiv/yr,2035,1.3466028274353354
canoe,nz,ontario,emissions|commercial|natural gas,Mt CO2-equiv/yr,2040,1.1817524820633754
canoe,nz,ontario,emissions|commercial|natural gas,Mt CO2-equiv/yr,2045,1.005147572262608
canoe,nz,ontario,emissions|commercial|natural gas,Mt CO2-equiv/yr,2050,0.8259732254731026
canoe,nz,ontario,emissions|commercial|natural gas,Mt CO2/yr,2025,1.4834494536397254
canoe,nz,ontario,emissions|commercial|natural gas,Mt CO2/yr,2030,1.4447457567271462
canoe,nz,ontario,emissions|commercial|natural gas,Mt CO2/yr,2035,1.339272473518272
canoe,nz,ontario,emissions|commercial|natural gas,Mt CO2/yr,2040,1.1753195058662351
canoe,nz,ontario,emissions|commercial|natural gas,Mt CO2/yr,2045,0.9996759608167929
canoe,nz,ontario,emissions|commercial|natural gas,Mt CO2/yr,2050,0.821476965740552
canoe,nz,ontario,emissions|commercial|natural gas,kt CH4/yr,2025,0.02836570016152488
canoe,nz,ontario,emissions|commercial|natural gas,kt CH4/yr,2030,0.0276256294708309
canoe,nz,ontario,emissions|commercial|natural gas,kt CH4/yr,2035,0.02560882767201401
canoe,nz,ontario,emissions|commercial|natural gas,kt CH4/yr,2040,0.02247380968431025
canoe,nz,ontario,emissions|commercial|natural gas,kt CH4/yr,2045,0.019115250940056755
canoe,nz,ontario,emissions|commercial|natural gas,kt CH4/yr,2050,0.015707828293457227
canoe,nz,ontario,emissions|commercial|natural gas,kt N2O/yr,2025,0.02683241907093987
canoe,nz,ontario,emissions|commercial|natural gas,kt N2O/yr,2030,0.02613235220138465
canoe,nz,ontario,emissions|commercial|natural gas,kt N2O/yr,2035,0.02422456671607227
canoe,nz,ontario,emissions|commercial|natural gas,kt N2O/yr,2040,0.021259009160221696
canoe,nz,ontario,emissions|commercial|natural gas,kt N2O/yr,2045,0.018081994131965304
canoe,nz,ontario,emissions|commercial|natural gas,kt N2O/yr,2050,0.014858756493382912
canoe,nz,ontario,emissions|electricity|combined cycle ccs,Mt CO2-equiv/yr,2030,-0.016485195248434212
canoe,nz,ontario,emissions|electricity|combined cycle ccs,Mt CO2-equiv/yr,2035,-1.7505071940639696
canoe,nz,ontario,emissions|electricity|combined cycle ccs,Mt CO2-equiv/yr,2040,-1.1378674966813234
canoe,nz,ontario,emissions|electricity|combined cycle ccs,Mt CO2-equiv/yr,2045,-0.9925509145752397
canoe,nz,ontario,emissions|electricity|combined cycle ccs,Mt CO2-equiv/yr,2050,-0.8713552453276355
canoe,nz,ontario,emissions|electricity|combined cycle ccs,Mt CO2/yr,2030,-0.016485195248434212
canoe,nz,ontario,emissions|electricity|combined cycle ccs,Mt CO2/yr,2035,-1.7505071940639696
canoe,nz,ontario,emissions|electricity|combined cycle ccs,Mt CO2/yr,2040,-1.1378674966813234
canoe,nz,ontario,emissions|electricity|combined cycle ccs,Mt CO2/yr,2045,-0.9925509145752397
canoe,nz,ontario,emissions|electricity|combined cycle ccs,Mt CO2/yr,2050,-0.8713552453276355
canoe,nz,ontario,emissions|electricity|natural gas,Mt CO2-equiv/yr,2025,1.0774623564341692
canoe,nz,ontario,emissions|electricity|natural gas,Mt CO2-equiv/yr,2030,1.8228037830390766
canoe,nz,ontario,emissions|electricity|natural gas,Mt CO2-equiv/yr,2035,4.09127276925186
canoe,nz,ontario,emissions|electricity|natural gas,Mt CO2-equiv/yr,2040,3.234842130169354
canoe,nz,ontario,emissions|electricity|natural gas,Mt CO2-equiv/yr,2045,2.968599063313449
canoe,nz,ontario,emissions|electricity|natural gas,Mt CO2-equiv/yr,2050,2.68721854213511
canoe,nz,ontario,emissions|electricity|natural gas,Mt CO2/yr,2025,1.062582359353287
canoe,nz,ontario,emissions|electricity|natural gas,Mt CO2/yr,2030,1.7976304534942695
canoe,nz,ontario,emissions|electricity|natural gas,Mt CO2/yr,2035,4.03477137363463
canoe,nz,ontario,emissions|electricity|natural gas,Mt CO2/yr,2040,3.1901682339848656
canoe,nz,ontario,emissions|electricity|natural gas,Mt CO2/yr,2045,2.9276020436657264
canoe,nz,ontario,emissions|electricity|natural gas,Mt CO2/yr,2050,2.6501074506673814
canoe,nz,ontario,emissions|electricity|natural gas,kt CH4/yr,2025,0.2690777033671924
canoe,nz,ontario,emissions|electricity|natural gas,kt CH4/yr,2030,0.45521391322885807
canoe,nz,ontario,emissions|electricity|natural gas,kt CH4/yr,2035,1.0217250505551976
canoe,nz,ontario,emissions|electricity|natural gas,kt CH4/yr,2040,0.8078462193538243
canoe,nz,ontario,emissions|electricity|natural gas,kt CH4/yr,2045,0.7413565897725964
canoe,nz,ontario,emissions|electricity|natural gas,kt CH4/yr,2050,0.671086641167151
canoe,nz,ontario,emissions|electricity|natural gas,kt N2O/yr,2025,0.02690777033671924
canoe,nz,ontario,emissions|electricity|natural gas,kt N2O/yr,2030,0.04552139132288581
canoe,nz,ontario,emissions|electricity|natural gas,kt N2O/yr,2035,0.10217250505551977
canoe,nz,ontario,emissions|electricity|natural gas,kt N2O/yr,2040,0.08078462193538244
canoe,nz,ontario,emissions|electricity|natural gas,kt N2O/yr,2045,0.07413565897725966
canoe,nz,ontario,emissions|electricity|natural gas,kt N2O/yr,2050,0.06710866411671511
canoe,nz,ontario,emissions|industrial|biomass,Mt CO2-equiv/yr,2025,4.276558
canoe,nz,ontario,emissions|industrial|biomass,Mt CO2-equiv/yr,2030,5.045976704748932
canoe,nz,ontario,emissions|industrial|biomass,Mt CO2-equiv/yr,2035,5.72557149314124
canoe,nz,ontario,emissions|industrial|biomass,Mt CO2-equiv/yr,2040,6.27231800013382
canoe,nz,ontario,emissions|industrial|biomass,Mt CO2-equiv/yr,2045,7.044934000115321
canoe,nz,ontario,emissions|industrial|biomass,Mt CO2-equiv/yr,2050,7.2351240000925445
canoe,nz,ontario,emissions|industrial|biomass,Mt CO2/yr,2025,4.276558
canoe,nz,ontario,emissions|industrial|biomass,Mt CO2/yr,2030,5.045976704748932
canoe,nz,ontario,emissions|industrial|biomass,Mt CO2/yr,2035,5.72557149314124
canoe,nz,ontario,emissions|industrial|biomass,Mt CO2/yr,2040,6.27231800013382
canoe,nz,ontario,emissions|industrial|biomass,Mt CO2/yr,2045,7.044934000115321
canoe,nz,ontario,emissions|industrial|biomass,Mt CO2/yr,2050,7.2351240000925445
canoe,nz,ontario,emissions|industrial|natural gas,Mt CO2-equiv/yr,2025,14.499189335827504
canoe,nz,ontario,emissions|industrial|natural gas,Mt CO2-equiv/yr,2030,15.45879967471891
canoe,nz,ontario,emissions|industrial|natural gas,Mt CO2-equiv/yr,2035,14.060689357671645
canoe,nz,ontario,emissions|industrial|natural gas,Mt CO2-equiv/yr,2040,12.256390798556719
canoe,nz,ontario,emissions|industrial|natural gas,Mt CO2-equiv/yr,2045,9.286677319949055
canoe,nz,ontario,emissions|industrial|natural gas,Mt CO2-equiv/yr,2050,7.316080790689824
canoe,nz,ontario,emissions|industrial|natural gas,Mt CO2/yr,2025,14.424309650580003
canoe,nz,ontario,emissions|industrial|natural gas,Mt CO2/yr,2030,15.378964173082498
canoe,nz,ontario,emissions|industrial|natural gas,Mt CO2/yr,2035,13.988074263884043
canoe,nz,ontario,emissions|industrial|natural gas,Mt CO2/yr,2040,12.193093833187866
canoe,nz,ontario,emissions|industrial|natural gas,Mt CO2/yr,2045,9.23871715758366
canoe,nz,ontario,emissions|industrial|natural gas,Mt CO2/yr,2050,7.27829758680418
canoe,nz,ontario,emissions|industrial|natural gas,kt CH4/yr,2025,0.27581367304525006
canoe,nz,ontario,emissions|industrial|natural gas,kt CH4/yr,2030,0.2940680489369992
canoe,nz,ontario,emissions|industrial|natural gas,kt CH4/yr,2035,0.2674722212023821
canoe,nz,ontario,emissions|industrial|natural gas,kt CH4/yr,2040,0.2331495979623334
canoe,nz,ontario,emissions|industrial|natural gas,kt CH4/yr,2045,0.17665764082906107
canoe,nz,ontario,emissions|industrial|natural gas,kt CH4/yr,2050,0.13917158183387449
canoe,nz,ontario,emissions|industrial|natural gas,kt N2O/yr,2025,0.24599597864695005
canoe,nz,ontario,emissions|industrial|natural gas,kt N2O/yr,2030,0.26227690849535323
canoe,nz,ontario,emissions|industrial|natural gas,kt N2O/yr,2035,0.238556305382144
canoe,nz,ontario,emissions|industrial|natural gas,kt N2O/yr,2040,0.20794423600775463
canoe,nz,ontario,emissions|industrial|natural gas,kt N2O/yr,2045,0.15755951748656313
canoe,nz,ontario,emissions|industrial|natural gas,kt N2O/yr,2050,0.12412600541181779
canoe,nz,ontario,emissions|industrial|oil,Mt CO2-equiv/yr,2025,30.559235035060002
canoe,nz,ontario,emissions|industrial|oil,Mt CO2-equiv/yr,2030,32.41410191281847
canoe,nz,ontario,emissions|industrial|oil,Mt CO2-equiv/yr,2035,30.7631868840875
canoe,nz,ontario,emissions|industrial|oil,Mt CO2-equiv/yr,2040,27.506113913615312
canoe,nz,ontario,emissions|industrial|oil,Mt CO2-equiv/yr,2045,23.670538321024466
canoe,nz,ontario,emissions|industrial|oil,Mt CO2-equiv/yr,2050,21.10857146666041
canoe,nz,ontario,emissions|industrial|oil,Mt CO2/yr,2025,30.461073800000005
canoe,nz,ontario,emissions|industrial|oil,Mt CO2/yr,2030,32.30998254355178
canoe,nz,ontario,emissions|industrial|oil,Mt CO2/yr,2035,30.664370522504523
canoe,nz,ontario,emissions|industrial|oil,Mt CO2/yr,2040,27.41775980035417
canoe,nz,ontario,emissions|industrial|oil,Mt CO2/yr,2045,23.594504700632427
canoe,nz,ontario,emissions|industrial|oil,Mt CO2/yr,2050,21.040767300648323
canoe,nz,ontario,emissions|industrial|oil,kt CH4/yr,2025,0.2776346
canoe,nz,ontario,emissions|industrial|oil,kt CH4/yr,2030,0.2944863053214487
canoe,nz,ontario,emissions|industrial|oil,kt CH4/yr,2035,0.2794875289086931
canoe,nz,ontario,emissions|industrial|oil,kt CH4/yr,2040,0.24989660000322803
canoe,nz,ontario,emissions|industrial|oil,kt CH4/yr,2045,0.2150499000057642
canoe,nz,ontario,emissions|industrial|oil,kt CH4/yr,2050,0.19177410000590908
canoe,nz,ontario,emissions|industrial|oil,kt N2O/yr,2025,0.3310896200000001
canoe,nz,ontario,emissions|industrial|oil,kt N2O/yr,2030,0.35118590739080224
canoe,nz,ontario,emissions|industrial|oil,kt N2O/yr,2035,0.33329930686275494
canoe,nz,ontario,emissions|industrial|oil,kt N2O/yr,2040,0.2980110200038496
canoe,nz,ontario,emissions|industrial|oil,kt N2O/yr,2045,0.25645503000687403
canoe,nz,ontario,emissions|industrial|oil,kt N2O/yr,2050,0.22869777000704677
canoe,nz,ontario,emissions|residential|lpg,Mt CO2-equiv/yr,2025,0.46345543990947496
canoe,nz,ontario,emissions|residential|lpg,Mt CO2-equiv/yr,2030,0.32522155538582104
canoe,nz,ontario,emissions|residential|lpg,Mt CO2-equiv/yr,2035,0.1869876840628207
canoe,nz,ontario,emissions|residential|lpg,Mt CO2-equiv/yr,2040,0.021370073581698953
canoe,nz,ontario,emissions|residential|lpg,Mt CO2/yr,2025,0.45435637844113796
canoe,nz,ontario,emissions|residential|lpg,Mt CO2/yr,2030,0.3188364519466171
canoe,nz,ontario,emissions|residential|lpg,Mt CO2/yr,2035,0.18331653839358025
canoe,nz,ontario,emissions|residential|lpg,Mt CO2/yr,2040,0.020950513045003682
canoe,nz,ontario,emissions|residential|lpg,kt N2O/yr,2025,0.03249645770714609
canoe,nz,ontario,emissions|residential|lpg,kt N2O/yr,2030,0.022803807248679437
canoe,nz,ontario,emissions|residential|lpg,kt N2O/yr,2035,0.013111157715813058
canoe,nz,ontario,emissions|residential|natural gas,Mt CO2-equiv/yr,2025,12.712936603293205
canoe,nz,ontario,emissions|residential|natural gas,Mt CO2-equiv/yr,2030,8.790554143203053
canoe,nz,ontario,emissions|residential|natural gas,Mt CO2-equiv/yr,2035,4.878687643431735
canoe,nz,ontario,emissions|residential|natural gas,Mt CO2-equiv/yr,2040,0.9940396105081293
canoe,nz,ontario,emissions|residential|natural gas,Mt CO2-equiv/yr,2045,0.23685979369122903
canoe,nz,ontario,emissions|residential|natural gas,Mt CO2/yr,2025,12.643732586541793
canoe,nz,ontario,emissions|residential|natural gas,Mt CO2/yr,2030,8.742701969062358
canoe,nz,ontario,emissions|residential|natural gas,Mt CO2/yr,2035,4.852130067323514
canoe,nz,ontario,emissions|residential|natural gas,Mt CO2/yr,2040,0.9886284662537522
canoe,nz,ontario,emissions|residential|natural gas,Mt CO2/yr,2045,0.23557042604614084
canoe,nz,ontario,emissions|residential|natural gas,kt CH4/yr,2025,0.24176646301792243
canoe,nz,ontario,emissions|residential|natural gas,kt CH4/yr,2030,0.1671731126716396
canoe,nz,ontario,emissions|residential|natural gas,kt CH4/yr,2035,0.09277974810447738
canoe,nz,ontario,emissions|residential|natural gas,kt CH4/yr,2040,0.018904006857865467
canoe,nz,ontario,emissions|residential|natural gas,kt N2O/yr,2025,0.228698005550907
canoe,nz,ontario,emissions|residential|natural gas,kt N2O/yr,2030,0.1581367281983475
canoe,nz,ontario,emissions|residential|natural gas,kt N2O/yr,2035,0.08776462658278855
canoe,nz,ontario,emissions|residential|natural gas,kt N2O/yr,2040,0.01788216864881714
canoe,nz,ontario,emissions|residential|oil,Mt CO2-equiv/yr,2025,0.5435001380298121
canoe,nz,ontario,emissions|residential|oil,Mt CO2-equiv/yr,2030,0.39725075976032587
canoe,nz,ontario,emissions|residential|oil,Mt CO2-equiv/yr,2035,0.2500908118118782
canoe,nz,ontario,emissions|residential|oil,Mt CO2-equiv/yr,2040,0.09062281794074176
canoe,nz,ontario,emissions|residential|oil,Mt CO2/yr,2025,0.5213674262179807
canoe,nz,ontario,emissions|residential|oil,Mt CO2/yr,2030,0.3810736956390945
canoe,nz,ontario,emissions|residential|oil,Mt CO2/yr,2035,0.23990647610097232
canoe,nz,ontario,emissions|residential|oil,Mt CO2/yr,2040,0.0869324256616721
canoe,nz,ontario,emissions|residential|oil,kt CH4/yr,2025,0.026087144443054367
canoe,nz,ontario,emissions|residential|oil,kt CH4/yr,2030,0.019067406289071206
canoe,nz,ontario,emissions|residential|oil,kt CH4/yr,2035,0.012003962234981676
canoe,nz,ontario,emissions|residential|oil,kt N2O/yr,2025,0.07839659988068151
canoe,nz,ontario,emissions|residential|oil,kt N2O/yr,2030,0.05730101371845233
canoe,nz,ontario,emissions|residential|oil,kt N2O/yr,2035,0.036074083400463065
canoe,nz,ontario,emissions|residential|oil,kt N2O/yr,2040,0.013071792077025156
canoe,nz,ontario,emissions|residential|wood,Mt CO2-equiv/yr,2025,0.08912983079306092
canoe,nz,ontario,emissions|residential|wood,Mt CO2-equiv/yr,2030,0.05943140505492251
canoe,nz,ontario,emissions|residential|wood,Mt CO2-equiv/yr,2035,0.029733862602079573
canoe,nz,ontario,emissions|residential|wood,Mt CO2/yr,2025,0.07350355924051093
canoe,nz,ontario,emissions|residential|wood,Mt CO2/yr,2030,0.0490118713715924
canoe,nz,ontario,emissions|residential|wood,Mt CO2/yr,2035,0.024520911930097828
canoe,nz,ontario,emissions|residential|wood,kt CH4/yr,2025,0.23688053452816457
canoe,nz,ontario,emissions|residential|wood,kt CH4/yr,2030,0.15795096739110986
canoe,nz,ontario,emissions|residential|wood,kt CH4/yr,2035,0.07902374776320077
canoe,nz,ontario,emissions|residential|wood,kt N2O/yr,2025,0.03294365049729441
canoe,nz,ontario,emissions|residential|wood,kt N2O/yr,2030,0.0219666908292272
canoe,nz,ontario,emissions|residential|wood,kt N2O/yr,2035,0.01099005763594183
canoe,nz,ontario,emissions|transportation|diesel,Mt CO2-equiv/yr,2025,15.618699976742896
canoe,nz,ontario,emissions|transportation|diesel,Mt CO2-equiv/yr,2030,13.110931792389247
canoe,nz,ontario,emissions|transportation|diesel,Mt CO2-equiv/yr,2035,8.905228469192068
canoe,nz,ontario,emissions|transportation|diesel,Mt CO2-equiv/yr,2040,4.684036257454823
canoe,nz,ontario,emissions|transportation|diesel,Mt CO2-equiv/yr,2045,4.992827366418499
canoe,nz,ontario,emissions|transportation|diesel,Mt CO2-equiv/yr,2050,5.347137677099685
canoe,nz,ontario,emissions|transportation|diesel,Mt CO2/yr,2025,15.007304710977055
canoe,nz,ontario,emissions|transportation|diesel,Mt CO2/yr,2030,12.597703315328095
canoe,nz,ontario,emissions|transportation|diesel,Mt CO2/yr,2035,8.556632589318342
canoe,nz,ontario,emissions|transportation|diesel,Mt CO2/yr,2040,4.5006792841830645
canoe,nz,ontario,emissions|transportation|diesel,Mt CO2/yr,2045,4.797382736420386
canoe,nz,ontario,emissions|transportation|diesel,Mt CO2/yr,2050,5.137823543741589
canoe,nz,ontario,emissions|transportation|diesel,kt CH4/yr,2025,0.7206327300965711
canoe,nz,ontario,emissions|transportation|diesel,kt CH4/yr,2030,0.6049265648852434
canoe,nz,ontario,emissions|transportation|diesel,kt CH4/yr,2035,0.41087920185522747
canoe,nz,ontario,emissions|transportation|diesel,kt CH4/yr,2040,0.21611720368502668
canoe,nz,ontario,emissions|transportation|diesel,kt CH4/yr,2045,0.2303645543631278
canoe,nz,ontario,emissions|transportation|diesel,kt CH4/yr,2050,0.24671210836076687
canoe,nz,ontario,emissions|transportation|diesel,kt N2O/yr,2025,2.1656320386321823
canoe,nz,ontario,emissions|transportation|diesel,kt N2O/yr,2030,1.8179140408148895
canoe,nz,ontario,emissions|transportation|diesel,kt N2O/yr,2035,1.2347665278202453
canoe,nz,ontario,emissions|transportation|diesel,kt N2O/yr,2040,0.6494713893125154
canoe,nz,ontario,emissions|transportation|diesel,kt N2O/yr,2045,0.6922872618166535
canoe,nz,ontario,emissions|transportation|diesel,kt N2O/yr,2050,0.74141462616189
canoe,nz,ontario,emissions|transportation|ethanol,Mt CO2-equiv/yr,2025,3.4414981781337093
canoe,nz,ontario,emissions|transportation|ethanol,Mt CO2-equiv/yr,2030,3.263024756092754
canoe,nz,ontario,emissions|transportation|ethanol,Mt CO2-equiv/yr,2035,1.2436954561522062
canoe,nz,ontario,emissions|transportation|ethanol,Mt CO2-equiv/yr,2040,0.7872796044490769
canoe,nz,ontario,emissions|transportation|ethanol,Mt CO2-equiv/yr,2045,0.5904267355224547
canoe,nz,ontario,emissions|transportation|ethanol,Mt CO2-equiv/yr,2050,0.3943624331171819
canoe,nz,ontario,emissions|transportation|ethanol,Mt CO2/yr,2025,3.4414981781337093
canoe,nz,ontario,emissions|transportation|ethanol,Mt CO2/yr,2030,3.263024756092754
canoe,nz,ontario,emissions|transportation|ethanol,Mt CO2/yr,2035,1.2436954561522062
canoe,nz,ontario,emissions|transportation|ethanol,Mt CO2/yr,2040,0.7872796044490769
canoe,nz,ontario,emissions|transportation|ethanol,Mt CO2/yr,2045,0.5904267355224547
canoe,nz,ontario,emissions|transportation|ethanol,Mt CO2/yr,2050,0.3943624331171819
canoe,nz,ontario,emissions|transportation|gasoline,Mt CO2-equiv/yr,2025,29.15344395577253
canoe,nz,ontario,emissions|transportation|gasoline,Mt CO2-equiv/yr,2030,19.359450947319544
canoe,nz,ontario,emissions|transportation|gasoline,Mt CO2-equiv/yr,2035,7.378816581708591
canoe,nz,ontario,emissions|transportation|gasoline,Mt CO2-equiv/yr,2040,4.67091181447469
canoe,nz,ontario,emissions|transportation|gasoline,Mt CO2-equiv/yr,2045,3.502988263570519
canoe,nz,ontario,emissions|transportation|gasoline,Mt CO2-equiv/yr,2050,2.3397432597292402
canoe,nz,ontario,emissions|transportation|gasoline,Mt CO2/yr,2025,28.05937007374292
canoe,nz,ontario,emissions|transportation|gasoline,Mt CO2/yr,2030,18.632927189645216
canoe,nz,ontario,emissions|transportation|gasoline,Mt CO2/yr,2035,7.101903483050965
canoe,nz,ontario,emissions|transportation|gasoline,Mt CO2/yr,2040,4.4956212851899515
canoe,nz,ontario,emissions|transportation|gasoline,Mt CO2/yr,2045,3.3715277070049567
canoe,nz,ontario,emissions|transportation|gasoline,Mt CO2/yr,2050,2.251937098817067
canoe,nz,ontario,emissions|transportation|gasoline,kt CH4/yr,2025,33.09632733162888
canoe,nz,ontario,emissions|transportation|gasoline,kt CH4/yr,2030,21.97773705518703
canoe,nz,ontario,emissions|transportation|gasoline,kt CH4/yr,2035,8.376771172516076
canoe,nz,ontario,emissions|transportation|gasoline,kt CH4/yr,2040,5.302633424152185
canoe,nz,ontario,emissions|transportation|gasoline,kt CH4/yr,2045,3.976753017100342
canoe,nz,ontario,emissions|transportation|gasoline,kt CH4/yr,2050,2.6561839113570107
canoe,nz,ontario,emissions|transportation|gasoline,kt N2O/yr,2025,0.6131015265348414
canoe,nz,ontario,emissions|transportation|gasoline,kt N2O/yr,2030,0.40713230816518364
canoe,nz,ontario,emissions|transportation|gasoline,kt N2O/yr,2035,0.15517767702262733
canoe,nz,ontario,emissions|transportation|gasoline,kt N2O/yr,2040,0.09823001248526668
canoe,nz,ontario,emissions|transportation|gasoline,kt N2O/yr,2045,0.07366839592217252
canoe,nz,ontario,emissions|transportation|gasoline,kt N2O/yr,2050,0.04920516994204263
canoe,nz,ontario,emissions|transportation|hydrogen,Mt CO2-equiv/yr,2025,-0.10610275601754532
canoe,nz,ontario,emissions|transportation|hydrogen,Mt CO2-equiv/yr,2030,-0.11169224295609015
canoe,nz,ontario,emissions|transportation|hydrogen,Mt CO2-equiv/yr,2035,-0.1061092932255904
canoe,nz,ontario,emissions|transportation|hydrogen,Mt CO2-equiv/yr,2040,-0.10610894972330422
canoe,nz,ontario,emissions|transportation|hydrogen,Mt CO2-equiv/yr,2045,-0.10610875391891242
canoe,nz,ontario,emissions|transportation|hydrogen,Mt CO2/yr,2025,-0.10711973081983656
canoe,nz,ontario,emissions|transportation|hydrogen,Mt CO2/yr,2030,-0.1127627919310758
canoe,nz,ontario,emissions|transportation|hydrogen,Mt CO2/yr,2035,-0.10712633068578148
canoe,nz,ontario,emissions|transportation|hydrogen,Mt CO2/yr,2040,-0.107125983891091
canoe,nz,ontario,emissions|transportation|hydrogen,Mt CO2/yr,2045,-0.10712578620995121
canoe,nz,ontario,emissions|transportation|jet fuel,Mt CO2-equiv/yr,2025,8.379721507285193
canoe,nz,ontario,emissions|transportation|jet fuel,Mt CO2-equiv/yr,2030,8.53713620384594
canoe,nz,ontario,emissions|transportation|jet fuel,Mt CO2-equiv/yr,2035,8.691565859047211
canoe,nz,ontario,emissions|transportation|jet fuel,Mt CO2-equiv/yr,2040,8.90405080961453
canoe,nz,ontario,emissions|transportation|jet fuel,Mt CO2-equiv/yr,2045,9.300582823606941
canoe,nz,ontario,emissions|transportation|jet fuel,Mt CO2-equiv/yr,2050,9.959025640662153
canoe,nz,ontario,emissions|transportation|jet fuel,Mt CO2/yr,2025,8.170032997795126
canoe,nz,ontario,emissions|transportation|jet fuel,Mt CO2/yr,2030,8.323508654965963
canoe,nz,ontario,emissions|transportation|jet fuel,Mt CO2/yr,2035,8.474073966442676
canoe,nz,ontario,emissions|transportation|jet fuel,Mt CO2/yr,2040,8.68124183665896
canoe,nz,ontario,emissions|transportation|jet fuel,Mt CO2/yr,2045,9.067851300491814
canoe,nz,ontario,emissions|transportation|jet fuel,Mt CO2/yr,2050,9.70981768777872
canoe,nz,ontario,emissions|transportation|jet fuel,kt CH4/yr,2025,0.2579439200337088
canoe,nz,ontario,emissions|transportation|jet fuel,kt CH4/yr,2030,0.2627894466859364
canoe,nz,ontario,emissions|transportation|jet fuel,kt CH4/yr,2035,0.2675430880327806
canoe,nz,ontario,emissions|transportation|jet fuel,kt CH4/yr,2040,0.274083782857764
canoe,nz,ontario,emissions|transportation|jet fuel,kt CH4/yr,2045,0.2862897997306566
canoe,nz,ontario,emissions|transportation|jet fuel,kt CH4/yr,2050,0.306557934083523
canoe,nz,ontario,emissions|transportation|jet fuel,kt N2O/yr,2025,0.7416339916817716
canoe,nz,ontario,emissions|transportation|jet fuel,kt N2O/yr,2030,0.7555657303031834
canoe,nz,ontario,emissions|transportation|jet fuel,kt N2O/yr,2035,0.7692332825626933
canoe,nz,ontario,emissions|transportation|jet fuel,kt N2O/yr,2040,0.7880389268701492
canoe,nz,ontario,emissions|transportation|jet fuel,kt N2O/yr,2045,0.8231333652844968
canoe,nz,ontario,emissions|transportation|jet fuel,kt N2O/yr,2050,0.8814078048684744
canoe,nz,ontario,emissions|transportation|natural gas,Mt CO2-equiv/yr,2025,1.408314522614697
canoe,nz,ontario,emissions|transportation|natural gas,Mt CO2-equiv/yr,2030,1.5816685729738018
canoe,nz,ontario,emissions|transportation|natural gas,Mt CO2-equiv/yr,2035,1.9836723216254901
canoe,nz,ontario,emissions|transportation|natural gas,Mt CO2-equiv/yr,2040,2.060890335196014
canoe,nz,ontario,emissions|transportation|natural gas,Mt CO2-equiv/yr,2045,2.1765521951704105
canoe,nz,ontario,emissions|transportation|natural gas,Mt CO2-equiv/yr,2050,2.178370723236527
canoe,nz,ontario,emissions|transportation|natural gas,Mt CO2/yr,2025,1.4010414161160947
canoe,nz,ontario,emissions|transportation|natural gas,Mt CO2/yr,2030,1.5735001959585788
canoe,nz,ontario,emissions|transportation|natural gas,Mt CO2/yr,2035,1.973427834458855
canoe,nz,ontario,emissions|transportation|natural gas,Mt CO2/yr,2040,2.0502470629374905
canoe,nz,ontario,emissions|transportation|natural gas,Mt CO2/yr,2045,2.165311598229146
canoe,nz,ontario,emissions|transportation|natural gas,Mt CO2/yr,2050,2.1671207346799073
canoe,nz,ontario,emissions|transportation|natural gas,kt CH4/yr,2025,0.026789939236499992
canoe,nz,ontario,emissions|transportation|natural gas,kt CH4/yr,2030,0.03008760066151973
canoe,nz,ontario,emissions|transportation|natural gas,kt CH4/yr,2035,0.037734795820189855
canoe,nz,ontario,emissions|transportation|natural gas,kt CH4/yr,2040,0.039203690629054606
canoe,nz,ontario,emissions|transportation|natural gas,kt CH4/yr,2045,0.04140389104660182
canoe,nz,ontario,emissions|transportation|natural gas,kt CH4/yr,2050,0.041438484353429804
canoe,nz,ontario,emissions|transportation|natural gas,kt N2O/yr,2025,0.023893729587850954
canoe,nz,ontario,emissions|transportation|natural gas,kt N2O/yr,2030,0.026834887074851026
canoe,nz,ontario,emissions|transportation|natural gas,kt N2O/yr,2035,0.03365535843216713
canoe,nz,ontario,emissions|transportation|natural gas,kt N2O/yr,2040,0.03496545380215564
canoe,nz,ontario,emissions|transportation|natural gas,kt N2O/yr,2045,0.03692779471498327
canoe,nz,ontario,emissions|transportation|natural gas,kt N2O/yr,2050,0.036958648204854984
canoe,nz,ontario,emissions|transportation|oil,Mt CO2-equiv/yr,2025,0.4813826906657093
canoe,nz,ontario,emissions|transportation|oil,Mt CO2-equiv/yr,2030,0.4813827123911502
canoe,nz,ontario,emissions|transportation|oil,Mt CO2/yr,2025,0.4798364111401244
canoe,nz,ontario,emissions|transportation|oil,Mt CO2/yr,2030,0.4798364327957797
canoe,nz,ontario,emissions|upstream|diesel,Mt CO2/yr,2025,4.205831653614806
canoe,nz,ontario,emissions|upstream|diesel,Mt CO2/yr,2030,3.638864604354246
canoe,nz,ontario,emissions|upstream|diesel,Mt CO2/yr,2035,2.6024049889893788
canoe,nz,ontario,emissions|upstream|diesel,Mt CO2/yr,2040,1.5629357346782362
canoe,nz,ontario,emissions|upstream|diesel,Mt CO2/yr,2045,1.6393788168158818
canoe,nz,ontario,emissions|upstream|diesel,Mt CO2/yr,2050,1.7331633792833998
canoe,nz,ontario,emissions|upstream|gasoline,Mt CO2/yr,2025,6.5547938380144295
canoe,nz,ontario,emissions|upstream|gasoline,Mt CO2/yr,2030,4.405271072067346
canoe,nz,ontario,emissions|upstream|gasoline,Mt CO2/yr,2035,1.756509026298823
canoe,nz,ontario,emissions|upstream|gasoline,Mt CO2/yr,2040,1.1549270111920649
canoe,nz,ontario,emissions|upstream|gasoline,Mt CO2/yr,2045,0.8975039162007656
canoe,nz,ontario,emissions|upstream|gasoline,Mt CO2/yr,2050,0.6429456802919987
canoe,nz,ontario,emissions|upstream|jet fuel,Mt CO2/yr,2025,1.808863439314868
canoe,nz,ontario,emissions|upstream|jet fuel,Mt CO2/yr,2030,1.8428433579346253
canoe,nz,ontario,emissions|upstream|jet fuel,Mt CO2/yr,2035,1.876178937605722
canoe,nz,ontario,emissions|upstream|jet fuel,Mt CO2/yr,2040,1.922046478086895
canoe,nz,ontario,emissions|upstream|jet fuel,Mt CO2/yr,2045,2.007642827815865
canoe,nz,ontario,emissions|upstream|jet fuel,Mt CO2/yr,2050,2.1497755557055758
canoe,nz,ontario,emissions|upstream|lpg,Mt CO2/yr,2025,0.09138914752419805
canoe,nz,ontario,emissions|upstream|lpg,Mt CO2/yr,2030,0.06413069767615497
canoe,nz,ontario,emissions|upstream|lpg,Mt CO2/yr,2035,0.03687225043115929
canoe,nz,ontario,emissions|upstream|natural gas,Mt CO2/yr,2025,2.1408718888082188
canoe,nz,ontario,emissions|upstream|natural gas,Mt CO2/yr,2030,1.9979283679872974
canoe,nz,ontario,emissions|upstream|natural gas,Mt CO2/yr,2035,1.7780683180714003
canoe,nz,ontario,emissions|upstream|natural gas,Mt CO2/yr,2040,1.3184725117545832
canoe,nz,ontario,emissions|upstream|natural gas,Mt CO2/yr,2045,1.0351293513572828
canoe,nz,ontario,emissions|upstream|natural gas,Mt CO2/yr,2050,0.847173700786341
canoe,nz,ontario,emissions|upstream|oil,Mt CO2/yr,2025,5.331891773725615
canoe,nz,ontario,emissions|upstream|oil,Mt CO2/yr,2030,5.613464334587237
canoe,nz,ontario,emissions|upstream|oil,Mt CO2/yr,2035,5.224490077757921
canoe,nz,ontario,emissions|upstream|oil,Mt CO2/yr,2040,4.643733469917436
canoe,nz,ontario,emissions|upstream|oil,Mt CO2/yr,2045,3.980028082238607
canoe,nz,ontario,emissions|upstream|oil,Mt CO2/yr,2050,3.5492520212583556
canoe,nz,prince edward island,emissions|agriculture|diesel,Mt CO2-equiv/yr,2025,0.11746368921818003
canoe,nz,prince edward island,emissions|agriculture|diesel,Mt CO2-equiv/yr,2030,0.1297912393603308
canoe,nz,prince edward island,emissions|agriculture|diesel,Mt CO2-equiv/yr,2035,0.1258167526185186
canoe,nz,prince edward island,emissions|agriculture|diesel,Mt CO2-equiv/yr,2040,0.12206008772843607
canoe,nz,prince edward island,emissions|agriculture|diesel,Mt CO2-equiv/yr,2045,0.12245098207603533
canoe,nz,prince edward island,emissions|agriculture|diesel,Mt CO2-equiv/yr,2050,0.12464788642861233
canoe,nz,prince edward island,emissions|agriculture|diesel,Mt CO2/yr,2025,0.11268026820333951
canoe,nz,prince edward island,emissions|agriculture|diesel,Mt CO2/yr,2030,0.12450580906241783
canoe,nz,prince edward island,emissions|agriculture|diesel,Mt CO2/yr,2035,0.12069317355761792
canoe,nz,prince edward island,emissions|agriculture|diesel,Mt CO2/yr,2040,0.11708948964319296
canoe,nz,prince edward island,emissions|agriculture|diesel,Mt CO2/yr,2045,0.11746446577598615
canoe,nz,prince edward island,emissions|agriculture|diesel,Mt CO2/yr,2050,0.11957190658014528
canoe,nz,prince edward island,emissions|agriculture|diesel,kt N2O/yr,2025,0.016943425033024116
canoe,nz,prince edward island,emissions|agriculture|diesel,kt N2O/yr,2030,0.01872159940388365
canoe,nz,prince edward island,emissions|agriculture|diesel,kt N2O/yr,2035,0.01814830378714577
canoe,nz,prince edward island,emissions|agriculture|diesel,kt N2O/yr,2040,0.01760642765195066
canoe,nz,prince edward island,emissions|agriculture|diesel,kt N2O/yr,2045,0.01766281179175134
canoe,nz,prince edward island,emissions|agriculture|diesel,kt N2O/yr,2050,0.01797970192563325
canoe,nz,prince edward island,emissions|electricity|combined cycle ccs,Mt CO2-equiv/yr,2025,-0.26369640812672895
canoe,nz,prince edward island,emissions|electricity|combined cycle ccs,Mt CO2-equiv/yr,2030,-0.39877642527620505
canoe,nz,prince edward island,emissions|electricity|combined cycle ccs,Mt CO2-equiv/yr,2035,-0.4814754785979856
canoe,nz,prince edward island,emissions|electricity|combined cycle ccs,Mt CO2-equiv/yr,2040,-0.5697764000750928
canoe,nz,prince edward island,emissions|electricity|combined cycle ccs,Mt CO2-equiv/yr,2045,-0.4929402327897355
canoe,nz,prince edward island,emissions|electricity|combined cycle ccs,Mt CO2-equiv/yr,2050,-0.4553792964114466
canoe,nz,prince edward island,emissions|electricity|combined cycle ccs,Mt CO2/yr,2025,-0.26369640812672895
canoe,nz,prince edward island,emissions|electricity|combined cycle ccs,Mt CO2/yr,2030,-0.39877642527620505
canoe,nz,prince edward island,emissions|electricity|combined cycle ccs,Mt CO2/yr,2035,-0.4814754785979856
canoe,nz,prince edward island,emissions|electricity|combined cycle ccs,Mt CO2/yr,2040,-0.5697764000750928
canoe,nz,prince edward island,emissions|electricity|combined cycle ccs,Mt CO2/yr,2045,-0.4929402327897355
canoe,nz,prince edward island,emissions|electricity|combined cycle ccs,Mt CO2/yr,2050,-0.4553792964114466
canoe,nz,prince edward island,emissions|electricity|natural gas,Mt CO2-equiv/yr,2025,0.32023235773937686
canoe,nz,prince edward island,emissions|electricity|natural gas,Mt CO2-equiv/yr,2030,0.45465818394942076
canoe,nz,prince edward island,emissions|electricity|natural gas,Mt CO2-equiv/yr,2035,0.535486076493134
canoe,nz,prince edward island,emissions|electricity|natural gas,Mt CO2-equiv/yr,2040,0.6289453220799059
canoe,nz,prince edward island,emissions|electricity|natural gas,Mt CO2-equiv/yr,2045,0.5454460849217824
canoe,nz,prince edward island,emissions|electricity|natural gas,Mt CO2-equiv/yr,2050,0.49837556022492396
canoe,nz,prince edward island,emissions|electricity|natural gas,Mt CO2/yr,2025,0.31580987697249824
canoe,nz,prince edward island,emissions|electricity|natural gas,Mt CO2/yr,2030,0.44837925233796655
canoe,nz,prince edward island,emissions|electricity|natural gas,Mt CO2/yr,2035,0.5280908935361714
canoe,nz,prince edward island,emissions|electricity|natural gas,Mt CO2/yr,2040,0.6202594459556061
canoe,nz,prince edward island,emissions|electricity|natural gas,Mt CO2/yr,2045,0.5379133520119523
canoe,nz,prince edward island,emissions|electricity|natural gas,Mt CO2/yr,2050,0.4914928818305973
canoe,nz,prince edward island,emissions|electricity|natural gas,kt CH4/yr,2025,0.07997252697490166
canoe,nz,prince edward island,emissions|electricity|natural gas,kt CH4/yr,2030,0.11354306646877577
canoe,nz,prince edward island,emissions|electricity|natural gas,kt CH4/yr,2035,0.13372844330704436
canoe,nz,prince edward island,emissions|electricity|natural gas,kt CH4/yr,2040,0.15706828345157145
canoe,nz,prince edward island,emissions|electricity|natural gas,kt CH4/yr,2045,0.13621578421273317
canoe,nz,prince edward island,emissions|electricity|natural gas,kt CH4/yr,2050,0.12446072974973003
canoe,nz,prince edward island,emissions|electricity|natural gas,kt N2O/yr,2030,0.011354306646877579
canoe,nz,prince edward island,emissions|electricity|natural gas,kt N2O/yr,2035,0.013372844330704436
canoe,nz,prince edward island,emissions|electricity|natural gas,kt N2O/yr,2040,0.01570682834515715
canoe,nz,prince edward island,emissions|electricity|natural gas,kt N2O/yr,2045,0.01362157842127332
canoe,nz,prince edward island,emissions|electricity|natural gas,kt N2O/yr,2050,0.012446072974973004
canoe,nz,prince edward island,emissions|industrial|biomass,Mt CO2-equiv/yr,2025,0.018278
canoe,nz,prince edward island,emissions|industrial|biomass,Mt CO2-equiv/yr,2035,0.014441532258064514
canoe,nz,prince edward island,emissions|industrial|biomass,Mt CO2-equiv/yr,2040,0.01757068181818182
canoe,nz,prince edward island,emissions|industrial|biomass,Mt CO2-equiv/yr,2045,0.02124200012109079
canoe,nz,prince edward island,emissions|industrial|biomass,Mt CO2-equiv/yr,2050,0.024206000122440372
canoe,nz,prince edward island,emissions|industrial|biomass,Mt CO2/yr,2025,0.018278
canoe,nz,prince edward island,emissions|industrial|biomass,Mt CO2/yr,2035,0.014441532258064514
canoe,nz,prince edward island,emissions|industrial|biomass,Mt CO2/yr,2040,0.01757068181818182
canoe,nz,prince edward island,emissions|industrial|biomass,Mt CO2/yr,2045,0.02124200012109079
canoe,nz,prince edward island,emissions|industrial|biomass,Mt CO2/yr,2050,0.024206000122440372
canoe,nz,prince edward island,emissions|industrial|natural gas,Mt CO2-equiv/yr,2025,0.065703932973
canoe,nz,prince edward island,emissions|industrial|natural gas,Mt CO2-equiv/yr,2030,0.066855916028549
canoe,nz,prince edward island,emissions|industrial|natural gas,Mt CO2-equiv/yr,2035,0.06570813829385082
canoe,nz,prince edward island,emissions|industrial|natural gas,Mt CO2-equiv/yr,2040,0.0625311549274578
canoe,nz,prince edward island,emissions|industrial|natural gas,Mt CO2-equiv/yr,2045,0.05579619732109659
canoe,nz,prince edward island,emissions|industrial|natural gas,Mt CO2-equiv/yr,2050,0.04953867975156528
canoe,nz,prince edward island,emissions|industrial|natural gas,Mt CO2/yr,2025,0.065364611256
canoe,nz,prince edward island,emissions|industrial|natural gas,Mt CO2/yr,2030,0.06651064500454901
canoe,nz,prince edward island,emissions|industrial|natural gas,Mt CO2/yr,2035,0.06536879485887097
canoe,nz,prince edward island,emissions|industrial|natural gas,Mt CO2/yr,2040,0.06220821872111688
canoe,nz,prince edward island,emissions|industrial|natural gas,Mt CO2/yr,2045,0.05550804316318879
canoe,nz,prince edward island,emissions|industrial|natural gas,Mt CO2/yr,2050,0.04928284194839873
canoe,nz,prince edward island,emissions|industrial|oil,Mt CO2-equiv/yr,2025,0.14085655417
canoe,nz,prince edward island,emissions|industrial|oil,Mt CO2-equiv/yr,2030,0.14404140747622546
canoe,nz,prince edward island,emissions|industrial|oil,Mt CO2-equiv/yr,2035,0.13084125112903225
canoe,nz,prince edward island,emissions|industrial|oil,Mt CO2-equiv/yr,2040,0.11466443738775974
canoe,nz,prince edward island,emissions|industrial|oil,Mt CO2-equiv/yr,2045,0.09587095343357721
canoe,nz,prince edward island,emissions|industrial|oil,Mt CO2-equiv/yr,2050,0.08185904490357886
canoe,nz,prince edward island,emissions|industrial|oil,Mt CO2/yr,2025,0.1404041
canoe,nz,prince edward island,emissions|industrial|oil,Mt CO2/yr,2030,0.14357872303921568
canoe,nz,prince edward island,emissions|industrial|oil,Mt CO2/yr,2035,0.1304209677419355
canoe,nz,prince edward island,emissions|industrial|oil,Mt CO2/yr,2040,0.11429611655844157
canoe,nz,prince edward island,emissions|industrial|oil,Mt CO2/yr,2045,0.09556300033250573
canoe,nz,prince edward island,emissions|industrial|oil,Mt CO2/yr,2050,0.08159610033250735
canoe,nz,prince edward island,emissions|residential|oil,Mt CO2-equiv/yr,2025,0.11681328377060632
canoe,nz,prince edward island,emissions|residential|oil,Mt CO2-equiv/yr,2030,0.0767162965553975
canoe,nz,prince edward island,emissions|residential|oil,Mt CO2-equiv/yr,2035,0.04102146359654931
canoe,nz,prince edward island,emissions|residential|oil,Mt CO2-equiv/yr,2040,0.016025012415481463
canoe,nz,prince edward island,emissions|residential|oil,Mt CO2/yr,2025,0.11205634892444312
canoe,nz,prince edward island,emissions|residential|oil,Mt CO2/yr,2030,0.0735922132955723
canoe,nz,prince edward island,emissions|residential|oil,Mt CO2/yr,2035,0.03935096497409604
canoe,nz,prince edward island,emissions|residential|oil,Mt CO2/yr,2040,0.015372433038301214
canoe,nz,prince edward island,emissions|residential|oil,kt N2O/yr,2025,0.016849607990367072
canoe,nz,prince edward island,emissions|residential|oil,kt N2O/yr,2030,0.011065860677023977
canoe,nz,prince edward island,emissions|transportation|diesel,Mt CO2-equiv/yr,2025,1.9953916120099218
canoe,nz,prince edward island,emissions|transportation|diesel,Mt CO2-equiv/yr,2030,1.5322242657299814
canoe,nz,prince edward island,emissions|transportation|diesel,Mt CO2-equiv/yr,2035,0.8010016586088545
canoe,nz,prince edward island,emissions|transportation|diesel,Mt CO2-equiv/yr,2040,0.06631013250488295
canoe,nz,prince edward island,emissions|transportation|diesel,Mt CO2-equiv/yr,2045,0.06144921218284981
canoe,nz,prince edward island,emissions|transportation|diesel,Mt CO2-equiv/yr,2050,0.06257142329370276
canoe,nz,prince edward island,emissions|transportation|diesel,Mt CO2/yr,2025,1.9172818523996593
canoe,nz,prince edward island,emissions|transportation|diesel,Mt CO2/yr,2030,1.4722452274168674
canoe,nz,prince edward island,emissions|transportation|diesel,Mt CO2/yr,2035,0.7696463902287426
canoe,nz,prince edward island,emissions|transportation|diesel,Mt CO2/yr,2040,0.06371441982078244
canoe,nz,prince edward island,emissions|transportation|diesel,Mt CO2/yr,2045,0.059043777815234635
canoe,nz,prince edward island,emissions|transportation|diesel,Mt CO2/yr,2050,0.0601220598816316
canoe,nz,prince edward island,emissions|transportation|diesel,kt CH4/yr,2025,0.09206555915817898
canoe,nz,prince edward island,emissions|transportation|diesel,kt CH4/yr,2030,0.07069543872258276
canoe,nz,prince edward island,emissions|transportation|diesel,kt CH4/yr,2035,0.036957482979708536
canoe,nz,prince edward island,emissions|transportation|diesel,kt N2O/yr,2025,0.2766737137116168
canoe,nz,prince edward island,emissions|transportation|diesel,kt N2O/yr,2030,0.2124526137777098
canoe,nz,prince edward island,emissions|transportation|diesel,kt N2O/yr,2035,0.11106395144014934
canoe,nz,prince edward island,emissions|transportation|ethanol,Mt CO2-equiv/yr,2025,0.3422327311394073
canoe,nz,prince edward island,emissions|transportation|ethanol,Mt CO2-equiv/yr,2030,0.33722396788115644
canoe,nz,prince edward island,emissions|transportation|ethanol,Mt CO2-equiv/yr,2035,0.1628611553786739
canoe,nz,prince edward island,emissions|transportation|ethanol,Mt CO2-equiv/yr,2040,0.052833014828100884
canoe,nz,prince edward island,emissions|transportation|ethanol,Mt CO2-equiv/yr,2045,0.03822022037311081
canoe,nz,prince edward island,emissions|transportation|ethanol,Mt CO2-equiv/yr,2050,0.012227908623737023
canoe,nz,prince edward island,emissions|transportation|ethanol,Mt CO2/yr,2025,0.3422327311394073
canoe,nz,prince edward island,emissions|transportation|ethanol,Mt CO2/yr,2030,0.33722396788115644
canoe,nz,prince edward island,emissions|transportation|ethanol,Mt CO2/yr,2035,0.1628611553786739
canoe,nz,prince edward island,emissions|transportation|ethanol,Mt CO2/yr,2040,0.052833014828100884
canoe,nz,prince edward island,emissions|transportation|ethanol,Mt CO2/yr,2045,0.03822022037311081
canoe,nz,prince edward island,emissions|transportation|ethanol,Mt CO2/yr,2050,0.012227908623737023
canoe,nz,prince edward island,emissions|transportation|gasoline,Mt CO2-equiv/yr,2025,2.899104468657383
canoe,nz,prince edward island,emissions|transportation|gasoline,Mt CO2-equiv/yr,2030,2.00074205758497
canoe,nz,prince edward island,emissions|transportation|gasoline,Mt CO2-equiv/yr,2035,0.9662514949940517
canoe,nz,prince edward island,emissions|transportation|gasoline,Mt CO2-equiv/yr,2040,0.3134570637424091
canoe,nz,prince edward island,emissions|transportation|gasoline,Mt CO2-equiv/yr,2045,0.2267596898023501
canoe,nz,prince edward island,emissions|transportation|gasoline,Mt CO2-equiv/yr,2050,0.07254790106864069
canoe,nz,prince edward island,emissions|transportation|gasoline,Mt CO2/yr,2025,2.790306534346595
canoe,nz,prince edward island,emissions|transportation|gasoline,Mt CO2/yr,2030,1.9256579737558794
canoe,nz,prince edward island,emissions|transportation|gasoline,Mt CO2/yr,2035,0.9299898949666651
canoe,nz,prince edward island,emissions|transportation|gasoline,Mt CO2/yr,2040,0.30169361009698287
canoe,nz,prince edward island,emissions|transportation|gasoline,Mt CO2/yr,2045,0.21824982542796406
canoe,nz,prince edward island,emissions|transportation|gasoline,Mt CO2/yr,2050,0.06982531488377411
canoe,nz,prince edward island,emissions|transportation|gasoline,kt CH4/yr,2025,3.2911964229280786
canoe,nz,prince edward island,emissions|transportation|gasoline,kt CH4/yr,2030,2.2713341910631275
canoe,nz,prince edward island,emissions|transportation|gasoline,kt CH4/yr,2035,1.0969330351334639
canoe,nz,prince edward island,emissions|transportation|gasoline,kt CH4/yr,2040,0.35585084224589075
canoe,nz,prince edward island,emissions|transportation|gasoline,kt CH4/yr,2045,0.25742800509958935
canoe,nz,prince edward island,emissions|transportation|gasoline,kt CH4/yr,2050,0.0823597062711672
canoe,nz,prince edward island,emissions|transportation|gasoline,kt N2O/yr,2025,0.06096862442784838
canoe,nz,prince edward island,emissions|transportation|gasoline,kt N2O/yr,2030,0.04207592116968122
canoe,nz,prince edward island,emissions|transportation|gasoline,kt N2O/yr,2035,0.02032042140531138
canoe,nz,prince edward island,emissions|transportation|jet fuel,Mt CO2-equiv/yr,2025,1.1660919207177882
canoe,nz,prince edward island,emissions|transportation|jet fuel,Mt CO2-equiv/yr,2030,1.0981934322323046
canoe,nz,prince edward island,emissions|transportation|jet fuel,Mt CO2-equiv/yr,2035,1.0510746604253534
canoe,nz,prince edward island,emissions|transportation|jet fuel,Mt CO2-equiv/yr,2040,1.0096331011264061
canoe,nz,prince edward island,emissions|transportation|jet fuel,Mt CO2-equiv/yr,2045,0.9905534412868637
canoe,nz,prince edward island,emissions|transportation|jet fuel,Mt CO2-equiv/yr,2050,0.9928309923268478
canoe,nz,prince edward island,emissions|transportation|jet fuel,Mt CO2/yr,2025,1.1369124215457518
canoe,nz,prince edward island,emissions|transportation|jet fuel,Mt CO2/yr,2030,1.0707129791246
canoe,nz,prince edward island,emissions|transportation|jet fuel,Mt CO2/yr,2035,1.024773275741416
canoe,nz,prince edward island,emissions|transportation|jet fuel,Mt CO2/yr,2040,0.9843687221225247
canoe,nz,prince edward island,emissions|transportation|jet fuel,Mt CO2/yr,2045,0.965766498845743
canoe,nz,prince edward island,emissions|transportation|jet fuel,Mt CO2/yr,2050,0.9679870579818257
canoe,nz,prince edward island,emissions|transportation|jet fuel,kt CH4/yr,2025,0.03589454863005702
canoe,nz,prince edward island,emissions|transportation|jet fuel,kt CH4/yr,2030,0.033804502765277036
canoe,nz,prince edward island,emissions|transportation|jet fuel,kt CH4/yr,2035,0.032354096484293556
canoe,nz,prince edward island,emissions|transportation|jet fuel,kt CH4/yr,2040,0.03107844570656945
canoe,nz,prince edward island,emissions|transportation|jet fuel,kt CH4/yr,2045,0.030491137136989574
canoe,nz,prince edward island,emissions|transportation|jet fuel,kt CH4/yr,2050,0.030561244531706645
canoe,nz,prince edward island,emissions|transportation|jet fuel,kt N2O/yr,2025,0.10320312018459593
canoe,nz,prince edward island,emissions|transportation|jet fuel,kt N2O/yr,2030,0.09719387190577551
canoe,nz,prince edward island,emissions|transportation|jet fuel,kt N2O/yr,2035,0.09302369956914698
canoe,nz,prince edward island,emissions|transportation|jet fuel,kt N2O/yr,2040,0.08935597994174949
canoe,nz,prince edward island,emissions|transportation|jet fuel,kt N2O/yr,2045,0.08766736483987186
canoe,nz,prince edward island,emissions|transportation|jet fuel,kt N2O/yr,2050,0.08786893589060117
canoe,nz,prince edward island,emissions|transportation|natural gas,Mt CO2-equiv/yr,2025,1.2020389301937764
canoe,nz,prince edward island,emissions|transportation|natural gas,Mt CO2-equiv/yr,2030,1.201692852970851
canoe,nz,prince edward island,emissions|transportation|natural gas,Mt CO2-equiv/yr,2035,1.646671497032317
canoe,nz,prince edward island,emissions|transportation|natural gas,Mt CO2-equiv/yr,2040,1.6473427409028876
canoe,nz,prince edward island,emissions|transportation|natural gas,Mt CO2-equiv/yr,2045,1.6473486767120917
canoe,nz,prince edward island,emissions|transportation|natural gas,Mt CO2-equiv/yr,2050,1.6470024670899492
canoe,nz,prince edward island,emissions|transportation|natural gas,Mt CO2/yr,2025,1.1958311143867406
canoe,nz,prince edward island,emissions|transportation|natural gas,Mt CO2/yr,2030,1.1954868244467403
canoe,nz,prince edward island,emissions|transportation|natural gas,Mt CO2/yr,2035,1.6381674185940054
canoe,nz,prince edward island,emissions|transportation|natural gas,Mt CO2/yr,2040,1.6388351958894045
canoe,nz,prince edward island,emissions|transportation|natural gas,Mt CO2/yr,2045,1.6388411010436863
canoe,nz,prince edward island,emissions|transportation|natural gas,Mt CO2/yr,2050,1.6384966793882318
canoe,nz,prince edward island,emissions|transportation|natural gas,kt CH4/yr,2025,0.022866021320302087
canoe,nz,prince edward island,emissions|transportation|natural gas,kt CH4/yr,2030,0.022859437998448605
canoe,nz,prince edward island,emissions|transportation|natural gas,kt CH4/yr,2035,0.03132413153424644
canoe,nz,prince edward island,emissions|transportation|natural gas,kt CH4/yr,2040,0.031336900402433684
canoe,nz,prince edward island,emissions|transportation|natural gas,kt CH4/yr,2045,0.031337013317528535
canoe,nz,prince edward island,emissions|transportation|natural gas,kt CH4/yr,2050,0.03133042747708498
canoe,nz,prince edward island,emissions|transportation|natural gas,kt N2O/yr,2025,0.020394019014158542
canoe,nz,prince edward island,emissions|transportation|natural gas,kt N2O/yr,2030,0.02038814740277606
canoe,nz,prince edward island,emissions|transportation|natural gas,kt N2O/yr,2035,0.027937738934242597
canoe,nz,prince edward island,emissions|transportation|natural gas,kt N2O/yr,2040,0.02794912738424675
canoe,nz,prince edward island,emissions|transportation|natural gas,kt N2O/yr,2045,0.027949228092304313
canoe,nz,prince edward island,emissions|transportation|natural gas,kt N2O/yr,2050,0.02794335423461176
canoe,nz,prince edward island,emissions|transportation|oil,Mt CO2-equiv/yr,2025,0.7363808156231105
canoe,nz,prince edward island,emissions|transportation|oil,Mt CO2-equiv/yr,2030,0.7359502930860482
canoe,nz,prince edward island,emissions|transportation|oil,Mt CO2/yr,2025,0.7340154406308005
canoe,nz,prince edward island,emissions|transportation|oil,Mt CO2/yr,2030,0.7335863010021753
canoe,nz,prince edward island,emissions|upstream|diesel,Mt CO2/yr,2025,0.5149134131043321
canoe,nz,prince edward island,emissions|upstream|diesel,Mt CO2/yr,2030,0.4054089544960395
canoe,nz,prince edward island,emissions|upstream|diesel,Mt CO2/yr,2035,0.22660050228070494
canoe,nz,prince edward island,emissions|upstream|diesel,Mt CO2/yr,2040,0.04700374634195856
canoe,nz,prince edward island,emissions|upstream|diesel,Mt CO2/yr,2045,0.045921021801852625
canoe,nz,prince edward island,emissions|upstream|diesel,Mt CO2/yr,2050,0.04674545301623774
canoe,nz,prince edward island,emissions|upstream|gasoline,Mt CO2/yr,2025,0.6445328076631562
canoe,nz,prince edward island,emissions|upstream|gasoline,Mt CO2/yr,2030,0.4466968783320677
canoe,nz,prince edward island,emissions|upstream|gasoline,Mt CO2/yr,2035,0.2181783562410586
canoe,nz,prince edward island,emissions|upstream|gasoline,Mt CO2/yr,2040,0.07392797311905386
canoe,nz,prince edward island,emissions|upstream|gasoline,Mt CO2/yr,2045,0.054804417139029275
canoe,nz,prince edward island,emissions|upstream|gasoline,Mt CO2/yr,2050,0.020846102309409576
canoe,nz,prince edward island,emissions|upstream|jet fuel,Mt CO2/yr,2025,0.2517149780017669
canoe,nz,prince edward island,emissions|upstream|jet fuel,Mt CO2/yr,2030,0.23705835469783973
canoe,nz,prince edward island,emissions|upstream|jet fuel,Mt CO2/yr,2035,0.226887302793049
canoe,nz,prince edward island,emissions|upstream|jet fuel,Mt CO2/yr,2040,0.21794177969722883
canoe,nz,prince edward island,emissions|upstream|jet fuel,Mt CO2/yr,2045,0.21382339789299853
canoe,nz,prince edward island,emissions|upstream|jet fuel,Mt CO2/yr,2050,0.2143149783953631
canoe,nz,prince edward island,emissions|upstream|natural gas,Mt CO2/yr,2025,0.026159996267401123
canoe,nz,prince edward island,emissions|upstream|natural gas,Mt CO2/yr,2030,0.03529064322342984
canoe,nz,prince edward island,emissions|upstream|natural gas,Mt CO2/yr,2035,0.04065139432124227
canoe,nz,prince edward island,emissions|upstream|natural gas,Mt CO2/yr,2040,0.04674209706416451
canoe,nz,prince edward island,emissions|upstream|natural gas,Mt CO2/yr,2045,0.040646166641662144
canoe,nz,prince edward island,emissions|upstream|natural gas,Mt CO2/yr,2050,0.03702738231511556
canoe,nz,prince edward island,emissions|upstream|oil,Mt CO2/yr,2025,0.1717102746841233
canoe,nz,prince edward island,emissions|upstream|oil,Mt CO2/yr,2030,0.16386341009005048
canoe,nz,prince edward island,emissions|upstream|oil,Mt CO2/yr,2035,0.030781517264467616
canoe,nz,prince edward island,emissions|upstream|oil,Mt CO2/yr,2040,0.022639070648439678
canoe,nz,prince edward island,emissions|upstream|oil,Mt CO2/yr,2045,0.01612007505973385
canoe,nz,prince edward island,emissions|upstream|oil,Mt CO2/yr,2050,0.013764019640909378
canoe,nz,quebec,emissions|agriculture|diesel,Mt CO2-equiv/yr,2025,1.370755427088
canoe,nz,quebec,emissions|agriculture|diesel,Mt CO2-equiv/yr,2030,1.5146131486648846
canoe,nz,quebec,emissions|agriculture|diesel,Mt CO2-equiv/yr,2035,1.4682323738445933
canoe,nz,quebec,emissions|agriculture|diesel,Mt CO2-equiv/yr,2040,1.4243935451501302
canoe,nz,quebec,emissions|agriculture|diesel,Mt CO2-equiv/yr,2045,1.4289551151647337
canoe,nz,quebec,emissions|agriculture|diesel,Mt CO2-equiv/yr,2050,1.4545921172185514
canoe,nz,quebec,emissions|agriculture|diesel,Mt CO2/yr,2025,1.31493477
canoe,nz,quebec,emissions|agriculture|diesel,Mt CO2/yr,2030,1.4529342382467023
canoe,nz,quebec,emissions|agriculture|diesel,Mt CO2/yr,2035,1.4084422068707605
canoe,nz,quebec,emissions|agriculture|diesel,Mt CO2/yr,2040,1.366388607091197
canoe,nz,quebec,emissions|agriculture|diesel,Mt CO2/yr,2045,1.3707644183405707
canoe,nz,quebec,emissions|agriculture|diesel,Mt CO2/yr,2050,1.395357416283859
canoe,nz,quebec,emissions|agriculture|diesel,kt CH4/yr,2025,0.065794086
canoe,nz,quebec,emissions|agriculture|diesel,kt CH4/yr,2030,0.072699028426747
canoe,nz,quebec,emissions|agriculture|diesel,kt CH4/yr,2035,0.07047282481159473
canoe,nz,quebec,emissions|agriculture|diesel,kt CH4/yr,2040,0.06836863057806161
canoe,nz,quebec,emissions|agriculture|diesel,kt CH4/yr,2045,0.06858757870250817
canoe,nz,quebec,emissions|agriculture|diesel,kt CH4/yr,2050,0.06981811413178922
canoe,nz,quebec,emissions|agriculture|diesel,kt N2O/yr,2025,0.19772315999999998
canoe,nz,quebec,emissions|agriculture|diesel,kt N2O/yr,2030,0.21847376418400646
canoe,nz,quebec,emissions|agriculture|diesel,kt N2O/yr,2035,0.2117836186047924
canoe,nz,quebec,emissions|agriculture|diesel,kt N2O/yr,2040,0.20546013334339758
canoe,nz,quebec,emissions|agriculture|diesel,kt N2O/yr,2045,0.2061181121629779
canoe,nz,quebec,emissions|agriculture|diesel,kt N2O/yr,2050,0.20981609428206086
canoe,nz,quebec,emissions|agriculture|natural gas,Mt CO2-equiv/yr,2025,0.0736715176885695
canoe,nz,quebec,emissions|agriculture|natural gas,Mt CO2-equiv/yr,2030,0.08140294425401559
canoe,nz,quebec,emissions|agriculture|natural gas,Mt CO2-equiv/yr,2035,0.07890947684101002
canoe,nz,quebec,emissions|agriculture|natural gas,Mt CO2-equiv/yr,2040,0.07655221763370254
canoe,nz,quebec,emissions|agriculture|natural gas,Mt CO2-equiv/yr,2045,0.0767823373320353
canoe,nz,quebec,emissions|agriculture|natural gas,Mt CO2-equiv/yr,2050,0.07642575198363338
canoe,nz,quebec,emissions|agriculture|natural gas,Mt CO2/yr,2025,0.07327048013892097
canoe,nz,quebec,emissions|agriculture|natural gas,Mt CO2/yr,2030,0.0809598199866996
canoe,nz,quebec,emissions|agriculture|natural gas,Mt CO2/yr,2035,0.07847992598839776
canoe,nz,quebec,emissions|agriculture|natural gas,Mt CO2/yr,2040,0.0761354987341441
canoe,nz,quebec,emissions|agriculture|natural gas,Mt CO2/yr,2045,0.07636436575514864
canoe,nz,quebec,emissions|agriculture|natural gas,Mt CO2/yr,2050,0.07600972151124477
canoe,nz,quebec,emissions|commercial|natural gas,Mt CO2-equiv/yr,2025,0.6257830828974504
canoe,nz,quebec,emissions|commercial|natural gas,Mt CO2-equiv/yr,2030,0.6094561849802099
canoe,nz,quebec,emissions|commercial|natural gas,Mt CO2-equiv/yr,2035,0.5649630158087992
canoe,nz,quebec,emissions|commercial|natural gas,Mt CO2-equiv/yr,2040,0.49580060273354026
canoe,nz,quebec,emissions|commercial|natural gas,Mt CO2-equiv/yr,2045,0.4217065193398146
canoe,nz,quebec,emissions|commercial|natural gas,Mt CO2-equiv/yr,2050,0.3465345471564518
canoe,nz,quebec,emissions|commercial|natural gas,Mt CO2/yr,2025,0.6223765762575632
canoe,nz,quebec,emissions|commercial|natural gas,Mt CO2/yr,2030,0.6061385552813648
canoe,nz,quebec,emissions|commercial|natural gas,Mt CO2/yr,2035,0.5618875886883782
canoe,nz,quebec,emissions|commercial|natural gas,Mt CO2/yr,2040,0.4931016674452101
canoe,nz,quebec,emissions|commercial|natural gas,Mt CO2/yr,2045,0.41941092187565265
canoe,nz,quebec,emissions|commercial|natural gas,Mt CO2/yr,2050,0.34464815510127983
canoe,nz,quebec,emissions|commercial|natural gas,kt CH4/yr,2025,0.011900740740685858
canoe,nz,quebec,emissions|commercial|natural gas,kt CH4/yr,2030,0.011590246282585332
canoe,nz,quebec,emissions|commercial|natural gas,kt CH4/yr,2035,0.010744103768491178
canoe,nz,quebec,emissions|commercial|natural gas,kt N2O/yr,2025,0.011257457457081293
canoe,nz,quebec,emissions|commercial|natural gas,kt N2O/yr,2030,0.010963746483210874
canoe,nz,quebec,emissions|commercial|natural gas,kt N2O/yr,2035,0.010163341402334054
canoe,nz,quebec,emissions|electricity|natural gas,Mt CO2-equiv/yr,2025,0.029659539792189892
canoe,nz,quebec,emissions|electricity|natural gas,Mt CO2-equiv/yr,2030,0.029757112426338772
canoe,nz,quebec,emissions|electricity|natural gas,Mt CO2-equiv/yr,2035,0.029825378090560503
canoe,nz,quebec,emissions|electricity|natural gas,Mt CO2-equiv/yr,2040,0.018453997010582195
canoe,nz,quebec,emissions|electricity|natural gas,Mt CO2-equiv/yr,2045,0.018679163587451406
canoe,nz,quebec,emissions|electricity|natural gas,Mt CO2/yr,2025,0.029249934887765512
canoe,nz,quebec,emissions|electricity|natural gas,Mt CO2/yr,2030,0.029346160021927373
canoe,nz,quebec,emissions|electricity|natural gas,Mt CO2/yr,2035,0.0294134829219975
canoe,nz,quebec,emissions|electricity|natural gas,Mt CO2/yr,2040,0.01819914316811773
canoe,nz,quebec,emissions|electricity|natural gas,Mt CO2/yr,2045,0.0184212001440004
canoe,nz,quebec,emissions|industrial|biomass,Mt CO2-equiv/yr,2025,4.903444
canoe,nz,quebec,emissions|industrial|biomass,Mt CO2-equiv/yr,2030,5.311488
canoe,nz,quebec,emissions|industrial|biomass,Mt CO2-equiv/yr,2035,5.941831999999999
canoe,nz,quebec,emissions|industrial|biomass,Mt CO2-equiv/yr,2040,6.34049
canoe,nz,quebec,emissions|industrial|biomass,Mt CO2-equiv/yr,2045,6.907107999999999
canoe,nz,quebec,emissions|industrial|biomass,Mt CO2-equiv/yr,2050,7.403578
canoe,nz,quebec,emissions|industrial|biomass,Mt CO2/yr,2025,4.903444
canoe,nz,quebec,emissions|industrial|biomass,Mt CO2/yr,2030,5.311488
canoe,nz,quebec,emissions|industrial|biomass,Mt CO2/yr,2035,5.941831999999999
canoe,nz,quebec,emissions|industrial|biomass,Mt CO2/yr,2040,6.34049
canoe,nz,quebec,emissions|industrial|biomass,Mt CO2/yr,2045,6.907107999999999
canoe,nz,quebec,emissions|industrial|biomass,Mt CO2/yr,2050,7.403578
canoe,nz,quebec,emissions|industrial|natural gas,Mt CO2-equiv/yr,2025,6.459322362988501
canoe,nz,quebec,emissions|industrial|natural gas,Mt CO2-equiv/yr,2030,5.269872592262999
canoe,nz,quebec,emissions|industrial|natural gas,Mt CO2-equiv/yr,2035,4.378697818843499
canoe,nz,quebec,emissions|industrial|natural gas,Mt CO2-equiv/yr,2040,3.8916543791865
canoe,nz,quebec,emissions|industrial|natural gas,Mt CO2-equiv/yr,2045,3.28519664865
canoe,nz,quebec,emissions|industrial|natural gas,Mt CO2-equiv/yr,2050,2.6594449060499996
canoe,nz,quebec,emissions|industrial|natural gas,Mt CO2/yr,2025,6.425963806572
canoe,nz,quebec,emissions|industrial|natural gas,Mt CO2/yr,2030,5.242656836135999
canoe,nz,quebec,emissions|industrial|natural gas,Mt CO2/yr,2035,4.356084450131998
canoe,nz,quebec,emissions|industrial|natural gas,Mt CO2/yr,2040,3.8715563000279993
canoe,nz,quebec,emissions|industrial|natural gas,Mt CO2/yr,2045,3.2682305628
canoe,nz,quebec,emissions|industrial|natural gas,Mt CO2/yr,2050,2.6457104555999993
canoe,nz,quebec,emissions|industrial|natural gas,kt CH4/yr,2025,0.12287372659635001
canoe,nz,quebec,emissions|industrial|natural gas,kt CH4/yr,2030,0.10024718503129998
canoe,nz,quebec,emissions|industrial|natural gas,kt CH4/yr,2035,0.08329463810684998
canoe,nz,quebec,emissions|industrial|natural gas,kt CH4/yr,2040,0.07402975874614999
canoe,nz,quebec,emissions|industrial|natural gas,kt CH4/yr,2045,0.062493297615000006
canoe,nz,quebec,emissions|industrial|natural gas,kt CH4/yr,2050,0.05058981235499999
canoe,nz,quebec,emissions|industrial|natural gas,kt N2O/yr,2025,0.10959008047113
canoe,nz,quebec,emissions|industrial|natural gas,kt N2O/yr,2030,0.08940965150893997
canoe,nz,quebec,emissions|industrial|natural gas,kt N2O/yr,2035,0.07428981236102997
canoe,nz,quebec,emissions|industrial|natural gas,kt N2O/yr,2040,0.06602654158037
canoe,nz,quebec,emissions|industrial|natural gas,kt N2O/yr,2045,0.055737265437
canoe,nz,quebec,emissions|industrial|natural gas,kt N2O/yr,2050,0.04512064344899999
canoe,nz,quebec,emissions|industrial|oil,Mt CO2-equiv/yr,2025,11.649058270520001
canoe,nz,quebec,emissions|industrial|oil,Mt CO2-equiv/yr,2030,11.691093996109997
canoe,nz,quebec,emissions|industrial|oil,Mt CO2-equiv/yr,2035,11.059820643389997
canoe,nz,quebec,emissions|industrial|oil,Mt CO2-equiv/yr,2040,10.092261485949999
canoe,nz,quebec,emissions|industrial|oil,Mt CO2-equiv/yr,2045,8.98532071208
canoe,nz,quebec,emissions|industrial|oil,Mt CO2-equiv/yr,2050,8.24416449773
canoe,nz,quebec,emissions|industrial|oil,Mt CO2/yr,2025,11.611639600000002
canoe,nz,quebec,emissions|industrial|oil,Mt CO2/yr,2030,11.6535403
canoe,nz,quebec,emissions|industrial|oil,Mt CO2/yr,2035,11.024294699999999
canoe,nz,quebec,emissions|industrial|oil,Mt CO2/yr,2040,10.059843500000001
canoe,nz,quebec,emissions|industrial|oil,Mt CO2/yr,2045,8.956458399999999
canoe,nz,quebec,emissions|industrial|oil,Mt CO2/yr,2050,8.217682900000002
canoe,nz,quebec,emissions|industrial|oil,kt CH4/yr,2025,0.1058332
canoe,nz,quebec,emissions|industrial|oil,kt CH4/yr,2030,0.10621509999999999
canoe,nz,quebec,emissions|industrial|oil,kt CH4/yr,2035,0.10047989999999998
canoe,nz,quebec,emissions|industrial|oil,kt CH4/yr,2040,0.0916895
canoe,nz,quebec,emissions|industrial|oil,kt CH4/yr,2045,0.0816328
canoe,nz,quebec,emissions|industrial|oil,kt CH4/yr,2050,0.07489930000000002
canoe,nz,quebec,emissions|industrial|oil,kt N2O/yr,2025,0.12621004
canoe,nz,quebec,emissions|industrial|oil,kt N2O/yr,2030,0.12666546999999997
canoe,nz,quebec,emissions|industrial|oil,kt N2O/yr,2035,0.11982602999999999
canoe,nz,quebec,emissions|industrial|oil,kt N2O/yr,2040,0.10934315000000001
canoe,nz,quebec,emissions|industrial|oil,kt N2O/yr,2045,0.09735016
canoe,nz,quebec,emissions|industrial|oil,kt N2O/yr,2050,0.08932021
canoe,nz,quebec,emissions|residential|lpg,Mt CO2-equiv/yr,2025,0.05879060133148958
canoe,nz,quebec,emissions|residential|lpg,Mt CO2-equiv/yr,2030,0.04149925982082878
canoe,nz,quebec,emissions|residential|lpg,Mt CO2-equiv/yr,2035,0.02420792074497255
canoe,nz,quebec,emissions|residential|lpg,Mt CO2/yr,2025,0.05763636027785084
canoe,nz,quebec,emissions|residential|lpg,Mt CO2/yr,2030,0.04068450119792003
canoe,nz,quebec,emissions|residential|lpg,Mt CO2/yr,2035,0.023732644504991077
canoe,nz,quebec,emissions|residential|natural gas,Mt CO2-equiv/yr,2025,0.9053558629327998
canoe,nz,quebec,emissions|residential|natural gas,Mt CO2-equiv/yr,2030,0.6062099770279898
canoe,nz,quebec,emissions|residential|natural gas,Mt CO2-equiv/yr,2035,0.30704766742788897
canoe,nz,quebec,emissions|residential|natural gas,Mt CO2-equiv/yr,2040,0.035338994538754144
canoe,nz,quebec,emissions|residential|natural gas,Mt CO2/yr,2025,0.9004274766551432
canoe,nz,quebec,emissions|residential|natural gas,Mt CO2/yr,2030,0.6029100183548497
canoe,nz,quebec,emissions|residential|natural gas,Mt CO2/yr,2035,0.3053762257631317
canoe,nz,quebec,emissions|residential|natural gas,Mt CO2/yr,2040,0.03514662353539333
canoe,nz,quebec,emissions|residential|natural gas,kt CH4/yr,2025,0.017217476306544417
canoe,nz,quebec,emissions|residential|natural gas,kt CH4/yr,2030,0.011528511984734303
canoe,nz,quebec,emissions|residential|natural gas,kt N2O/yr,2025,0.016286801911126962
canoe,nz,quebec,emissions|residential|natural gas,kt N2O/yr,2030,0.010905349174434559
canoe,nz,quebec,emissions|residential|oil,Mt CO2-equiv/yr,2025,0.45591694687151857
canoe,nz,quebec,emissions|residential|oil,Mt CO2-equiv/yr,2030,0.3343511527892897
canoe,nz,quebec,emissions|residential|oil,Mt CO2-equiv/yr,2035,0.2123346839049442
canoe,nz,quebec,emissions|residential|oil,Mt CO2-equiv/yr,2040,0.08481330032117161
canoe,nz,quebec,emissions|residential|oil,Mt CO2/yr,2025,0.43735084598364
canoe,nz,quebec,emissions|residential|oil,Mt CO2/yr,2030,0.3207355210886901
canoe,nz,quebec,emissions|residential|oil,Mt CO2/yr,2035,0.20368787401900687
canoe,nz,quebec,emissions|residential|oil,Mt CO2/yr,2040,0.08135948641668307
canoe,nz,quebec,emissions|residential|oil,kt CH4/yr,2025,0.02188329020520186
canoe,nz,quebec,emissions|residential|oil,kt CH4/yr,2030,0.016048324935360927
canoe,nz,quebec,emissions|residential|oil,kt CH4/yr,2035,0.01019172798994714
canoe,nz,quebec,emissions|residential|oil,kt N2O/yr,2025,0.0657632555389486
canoe,nz,quebec,emissions|residential|oil,kt N2O/yr,2030,0.04822812674875304
canoe,nz,quebec,emissions|residential|oil,kt N2O/yr,2035,0.030627990850618344
canoe,nz,quebec,emissions|residential|oil,kt N2O/yr,2040,0.012233804381249764
canoe,nz,quebec,emissions|residential|wood,Mt CO2-equiv/yr,2025,0.19945344688752842
canoe,nz,quebec,emissions|residential|wood,Mt CO2-equiv/yr,2030,0.13297715820880862
canoe,nz,quebec,emissions|residential|wood,Mt CO2-equiv/yr,2035,0.06650182201590865
canoe,nz,quebec,emissions|residential|wood,Mt CO2/yr,2025,0.16448520230067487
canoe,nz,quebec,emissions|residential|wood,Mt CO2/yr,2030,0.10966355864322949
canoe,nz,quebec,emissions|residential|wood,Mt CO2/yr,2035,0.05484270048147353
canoe,nz,quebec,emissions|residential|wood,kt CH4/yr,2025,0.530087835821191
canoe,nz,quebec,emissions|residential|wood,kt CH4/yr,2030,0.35341366674053254
canoe,nz,quebec,emissions|residential|wood,kt CH4/yr,2035,0.17674202908339565
canoe,nz,quebec,emissions|residential|wood,kt N2O/yr,2025,0.07372082484930471
canoe,nz,quebec,emissions|residential|wood,kt N2O/yr,2030,0.049150245043385325
canoe,nz,quebec,emissions|residential|wood,kt N2O/yr,2035,0.024580017289743766
canoe,nz,quebec,emissions|transportation|diesel,Mt CO2-equiv/yr,2025,6.1861392875423
canoe,nz,quebec,emissions|transportation|diesel,Mt CO2-equiv/yr,2030,5.3800245995344165
canoe,nz,quebec,emissions|transportation|diesel,Mt CO2-equiv/yr,2035,4.011623963465158
canoe,nz,quebec,emissions|transportation|diesel,Mt CO2-equiv/yr,2040,2.5870286819982997
canoe,nz,quebec,emissions|transportation|diesel,Mt CO2-equiv/yr,2045,2.7472898045427003
canoe,nz,quebec,emissions|transportation|diesel,Mt CO2-equiv/yr,2050,2.9417348732765793
canoe,nz,quebec,emissions|transportation|diesel,Mt CO2/yr,2025,5.943982370436166
canoe,nz,quebec,emissions|transportation|diesel,Mt CO2/yr,2030,5.169423107749575
canoe,nz,quebec,emissions|transportation|diesel,Mt CO2/yr,2035,3.8545886263693454
canoe,nz,quebec,emissions|transportation|diesel,Mt CO2/yr,2040,2.4857592383387437
canoe,nz,quebec,emissions|transportation|diesel,Mt CO2/yr,2045,2.639746924922359
canoe,nz,quebec,emissions|transportation|diesel,Mt CO2/yr,2050,2.826580424371106
canoe,nz,quebec,emissions|transportation|diesel,kt CH4/yr,2025,0.2854228827285732
canoe,nz,quebec,emissions|transportation|diesel,kt CH4/yr,2030,0.24822947605397572
canoe,nz,quebec,emissions|transportation|diesel,kt CH4/yr,2035,0.18509270147751536
canoe,nz,quebec,emissions|transportation|diesel,kt CH4/yr,2040,0.11936316633725133
canoe,nz,quebec,emissions|transportation|diesel,kt CH4/yr,2045,0.1267574726910432
canoe,nz,quebec,emissions|transportation|diesel,kt CH4/yr,2050,0.13572899549758416
canoe,nz,quebec,emissions|transportation|diesel,kt N2O/yr,2025,0.857747523225764
canoe,nz,quebec,emissions|transportation|diesel,kt N2O/yr,2030,0.7459746020536347
canoe,nz,quebec,emissions|transportation|diesel,kt N2O/yr,2035,0.5562371477427196
canoe,nz,quebec,emissions|transportation|diesel,kt N2O/yr,2040,0.3587079610135014
canoe,nz,quebec,emissions|transportation|diesel,kt N2O/yr,2045,0.38092919254303137
canoe,nz,quebec,emissions|transportation|diesel,kt N2O/yr,2050,0.4078902455367813
canoe,nz,quebec,emissions|transportation|ethanol,Mt CO2-equiv/yr,2025,1.213814362779198
canoe,nz,quebec,emissions|transportation|ethanol,Mt CO2-equiv/yr,2030,1.205148607560587
canoe,nz,quebec,emissions|transportation|ethanol,Mt CO2-equiv/yr,2035,0.4950074099364319
canoe,nz,quebec,emissions|transportation|ethanol,Mt CO2-equiv/yr,2040,0.10388427802557577
canoe,nz,quebec,emissions|transportation|ethanol,Mt CO2-equiv/yr,2045,0.045771966802260436
canoe,nz,quebec,emissions|transportation|ethanol,Mt CO2-equiv/yr,2050,0.02220689891177871
canoe,nz,quebec,emissions|transportation|ethanol,Mt CO2/yr,2025,1.213814362779198
canoe,nz,quebec,emissions|transportation|ethanol,Mt CO2/yr,2030,1.205148607560587
canoe,nz,quebec,emissions|transportation|ethanol,Mt CO2/yr,2035,0.4950074099364319
canoe,nz,quebec,emissions|transportation|ethanol,Mt CO2/yr,2040,0.10388427802557577
canoe,nz,quebec,emissions|transportation|ethanol,Mt CO2/yr,2045,0.045771966802260436
canoe,nz,quebec,emissions|transportation|ethanol,Mt CO2/yr,2050,0.02220689891177871
canoe,nz,quebec,emissions|transportation|gasoline,Mt CO2-equiv/yr,2025,10.282402362678296
canoe,nz,quebec,emissions|transportation|gasoline,Mt CO2-equiv/yr,2030,7.150119014186369
canoe,nz,quebec,emissions|transportation|gasoline,Mt CO2-equiv/yr,2035,2.936867596033539
canoe,nz,quebec,emissions|transportation|gasoline,Mt CO2-equiv/yr,2040,0.6163430359756277
canoe,nz,quebec,emissions|transportation|gasoline,Mt CO2-equiv/yr,2045,0.27156402795171164
canoe,nz,quebec,emissions|transportation|gasoline,Mt CO2-equiv/yr,2050,0.13175302129471284
canoe,nz,quebec,emissions|transportation|gasoline,Mt CO2/yr,2025,9.89652315449307
canoe,nz,quebec,emissions|transportation|gasoline,Mt CO2/yr,2030,6.88178850480668
canoe,nz,quebec,emissions|transportation|gasoline,Mt CO2/yr,2035,2.8266524826262196
canoe,nz,quebec,emissions|transportation|gasoline,Mt CO2/yr,2040,0.5932128418532878
canoe,nz,quebec,emissions|transportation|gasoline,Mt CO2/yr,2045,0.2613727410927229
canoe,nz,quebec,emissions|transportation|gasoline,Mt CO2/yr,2050,0.1268085783775838
canoe,nz,quebec,emissions|transportation|gasoline,kt CH4/yr,2025,11.673054986813382
canoe,nz,quebec,emissions|transportation|gasoline,kt CH4/yr,2030,8.117143199706227
canoe,nz,quebec,emissions|transportation|gasoline,kt CH4/yr,2035,3.334066857947807
canoe,nz,quebec,emissions|transportation|gasoline,kt CH4/yr,2040,0.699700896338878
canoe,nz,quebec,emissions|transportation|gasoline,kt CH4/yr,2045,0.30829194568643187
canoe,nz,quebec,emissions|transportation|gasoline,kt CH4/yr,2050,0.14957207547472195
canoe,nz,quebec,emissions|transportation|gasoline,kt N2O/yr,2025,0.21624054415551364
canoe,nz,quebec,emissions|transportation|gasoline,kt N2O/yr,2030,0.15036813109126523
canoe,nz,quebec,emissions|transportation|gasoline,kt N2O/yr,2035,0.06176278895524263
canoe,nz,quebec,emissions|transportation|gasoline,kt N2O/yr,2040,0.01296179129982184
canoe,nz,quebec,emissions|transportation|hydrogen,Mt CO2-equiv/yr,2025,-0.0712726018023208
canoe,nz,quebec,emissions|transportation|hydrogen,Mt CO2-equiv/yr,2030,-0.07127401787700599
canoe,nz,quebec,emissions|transportation|hydrogen,Mt CO2-equiv/yr,2035,-0.07126967207857451
canoe,nz,quebec,emissions|transportation|hydrogen,Mt CO2-equiv/yr,2040,-0.07001781525883262
canoe,nz,quebec,emissions|transportation|hydrogen,Mt CO2-equiv/yr,2045,-0.07126002946534991
canoe,nz,quebec,emissions|transportation|hydrogen,Mt CO2/yr,2025,-0.0719557361792894
canoe,nz,quebec,emissions|transportation|hydrogen,Mt CO2/yr,2030,-0.07195716582678201
canoe,nz,quebec,emissions|transportation|hydrogen,Mt CO2/yr,2035,-0.0719527783746964
canoe,nz,quebec,emissions|transportation|hydrogen,Mt CO2/yr,2040,-0.07068892274465456
canoe,nz,quebec,emissions|transportation|hydrogen,Mt CO2/yr,2045,-0.07194304333885203
canoe,nz,quebec,emissions|transportation|jet fuel,Mt CO2-equiv/yr,2025,7.69010146628812
canoe,nz,quebec,emissions|transportation|jet fuel,Mt CO2-equiv/yr,2030,8.08462838421339
canoe,nz,quebec,emissions|transportation|jet fuel,Mt CO2-equiv/yr,2035,8.05066885782304
canoe,nz,quebec,emissions|transportation|jet fuel,Mt CO2-equiv/yr,2040,8.011765193518922
canoe,nz,quebec,emissions|transportation|jet fuel,Mt CO2-equiv/yr,2045,8.421854883678204
canoe,nz,quebec,emissions|transportation|jet fuel,Mt CO2-equiv/yr,2050,9.018087424913816
canoe,nz,quebec,emissions|transportation|jet fuel,Mt CO2/yr,2025,7.4976695444287325
canoe,nz,quebec,emissions|transportation|jet fuel,Mt CO2/yr,2030,7.88232408636853
canoe,nz,quebec,emissions|transportation|jet fuel,Mt CO2/yr,2035,7.849214340303885
canoe,nz,quebec,emissions|transportation|jet fuel,Mt CO2/yr,2040,7.811284175104068
canoe,nz,quebec,emissions|transportation|jet fuel,Mt CO2/yr,2045,8.211112056942873
canoe,nz,quebec,emissions|transportation|jet fuel,Mt CO2/yr,2050,8.792424876470255
canoe,nz,quebec,emissions|transportation|jet fuel,kt CH4/yr,2025,0.23671609085657647
canoe,nz,quebec,emissions|transportation|jet fuel,kt CH4/yr,2030,0.2488603870220263
canoe,nz,quebec,emissions|transportation|jet fuel,kt CH4/yr,2035,0.24781504758538758
canoe,nz,quebec,emissions|transportation|jet fuel,kt CH4/yr,2040,0.24661751808926347
canoe,nz,quebec,emissions|transportation|jet fuel,kt CH4/yr,2045,0.2592408662701226
canoe,nz,quebec,emissions|transportation|jet fuel,kt CH4/yr,2050,0.277594048867452
canoe,nz,quebec,emissions|transportation|jet fuel,kt N2O/yr,2025,0.6806002612285861
canoe,nz,quebec,emissions|transportation|jet fuel,kt N2O/yr,2030,0.7155172417884348
canoe,nz,quebec,emissions|transportation|jet fuel,kt N2O/yr,2035,0.7125117076438213
canoe,nz,quebec,emissions|transportation|jet fuel,kt N2O/yr,2040,0.7090686003969007
canoe,nz,quebec,emissions|transportation|jet fuel,kt N2O/yr,2045,0.7453629394863274
canoe,nz,quebec,emissions|transportation|jet fuel,kt N2O/yr,2050,0.7981315570522814
canoe,nz,quebec,emissions|transportation|natural gas,Mt CO2-equiv/yr,2025,0.6181254964349081
canoe,nz,quebec,emissions|transportation|natural gas,Mt CO2-equiv/yr,2030,0.7114912263245271
canoe,nz,quebec,emissions|transportation|natural gas,Mt CO2-equiv/yr,2035,1.134809062105231
canoe,nz,quebec,emissions|transportation|natural gas,Mt CO2-equiv/yr,2040,1.1682014562051357
canoe,nz,quebec,emissions|transportation|natural gas,Mt CO2-equiv/yr,2045,1.2364732740535074
canoe,nz,quebec,emissions|transportation|natural gas,Mt CO2-equiv/yr,2050,1.2257179911733724
canoe,nz,quebec,emissions|transportation|natural gas,Mt CO2/yr,2025,0.6149332460583901
canoe,nz,quebec,emissions|transportation|natural gas,Mt CO2/yr,2030,0.7078167975099524
canoe,nz,quebec,emissions|transportation|natural gas,Mt CO2/yr,2035,1.1289484485620667
canoe,nz,quebec,emissions|transportation|natural gas,Mt CO2/yr,2040,1.1621683908164273
canoe,nz,quebec,emissions|transportation|natural gas,Mt CO2/yr,2045,1.230087625350425
canoe,nz,quebec,emissions|transportation|natural gas,Mt CO2/yr,2050,1.219387887106487
canoe,nz,quebec,emissions|transportation|natural gas,kt CH4/yr,2025,0.01175841349649501
canoe,nz,quebec,emissions|transportation|natural gas,kt CH4/yr,2030,0.013534481406290108
canoe,nz,quebec,emissions|transportation|natural gas,kt CH4/yr,2035,0.02158712796796619
canoe,nz,quebec,emissions|transportation|natural gas,kt CH4/yr,2040,0.022222341334392905
canoe,nz,quebec,emissions|transportation|natural gas,kt CH4/yr,2045,0.023521055380405526
canoe,nz,quebec,emissions|transportation|natural gas,kt CH4/yr,2050,0.023316460902252145
canoe,nz,quebec,emissions|transportation|natural gas,kt N2O/yr,2025,0.010487233658395347
canoe,nz,quebec,emissions|transportation|natural gas,kt N2O/yr,2030,0.012071294226494191
canoe,nz,quebec,emissions|transportation|natural gas,kt N2O/yr,2035,0.019253384402685404
canoe,nz,quebec,emissions|transportation|natural gas,kt N2O/yr,2040,0.01981992605378813
canoe,nz,quebec,emissions|transportation|natural gas,kt N2O/yr,2045,0.02097823858124213
canoe,nz,quebec,emissions|transportation|natural gas,kt N2O/yr,2050,0.020795762425062425
canoe,nz,quebec,emissions|transportation|oil,Mt CO2-equiv/yr,2025,0.6198515682986421
canoe,nz,quebec,emissions|transportation|oil,Mt CO2-equiv/yr,2030,0.619851602661642
canoe,nz,quebec,emissions|transportation|oil,Mt CO2/yr,2025,0.6178605042085801
canoe,nz,quebec,emissions|transportation|oil,Mt CO2/yr,2030,0.6178605384612005
canoe,nz,quebec,emissions|upstream|diesel,Mt CO2/yr,2025,1.850958330553188
canoe,nz,quebec,emissions|upstream|diesel,Mt CO2/yr,2030,1.6913342597055292
canoe,nz,quebec,emissions|upstream|diesel,Mt CO2/yr,2035,1.3468630227955074
canoe,nz,quebec,emissions|upstream|diesel,Mt CO2/yr,2040,0.9893705757547774
canoe,nz,quebec,emissions|upstream|diesel,Mt CO2/yr,2045,1.029493380475971
canoe,nz,quebec,emissions|upstream|diesel,Mt CO2/yr,2050,1.083259530916349
canoe,nz,quebec,emissions|upstream|gasoline,Mt CO2/yr,2025,2.3367732602048323
canoe,nz,quebec,emissions|upstream|gasoline,Mt CO2/yr,2030,1.6523443555438468
canoe,nz,quebec,emissions|upstream|gasoline,Mt CO2/yr,2035,0.7200026986767127
canoe,nz,quebec,emissions|upstream|gasoline,Mt CO2/yr,2040,0.20560542582783442
canoe,nz,quebec,emissions|upstream|gasoline,Mt CO2/yr,2045,0.12971803417710845
canoe,nz,quebec,emissions|upstream|gasoline,Mt CO2/yr,2050,0.1001064462832638
canoe,nz,quebec,emissions|upstream|jet fuel,Mt CO2/yr,2025,1.660000682731344
canoe,nz,quebec,emissions|upstream|jet fuel,Mt CO2/yr,2030,1.7451641186972946
canoe,nz,quebec,emissions|upstream|jet fuel,Mt CO2/yr,2035,1.737833634167379
canoe,nz,quebec,emissions|upstream|jet fuel,Mt CO2/yr,2040,1.729435931015732
canoe,nz,quebec,emissions|upstream|jet fuel,Mt CO2/yr,2045,1.8179588679132341
canoe,nz,quebec,emissions|upstream|jet fuel,Mt CO2/yr,2050,1.9466627635974
canoe,nz,quebec,emissions|upstream|lpg,Mt CO2/yr,2025,0.011592965526889208
canoe,nz,quebec,emissions|upstream|natural gas,Mt CO2/yr,2025,0.5576210656108166
canoe,nz,quebec,emissions|upstream|natural gas,Mt CO2/yr,2030,0.4551554758895137
canoe,nz,quebec,emissions|upstream|natural gas,Mt CO2/yr,2035,0.370542284570412
canoe,nz,quebec,emissions|upstream|natural gas,Mt CO2/yr,2040,0.31315769327785486
canoe,nz,quebec,emissions|upstream|natural gas,Mt CO2/yr,2045,0.26457294185538965
canoe,nz,quebec,emissions|upstream|natural gas,Mt CO2/yr,2050,0.20990000899993472
canoe,nz,quebec,emissions|upstream|oil,Mt CO2/yr,2025,2.157414946555669
canoe,nz,quebec,emissions|upstream|oil,Mt CO2/yr,2030,2.139288801772931
canoe,nz,quebec,emissions|upstream|oil,Mt CO2/yr,2035,1.9036883632699915
canoe,nz,quebec,emissions|upstream|oil,Mt CO2/yr,2040,1.714517464338488
canoe,nz,quebec,emissions|upstream|oil,Mt CO2/yr,2045,1.5108160678406692
canoe,nz,quebec,emissions|upstream|oil,Mt CO2/yr,2050,1.38619602209325
canoe,nz,saskatchewan,emissions|agriculture|diesel,Mt CO2-equiv/yr,2025,3.540470405389309
canoe,nz,saskatchewan,emissions|agriculture|diesel,Mt CO2-equiv/yr,2030,3.912034882946501
canoe,nz,saskatchewan,emissions|agriculture|diesel,Mt CO2-equiv/yr,2035,3.7922398035794753
canoe,nz,saskatchewan,emissions|agriculture|diesel,Mt CO2-equiv/yr,2040,3.679010217835391
canoe,nz,saskatchewan,emissions|agriculture|diesel,Mt CO2-equiv/yr,2045,3.6907921224823634
canoe,nz,saskatchewan,emissions|agriculture|diesel,Mt CO2-equiv/yr,2050,3.757008934817842
canoe,nz,saskatchewan,emissions|agriculture|diesel,Mt CO2/yr,2025,3.396293420550159
canoe,nz,saskatchewan,emissions|agriculture|diesel,Mt CO2/yr,2030,3.752726844910018
canoe,nz,saskatchewan,emissions|agriculture|diesel,Mt CO2/yr,2035,3.6378101267108796
canoe,nz,saskatchewan,emissions|agriculture|diesel,Mt CO2/yr,2040,3.529191538489135
canoe,nz,saskatchewan,emissions|agriculture|diesel,Mt CO2/yr,2045,3.5404936539292615
canoe,nz,saskatchewan,emissions|agriculture|diesel,Mt CO2/yr,2050,3.604013948781172
canoe,nz,saskatchewan,emissions|agriculture|diesel,kt CH4/yr,2025,0.16993696302738373
canoe,nz,saskatchewan,emissions|agriculture|diesel,kt CH4/yr,2030,0.18777146851818236
canoe,nz,saskatchewan,emissions|agriculture|diesel,kt CH4/yr,2035,0.18202149474569487
canoe,nz,saskatchewan,emissions|agriculture|diesel,kt CH4/yr,2040,0.17658665425192646
canoe,nz,saskatchewan,emissions|agriculture|diesel,kt CH4/yr,2045,0.1771521669847365
canoe,nz,saskatchewan,emissions|agriculture|diesel,kt CH4/yr,2050,0.1803304689336856
canoe,nz,saskatchewan,emissions|agriculture|diesel,kt N2O/yr,2025,0.5106913914812568
canoe,nz,saskatchewan,emissions|agriculture|diesel,kt N2O/yr,2030,0.5642873147178538
canoe,nz,saskatchewan,emissions|agriculture|diesel,kt N2O/yr,2035,0.5470076007901711
canoe,nz,saskatchewan,emissions|agriculture|diesel,kt N2O/yr,2040,0.5306749195135614
canoe,nz,saskatchewan,emissions|agriculture|diesel,kt N2O/yr,2045,0.532374387829778
canoe,nz,saskatchewan,emissions|agriculture|diesel,kt N2O/yr,2050,0.5419257615623713
canoe,nz,saskatchewan,emissions|agriculture|natural gas,Mt CO2-equiv/yr,2025,0.14354598203102548
canoe,nz,saskatchewan,emissions|agriculture|natural gas,Mt CO2-equiv/yr,2030,0.15861074168243494
canoe,nz,saskatchewan,emissions|agriculture|natural gas,Mt CO2-equiv/yr,2035,0.15375353870560796
canoe,nz,saskatchewan,emissions|agriculture|natural gas,Mt CO2-equiv/yr,2040,0.14916248524721817
canoe,nz,saskatchewan,emissions|agriculture|natural gas,Mt CO2-equiv/yr,2045,0.14963974584449122
canoe,nz,saskatchewan,emissions|agriculture|natural gas,Mt CO2-equiv/yr,2050,0.15232376703199454
canoe,nz,saskatchewan,emissions|agriculture|natural gas,Mt CO2/yr,2025,0.14276457653400604
canoe,nz,saskatchewan,emissions|agriculture|natural gas,Mt CO2/yr,2030,0.15774732980783301
canoe,nz,saskatchewan,emissions|agriculture|natural gas,Mt CO2/yr,2035,0.15291656745339427
canoe,nz,saskatchewan,emissions|agriculture|natural gas,Mt CO2/yr,2040,0.14835050580848985
canoe,nz,saskatchewan,emissions|agriculture|natural gas,Mt CO2/yr,2045,0.14882516839466609
canoe,nz,saskatchewan,emissions|agriculture|natural gas,Mt CO2/yr,2050,0.1514945788708116
canoe,nz,saskatchewan,emissions|commercial|natural gas,Mt CO2-equiv/yr,2025,0.18250689356682395
canoe,nz,saskatchewan,emissions|commercial|natural gas,Mt CO2-equiv/yr,2030,0.17774529327932892
canoe,nz,saskatchewan,emissions|commercial|natural gas,Mt CO2-equiv/yr,2035,0.1647690501627266
canoe,nz,saskatchewan,emissions|commercial|natural gas,Mt CO2-equiv/yr,2040,0.14459823396318952
canoe,nz,saskatchewan,emissions|commercial|natural gas,Mt CO2-equiv/yr,2045,0.1229890150792648
canoe,nz,saskatchewan,emissions|commercial|natural gas,Mt CO2-equiv/yr,2050,0.10106541599073933
canoe,nz,saskatchewan,emissions|commercial|natural gas,Mt CO2/yr,2025,0.18151340083467465
canoe,nz,saskatchewan,emissions|commercial|natural gas,Mt CO2/yr,2030,0.17677772074770784
canoe,nz,saskatchewan,emissions|commercial|natural gas,Mt CO2/yr,2035,0.16387211498060497
canoe,nz,saskatchewan,emissions|commercial|natural gas,Mt CO2/yr,2040,0.14381110043789366
canoe,nz,saskatchewan,emissions|commercial|natural gas,Mt CO2/yr,2045,0.12231951328551087
canoe,nz,saskatchewan,emissions|commercial|natural gas,Mt CO2/yr,2050,0.10051525728551935
canoe,nz,saskatchewan,emissions|electricity|ccs,Mt CO2-equiv/yr,2030,-0.02910375916873127
canoe,nz,saskatchewan,emissions|electricity|ccs,Mt CO2-equiv/yr,2035,-0.027823410107243065
canoe,nz,saskatchewan,emissions|electricity|ccs,Mt CO2-equiv/yr,2040,-0.016347021127437928
canoe,nz,saskatchewan,emissions|electricity|ccs,Mt CO2-equiv/yr,2045,-0.013160649053295049
canoe,nz,saskatchewan,emissions|electricity|ccs,Mt CO2/yr,2030,-0.02910375916873127
canoe,nz,saskatchewan,emissions|electricity|ccs,Mt CO2/yr,2035,-0.027823410107243065
canoe,nz,saskatchewan,emissions|electricity|ccs,Mt CO2/yr,2040,-0.016347021127437928
canoe,nz,saskatchewan,emissions|electricity|ccs,Mt CO2/yr,2045,-0.013160649053295049
canoe,nz,saskatchewan,emissions|electricity|coal,Mt CO2-equiv/yr,2030,0.03015549921386722
canoe,nz,saskatchewan,emissions|electricity|coal,Mt CO2-equiv/yr,2035,0.02883406103623274
canoe,nz,saskatchewan,emissions|electricity|coal,Mt CO2-equiv/yr,2040,0.016960949919701034
canoe,nz,saskatchewan,emissions|electricity|coal,Mt CO2-equiv/yr,2045,0.013669404920959282
canoe,nz,saskatchewan,emissions|electricity|coal,Mt CO2/yr,2030,0.030079056728498504
canoe,nz,saskatchewan,emissions|electricity|coal,Mt CO2/yr,2035,0.02876096832192379
canoe,nz,saskatchewan,emissions|electricity|coal,Mt CO2/yr,2040,0.016917954870709108
canoe,nz,saskatchewan,emissions|electricity|coal,Mt CO2/yr,2045,0.013634753752419218
canoe,nz,saskatchewan,emissions|electricity|combined cycle ccs,Mt CO2-equiv/yr,2025,-0.26029882825946965
canoe,nz,saskatchewan,emissions|electricity|combined cycle ccs,Mt CO2-equiv/yr,2030,-0.054702680664296156
canoe,nz,saskatchewan,emissions|electricity|combined cycle ccs,Mt CO2-equiv/yr,2035,-0.07635672690941361
canoe,nz,saskatchewan,emissions|electricity|combined cycle ccs,Mt CO2-equiv/yr,2040,-0.4048034173813725
canoe,nz,saskatchewan,emissions|electricity|combined cycle ccs,Mt CO2-equiv/yr,2045,-0.7231268672668633
canoe,nz,saskatchewan,emissions|electricity|combined cycle ccs,Mt CO2-equiv/yr,2050,-1.026835674971588
canoe,nz,saskatchewan,emissions|electricity|combined cycle ccs,Mt CO2/yr,2025,-0.26029882825946965
canoe,nz,saskatchewan,emissions|electricity|combined cycle ccs,Mt CO2/yr,2030,-0.054702680664296156
canoe,nz,saskatchewan,emissions|electricity|combined cycle ccs,Mt CO2/yr,2035,-0.07635672690941361
canoe,nz,saskatchewan,emissions|electricity|combined cycle ccs,Mt CO2/yr,2040,-0.4048034173813725
canoe,nz,saskatchewan,emissions|electricity|combined cycle ccs,Mt CO2/yr,2045,-0.7231268672668633
canoe,nz,saskatchewan,emissions|electricity|combined cycle ccs,Mt CO2/yr,2050,-1.026835674971588
canoe,nz,saskatchewan,emissions|electricity|natural gas,Mt CO2-equiv/yr,2025,1.7130366163213457
canoe,nz,saskatchewan,emissions|electricity|natural gas,Mt CO2-equiv/yr,2030,1.530854692346603
canoe,nz,saskatchewan,emissions|electricity|natural gas,Mt CO2-equiv/yr,2035,1.5625360615257444
canoe,nz,saskatchewan,emissions|electricity|natural gas,Mt CO2-equiv/yr,2040,1.895242339956184
canoe,nz,saskatchewan,emissions|electricity|natural gas,Mt CO2-equiv/yr,2045,1.571992974270873
canoe,nz,saskatchewan,emissions|electricity|natural gas,Mt CO2-equiv/yr,2050,1.227792252452661
canoe,nz,saskatchewan,emissions|electricity|natural gas,Mt CO2/yr,2025,1.6893791959965525
canoe,nz,saskatchewan,emissions|electricity|natural gas,Mt CO2/yr,2030,1.5097132452998971
canoe,nz,saskatchewan,emissions|electricity|natural gas,Mt CO2/yr,2035,1.540957087656789
canoe,nz,saskatchewan,emissions|electricity|natural gas,Mt CO2/yr,2040,1.8690686176746532
canoe,nz,saskatchewan,emissions|electricity|natural gas,Mt CO2/yr,2045,1.5502833983134074
canoe,nz,saskatchewan,emissions|electricity|natural gas,Mt CO2/yr,2050,1.2108361657519733
canoe,nz,saskatchewan,emissions|electricity|natural gas,kt CH4/yr,2025,0.42780145009346005
canoe,nz,saskatchewan,emissions|electricity|natural gas,kt CH4/yr,2030,0.3823046460469835
canoe,nz,saskatchewan,emissions|electricity|natural gas,kt CH4/yr,2035,0.3902165234386577
canoe,nz,saskatchewan,emissions|electricity|natural gas,kt CH4/yr,2040,0.4733041976959607
canoe,nz,saskatchewan,emissions|electricity|natural gas,kt CH4/yr,2045,0.39257822484493665
canoe,nz,saskatchewan,emissions|electricity|natural gas,kt CH4/yr,2050,0.30662001092581015
canoe,nz,saskatchewan,emissions|electricity|natural gas,kt N2O/yr,2025,0.04278014500934601
canoe,nz,saskatchewan,emissions|electricity|natural gas,kt N2O/yr,2030,0.03823046460469835
canoe,nz,saskatchewan,emissions|electricity|natural gas,kt N2O/yr,2035,0.03902165234386577
canoe,nz,saskatchewan,emissions|electricity|natural gas,kt N2O/yr,2040,0.04733041976959608
canoe,nz,saskatchewan,emissions|electricity|natural gas,kt N2O/yr,2045,0.039257822484493665
canoe,nz,saskatchewan,emissions|electricity|natural gas,kt N2O/yr,2050,0.03066200109258102
canoe,nz,saskatchewan,emissions|industrial|biomass,Mt CO2-equiv/yr,2025,0.621452
canoe,nz,saskatchewan,emissions|industrial|biomass,Mt CO2-equiv/yr,2030,0.768247026342114
canoe,nz,saskatchewan,emissions|industrial|biomass,Mt CO2-equiv/yr,2035,1.1177792138764782
canoe,nz,saskatchewan,emissions|industrial|biomass,Mt CO2-equiv/yr,2040,1.3303420000544544
canoe,nz,saskatchewan,emissions|industrial|biomass,Mt CO2-equiv/yr,2045,1.5551120000750354
canoe,nz,saskatchewan,emissions|industrial|biomass,Mt CO2-equiv/yr,2050,1.8327400000736995
canoe,nz,saskatchewan,emissions|industrial|biomass,Mt CO2/yr,2025,0.621452
canoe,nz,saskatchewan,emissions|industrial|biomass,Mt CO2/yr,2030,0.768247026342114
canoe,nz,saskatchewan,emissions|industrial|biomass,Mt CO2/yr,2035,1.1177792138764782
canoe,nz,saskatchewan,emissions|industrial|biomass,Mt CO2/yr,2040,1.3303420000544544
canoe,nz,saskatchewan,emissions|industrial|biomass,Mt CO2/yr,2045,1.5551120000750354
canoe,nz,saskatchewan,emissions|industrial|biomass,Mt CO2/yr,2050,1.8327400000736995
canoe,nz,saskatchewan,emissions|industrial|natural gas,Mt CO2-equiv/yr,2025,11.741709990103498
canoe,nz,saskatchewan,emissions|industrial|natural gas,Mt CO2-equiv/yr,2030,10.890438961412732
canoe,nz,saskatchewan,emissions|industrial|natural gas,Mt CO2-equiv/yr,2035,10.10169092510755
canoe,nz,saskatchewan,emissions|industrial|natural gas,Mt CO2-equiv/yr,2040,8.82101373211043
canoe,nz,saskatchewan,emissions|industrial|natural gas,Mt CO2-equiv/yr,2045,8.15928126429467
canoe,nz,saskatchewan,emissions|industrial|natural gas,Mt CO2-equiv/yr,2050,8.739666005594817
canoe,nz,saskatchewan,emissions|industrial|natural gas,Mt CO2/yr,2025,11.681071044851997
canoe,nz,saskatchewan,emissions|industrial|natural gas,Mt CO2/yr,2030,10.834196324479738
canoe,nz,saskatchewan,emissions|industrial|natural gas,Mt CO2/yr,2035,10.049521702441389
canoe,nz,saskatchewan,emissions|industrial|natural gas,Mt CO2/yr,2040,8.77545844508537
canoe,nz,saskatchewan,emissions|industrial|natural gas,Mt CO2/yr,2045,8.117143431705193
canoe,nz,saskatchewan,emissions|industrial|natural gas,Mt CO2/yr,2050,8.69453083117164
canoe,nz,saskatchewan,emissions|industrial|natural gas,kt CH4/yr,2025,0.22335898133284995
canoe,nz,saskatchewan,emissions|industrial|natural gas,kt CH4/yr,2030,0.2071655112193149
canoe,nz,saskatchewan,emissions|industrial|natural gas,kt CH4/yr,2035,0.1921613969918387
canoe,nz,saskatchewan,emissions|industrial|natural gas,kt CH4/yr,2040,0.1677994638930696
canoe,nz,saskatchewan,emissions|industrial|natural gas,kt CH4/yr,2045,0.1552115282303103
canoe,nz,saskatchewan,emissions|industrial|natural gas,kt CH4/yr,2050,0.16625201080969546
canoe,nz,saskatchewan,emissions|industrial|natural gas,kt N2O/yr,2025,0.19921206441982997
canoe,nz,saskatchewan,emissions|industrial|natural gas,kt N2O/yr,2030,0.1847692397248568
canoe,nz,saskatchewan,emissions|industrial|natural gas,kt N2O/yr,2035,0.17138719190116858
canoe,nz,saskatchewan,emissions|industrial|natural gas,kt N2O/yr,2040,0.14965898130089128
canoe,nz,saskatchewan,emissions|industrial|natural gas,kt N2O/yr,2045,0.1384319035483054
canoe,nz,saskatchewan,emissions|industrial|natural gas,kt N2O/yr,2050,0.14827882044283108
canoe,nz,saskatchewan,emissions|industrial|oil,Mt CO2-equiv/yr,2025,8.660096940410002
canoe,nz,saskatchewan,emissions|industrial|oil,Mt CO2-equiv/yr,2030,8.606021217883377
canoe,nz,saskatchewan,emissions|industrial|oil,Mt CO2-equiv/yr,2035,8.521545242955384
canoe,nz,saskatchewan,emissions|industrial|oil,Mt CO2-equiv/yr,2040,7.84666877733621
canoe,nz,saskatchewan,emissions|industrial|oil,Mt CO2-equiv/yr,2045,7.345927414637622
canoe,nz,saskatchewan,emissions|industrial|oil,Mt CO2-equiv/yr,2050,7.105512562714353
canoe,nz,saskatchewan,emissions|industrial|oil,Mt CO2/yr,2025,8.632279300000002
canoe,nz,saskatchewan,emissions|industrial|oil,Mt CO2/yr,2030,8.5783772774925
canoe,nz,saskatchewan,emissions|industrial|oil,Mt CO2/yr,2035,8.494172653140604
canoe,nz,saskatchewan,emissions|industrial|oil,Mt CO2/yr,2040,7.821464000534488
canoe,nz,saskatchewan,emissions|industrial|oil,Mt CO2/yr,2045,7.322331100565799
canoe,nz,saskatchewan,emissions|industrial|oil,Mt CO2/yr,2050,7.0826885002635045
canoe,nz,saskatchewan,emissions|industrial|oil,kt CH4/yr,2025,0.07867810000000001
canoe,nz,saskatchewan,emissions|industrial|oil,kt CH4/yr,2030,0.07818681507169059
canoe,nz,saskatchewan,emissions|industrial|oil,kt CH4/yr,2035,0.07741933992115636
canoe,nz,saskatchewan,emissions|industrial|oil,kt CH4/yr,2040,0.07128800000487154
canoe,nz,saskatchewan,emissions|industrial|oil,kt CH4/yr,2045,0.06673870000515693
canoe,nz,saskatchewan,emissions|industrial|oil,kt CH4/yr,2050,0.06455450000240168
canoe,nz,saskatchewan,emissions|industrial|oil,kt N2O/yr,2025,0.09382657
canoe,nz,saskatchewan,emissions|industrial|oil,kt N2O/yr,2030,0.09324069439146385
canoe,nz,saskatchewan,emissions|industrial|oil,kt N2O/yr,2035,0.09232545163731933
canoe,nz,saskatchewan,emissions|industrial|oil,kt N2O/yr,2040,0.0850136000058095
canoe,nz,saskatchewan,emissions|industrial|oil,kt N2O/yr,2045,0.07958839000614983
canoe,nz,saskatchewan,emissions|industrial|oil,kt N2O/yr,2050,0.0769836500028641
canoe,nz,saskatchewan,emissions|residential|natural gas,Mt CO2-equiv/yr,2025,1.5810868517634225
canoe,nz,saskatchewan,emissions|residential|natural gas,Mt CO2-equiv/yr,2030,1.088752550633209
canoe,nz,saskatchewan,emissions|residential|natural gas,Mt CO2-equiv/yr,2035,0.5277133085555419
canoe,nz,saskatchewan,emissions|residential|natural gas,Mt CO2-equiv/yr,2040,0.0711654112178659
canoe,nz,saskatchewan,emissions|residential|natural gas,Mt CO2/yr,2025,1.5724800629160267
canoe,nz,saskatchewan,emissions|residential|natural gas,Mt CO2/yr,2030,1.0828258279488023
canoe,nz,saskatchewan,emissions|residential|natural gas,Mt CO2/yr,2035,0.524840653575436
canoe,nz,saskatchewan,emissions|residential|natural gas,Mt CO2/yr,2040,0.0707780158847714
canoe,nz,saskatchewan,emissions|residential|natural gas,kt CH4/yr,2025,0.03006809424157472
canoe,nz,saskatchewan,emissions|residential|natural gas,kt CH4/yr,2030,0.020705196720649577
canoe,nz,saskatchewan,emissions|residential|natural gas,kt CH4/yr,2035,0.010035712760803768
canoe,nz,saskatchewan,emissions|residential|natural gas,kt N2O/yr,2025,0.028442791849319006
canoe,nz,saskatchewan,emissions|residential|natural gas,kt N2O/yr,2030,0.019585996897347628
canoe,nz,saskatchewan,emissions|transportation|diesel,Mt CO2-equiv/yr,2025,1.2457051883332366
canoe,nz,saskatchewan,emissions|transportation|diesel,Mt CO2-equiv/yr,2030,1.0691386720145089
canoe,nz,saskatchewan,emissions|transportation|diesel,Mt CO2-equiv/yr,2035,0.7559876956231544
canoe,nz,saskatchewan,emissions|transportation|diesel,Mt CO2-equiv/yr,2040,0.41873362367131933
canoe,nz,saskatchewan,emissions|transportation|diesel,Mt CO2-equiv/yr,2045,0.43384164129020053
canoe,nz,saskatchewan,emissions|transportation|diesel,Mt CO2-equiv/yr,2050,0.4645509395500025
canoe,nz,saskatchewan,emissions|transportation|diesel,Mt CO2/yr,2025,1.19694196193727
canoe,nz,saskatchewan,emissions|transportation|diesel,Mt CO2/yr,2030,1.0272871588022372
canoe,nz,saskatchewan,emissions|transportation|diesel,Mt CO2/yr,2035,0.7263945057944986
canoe,nz,saskatchewan,emissions|transportation|diesel,Mt CO2/yr,2040,0.4023422685787365
canoe,nz,saskatchewan,emissions|transportation|diesel,Mt CO2/yr,2045,0.4168588752466469
canoe,nz,saskatchewan,emissions|transportation|diesel,Mt CO2/yr,2050,0.44636605748926883
canoe,nz,saskatchewan,emissions|transportation|diesel,kt CH4/yr,2025,0.057475707647267255
canoe,nz,saskatchewan,emissions|transportation|diesel,kt CH4/yr,2030,0.04932908274075903
canoe,nz,saskatchewan,emissions|transportation|diesel,kt CH4/yr,2035,0.03488057303253906
canoe,nz,saskatchewan,emissions|transportation|diesel,kt CH4/yr,2040,0.019319979986000362
canoe,nz,saskatchewan,emissions|transportation|diesel,kt CH4/yr,2045,0.020017062282623267
canoe,nz,saskatchewan,emissions|transportation|diesel,kt CH4/yr,2050,0.021433957981898753
canoe,nz,saskatchewan,emissions|transportation|diesel,kt N2O/yr,2025,0.17272492453582905
canoe,nz,saskatchewan,emissions|transportation|diesel,kt N2O/yr,2030,0.1482428526687647
canoe,nz,saskatchewan,emissions|transportation|diesel,kt N2O/yr,2035,0.10482246743100354
canoe,nz,saskatchewan,emissions|transportation|diesel,kt N2O/yr,2040,0.05806005690590437
canoe,nz,saskatchewan,emissions|transportation|diesel,kt N2O/yr,2045,0.06015490219648442
canoe,nz,saskatchewan,emissions|transportation|diesel,kt N2O/yr,2050,0.06441293072280455
canoe,nz,saskatchewan,emissions|transportation|ethanol,Mt CO2-equiv/yr,2025,0.1404281248366888
canoe,nz,saskatchewan,emissions|transportation|ethanol,Mt CO2-equiv/yr,2030,0.17371631546904398
canoe,nz,saskatchewan,emissions|transportation|ethanol,Mt CO2-equiv/yr,2035,0.12910432388038756
canoe,nz,saskatchewan,emissions|transportation|ethanol,Mt CO2-equiv/yr,2040,0.05262196858587811
canoe,nz,saskatchewan,emissions|transportation|ethanol,Mt CO2-equiv/yr,2045,0.045402338062274346
canoe,nz,saskatchewan,emissions|transportation|ethanol,Mt CO2-equiv/yr,2050,0.040282849284414744
canoe,nz,saskatchewan,emissions|transportation|ethanol,Mt CO2/yr,2025,0.1404281248366888
canoe,nz,saskatchewan,emissions|transportation|ethanol,Mt CO2/yr,2030,0.17371631546904398
canoe,nz,saskatchewan,emissions|transportation|ethanol,Mt CO2/yr,2035,0.12910432388038756
canoe,nz,saskatchewan,emissions|transportation|ethanol,Mt CO2/yr,2040,0.05262196858587811
canoe,nz,saskatchewan,emissions|transportation|ethanol,Mt CO2/yr,2045,0.045402338062274346
canoe,nz,saskatchewan,emissions|transportation|ethanol,Mt CO2/yr,2050,0.040282849284414744
canoe,nz,saskatchewan,emissions|transportation|gasoline,Mt CO2-equiv/yr,2025,1.189587573590044
canoe,nz,saskatchewan,emissions|transportation|gasoline,Mt CO2-equiv/yr,2030,1.0306549105373835
canoe,nz,saskatchewan,emissions|transportation|gasoline,Mt CO2-equiv/yr,2035,0.7659729888908546
canoe,nz,saskatchewan,emissions|transportation|gasoline,Mt CO2-equiv/yr,2040,0.3122049312336688
canoe,nz,saskatchewan,emissions|transportation|gasoline,Mt CO2-equiv/yr,2045,0.26937102912535615
canoe,nz,saskatchewan,emissions|transportation|gasoline,Mt CO2-equiv/yr,2050,0.2389972197678679
canoe,nz,saskatchewan,emissions|transportation|gasoline,Mt CO2/yr,2025,1.1449445908732747
canoe,nz,saskatchewan,emissions|transportation|gasoline,Mt CO2/yr,2030,0.9919763715381773
canoe,nz,saskatchewan,emissions|transportation|gasoline,Mt CO2/yr,2035,0.7372274642538003
canoe,nz,saskatchewan,emissions|transportation|gasoline,Mt CO2/yr,2040,0.3004884677646599
canoe,nz,saskatchewan,emissions|transportation|gasoline,Mt CO2/yr,2045,0.2592620413848824
canoe,nz,saskatchewan,emissions|transportation|gasoline,Mt CO2/yr,2050,0.2300281039261033
canoe,nz,saskatchewan,emissions|transportation|gasoline,kt CH4/yr,2025,1.3504743996936455
canoe,nz,saskatchewan,emissions|transportation|gasoline,kt CH4/yr,2030,1.1700467477133791
canoe,nz,saskatchewan,emissions|transportation|gasoline,kt CH4/yr,2035,0.8695676849011948
canoe,nz,saskatchewan,emissions|transportation|gasoline,kt CH4/yr,2040,0.35442936396583885
canoe,nz,saskatchewan,emissions|transportation|gasoline,kt CH4/yr,2045,0.30580235278944695
canoe,nz,saskatchewan,emissions|transportation|gasoline,kt CH4/yr,2050,0.2713206106553457
canoe,nz,saskatchewan,emissions|transportation|gasoline,kt N2O/yr,2025,0.02501721437856131
canoe,nz,saskatchewan,emissions|transportation|gasoline,kt N2O/yr,2030,0.021674835396453446
canoe,nz,saskatchewan,emissions|transportation|gasoline,kt N2O/yr,2035,0.016108532819857496
canoe,nz,saskatchewan,emissions|transportation|hydrogen,Mt CO2-equiv/yr,2025,-0.01914067619581815
canoe,nz,saskatchewan,emissions|transportation|hydrogen,Mt CO2-equiv/yr,2030,-0.02013101401994962
canoe,nz,saskatchewan,emissions|transportation|hydrogen,Mt CO2-equiv/yr,2035,-0.020125701205856463
canoe,nz,saskatchewan,emissions|transportation|hydrogen,Mt CO2-equiv/yr,2040,-0.01912614213750964
canoe,nz,saskatchewan,emissions|transportation|hydrogen,Mt CO2-equiv/yr,2045,-0.02012704809811652
canoe,nz,saskatchewan,emissions|transportation|hydrogen,Mt CO2/yr,2025,-0.01932413594861424
canoe,nz,saskatchewan,emissions|transportation|hydrogen,Mt CO2/yr,2030,-0.020323965973049453
canoe,nz,saskatchewan,emissions|transportation|hydrogen,Mt CO2/yr,2035,-0.020318602236640372
canoe,nz,saskatchewan,emissions|transportation|hydrogen,Mt CO2/yr,2040,-0.019309462584112102
canoe,nz,saskatchewan,emissions|transportation|hydrogen,Mt CO2/yr,2045,-0.02031996203860741
canoe,nz,saskatchewan,emissions|transportation|jet fuel,Mt CO2-equiv/yr,2025,0.2125643624602469
canoe,nz,saskatchewan,emissions|transportation|jet fuel,Mt CO2-equiv/yr,2030,0.23558072488314946
canoe,nz,saskatchewan,emissions|transportation|jet fuel,Mt CO2-equiv/yr,2035,0.25219020500400224
canoe,nz,saskatchewan,emissions|transportation|jet fuel,Mt CO2-equiv/yr,2040,0.26866466389940513
canoe,nz,saskatchewan,emissions|transportation|jet fuel,Mt CO2-equiv/yr,2045,0.28594852147514976
canoe,nz,saskatchewan,emissions|transportation|jet fuel,Mt CO2-equiv/yr,2050,0.3061929671092883
canoe,nz,saskatchewan,emissions|transportation|jet fuel,Mt CO2/yr,2025,0.20724529495946598
canoe,nz,saskatchewan,emissions|transportation|jet fuel,Mt CO2/yr,2030,0.2296857114244813
canoe,nz,saskatchewan,emissions|transportation|jet fuel,Mt CO2/yr,2035,0.24587956709684627
canoe,nz,saskatchewan,emissions|transportation|jet fuel,Mt CO2/yr,2040,0.26194178022400627
canoe,nz,saskatchewan,emissions|transportation|jet fuel,Mt CO2/yr,2045,0.2787931381838454
canoe,nz,saskatchewan,emissions|transportation|jet fuel,Mt CO2/yr,2050,0.29853100043967173
canoe,nz,saskatchewan,emissions|transportation|jet fuel,kt N2O/yr,2025,0.018812672531375876
canoe,nz,saskatchewan,emissions|transportation|jet fuel,kt N2O/yr,2030,0.020849699265838524
canoe,nz,saskatchewan,emissions|transportation|jet fuel,kt N2O/yr,2035,0.02231969502059933
canoe,nz,saskatchewan,emissions|transportation|jet fuel,kt N2O/yr,2040,0.0237777409354633
canoe,nz,saskatchewan,emissions|transportation|jet fuel,kt N2O/yr,2045,0.02530742139971438
canoe,nz,saskatchewan,emissions|transportation|jet fuel,kt N2O/yr,2050,0.027099124025151015
canoe,nz,saskatchewan,emissions|transportation|natural gas,Mt CO2-equiv/yr,2025,1.0231487176247485
canoe,nz,saskatchewan,emissions|transportation|natural gas,Mt CO2-equiv/yr,2030,1.1334973720272976
canoe,nz,saskatchewan,emissions|transportation|natural gas,Mt CO2-equiv/yr,2035,1.2195665782434835
canoe,nz,saskatchewan,emissions|transportation|natural gas,Mt CO2-equiv/yr,2040,1.296553540133665
canoe,nz,saskatchewan,emissions|transportation|natural gas,Mt CO2-equiv/yr,2045,1.3714988778944115
canoe,nz,saskatchewan,emissions|transportation|natural gas,Mt CO2-equiv/yr,2050,1.4290606453198937
canoe,nz,saskatchewan,emissions|transportation|natural gas,Mt CO2/yr,2025,1.0178647633178814
canoe,nz,saskatchewan,emissions|transportation|natural gas,Mt CO2/yr,2030,1.1276435325828713
canoe,nz,saskatchewan,emissions|transportation|natural gas,Mt CO2/yr,2035,1.2132682425640129
canoe,nz,saskatchewan,emissions|transportation|natural gas,Mt CO2/yr,2040,1.2898576126067482
canoe,nz,saskatchewan,emissions|transportation|natural gas,Mt CO2/yr,2045,1.3644159022938194
canoe,nz,saskatchewan,emissions|transportation|natural gas,Mt CO2/yr,2050,1.4216803974423982
canoe,nz,saskatchewan,emissions|transportation|natural gas,kt CH4/yr,2025,0.019463047163768447
canoe,nz,saskatchewan,emissions|transportation|natural gas,kt CH4/yr,2030,0.021562176086180784
canoe,nz,saskatchewan,emissions|transportation|natural gas,kt CH4/yr,2035,0.023199444443241
canoe,nz,saskatchewan,emissions|transportation|natural gas,kt CH4/yr,2040,0.024663944026197423
canoe,nz,saskatchewan,emissions|transportation|natural gas,kt CH4/yr,2045,0.02608960641370281
canoe,nz,saskatchewan,emissions|transportation|natural gas,kt CH4/yr,2050,0.027184586424852
canoe,nz,saskatchewan,emissions|transportation|natural gas,kt N2O/yr,2025,0.017358933955813973
canoe,nz,saskatchewan,emissions|transportation|natural gas,kt N2O/yr,2030,0.01923113002163491
canoe,nz,saskatchewan,emissions|transportation|natural gas,kt N2O/yr,2035,0.020691396394058863
canoe,nz,saskatchewan,emissions|transportation|natural gas,kt N2O/yr,2040,0.02199757169769695
canoe,nz,saskatchewan,emissions|transportation|natural gas,kt N2O/yr,2045,0.02326910842161055
canoe,nz,saskatchewan,emissions|transportation|natural gas,kt N2O/yr,2050,0.024245712215278537
canoe,nz,saskatchewan,emissions|transportation|oil,Mt CO2-equiv/yr,2025,0.011642050953606046
canoe,nz,saskatchewan,emissions|transportation|oil,Mt CO2-equiv/yr,2030,0.011639184239261998
canoe,nz,saskatchewan,emissions|transportation|oil,Mt CO2/yr,2025,0.011604654791728097
canoe,nz,saskatchewan,emissions|transportation|oil,Mt CO2/yr,2030,0.011601797285736948
canoe,nz,saskatchewan,emissions|upstream|diesel,Mt CO2/yr,2025,1.1984938568316228
canoe,nz,saskatchewan,emissions|upstream|diesel,Mt CO2/yr,2030,1.2495502436875787
canoe,nz,saskatchewan,emissions|upstream|diesel,Mt CO2/yr,2035,1.1431016766783324
canoe,nz,saskatchewan,emissions|upstream|diesel,Mt CO2/yr,2040,1.0324530378205115
canoe,nz,saskatchewan,emissions|upstream|diesel,Mt CO2/yr,2045,1.039107030949834
canoe,nz,saskatchewan,emissions|upstream|diesel,Mt CO2/yr,2050,1.0633243230697682
canoe,nz,saskatchewan,emissions|upstream|gasoline,Mt CO2/yr,2025,0.4493939703837786
canoe,nz,saskatchewan,emissions|upstream|gasoline,Mt CO2/yr,2030,0.4339129202504345
canoe,nz,saskatchewan,emissions|upstream|gasoline,Mt CO2/yr,2035,0.36916399231363367
canoe,nz,saskatchewan,emissions|upstream|gasoline,Mt CO2/yr,2040,0.26302060770355445
canoe,nz,saskatchewan,emissions|upstream|gasoline,Mt CO2/yr,2045,0.2541866079006623
canoe,nz,saskatchewan,emissions|upstream|gasoline,Mt CO2/yr,2050,0.2509751151919835
canoe,nz,saskatchewan,emissions|upstream|jet fuel,Mt CO2/yr,2025,0.04588462150482912
canoe,nz,saskatchewan,emissions|upstream|jet fuel,Mt CO2/yr,2030,0.05085306586546058
canoe,nz,saskatchewan,emissions|upstream|jet fuel,Mt CO2/yr,2035,0.05443853139221132
canoe,nz,saskatchewan,emissions|upstream|jet fuel,Mt CO2/yr,2040,0.05799488884110207
canoe,nz,saskatchewan,emissions|upstream|jet fuel,Mt CO2/yr,2045,0.06172602569904899
canoe,nz,saskatchewan,emissions|upstream|jet fuel,Mt CO2/yr,2050,0.0660959708194316
canoe,nz,saskatchewan,emissions|upstream|natural gas,Mt CO2/yr,2025,1.0462965203527077
canoe,nz,saskatchewan,emissions|upstream|natural gas,Mt CO2/yr,2030,0.943320267061598
canoe,nz,saskatchewan,emissions|upstream|natural gas,Mt CO2/yr,2035,0.8523628272693785
canoe,nz,saskatchewan,emissions|upstream|natural gas,Mt CO2/yr,2040,0.7547922848286843
canoe,nz,saskatchewan,emissions|upstream|natural gas,Mt CO2/yr,2045,0.6817824897404524
canoe,nz,saskatchewan,emissions|upstream|natural gas,Mt CO2/yr,2050,0.6951303322202202
canoe,nz,saskatchewan,emissions|upstream|oil,Mt CO2/yr,2025,1.4580895257708806
canoe,nz,saskatchewan,emissions|upstream|oil,Mt CO2/yr,2030,1.4489966062746582
canoe,nz,saskatchewan,emissions|upstream|oil,Mt CO2/yr,2035,1.4330418824537168
canoe,nz,saskatchewan,emissions|upstream|oil,Mt CO2/yr,2040,1.3193603379553132
canoe,nz,saskatchewan,emissions|upstream|oil,Mt CO2/yr,2045,1.2351641084957237
canoe,nz,saskatchewan,emissions|upstream|oil,Mt CO2/yr,2050,1.1947400582506171
